<?xml version="1.0" encoding="UTF-8"?>
<dataroot xmlns:od="urn:schemas-microsoft-com:officedata" xmlns:xsi="http://www.w3.org/2001/XMLSchema-instance" xsi:noNamespaceSchemaLocation="_kv_battle_ai_ability_usage_variables.xsd" export_time="Mon Feb 8 15:18:34 2016" revision="13" export_branch="T:/warhammer/binaries.x64" export_user="bob">
<edit_uuid>6be8a1fd-21e8-4d8f-9f92-827db7ece966</edit_uuid>
<_kv_battle_ai_ability_usage_variables record_uuid="{3b36c50c-5d00-4341-9071-0810151ab3fb}" record_timestamp="1454944714904" record_key="mana_saving_max_added_amount">
<description>UNARY: when we want to save mana, what is the max for the pool of magic to increase to (i.e. 0.4 we wait for another 0%-40% to be added)</description>
<key>mana_saving_max_added_amount</key>
<value>0.5</value>
</_kv_battle_ai_ability_usage_variables>
<_kv_battle_ai_ability_usage_variables record_uuid="{e3f6f70e-2a7a-40c4-a575-38d6cfbfc503}" record_timestamp="1444988898897" record_key="mana_saving_threshold">
<description>UNARY: when do we add a threshold for using the next man costing abilities</description>
<key>mana_saving_threshold</key>
<value>0.4</value>
</_kv_battle_ai_ability_usage_variables>
<_kv_battle_ai_ability_usage_variables record_uuid="{354d3512-f91b-4013-89d9-82b37869a8ef}" record_timestamp="1452511616760" record_key="min_score_for_activation">
<description>What score do we need at a minimum for the AI to use abilities</description>
<key>min_score_for_activation</key>
<value>0.5</value>
</_kv_battle_ai_ability_usage_variables>
</dataroot>
