<?xml version="1.0" encoding="UTF-8"?>
<dataroot xmlns:od="urn:schemas-microsoft-com:officedata" xmlns:xsi="http://www.w3.org/2001/XMLSchema-instance" xsi:noNamespaceSchemaLocation="_kv_unit_ability_scaling_rules.xsd" export_time="Fri Aug 19 14:56:49 2016" revision="4" export_branch="T:/branches/warhammer/sigmar/warhammer/binaries.x64" export_user="bob">
<edit_uuid>8c5ede4b-cf9f-4bef-9d1f-bc05cde974ec</edit_uuid>
<_kv_unit_ability_scaling_rules record_uuid="{b3137376-461d-4f9f-bc1b-a4695030a93c}" record_timestamp="1469787793030" record_key="direct_damage_large">
<description>direct damage scaling for large units</description>
<key>direct_damage_large</key>
<value>0.92</value>
</_kv_unit_ability_scaling_rules>
<_kv_unit_ability_scaling_rules record_uuid="{09ce265a-0b1f-4524-b18e-e0a58c35e8ff}" record_timestamp="1469787793030" record_key="direct_damage_medium">
<description>direct damage scaling for medium units</description>
<key>direct_damage_medium</key>
<value>0.84</value>
</_kv_unit_ability_scaling_rules>
<_kv_unit_ability_scaling_rules record_uuid="{b0e046e8-5804-491b-a7eb-b62ffd14b1ab}" record_timestamp="1469787793030" record_key="direct_damage_small">
<description>direct damage scaling for small units</description>
<key>direct_damage_small</key>
<value>0.76</value>
</_kv_unit_ability_scaling_rules>
<_kv_unit_ability_scaling_rules record_uuid="{60c2bd40-c67c-443f-be4a-85722b0fe5c4}" record_timestamp="1469627468055" record_key="direct_damage_ultra">
<description>direct damage scaling for ultra units</description>
<key>direct_damage_ultra</key>
<value>1</value>
</_kv_unit_ability_scaling_rules>
<_kv_unit_ability_scaling_rules record_uuid="{92ca83ca-f676-4abc-87b8-3d21793e341e}" record_timestamp="1471615009561" record_key="healing_percentage_cap">
<description>healing percentage cap</description>
<key>healing_percentage_cap</key>
<value>0.6</value>
</_kv_unit_ability_scaling_rules>
</dataroot>
