<?xml version="1.0" encoding="UTF-8"?>
<dataroot xmlns:od="urn:schemas-microsoft-com:officedata" xmlns:xsi="http://www.w3.org/2001/XMLSchema-instance" xsi:noNamespaceSchemaLocation="achievements.xsd" export_time="Fri Aug 12 16:01:45 2016" revision="91" export_branch="T:/branches/warhammer/sigmar/warhammer/binaries.x64" export_user="bob">
<edit_uuid>8e7521a5-e486-457c-8d00-0f0d65dd9a9c</edit_uuid>
<achievements record_uuid="{5d80a623-9495-4427-8a74-785bf5b54f99}" record_timestamp="1455710854733" record_key="ACHIEVEMENT_BATTLE_WON_10_TO_1_BALANCE_OF_POWER">
<description state="APPROVED" last_approved_text="Win a campaign battle in which you are outnumbered 10-to-1." last_edit_user="bob">Win a campaign battle in which you are outnumbered 10-to-1.</description>
<game_expansion_key></game_expansion_key>
<key>ACHIEVEMENT_BATTLE_WON_10_TO_1_BALANCE_OF_POWER</key>
<steam_id></steam_id>
<title state="APPROVED" last_approved_text="The Stuff of Legend" last_edit_user="bob">The Stuff of Legend</title>
</achievements>
<achievements record_uuid="{642ee70f-e9cd-4546-b8e1-2d1f7ce35ae1}" record_timestamp="1455710896721" record_key="ACHIEVEMENT_BEAT_CA_STAFF">
<description state="APPROVED" last_approved_text="Defeat a CA staff member, or anyone else who has this achievement, during a multiplayer battle." last_edit_user="bob">Defeat a CA staff member, or anyone else who has this achievement, during a multiplayer battle.</description>
<game_expansion_key></game_expansion_key>
<key>ACHIEVEMENT_BEAT_CA_STAFF</key>
<steam_id></steam_id>
<title state="APPROVED" last_approved_text="You vs. the Great Unclean Ones" last_edit_user="bob">You vs. the Great Unclean Ones</title>
</achievements>
<achievements record_uuid="{e7ea767b-df7c-403a-878a-5c63aac78a51}" record_timestamp="1455710885979" record_key="ACHIEVEMENT_B_KILL_200_MEN_WITH_SEIGE_ARTILLERY_IN_A_SIEGE_BATTLE">
<description state="APPROVED" last_approved_text="Kill 200 enemies with siege artillery during a single battle." last_edit_user="bob">Kill 200 enemies with siege artillery during a single battle.</description>
<game_expansion_key></game_expansion_key>
<key>ACHIEVEMENT_B_KILL_200_MEN_WITH_SEIGE_ARTILLERY_IN_A_SIEGE_BATTLE</key>
<steam_id></steam_id>
<title state="APPROVED" last_approved_text="Black Powder Pounder" last_edit_user="bob">Black Powder Pounder</title>
</achievements>
<achievements record_uuid="{0be5140c-3b55-4b7f-9801-419c2b03628d}" record_timestamp="1455710869195" record_key="ACHIEVEMENT_KILL_100000_MEN_IN_BATTLE">
<description state="APPROVED" last_approved_text="Kill 100,000 enemies in battle." last_edit_user="bob">Kill 100,000 enemies in battle.</description>
<game_expansion_key></game_expansion_key>
<key>ACHIEVEMENT_KILL_100000_MEN_IN_BATTLE</key>
<steam_id></steam_id>
<title state="APPROVED" last_approved_text="Slaughter of the Anything-But Innocent" last_edit_user="bob">Slaughter of the Anything-But Innocent</title>
</achievements>
<achievements record_uuid="{61fe2963-37c2-466d-bd37-6a21010a1dbe}" record_timestamp="1455710869040" record_key="ACHIEVEMENT_KILL_10000_MEN_IN_BATTLE">
<description state="APPROVED" last_approved_text="Kill 10,000 enemies in battle." last_edit_user="bob">Kill 10,000 enemies in battle.</description>
<game_expansion_key></game_expansion_key>
<key>ACHIEVEMENT_KILL_10000_MEN_IN_BATTLE</key>
<steam_id></steam_id>
<title state="APPROVED" last_approved_text="Murder As Art" last_edit_user="bob">Murder As Art</title>
</achievements>
<achievements record_uuid="{6a7fe86f-1507-4ba6-bcd8-109f4d578603}" record_timestamp="1455710869350" record_key="ACHIEVEMENT_KILL_250000_MEN_IN_BATTLE">
<description state="APPROVED" last_approved_text="Kill 250,000 enemies in battle." last_edit_user="bob">Kill 250,000 enemies in battle.</description>
<game_expansion_key></game_expansion_key>
<key>ACHIEVEMENT_KILL_250000_MEN_IN_BATTLE</key>
<steam_id></steam_id>
<title state="APPROVED" last_approved_text="Conqueror? God, More Like!" last_edit_user="bob">Conqueror? God, More Like!</title>
</achievements>
<achievements record_uuid="{ebe95340-83cd-4bf9-a92b-1095daf211dd}" record_timestamp="1455710885492" record_key="ACHIEVEMENT_SIEGE_AND_CAPTURE_CITY_BY_VICTORY_POINTS">
<description state="APPROVED" last_approved_text="Successfully besiege and capture a city by seizing its victory points during a campaign battle." last_edit_user="bob">Successfully besiege and capture a city by seizing its victory points during a campaign battle.</description>
<game_expansion_key></game_expansion_key>
<key>ACHIEVEMENT_SIEGE_AND_CAPTURE_CITY_BY_VICTORY_POINTS</key>
<steam_id></steam_id>
<title state="APPROVED" last_approved_text="Capture the Zoggin' Flag!" last_edit_user="bob">Capture the Zoggin' Flag!</title>
</achievements>
<achievements record_uuid="{2699e511-7613-481a-890e-c922790403e1}" record_timestamp="1455710885654" record_key="ACHIEVEMENT_USE_5_SPECIAL_ABILITIES_IN_A_CAMPAIGN_BATTLE">
<description state="APPROVED" last_approved_text="Use 5 or more special abilities during a campaign battle." last_edit_user="bob">Use 5 or more special abilities during a campaign battle.</description>
<game_expansion_key></game_expansion_key>
<key>ACHIEVEMENT_USE_5_SPECIAL_ABILITIES_IN_A_CAMPAIGN_BATTLE</key>
<steam_id></steam_id>
<title state="APPROVED" last_approved_text="Spells 'n' Skills 'n' Stuff" last_edit_user="bob">Spells 'n' Skills 'n' Stuff</title>
</achievements>
<achievements record_uuid="{a3140d79-501d-4c17-b3ef-f4f47ee7785d}" record_timestamp="1455710886142" record_key="ACHIEVEMENT_WIN_25_CAMPAIGN_SIEGE_ATTACK_BATTLES">
<description state="APPROVED" last_approved_text="Win 25 siege attack battles during a campaign." last_edit_user="bob">Win 25 siege attack battles during a campaign.</description>
<game_expansion_key></game_expansion_key>
<key>ACHIEVEMENT_WIN_25_CAMPAIGN_SIEGE_ATTACK_BATTLES</key>
<steam_id></steam_id>
<title state="APPROVED" last_approved_text="Taking the Initiative" last_edit_user="bob">Taking the Initiative</title>
</achievements>
<achievements record_uuid="{5ad00bf7-8669-4d45-89ff-77a196c004c7}" record_timestamp="1455710886305" record_key="ACHIEVEMENT_WIN_25_CAMPAIGN_SIEGE_DEFEND_BATTLES">
<description state="APPROVED" last_approved_text="Win 25 siege defence battles during a campaign." last_edit_user="bob">Win 25 siege defence battles during a campaign.</description>
<game_expansion_key></game_expansion_key>
<key>ACHIEVEMENT_WIN_25_CAMPAIGN_SIEGE_DEFEND_BATTLES</key>
<steam_id></steam_id>
<title state="APPROVED" last_approved_text="None Shall Pass!" last_edit_user="bob">None Shall Pass!</title>
</achievements>
<achievements record_uuid="{d9455410-ae92-46d2-bcd7-7c9487537716}" record_timestamp="1455710897055" record_key="ACHIEVEMENT_WIN_50_CAMPAIGN_LAND_BATTLES">
<description state="APPROVED" last_approved_text="Win 50 land battles during a campaign." last_edit_user="bob">Win 50 land battles during a campaign.</description>
<game_expansion_key></game_expansion_key>
<key>ACHIEVEMENT_WIN_50_CAMPAIGN_LAND_BATTLES</key>
<steam_id></steam_id>
<title state="APPROVED" last_approved_text="Master Tactician" last_edit_user="bob">Master Tactician</title>
</achievements>
<achievements record_uuid="{9ec1860f-65a6-4c55-9200-db495e0f30fc}" record_timestamp="1455710887445" record_key="ACHIEVEMENT_WIN_CAMPAIGN_BATTLE_AFTER_WIPING_OUT_ALL_ENEMY_UNITS">
<description state="APPROVED" last_approved_text="Win a campaign battle, having completely wiped out all enemy units." last_edit_user="bob">Win a campaign battle, having completely wiped out all enemy units.</description>
<game_expansion_key></game_expansion_key>
<key>ACHIEVEMENT_WIN_CAMPAIGN_BATTLE_AFTER_WIPING_OUT_ALL_ENEMY_UNITS</key>
<steam_id></steam_id>
<title state="APPROVED" last_approved_text="Iron-Hard &amp; Angry" last_edit_user="bob">Iron-Hard &amp; Angry</title>
</achievements>
<achievements record_uuid="{c4109541-ef8b-46c5-bbb5-c25bf92307a4}" record_timestamp="1461853085147" record_key="ACHIEVEMENT_WIN_CAMPAIGN_ON_LEGENDARY">
<description state="APPROVED" last_approved_text="Win a single player campaign on Legendary difficulty." last_edit_user="bob">Win a single player campaign on Legendary difficulty.</description>
<game_expansion_key></game_expansion_key>
<key>ACHIEVEMENT_WIN_CAMPAIGN_ON_LEGENDARY</key>
<steam_id></steam_id>
<title state="APPROVED" last_approved_text="Sigmar Reborn" last_edit_user="bob">Sigmar Reborn</title>
</achievements>
<achievements record_uuid="{ebdb80d9-d063-454d-8ca2-9228cfdaa0ae}" record_timestamp="1455710887608" record_key="ACHIEVEMENT_WIN_CUSTOM_BATTLE_WITH_FORCE_COSTING_HALF_THAN_ENEMY">
<description state="APPROVED" last_approved_text="Win a campaign land battle where you have spent half or less on units than the enemy." last_edit_user="bob">Win a campaign land battle where you have spent half or less on units than the enemy.</description>
<game_expansion_key></game_expansion_key>
<key>ACHIEVEMENT_WIN_CUSTOM_BATTLE_WITH_FORCE_COSTING_HALF_THAN_ENEMY</key>
<steam_id></steam_id>
<title state="APPROVED" last_approved_text="Outgunned &amp; Outmatched" last_edit_user="bob">Outgunned &amp; Outmatched</title>
</achievements>
<achievements record_uuid="{8c255620-39cc-4616-9a74-97cd90719ddc}" record_timestamp="1455710855038" record_key="ACHIEVEMENT_WIN_MP_CAMPAIGN">
<description state="APPROVED" last_approved_text="Win a multiplayer campaign." last_edit_user="bob">Win a multiplayer campaign.</description>
<game_expansion_key></game_expansion_key>
<key>ACHIEVEMENT_WIN_MP_CAMPAIGN</key>
<steam_id></steam_id>
<title state="APPROVED" last_approved_text="First Among Equals" last_edit_user="bob">First Among Equals</title>
</achievements>
<achievements record_uuid="{9e09a389-8470-4954-95ee-6164b93f91df}" record_timestamp="1455710893715" record_key="WH_ACHIEVEMENTS_BATTLE_CHALLENGE_FLYING_ONLY_1">
<description state="APPROVED" last_approved_text="Win a campaign battle using only flying units." last_edit_user="bob">Win a campaign battle using only flying units.</description>
<game_expansion_key></game_expansion_key>
<key>WH_ACHIEVEMENTS_BATTLE_CHALLENGE_FLYING_ONLY_1</key>
<steam_id></steam_id>
<title state="APPROVED" last_approved_text="Death from Above!" last_edit_user="bob">Death from Above!</title>
</achievements>
<achievements record_uuid="{e68f6917-48fe-4cde-b526-d26349367a8d}" record_timestamp="1455710866094" record_key="WH_ACHIEVEMENTS_BATTLE_CHALLENGE_NO_SIEGE_EQUIPMENT_1">
<description state="APPROVED" last_approved_text="Win a siege battle without fielding any siege equipment." last_edit_user="bob">Win a siege battle without fielding any siege equipment.</description>
<game_expansion_key></game_expansion_key>
<key>WH_ACHIEVEMENTS_BATTLE_CHALLENGE_NO_SIEGE_EQUIPMENT_1</key>
<steam_id></steam_id>
<title state="APPROVED" last_approved_text="Highly Unlikely" last_edit_user="bob">Highly Unlikely</title>
</achievements>
<achievements record_uuid="{ba61a189-9151-4a9c-b7fe-4ca24953fdf8}" record_timestamp="1455710872937" record_key="WH_ACHIEVEMENTS_BATTLE_MULTIPLAYER_BATTLES_1">
<description state="APPROVED" last_approved_text="Play a multiplayer battle." last_edit_user="bob">Play a multiplayer battle.</description>
<game_expansion_key></game_expansion_key>
<key>WH_ACHIEVEMENTS_BATTLE_MULTIPLAYER_BATTLES_1</key>
<steam_id></steam_id>
<title state="APPROVED" last_approved_text="Up For A Scrap" last_edit_user="bob">Up For A Scrap</title>
</achievements>
<achievements record_uuid="{7da033ba-93c5-4e61-98e1-0f00abfbebbd}" record_timestamp="1456335441791" record_key="WH_ACHIEVEMENTS_BATTLE_MULTIPLAYER_BATTLES_25">
<description state="APPROVED" last_approved_text="Play 25 multiplayer battles." last_edit_user="bob">Play 25 multiplayer battles.</description>
<game_expansion_key></game_expansion_key>
<key>WH_ACHIEVEMENTS_BATTLE_MULTIPLAYER_BATTLES_25</key>
<steam_id></steam_id>
<title state="APPROVED" last_approved_text="Armchair Emperor" last_edit_user="bob">Armchair Emperor</title>
</achievements>
<achievements record_uuid="{b50ad46d-18be-46e6-a353-fd7f28dcae94}" record_timestamp="1456335441791" record_key="WH_ACHIEVEMENTS_BATTLE_MULTIPLAYER_BATTLES_5">
<description state="APPROVED" last_approved_text="Play 5 multiplayer battles." last_edit_user="bob">Play 5 multiplayer battles.</description>
<game_expansion_key></game_expansion_key>
<key>WH_ACHIEVEMENTS_BATTLE_MULTIPLAYER_BATTLES_5</key>
<steam_id></steam_id>
<title state="APPROVED" last_approved_text="Armchair General" last_edit_user="bob">Armchair General</title>
</achievements>
<achievements record_uuid="{1284caf9-50d2-49ac-a2a9-699285619efe}" record_timestamp="1455710863774" record_key="WH_ACHIEVEMENTS_RESEARCH_CHAOS_1">
<description state="APPROVED" last_approved_text="Playing as Chaos, research 8 technologies." last_edit_user="bob">Playing as Chaos, research 8 technologies.</description>
<game_expansion_key></game_expansion_key>
<key>WH_ACHIEVEMENTS_RESEARCH_CHAOS_1</key>
<steam_id></steam_id>
<title state="APPROVED" last_approved_text="Damned Soul" last_edit_user="bob">Damned Soul</title>
</achievements>
<achievements record_uuid="{d1dc25cd-e949-43b2-9a11-d8a26c704388}" record_timestamp="1455710863929" record_key="WH_ACHIEVEMENTS_RESEARCH_CHAOS_2">
<description state="APPROVED" last_approved_text="Playing as Chaos, research 16 technologies." last_edit_user="bob">Playing as Chaos, research 16 technologies.</description>
<game_expansion_key></game_expansion_key>
<key>WH_ACHIEVEMENTS_RESEARCH_CHAOS_2</key>
<steam_id></steam_id>
<title state="APPROVED" last_approved_text="Slave to Darkness" last_edit_user="bob">Slave to Darkness</title>
</achievements>
<achievements record_uuid="{275544b8-0034-47d9-9275-ce63d9c61c09}" record_timestamp="1455710864238" record_key="WH_ACHIEVEMENTS_RESEARCH_CHAOS_3">
<description state="APPROVED" last_approved_text="Playing as Chaos, research 24 technologies." last_edit_user="bob">Playing as Chaos, research 24 technologies.</description>
<game_expansion_key></game_expansion_key>
<key>WH_ACHIEVEMENTS_RESEARCH_CHAOS_3</key>
<steam_id></steam_id>
<title state="APPROVED" last_approved_text="Approaching Daemonhood" last_edit_user="bob">Approaching Daemonhood</title>
</achievements>
<achievements record_uuid="{f8797501-a029-4d46-b759-197aba05f042}" record_timestamp="1455710910728" record_key="WH_ACHIEVEMENTS_RESEARCH_DWARF_1">
<description state="APPROVED" last_approved_text="Playing as the Dwarfs, research 20 technologies." last_edit_user="bob">Playing as the Dwarfs, research 20 technologies.</description>
<game_expansion_key></game_expansion_key>
<key>WH_ACHIEVEMENTS_RESEARCH_DWARF_1</key>
<steam_id></steam_id>
<title state="APPROVED" last_approved_text="Dibna" last_edit_user="bob">Dibna</title>
</achievements>
<achievements record_uuid="{6b253baf-b384-443c-b801-49d59cfcf74c}" record_timestamp="1455710909881" record_key="WH_ACHIEVEMENTS_RESEARCH_DWARF_2">
<description state="APPROVED" last_approved_text="Playing as the Dwarfs, research 40 technologies." last_edit_user="bob">Playing as the Dwarfs, research 40 technologies.</description>
<game_expansion_key></game_expansion_key>
<key>WH_ACHIEVEMENTS_RESEARCH_DWARF_2</key>
<steam_id></steam_id>
<title state="APPROVED" last_approved_text="Skilled Engineer" last_edit_user="bob">Skilled Engineer</title>
</achievements>
<achievements record_uuid="{deade160-10da-4b01-b9a4-3dfb8dad14fb}" record_timestamp="1455710924188" record_key="WH_ACHIEVEMENTS_RESEARCH_DWARF_3">
<description state="APPROVED" last_approved_text="Playing as the Dwarfs, research 60 technologies." last_edit_user="bob">Playing as the Dwarfs, research 60 technologies.</description>
<game_expansion_key></game_expansion_key>
<key>WH_ACHIEVEMENTS_RESEARCH_DWARF_3</key>
<steam_id></steam_id>
<title state="APPROVED" last_approved_text="Non-Traditionalist" last_edit_user="bob">Non-Traditionalist</title>
</achievements>
<achievements record_uuid="{cf2391ac-3b9e-476e-8f56-5c214a0566c5}" record_timestamp="1455710910390" record_key="WH_ACHIEVEMENTS_RESEARCH_EMPIRE_1">
<description state="APPROVED" last_approved_text="Playing as the Empire, research 10 technologies." last_edit_user="bob">Playing as the Empire, research 10 technologies.</description>
<game_expansion_key></game_expansion_key>
<key>WH_ACHIEVEMENTS_RESEARCH_EMPIRE_1</key>
<steam_id></steam_id>
<title state="APPROVED" last_approved_text="A Quiet Man" last_edit_user="bob">A Quiet Man</title>
</achievements>
<achievements record_uuid="{ad5d3d8b-454c-484e-92c1-ab4b4dcb7868}" record_timestamp="1455710910220" record_key="WH_ACHIEVEMENTS_RESEARCH_EMPIRE_2">
<description state="APPROVED" last_approved_text="Playing as the Empire, research 20 technologies." last_edit_user="bob">Playing as the Empire, research 20 technologies.</description>
<game_expansion_key></game_expansion_key>
<key>WH_ACHIEVEMENTS_RESEARCH_EMPIRE_2</key>
<steam_id></steam_id>
<title state="APPROVED" last_approved_text="Master Engineer" last_edit_user="bob">Master Engineer</title>
</achievements>
<achievements record_uuid="{a3c1f2be-f0fa-4e39-bd27-457775f937b9}" record_timestamp="1455710910558" record_key="WH_ACHIEVEMENTS_RESEARCH_EMPIRE_3">
<description state="APPROVED" last_approved_text="Playing as the Empire, research 30 technologies." last_edit_user="bob">Playing as the Empire, research 30 technologies.</description>
<game_expansion_key></game_expansion_key>
<key>WH_ACHIEVEMENTS_RESEARCH_EMPIRE_3</key>
<steam_id></steam_id>
<title state="APPROVED" last_approved_text="Inventor-General" last_edit_user="bob">Inventor-General</title>
</achievements>
<achievements record_uuid="{4304cc84-7521-448d-b39f-14c87dece646}" record_timestamp="1455710910897" record_key="WH_ACHIEVEMENTS_RESEARCH_GREENSKINS_1">
<description state="APPROVED" last_approved_text="Playing as the Greenskins, research 8 technologies." last_edit_user="bob">Playing as the Greenskins, research 8 technologies.</description>
<game_expansion_key></game_expansion_key>
<key>WH_ACHIEVEMENTS_RESEARCH_GREENSKINS_1</key>
<steam_id></steam_id>
<title state="APPROVED" last_approved_text="Little Tinkerer" last_edit_user="bob">Little Tinkerer</title>
</achievements>
<achievements record_uuid="{0606fac9-3372-46e1-ae77-3ac1b0d22ea0}" record_timestamp="1455710911066" record_key="WH_ACHIEVEMENTS_RESEARCH_GREENSKINS_2">
<description state="APPROVED" last_approved_text="Playing as the Greenskins, research 16 technologies." last_edit_user="bob">Playing as the Greenskins, research 16 technologies.</description>
<game_expansion_key></game_expansion_key>
<key>WH_ACHIEVEMENTS_RESEARCH_GREENSKINS_2</key>
<steam_id></steam_id>
<title state="APPROVED" last_approved_text="More Luck Than Judgement" last_edit_user="bob">More Luck Than Judgement</title>
</achievements>
<achievements record_uuid="{1101a1a4-fb5c-4d04-bbc1-105ae00dbac8}" record_timestamp="1455710924520" record_key="WH_ACHIEVEMENTS_RESEARCH_GREENSKINS_3">
<description state="APPROVED" last_approved_text="Playing as the Greenskins, research 24 technologies." last_edit_user="bob">Playing as the Greenskins, research 24 technologies.</description>
<game_expansion_key></game_expansion_key>
<key>WH_ACHIEVEMENTS_RESEARCH_GREENSKINS_3</key>
<steam_id></steam_id>
<title state="APPROVED" last_approved_text="Chief Spanna Whacka" last_edit_user="bob">Chief Spanna Whacka</title>
</achievements>
<achievements record_uuid="{6ae19e08-30d0-444f-9d46-dc6aad99dce2}" record_timestamp="1455710912583" record_key="WH_ACHIEVEMENTS_RESEARCH_VAMPIRE_1">
<description state="APPROVED" last_approved_text="Playing as the Vampire Counts, research 12 technologies." last_edit_user="bob">Playing as the Vampire Counts, research 12 technologies.</description>
<game_expansion_key></game_expansion_key>
<key>WH_ACHIEVEMENTS_RESEARCH_VAMPIRE_1</key>
<steam_id></steam_id>
<title state="APPROVED" last_approved_text="Aspirant" last_edit_user="bob">Aspirant</title>
</achievements>
<achievements record_uuid="{9f056b53-3f91-499b-8b9e-348cc851cd4b}" record_timestamp="1455710912751" record_key="WH_ACHIEVEMENTS_RESEARCH_VAMPIRE_2">
<description state="APPROVED" last_approved_text="Playing as the Vampire Counts, research 24 technologies." last_edit_user="bob">Playing as the Vampire Counts, research 24 technologies.</description>
<game_expansion_key></game_expansion_key>
<key>WH_ACHIEVEMENTS_RESEARCH_VAMPIRE_2</key>
<steam_id></steam_id>
<title state="APPROVED" last_approved_text="Necromancer" last_edit_user="bob">Necromancer</title>
</achievements>
<achievements record_uuid="{ccc6f84e-68b3-4371-9539-99cf6df2efec}" record_timestamp="1455710913088" record_key="WH_ACHIEVEMENTS_RESEARCH_VAMPIRE_3">
<description state="APPROVED" last_approved_text="Playing as the Vampire Counts, research 36 technologies." last_edit_user="bob">Playing as the Vampire Counts, research 36 technologies.</description>
<game_expansion_key></game_expansion_key>
<key>WH_ACHIEVEMENTS_RESEARCH_VAMPIRE_3</key>
<steam_id></steam_id>
<title state="APPROVED" last_approved_text="Lichemaster" last_edit_user="bob">Lichemaster</title>
</achievements>
<achievements record_uuid="{c32f37f6-6551-489e-aa10-432ee2e6c078}" record_timestamp="1455710860232" record_key="WH_ACHIEVEMENTS_UNITS_ARACHNAROK_1">
<description state="APPROVED" last_approved_text="Playing as the Greenskins, recruit an Arachnarok to one of your armies." last_edit_user="bob">Playing as the Greenskins, recruit an Arachnarok to one of your armies.</description>
<game_expansion_key></game_expansion_key>
<key>WH_ACHIEVEMENTS_UNITS_ARACHNAROK_1</key>
<steam_id></steam_id>
<title state="APPROVED" last_approved_text="Disciple of the Spider God" last_edit_user="bob">Disciple of the Spider God</title>
</achievements>
<achievements record_uuid="{c6e1754b-0b6e-43bf-bc88-86cda61078f3}" record_timestamp="1461853085147" record_key="WH_ACHIEVEMENTS_UNITS_BEASTMEN_CYGOR_1">
<description state="APPROVED" last_approved_text="Playing as Beastmen, recruit a Cygor to one of your armies." last_edit_user="bob">Playing as Beastmen, recruit a Cygor to one of your armies.</description>
<game_expansion_key></game_expansion_key>
<key>WH_ACHIEVEMENTS_UNITS_BEASTMEN_CYGOR_1</key>
<steam_id></steam_id>
<title state="APPROVED" last_approved_text="Through the Skin to the Soul" last_edit_user="bob">Through the Skin to the Soul</title>
</achievements>
<achievements record_uuid="{84c9e9e0-78c7-4aa1-b1a6-b550073a192a}" record_timestamp="1455710860538" record_key="WH_ACHIEVEMENTS_UNITS_BLACK_COACH_1">
<description state="APPROVED" last_approved_text="Playing as the Vampire Counts, recruit a Black Coach to one of your armies." last_edit_user="bob">Playing as the Vampire Counts, recruit a Black Coach to one of your armies.</description>
<game_expansion_key></game_expansion_key>
<key>WH_ACHIEVEMENTS_UNITS_BLACK_COACH_1</key>
<steam_id></steam_id>
<title state="APPROVED" last_approved_text="Herald of Famine, Undeath &amp; War" last_edit_user="bob">Herald of Famine, Undeath &amp; War</title>
</achievements>
<achievements record_uuid="{a19b4e5a-94ba-4a1d-9daa-7962d4b7d7be}" record_timestamp="1455710918509" record_key="WH_ACHIEVEMENTS_UNITS_CHAOS_KNIGHTS_10">
<description state="APPROVED" last_approved_text="Have at least 10 Chaos Knights in a single army." last_edit_user="bob">Have at least 10 Chaos Knights in a single army.</description>
<game_expansion_key></game_expansion_key>
<key>WH_ACHIEVEMENTS_UNITS_CHAOS_KNIGHTS_10</key>
<steam_id></steam_id>
<title state="APPROVED" last_approved_text="Forged in Hell" last_edit_user="bob">Forged in Hell</title>
</achievements>
<achievements record_uuid="{9332d149-7a71-4a11-a9ed-b4af278d8b0c}" record_timestamp="1455710873250" record_key="WH_ACHIEVEMENTS_UNITS_GREENSKIN_GIANT_1">
<description state="APPROVED" last_approved_text="Playing as the Greenskins, recruit a Giant to one of your armies." last_edit_user="bob">Playing as the Greenskins, recruit a Giant to one of your armies.</description>
<game_expansion_key></game_expansion_key>
<key>WH_ACHIEVEMENTS_UNITS_GREENSKIN_GIANT_1</key>
<steam_id></steam_id>
<title state="APPROVED" last_approved_text="Get a Big Smelly Git" last_edit_user="bob">Get a Big Smelly Git</title>
</achievements>
<achievements record_uuid="{07a7fe0f-4dfe-45f4-9328-557f724aa116}" record_timestamp="1455710924686" record_key="WH_ACHIEVEMENTS_UNITS_REIKSGUARD_10">
<description state="APPROVED" last_approved_text="Playing as the Empire, have at least 10 Reiksguard units in a single army." last_edit_user="bob">Playing as the Empire, have at least 10 Reiksguard units in a single army.</description>
<game_expansion_key></game_expansion_key>
<key>WH_ACHIEVEMENTS_UNITS_REIKSGUARD_10</key>
<steam_id></steam_id>
<title state="APPROVED" last_approved_text="Reikscaptain" last_edit_user="bob">Reikscaptain</title>
</achievements>
<achievements record_uuid="{d9d036d0-fee7-4355-a5b6-564064ab99e2}" record_timestamp="1455710924852" record_key="WH_ACHIEVEMENTS_UNITS_STEAMTANK_1">
<description state="APPROVED" last_approved_text="Playing as the Empire, recruit a Steam Tank to one of your armies." last_edit_user="bob">Playing as the Empire, recruit a Steam Tank to one of your armies.</description>
<game_expansion_key></game_expansion_key>
<key>WH_ACHIEVEMENTS_UNITS_STEAMTANK_1</key>
<steam_id></steam_id>
<title state="APPROVED" last_approved_text="Leonardo's Daemon" last_edit_user="bob">Leonardo's Daemon</title>
</achievements>
<achievements record_uuid="{9b3bd3f7-fab3-4f86-b5bb-ea833effe474}" record_timestamp="1455710874032" record_key="WH_ACHIEVEMENTS_UNITS_TERRORGHEIST_1">
<description state="APPROVED" last_approved_text="Playing as the Vampire Counts, recruit a Terrorgheist to one of your armies." last_edit_user="bob">Playing as the Vampire Counts, recruit a Terrorgheist to one of your armies.</description>
<game_expansion_key></game_expansion_key>
<key>WH_ACHIEVEMENTS_UNITS_TERRORGHEIST_1</key>
<steam_id></steam_id>
<title state="APPROVED" last_approved_text="This is Bat Country" last_edit_user="bob">This is Bat Country</title>
</achievements>
<achievements record_uuid="{9475f553-52e2-4676-b593-741f1292e78d}" record_timestamp="1455710918849" record_key="WH_ACHIEVEMENTS_UNITS_TROLLS_10">
<description state="APPROVED" last_approved_text="Have at least 10 Trolls or 10 Chaos Trolls in a single army." last_edit_user="bob">Have at least 10 Trolls or 10 Chaos Trolls in a single army.</description>
<game_expansion_key></game_expansion_key>
<key>WH_ACHIEVEMENTS_UNITS_TROLLS_10</key>
<steam_id></steam_id>
<title state="APPROVED" last_approved_text="This is Troll Country" last_edit_user="bob">This is Troll Country</title>
</achievements>
<achievements record_uuid="{d692613f-d47b-4ebd-9c11-10cd89217b52}" record_timestamp="1465397564283" record_key="WH_ACHIEVEMENTS_WINNING_BEASTMEN">
<description state="APPROVED" last_approved_text="Playing as Beastmen, win the grand campaign." last_edit_user="bob">Playing as Beastmen, win the grand campaign.</description>
<game_expansion_key></game_expansion_key>
<key>WH_ACHIEVEMENTS_WINNING_BEASTMEN</key>
<steam_id></steam_id>
<title state="APPROVED" last_approved_text="The Unnatural Order" last_edit_user="bob">The Unnatural Order</title>
</achievements>
<achievements record_uuid="{5c6508ab-67fb-4fff-96ed-bd0e37c3b933}" record_timestamp="1461853085147" record_key="WH_ACHIEVEMENTS_WINNING_BEASTMEN_BRAYHERD_REINFORCEMENTS">
<description state="APPROVED" last_approved_text="Playing as Beastmen, win a battle with a brayherd army as reinforcements." last_edit_user="bob">Playing as Beastmen, win a battle with a brayherd army as reinforcements.</description>
<game_expansion_key></game_expansion_key>
<key>WH_ACHIEVEMENTS_WINNING_BEASTMEN_BRAYHERD_REINFORCEMENTS</key>
<steam_id></steam_id>
<title state="APPROVED" last_approved_text="Calling the Warherd" last_edit_user="bob">Calling the Warherd</title>
</achievements>
<achievements record_uuid="{e109b05e-881c-4e46-9668-45520fdf99f3}" record_timestamp="1461853085148" record_key="WH_ACHIEVEMENTS_WINNING_BEASTMEN_EYE">
<description state="APPROVED" last_approved_text="Playing as Beastmen, win the Eye for an Eye challenge campaign." last_edit_user="bob">Playing as Beastmen, win the Eye for an Eye challenge campaign.</description>
<game_expansion_key></game_expansion_key>
<key>WH_ACHIEVEMENTS_WINNING_BEASTMEN_EYE</key>
<steam_id></steam_id>
<title state="APPROVED" last_approved_text="Eye for a Ruinous Eye" last_edit_user="bob">Eye for a Ruinous Eye</title>
</achievements>
<achievements record_uuid="{3cf3fa28-8350-4558-89fa-25ef579822ce}" record_timestamp="1461853085148" record_key="WH_ACHIEVEMENTS_WINNING_BEASTMEN_EYE_LEGENDARY">
<description state="APPROVED" last_approved_text="Playing as Beastmen, win the Eye for an Eye challenge campaign on Very Hard or Legendary difficulty." last_edit_user="bob">Playing as Beastmen, win the Eye for an Eye challenge campaign on Very Hard or Legendary difficulty.</description>
<game_expansion_key></game_expansion_key>
<key>WH_ACHIEVEMENTS_WINNING_BEASTMEN_EYE_LEGENDARY</key>
<steam_id></steam_id>
<title state="APPROVED" last_approved_text="Take the Eye Test" last_edit_user="bob">Take the Eye Test</title>
</achievements>
<achievements record_uuid="{fde474bb-53e0-4041-9041-ebfb839c048a}" record_timestamp="1465397564283" record_key="WH_ACHIEVEMENTS_WINNING_BEASTMEN_LEGENDARY">
<description state="APPROVED" last_approved_text="Playing as Beastmen, win the grand campaign on Very Hard or Legendary difficulty." last_edit_user="bob">Playing as Beastmen, win the grand campaign on Very Hard or Legendary difficulty.</description>
<game_expansion_key></game_expansion_key>
<key>WH_ACHIEVEMENTS_WINNING_BEASTMEN_LEGENDARY</key>
<steam_id></steam_id>
<title state="APPROVED" last_approved_text="The Ravages of Gorthor" last_edit_user="bob">The Ravages of Gorthor</title>
</achievements>
<achievements record_uuid="{bed26064-1411-41ba-9ae3-59ec44235379}" record_timestamp="1457442135764" record_key="WH_ACHIEVEMENTS_WINNING_CHAOS_2">
<description state="APPROVED" last_approved_text="Win a campaign as Chaos on Very Hard or Legendary difficulty." last_edit_user="bob">Win a campaign as Chaos on Very Hard or Legendary difficulty.</description>
<game_expansion_key></game_expansion_key>
<key>WH_ACHIEVEMENTS_WINNING_CHAOS_2</key>
<steam_id></steam_id>
<title state="APPROVED" last_approved_text="The Everchosen" last_edit_user="bob">The Everchosen</title>
</achievements>
<achievements record_uuid="{6c4f6ae1-ad94-4d65-924c-c63891fbd7f5}" record_timestamp="1457442135510" record_key="WH_ACHIEVEMENTS_WINNING_CHAOS_3">
<description state="APPROVED" last_approved_text="Win a campaign as Chaos." last_edit_user="bob">Win a campaign as Chaos.</description>
<game_expansion_key></game_expansion_key>
<key>WH_ACHIEVEMENTS_WINNING_CHAOS_3</key>
<steam_id></steam_id>
<title state="APPROVED" last_approved_text="Archlord of Chaos" last_edit_user="bob">Archlord of Chaos</title>
</achievements>
<achievements record_uuid="{b791ec76-774d-45e7-8d98-e1a1fbf679ae}" record_timestamp="1457442135382" record_key="WH_ACHIEVEMENTS_WINNING_DWARFS_2">
<description state="APPROVED" last_approved_text="Win a campaign as the Dwarfs on Very Hard or Legendary difficulty." last_edit_user="bob">Win a campaign as the Dwarfs on Very Hard or Legendary difficulty.</description>
<game_expansion_key></game_expansion_key>
<key>WH_ACHIEVEMENTS_WINNING_DWARFS_2</key>
<steam_id></steam_id>
<title state="APPROVED" last_approved_text="High King of the Dwarfs" last_edit_user="bob">High King of the Dwarfs</title>
</achievements>
<achievements record_uuid="{c84a55c7-84dd-4559-829b-71c68bf5399f}" record_timestamp="1457442135128" record_key="WH_ACHIEVEMENTS_WINNING_DWARFS_3">
<description state="APPROVED" last_approved_text="Win a campaign as the Dwarfs." last_edit_user="bob">Win a campaign as the Dwarfs.</description>
<game_expansion_key></game_expansion_key>
<key>WH_ACHIEVEMENTS_WINNING_DWARFS_3</key>
<steam_id></steam_id>
<title state="APPROVED" last_approved_text="Dwarf King" last_edit_user="bob">Dwarf King</title>
</achievements>
<achievements record_uuid="{4f7e7f45-dd6e-4137-a7c4-2429d7721531}" record_timestamp="1457442135000" record_key="WH_ACHIEVEMENTS_WINNING_EMPIRE_2">
<description state="APPROVED" last_approved_text="Win a campaign as the Empire on Very Hard or Legendary difficulty." last_edit_user="bob">Win a campaign as the Empire on Very Hard or Legendary difficulty.</description>
<game_expansion_key></game_expansion_key>
<key>WH_ACHIEVEMENTS_WINNING_EMPIRE_2</key>
<steam_id></steam_id>
<title state="APPROVED" last_approved_text="Emperor" last_edit_user="bob">Emperor</title>
</achievements>
<achievements record_uuid="{d673f2c2-cdf4-4445-8b8f-846712e47069}" record_timestamp="1457442134747" record_key="WH_ACHIEVEMENTS_WINNING_EMPIRE_3">
<description state="APPROVED" last_approved_text="Win a campaign as the Empire." last_edit_user="bob">Win a campaign as the Empire.</description>
<game_expansion_key></game_expansion_key>
<key>WH_ACHIEVEMENTS_WINNING_EMPIRE_3</key>
<steam_id></steam_id>
<title state="APPROVED" last_approved_text="Elector Count" last_edit_user="bob">Elector Count</title>
</achievements>
<achievements record_uuid="{929da4ba-d0f0-4503-92bd-9a73672c6aaa}" record_timestamp="1457442134493" record_key="WH_ACHIEVEMENTS_WINNING_GREENSKINS_2">
<description state="APPROVED" last_approved_text="Win a campaign as the Greenskins on Very Hard or Legendary difficulty." last_edit_user="bob">Win a campaign as the Greenskins on Very Hard or Legendary difficulty.</description>
<game_expansion_key></game_expansion_key>
<key>WH_ACHIEVEMENTS_WINNING_GREENSKINS_2</key>
<steam_id></steam_id>
<title state="APPROVED" last_approved_text="Da Greatest Warboss" last_edit_user="bob">Da Greatest Warboss</title>
</achievements>
<achievements record_uuid="{0ad60886-d2c5-468b-b48f-e9fe534ccd94}" record_timestamp="1457442134620" record_key="WH_ACHIEVEMENTS_WINNING_GREENSKINS_3">
<description state="APPROVED" last_approved_text="Win a campaign as the Greenskins." last_edit_user="bob">Win a campaign as the Greenskins.</description>
<game_expansion_key></game_expansion_key>
<key>WH_ACHIEVEMENTS_WINNING_GREENSKINS_3</key>
<steam_id></steam_id>
<title state="APPROVED" last_approved_text="Da Big Warboss" last_edit_user="bob">Da Big Warboss</title>
</achievements>
<achievements record_uuid="{2390bb34-d16a-49b9-a55c-4bb15c79546b}" record_timestamp="1457442134367" record_key="WH_ACHIEVEMENTS_WINNING_VAMPIRES_2">
<description state="APPROVED" last_approved_text="Win a campaign as the Vampire Counts on Very Hard or Legendary difficulty." last_edit_user="bob">Win a campaign as the Vampire Counts on Very Hard or Legendary difficulty.</description>
<game_expansion_key></game_expansion_key>
<key>WH_ACHIEVEMENTS_WINNING_VAMPIRES_2</key>
<steam_id></steam_id>
<title state="APPROVED" last_approved_text="Von Carstein's Return" last_edit_user="bob">Von Carstein's Return</title>
</achievements>
<achievements record_uuid="{28a0e817-cd87-44a6-a86c-ee026da23443}" record_timestamp="1457442134241" record_key="WH_ACHIEVEMENTS_WINNING_VAMPIRES_3">
<description state="APPROVED" last_approved_text="Win a campaign as the Vampire Counts." last_edit_user="bob">Win a campaign as the Vampire Counts.</description>
<game_expansion_key></game_expansion_key>
<key>WH_ACHIEVEMENTS_WINNING_VAMPIRES_3</key>
<steam_id></steam_id>
<title state="APPROVED" last_approved_text="Vampire Count" last_edit_user="bob">Vampire Count</title>
</achievements>
<achievements record_uuid="{1167e834-66a6-4aee-a4a9-8270567a887c}" record_timestamp="1461853085148" record_key="WH_ACHIEVEMENT_BEASTMEN_ECONOMY_INCOME_RAIDING">
<description state="APPROVED" last_approved_text="Playing as Beastmen, have a raiding income of 6,000." last_edit_user="bob">Playing as Beastmen, have a raiding income of 6,000.</description>
<game_expansion_key></game_expansion_key>
<key>WH_ACHIEVEMENT_BEASTMEN_ECONOMY_INCOME_RAIDING</key>
<steam_id></steam_id>
<title state="APPROVED" last_approved_text="The Long War, the Endless Hunt" last_edit_user="bob">The Long War, the Endless Hunt</title>
</achievements>
<achievements record_uuid="{c0eef39e-a9ac-4293-84b4-16ca2916cc5e}" record_timestamp="1461853085148" record_key="WH_ACHIEVEMENT_BEASTMEN_WIN_10_CAMPAIGN_AMBUSH_BATTLE">
<description state="APPROVED" last_approved_text="Playing as Beastmen, win 10 ambush battles during a single campaign." last_edit_user="bob">Playing as Beastmen, win 10 ambush battles during a single campaign.</description>
<game_expansion_key></game_expansion_key>
<key>WH_ACHIEVEMENT_BEASTMEN_WIN_10_CAMPAIGN_AMBUSH_BATTLE</key>
<steam_id></steam_id>
<title state="APPROVED" last_approved_text="Surprise! You're Dead..." last_edit_user="bob">Surprise! You're Dead...</title>
</achievements>
<achievements record_uuid="{0b59ad7f-ddf5-4fcb-90e8-b432063cf323}" record_timestamp="1455710897389" record_key="WH_ACHIEVEMENT_CAUSE_EXTRA_DAMAGE_DUE_TO_FIRE_WEAKNESS">
<description state="APPROVED" last_approved_text="Cause more damage to a unit due to its weakness against fire." last_edit_user="bob">Cause more damage to a unit due to its weakness against fire.</description>
<game_expansion_key></game_expansion_key>
<key>WH_ACHIEVEMENT_CAUSE_EXTRA_DAMAGE_DUE_TO_FIRE_WEAKNESS</key>
<steam_id></steam_id>
<title state="APPROVED" last_approved_text="Fire Dragon" last_edit_user="bob">Fire Dragon</title>
</achievements>
<achievements record_uuid="{5b988521-3276-47f9-9a47-64297ae30033}" record_timestamp="1455810086437" record_key="WH_ACHIEVEMENT_CHARACTERS_ANCILLARIES_MOUNTS_1">
<description state="APPROVED" last_approved_text="Have a special mount." last_edit_user="bob">Have a special mount.</description>
<game_expansion_key></game_expansion_key>
<key>WH_ACHIEVEMENT_CHARACTERS_ANCILLARIES_MOUNTS_1</key>
<steam_id></steam_id>
<title state="APPROVED" last_approved_text="Beast Keeper" last_edit_user="bob">Beast Keeper</title>
</achievements>
<achievements record_uuid="{259b67b9-5f8c-482a-a43f-89fc34f9d33e}" record_timestamp="1455902841971" record_key="WH_ACHIEVEMENT_CHARACTERS_ANCILLARIES_MOUNTS_2">
<description state="APPROVED" last_approved_text="Have 3 special mounts." last_edit_user="bob">Have 3 special mounts.</description>
<game_expansion_key></game_expansion_key>
<key>WH_ACHIEVEMENT_CHARACTERS_ANCILLARIES_MOUNTS_2</key>
<steam_id></steam_id>
<title state="APPROVED" last_approved_text="Beast Master" last_edit_user="bob">Beast Master</title>
</achievements>
<achievements record_uuid="{f8e10b68-0f43-400b-9910-e239e3fb075c}" record_timestamp="1455710898561" record_key="WH_ACHIEVEMENT_CHARACTERS_ANCILLARIES_TRINKETS_1">
<description state="APPROVED" last_approved_text="Have 3 magic talismans, enchanted items, or arcane items." last_edit_user="bob">Have 3 magic talismans, enchanted items, or arcane items.</description>
<game_expansion_key></game_expansion_key>
<key>WH_ACHIEVEMENT_CHARACTERS_ANCILLARIES_TRINKETS_1</key>
<steam_id></steam_id>
<title state="APPROVED" last_approved_text="Treasure Hunter" last_edit_user="bob">Treasure Hunter</title>
</achievements>
<achievements record_uuid="{a06f4f69-070c-4fe9-8f48-63deaa7b9343}" record_timestamp="1455710922695" record_key="WH_ACHIEVEMENT_CHARACTERS_ANCILLARIES_TRINKETS_2">
<description state="APPROVED" last_approved_text="Have 10 magic talismans, enchanted items, or arcane items." last_edit_user="bob">Have 10 magic talismans, enchanted items, or arcane items.</description>
<game_expansion_key></game_expansion_key>
<key>WH_ACHIEVEMENT_CHARACTERS_ANCILLARIES_TRINKETS_2</key>
<steam_id></steam_id>
<title state="APPROVED" last_approved_text="Keeper of Relics" last_edit_user="bob">Keeper of Relics</title>
</achievements>
<achievements record_uuid="{19a4ff79-921e-43b3-bfea-16643601de9f}" record_timestamp="1455710922860" record_key="WH_ACHIEVEMENT_CHARACTERS_ANCILLARIES_TRINKETS_3">
<description state="APPROVED" last_approved_text="Have 25 magic talismans, enchanted items, or arcane items." last_edit_user="bob">Have 25 magic talismans, enchanted items, or arcane items.</description>
<game_expansion_key></game_expansion_key>
<key>WH_ACHIEVEMENT_CHARACTERS_ANCILLARIES_TRINKETS_3</key>
<steam_id></steam_id>
<title state="APPROVED" last_approved_text="Meddler in Magic" last_edit_user="bob">Meddler in Magic</title>
</achievements>
<achievements record_uuid="{6a1cdfb0-0171-441e-b5f5-b330f7f0563b}" record_timestamp="1455710921530" record_key="WH_ACHIEVEMENT_CHARACTERS_ANCILLARIES_WEAPONS_1">
<description state="APPROVED" last_approved_text="Have 3 magic weapons or items of magic armour." last_edit_user="bob">Have 3 magic weapons or items of magic armour.</description>
<game_expansion_key></game_expansion_key>
<key>WH_ACHIEVEMENT_CHARACTERS_ANCILLARIES_WEAPONS_1</key>
<steam_id></steam_id>
<title state="APPROVED" last_approved_text="Seeker of Power" last_edit_user="bob">Seeker of Power</title>
</achievements>
<achievements record_uuid="{69acdffd-41ac-4b7b-bd54-7863c2c236ba}" record_timestamp="1455710921697" record_key="WH_ACHIEVEMENT_CHARACTERS_ANCILLARIES_WEAPONS_2">
<description state="APPROVED" last_approved_text="Have 10 magic weapons or items of magic armour." last_edit_user="bob">Have 10 magic weapons or items of magic armour.</description>
<game_expansion_key></game_expansion_key>
<key>WH_ACHIEVEMENT_CHARACTERS_ANCILLARIES_WEAPONS_2</key>
<steam_id></steam_id>
<title state="APPROVED" last_approved_text="Arcane Spoils" last_edit_user="bob">Arcane Spoils</title>
</achievements>
<achievements record_uuid="{3fc21cc9-9dd2-42ca-a696-2ce8d888a15d}" record_timestamp="1455710921864" record_key="WH_ACHIEVEMENT_CHARACTERS_ANCILLARIES_WEAPONS_3">
<description state="APPROVED" last_approved_text="Have 25 magic weapons or items of magic armour." last_edit_user="bob">Have 25 magic weapons or items of magic armour.</description>
<game_expansion_key></game_expansion_key>
<key>WH_ACHIEVEMENT_CHARACTERS_ANCILLARIES_WEAPONS_3</key>
<steam_id></steam_id>
<title state="APPROVED" last_approved_text="Keeper of the Royal Armoury" last_edit_user="bob">Keeper of the Royal Armoury</title>
</achievements>
<achievements record_uuid="{f34451b9-6d6c-457b-9ac1-30ebcc42b012}" record_timestamp="1455710920699" record_key="WH_ACHIEVEMENT_CHARACTERS_HERO_LEVEL_1">
<description state="APPROVED" last_approved_text="Have 1 level 10 Hero." last_edit_user="bob">Have 1 level 10 Hero.</description>
<game_expansion_key></game_expansion_key>
<key>WH_ACHIEVEMENT_CHARACTERS_HERO_LEVEL_1</key>
<steam_id></steam_id>
<title state="APPROVED" last_approved_text="Heroic Ideals" last_edit_user="bob">Heroic Ideals</title>
</achievements>
<achievements record_uuid="{96032f70-1d92-4a4c-925f-fcf73b356bd0}" record_timestamp="1455710914943" record_key="WH_ACHIEVEMENT_CHARACTERS_HERO_LEVEL_2">
<description state="APPROVED" last_approved_text="Have 2 level 20 Heroes at the same time." last_edit_user="bob">Have 2 level 20 Heroes at the same time.</description>
<game_expansion_key></game_expansion_key>
<key>WH_ACHIEVEMENT_CHARACTERS_HERO_LEVEL_2</key>
<steam_id></steam_id>
<title state="APPROVED" last_approved_text="Loyal Retainers" last_edit_user="bob">Loyal Retainers</title>
</achievements>
<achievements record_uuid="{96ae4a73-97a9-4340-a9e7-1dd3e18d4d88}" record_timestamp="1455710899905" record_key="WH_ACHIEVEMENT_CHARACTERS_HERO_LEVEL_3">
<description state="APPROVED" last_approved_text="Have 3 level 30 Heroes at the same time." last_edit_user="bob">Have 3 level 30 Heroes at the same time.</description>
<game_expansion_key></game_expansion_key>
<key>WH_ACHIEVEMENT_CHARACTERS_HERO_LEVEL_3</key>
<steam_id></steam_id>
<title state="APPROVED" last_approved_text="Honour Guard" last_edit_user="bob">Honour Guard</title>
</achievements>
<achievements record_uuid="{5fe53f39-dd04-467e-ac14-e22b2d7c069c}" record_timestamp="1455710900073" record_key="WH_ACHIEVEMENT_CHARACTERS_LORD_LEVEL_1">
<description state="APPROVED" last_approved_text="Have a level 10 general." last_edit_user="bob">Have a level 10 general.</description>
<game_expansion_key></game_expansion_key>
<key>WH_ACHIEVEMENT_CHARACTERS_LORD_LEVEL_1</key>
<steam_id></steam_id>
<title state="APPROVED" last_approved_text="Champion" last_edit_user="bob">Champion</title>
</achievements>
<achievements record_uuid="{94b3972c-bc4d-4ad2-b2a3-efca30b20a2e}" record_timestamp="1455710900241" record_key="WH_ACHIEVEMENT_CHARACTERS_LORD_LEVEL_2">
<description state="APPROVED" last_approved_text="Have a level 20 general." last_edit_user="bob">Have a level 20 general.</description>
<game_expansion_key></game_expansion_key>
<key>WH_ACHIEVEMENT_CHARACTERS_LORD_LEVEL_2</key>
<steam_id></steam_id>
<title state="APPROVED" last_approved_text="Veteran" last_edit_user="bob">Veteran</title>
</achievements>
<achievements record_uuid="{68f9345b-88e0-4532-9139-b2479f757b94}" record_timestamp="1455710900409" record_key="WH_ACHIEVEMENT_CHARACTERS_LORD_LEVEL_3">
<description state="APPROVED" last_approved_text="Have a level 30 general." last_edit_user="bob">Have a level 30 general.</description>
<game_expansion_key></game_expansion_key>
<key>WH_ACHIEVEMENT_CHARACTERS_LORD_LEVEL_3</key>
<steam_id></steam_id>
<title state="APPROVED" last_approved_text="Paragon" last_edit_user="bob">Paragon</title>
</achievements>
<achievements record_uuid="{5007b765-de78-4f56-9c74-88d9b50bb8ec}" record_timestamp="1455710900746" record_key="WH_ACHIEVEMENT_CONQUEST_OCCUPY_CORNERS">
<description state="APPROVED" last_approved_text="Occupy Fort Straghov, Luccini, Lyonesse and Castle Drakenhof." last_edit_user="bob">Occupy Fort Straghov, Luccini, Lyonesse and Castle Drakenhof.</description>
<game_expansion_key></game_expansion_key>
<key>WH_ACHIEVEMENT_CONQUEST_OCCUPY_CORNERS</key>
<steam_id></steam_id>
<title state="APPROVED" last_approved_text="Four Corners of the Old World" last_edit_user="bob">Four Corners of the Old World</title>
</achievements>
<achievements record_uuid="{59dd1bc7-6b90-4812-9e2a-1193fa39c8a8}" record_timestamp="1455710904462" record_key="WH_ACHIEVEMENT_CONQUEST_OCCUPY_MARIENBURG_GORSSEL_EMP">
<description state="APPROVED" last_approved_text="Playing as the Empire, occupy Marienburg and Gorssel." last_edit_user="bob">Playing as the Empire, occupy Marienburg and Gorssel.</description>
<game_expansion_key></game_expansion_key>
<key>WH_ACHIEVEMENT_CONQUEST_OCCUPY_MARIENBURG_GORSSEL_EMP</key>
<steam_id></steam_id>
<title state="APPROVED" last_approved_text="Independence Lost" last_edit_user="bob">Independence Lost</title>
</achievements>
<achievements record_uuid="{064ced3b-44e5-4aa3-bd1b-d32a8d0edca3}" record_timestamp="1455710900578" record_key="WH_ACHIEVEMENT_CONQUEST_OCCUPY_NORTH_GRN">
<description state="APPROVED" last_approved_text="Playing as the Greenskins, occupy Kraka Drak, Khazid Bordkarag and Sjoktraken." last_edit_user="bob">Playing as the Greenskins, occupy Kraka Drak, Khazid Bordkarag and Sjoktraken.</description>
<game_expansion_key></game_expansion_key>
<key>WH_ACHIEVEMENT_CONQUEST_OCCUPY_NORTH_GRN</key>
<steam_id></steam_id>
<title state="APPROVED" last_approved_text="Waaagh! on da North!" last_edit_user="bob">Waaagh! on da North!</title>
</achievements>
<achievements record_uuid="{8e683e16-4f72-44e2-948d-11a65b0058d6}" record_timestamp="1456848441550" record_key="WH_ACHIEVEMENT_CONQUEST_OCCUPY_RAZE_ALTDORF_VMP">
<description state="APPROVED" last_approved_text="Playing as the Vampire Counts, occupy or raze the Imperial capital at Altdorf." last_edit_user="bob">Playing as the Vampire Counts, occupy or raze the Imperial capital at Altdorf.</description>
<game_expansion_key></game_expansion_key>
<key>WH_ACHIEVEMENT_CONQUEST_OCCUPY_RAZE_ALTDORF_VMP</key>
<steam_id></steam_id>
<title state="APPROVED" last_approved_text="Unberogen Unearthed" last_edit_user="bob">Unberogen Unearthed</title>
</achievements>
<achievements record_uuid="{74e8f7b9-7a8f-418b-ac6f-ca45ebd41c44}" record_timestamp="1455710904124" record_key="WH_ACHIEVEMENT_CONQUEST_OCCUPY_RAZE_COURONNE_VMP">
<description state="APPROVED" last_approved_text="Playing as the Vampire Counts, occupy or raze the Bretonnian capital at Couronne." last_edit_user="bob">Playing as the Vampire Counts, occupy or raze the Bretonnian capital at Couronne.</description>
<game_expansion_key></game_expansion_key>
<key>WH_ACHIEVEMENT_CONQUEST_OCCUPY_RAZE_COURONNE_VMP</key>
<steam_id></steam_id>
<title state="APPROVED" last_approved_text="The Secret of the Grail" last_edit_user="bob">The Secret of the Grail</title>
</achievements>
<achievements record_uuid="{64c2d679-d4cf-4731-afe3-ba4a454a4afe}" record_timestamp="1455710890565" record_key="WH_ACHIEVEMENT_CONQUEST_OCCUPY_RAZE_KARAZ_A_KARAK_GRN">
<description state="APPROVED" last_approved_text="Playing as the Greenskins, occupy or raze the Dwarfs' capital at Karaz-a-Karak." last_edit_user="bob">Playing as the Greenskins, occupy or raze the Dwarfs' capital at Karaz-a-Karak.</description>
<game_expansion_key></game_expansion_key>
<key>WH_ACHIEVEMENT_CONQUEST_OCCUPY_RAZE_KARAZ_A_KARAK_GRN</key>
<steam_id></steam_id>
<title state="APPROVED" last_approved_text="Waaagh! on da Stunties!" last_edit_user="bob">Waaagh! on da Stunties!</title>
</achievements>
<achievements record_uuid="{60dce270-72b5-433d-a367-2fef8cbd7f6a}" record_timestamp="1455710923690" record_key="WH_ACHIEVEMENT_CONQUEST_OCCUPY_RAZE_KISLEV_VMP">
<description state="APPROVED" last_approved_text="Playing as the Vampire Counts, occupy or raze Kislev." last_edit_user="bob">Playing as the Vampire Counts, occupy or raze Kislev.</description>
<game_expansion_key></game_expansion_key>
<key>WH_ACHIEVEMENT_CONQUEST_OCCUPY_RAZE_KISLEV_VMP</key>
<steam_id></steam_id>
<title state="APPROVED" last_approved_text="Something Rotten in the State of Kislev" last_edit_user="bob">Something Rotten in the State of Kislev</title>
</achievements>
<achievements record_uuid="{fec263ba-8dc9-431d-8113-56e8edd34226}" record_timestamp="1460468871578" record_key="WH_ACHIEVEMENT_CONQUEST_OCCUPY_SAVAGE_REGIONS_GRN">
<description state="APPROVED" last_approved_text="Playing as the Greenskins, occupy Gor Gazan, Galbaraz and Agrul Migdhal." last_edit_user="bob">Playing as the Greenskins, occupy Gor Gazan, Galbaraz and Agrul Migdhal.</description>
<game_expansion_key></game_expansion_key>
<key>WH_ACHIEVEMENT_CONQUEST_OCCUPY_SAVAGE_REGIONS_GRN</key>
<steam_id></steam_id>
<title state="APPROVED" last_approved_text="Big Boss of All Da Boyz" last_edit_user="bob">Big Boss of All Da Boyz</title>
</achievements>
<achievements record_uuid="{98bfd265-4408-4698-9623-b2af155a15ee}" record_timestamp="1455801701589" record_key="WH_ACHIEVEMENT_CONQUEST_OCCUPY_SOUTH_COAST">
<description state="APPROVED" last_approved_text="Occupy Magritta, Miragliano and Myrmiddens." last_edit_user="bob">Occupy Magritta, Miragliano and Myrmiddens.</description>
<game_expansion_key></game_expansion_key>
<key>WH_ACHIEVEMENT_CONQUEST_OCCUPY_SOUTH_COAST</key>
<steam_id></steam_id>
<title state="APPROVED" last_approved_text="Conqueror of the Southern Coasts" last_edit_user="bob">Conqueror of the Southern Coasts</title>
</achievements>
<achievements record_uuid="{34649f4e-9ac0-4828-a75c-b30017f2a04d}" record_timestamp="1461853085147" record_key="WH_ACHIEVEMENT_CONQUEST_RAZE_ALTDORF_BEASTMEN">
<description state="APPROVED" last_approved_text="Playing as Beastmen, raze the Imperial capital at Altdorf and the Bretonnian capital at Couronne." last_edit_user="bob">Playing as Beastmen, raze the Imperial capital at Altdorf and the Bretonnian capital at Couronne.</description>
<game_expansion_key></game_expansion_key>
<key>WH_ACHIEVEMENT_CONQUEST_RAZE_ALTDORF_BEASTMEN</key>
<steam_id></steam_id>
<title state="APPROVED" last_approved_text="Neighbours of the Beast" last_edit_user="bob">Neighbours of the Beast</title>
</achievements>
<achievements record_uuid="{0bbae8ab-d8c0-41fb-959f-4b74553d18f3}" record_timestamp="1456848441676" record_key="WH_ACHIEVEMENT_CONQUEST_RAZE_ALTDORF_GRN">
<description state="APPROVED" last_approved_text="Playing as the Greenskins, raze the Imperial capital at Altdorf." last_edit_user="bob">Playing as the Greenskins, raze the Imperial capital at Altdorf.</description>
<game_expansion_key></game_expansion_key>
<key>WH_ACHIEVEMENT_CONQUEST_RAZE_ALTDORF_GRN</key>
<steam_id></steam_id>
<title state="APPROVED" last_approved_text="Waaagh! on Altdorf!" last_edit_user="bob">Waaagh! on Altdorf!</title>
</achievements>
<achievements record_uuid="{d23e1fe7-fe21-4d18-b9d2-52fc8acdddec}" record_timestamp="1455710890731" record_key="WH_ACHIEVEMENT_CONQUEST_RAZE_COURONNE_EMP">
<description state="APPROVED" last_approved_text="Playing as the Empire, raze the Bretonnian capital at Couronne." last_edit_user="bob">Playing as the Empire, raze the Bretonnian capital at Couronne.</description>
<game_expansion_key></game_expansion_key>
<key>WH_ACHIEVEMENT_CONQUEST_RAZE_COURONNE_EMP</key>
<steam_id></steam_id>
<title state="APPROVED" last_approved_text="Lady Protect Thee!" last_edit_user="bob">Lady Protect Thee!</title>
</achievements>
<achievements record_uuid="{d95272c5-1bea-424d-90f5-6b87c4756fad}" record_timestamp="1455710888755" record_key="WH_ACHIEVEMENT_CONQUEST_RAZE_KARAZ_A_KARAK_EMP">
<description state="APPROVED" last_approved_text="Playing as the Empire, raze the Dwarfs' capital at Karaz-a-Karak." last_edit_user="bob">Playing as the Empire, raze the Dwarfs' capital at Karaz-a-Karak.</description>
<game_expansion_key></game_expansion_key>
<key>WH_ACHIEVEMENT_CONQUEST_RAZE_KARAZ_A_KARAK_EMP</key>
<steam_id></steam_id>
<title state="APPROVED" last_approved_text="The Ultimate Grudge" last_edit_user="bob">The Ultimate Grudge</title>
</achievements>
<achievements record_uuid="{c91ed2c1-97cf-4802-9006-f625d7d92e76}" record_timestamp="1455710881465" record_key="WH_ACHIEVEMENT_CONQUEST_RAZE_MOOT">
<description state="APPROVED" last_approved_text="Besiege and raze the Halflings' Moot." last_edit_user="bob">Besiege and raze the Halflings' Moot.</description>
<game_expansion_key></game_expansion_key>
<key>WH_ACHIEVEMENT_CONQUEST_RAZE_MOOT</key>
<steam_id></steam_id>
<title state="APPROVED" last_approved_text="The Smell of Dinner, Burning..." last_edit_user="bob">The Smell of Dinner, Burning...</title>
</achievements>
<achievements record_uuid="{a4f0c174-ba3b-45c8-8da0-7f4d33517127}" record_timestamp="1455710904798" record_key="WH_ACHIEVEMENT_CONQUEST_RAZE_SETTLEMENTS_1">
<description state="APPROVED" last_approved_text="Besiege and raze 1 settlement." last_edit_user="bob">Besiege and raze 1 settlement.</description>
<game_expansion_key></game_expansion_key>
<key>WH_ACHIEVEMENT_CONQUEST_RAZE_SETTLEMENTS_1</key>
<steam_id></steam_id>
<title state="APPROVED" last_approved_text="Put Them to the Torch" last_edit_user="bob">Put Them to the Torch</title>
</achievements>
<achievements record_uuid="{0474134b-f0d0-44eb-9ed3-abd71fb0f7e7}" record_timestamp="1455710880348" record_key="WH_ACHIEVEMENT_CONQUEST_RAZE_SETTLEMENTS_100">
<description state="APPROVED" last_approved_text="Besiege and raze 100 settlements in a single campaign." last_edit_user="bob">Besiege and raze 100 settlements in a single campaign.</description>
<game_expansion_key></game_expansion_key>
<key>WH_ACHIEVEMENT_CONQUEST_RAZE_SETTLEMENTS_100</key>
<steam_id></steam_id>
<title state="APPROVED" last_approved_text="The Purifying Flames" last_edit_user="bob">The Purifying Flames</title>
</achievements>
<achievements record_uuid="{0c74866e-453e-457c-9c2e-a521f961bab4}" record_timestamp="1455710923524" record_key="WH_ACHIEVEMENT_CONQUEST_RAZE_SETTLEMENTS_30">
<description state="APPROVED" last_approved_text="Besiege and raze 30 settlements in a single campaign." last_edit_user="bob">Besiege and raze 30 settlements in a single campaign.</description>
<game_expansion_key></game_expansion_key>
<key>WH_ACHIEVEMENT_CONQUEST_RAZE_SETTLEMENTS_30</key>
<steam_id></steam_id>
<title state="APPROVED" last_approved_text="Bit of a Bonfire" last_edit_user="bob">Bit of a Bonfire</title>
</achievements>
<achievements record_uuid="{0580d674-90e6-4452-a0f5-a913d3325753}" record_timestamp="1455710901591" record_key="WH_ACHIEVEMENT_CONQUEST_SACK_PRAAG">
<description state="APPROVED" last_approved_text="Besiege and sack the cursed city of Praag." last_edit_user="bob">Besiege and sack the cursed city of Praag.</description>
<game_expansion_key></game_expansion_key>
<key>WH_ACHIEVEMENT_CONQUEST_SACK_PRAAG</key>
<steam_id></steam_id>
<title state="APPROVED" last_approved_text="The Curse of Praag" last_edit_user="bob">The Curse of Praag</title>
</achievements>
<achievements record_uuid="{ce488293-2282-43e7-811e-47a9893ea3a0}" record_timestamp="1455710879078" record_key="WH_ACHIEVEMENT_CONSTRUCTION_ALTDORF_LEVEL_5">
<description state="APPROVED" last_approved_text="Playing as the Empire, upgrade the city of Altdorf to level 5." last_edit_user="bob">Playing as the Empire, upgrade the city of Altdorf to level 5.</description>
<game_expansion_key></game_expansion_key>
<key>WH_ACHIEVEMENT_CONSTRUCTION_ALTDORF_LEVEL_5</key>
<steam_id></steam_id>
<title state="APPROVED" last_approved_text="Imperial Architect" last_edit_user="bob">Imperial Architect</title>
</achievements>
<achievements record_uuid="{5aa06d69-32eb-4cfc-a268-43320c1bd8ae}" record_timestamp="1460466716216" record_key="WH_ACHIEVEMENT_CONSTRUCTION_BLAZING_SUN_CHAPTERHOUSE">
<description state="APPROVED" last_approved_text="Construct the Blazing Sun Chapterhouse at Talabheim." last_edit_user="bob">Construct the Blazing Sun Chapterhouse at Talabheim.</description>
<game_expansion_key></game_expansion_key>
<key>WH_ACHIEVEMENT_CONSTRUCTION_BLAZING_SUN_CHAPTERHOUSE</key>
<steam_id></steam_id>
<title state="APPROVED" last_approved_text="The Order of the Blazing Sun" last_edit_user="bob">The Order of the Blazing Sun</title>
</achievements>
<achievements record_uuid="{e2865214-6ede-4c00-892a-e696e849172a}" record_timestamp="1455811018223" record_key="WH_ACHIEVEMENT_CONSTRUCTION_BOKHA_PALACE">
<description state="APPROVED" last_approved_text="Construct the Bokha Palace in Kislev." last_edit_user="bob">Construct the Bokha Palace in Kislev.</description>
<game_expansion_key></game_expansion_key>
<key>WH_ACHIEVEMENT_CONSTRUCTION_BOKHA_PALACE</key>
<steam_id></steam_id>
<title state="APPROVED" last_approved_text="Winter Palace" last_edit_user="bob">Winter Palace</title>
</achievements>
<achievements record_uuid="{bd731e2d-98d6-40a4-a142-e9b70e76f019}" record_timestamp="1455710921031" record_key="WH_ACHIEVEMENT_CONSTRUCTION_BORDELAUX_WINE_MARKET">
<description state="APPROVED" last_approved_text="Construct the Bordeleaux Wine Market." last_edit_user="bob">Construct the Bordeleaux Wine Market.</description>
<game_expansion_key></game_expansion_key>
<key>WH_ACHIEVEMENT_CONSTRUCTION_BORDELAUX_WINE_MARKET</key>
<steam_id></steam_id>
<title state="APPROVED" last_approved_text="A Nice Bit of Claret" last_edit_user="bob">A Nice Bit of Claret</title>
</achievements>
<achievements record_uuid="{0c891133-bfa7-4731-a5cb-7a3db5653647}" record_timestamp="1455710902098" record_key="WH_ACHIEVEMENT_CONSTRUCTION_BOSS_CAMP_10">
<description state="APPROVED" last_approved_text="Construct at least 10 Boss' Camps." last_edit_user="bob">Construct at least 10 Boss' Camps.</description>
<game_expansion_key></game_expansion_key>
<key>WH_ACHIEVEMENT_CONSTRUCTION_BOSS_CAMP_10</key>
<steam_id></steam_id>
<title state="APPROVED" last_approved_text="I'm Da Boss!" last_edit_user="bob">I'm Da Boss!</title>
</achievements>
<achievements record_uuid="{9b42e3b3-59a1-4b6b-ac4d-0c5e2d6c64ab}" record_timestamp="1455710884843" record_key="WH_ACHIEVEMENT_CONSTRUCTION_BRIGHTSTONE_MINE">
<description state="APPROVED" last_approved_text="Construct the Brightstone Mine at Mount Gunbad." last_edit_user="bob">Construct the Brightstone Mine at Mount Gunbad.</description>
<game_expansion_key></game_expansion_key>
<key>WH_ACHIEVEMENT_CONSTRUCTION_BRIGHTSTONE_MINE</key>
<steam_id></steam_id>
<title state="APPROVED" last_approved_text="Brynduraz Excavator" last_edit_user="bob">Brynduraz Excavator</title>
</achievements>
<achievements record_uuid="{123fac06-5eef-413b-a052-3b9752ce7d05}" record_timestamp="1455710923358" record_key="WH_ACHIEVEMENT_CONSTRUCTION_COLLEGE_OF_MAGIC_EMP">
<description state="APPROVED" last_approved_text="Playing as the Empire, construct the Altdorf Colleges of Magic." last_edit_user="bob">Playing as the Empire, construct the Altdorf Colleges of Magic.</description>
<game_expansion_key></game_expansion_key>
<key>WH_ACHIEVEMENT_CONSTRUCTION_COLLEGE_OF_MAGIC_EMP</key>
<steam_id></steam_id>
<title state="APPROVED" last_approved_text="Scion of Volans" last_edit_user="bob">Scion of Volans</title>
</achievements>
<achievements record_uuid="{5c483250-4301-456e-acb5-c1e83319cc56}" record_timestamp="1455710883870" record_key="WH_ACHIEVEMENT_CONSTRUCTION_COLLEGE_OF_MAGIC_VMP">
<description state="APPROVED" last_approved_text="Playing as the Vampires, construct the Altdorf Colleges of Magic." last_edit_user="bob">Playing as the Vampires, construct the Altdorf Colleges of Magic.</description>
<game_expansion_key></game_expansion_key>
<key>WH_ACHIEVEMENT_CONSTRUCTION_COLLEGE_OF_MAGIC_VMP</key>
<steam_id></steam_id>
<title state="APPROVED" last_approved_text="Dark Academy" last_edit_user="bob">Dark Academy</title>
</achievements>
<achievements record_uuid="{667fbbad-c492-4ac0-9d6a-cad2f302d23a}" record_timestamp="1468499538193" record_key="WH_ACHIEVEMENT_CONSTRUCTION_CURSED_LABYRINTH_1">
<description state="APPROVED" last_approved_text="Construct a Cursed Labyrinth in one of your hordes." last_edit_user="bob">Construct a Cursed Labyrinth in one of your hordes.</description>
<game_expansion_key></game_expansion_key>
<key>WH_ACHIEVEMENT_CONSTRUCTION_CURSED_LABYRINTH_1</key>
<steam_id></steam_id>
<title state="APPROVED" last_approved_text="Maze of Torment, Maze of Death" last_edit_user="bob">Maze of Torment, Maze of Death</title>
</achievements>
<achievements record_uuid="{a69d2fde-a51b-4bf1-91b0-5373d6ce7fe1}" record_timestamp="1455710902605" record_key="WH_ACHIEVEMENT_CONSTRUCTION_DA_HOARD_20">
<description state="APPROVED" last_approved_text="Construct at least 20 Da Hoards." last_edit_user="bob">Construct at least 20 Da Hoards.</description>
<game_expansion_key></game_expansion_key>
<key>WH_ACHIEVEMENT_CONSTRUCTION_DA_HOARD_20</key>
<steam_id></steam_id>
<title state="APPROVED" last_approved_text="Swag 'n' Plunder!" last_edit_user="bob">Swag 'n' Plunder!</title>
</achievements>
<achievements record_uuid="{027f8b73-60a5-452d-b305-b70d5e6ae005}" record_timestamp="1455710902773" record_key="WH_ACHIEVEMENT_CONSTRUCTION_DA_HOARD_5">
<description state="APPROVED" last_approved_text="Construct at least 3 Da Hoards." last_edit_user="bob">Construct at least 3 Da Hoards.</description>
<game_expansion_key></game_expansion_key>
<key>WH_ACHIEVEMENT_CONSTRUCTION_DA_HOARD_5</key>
<steam_id></steam_id>
<title state="APPROVED" last_approved_text="Shiny Fings!" last_edit_user="bob">Shiny Fings!</title>
</achievements>
<achievements record_uuid="{7be53b70-e8ac-4364-b50e-cc4445f79208}" record_timestamp="1455710882584" record_key="WH_ACHIEVEMENT_CONSTRUCTION_DRAKENHOF_LEVEL_5">
<description state="APPROVED" last_approved_text="Playing as the Vampire Counts, upgrade the city of Castle Drakenhof to level 5." last_edit_user="bob">Playing as the Vampire Counts, upgrade the city of Castle Drakenhof to level 5.</description>
<game_expansion_key></game_expansion_key>
<key>WH_ACHIEVEMENT_CONSTRUCTION_DRAKENHOF_LEVEL_5</key>
<steam_id></steam_id>
<title state="APPROVED" last_approved_text="Accessories by Kemmler" last_edit_user="bob">Accessories by Kemmler</title>
</achievements>
<achievements record_uuid="{0be3789d-95be-4a8e-8d4f-0e061bd4fe0a}" record_timestamp="1455710904967" record_key="WH_ACHIEVEMENT_CONSTRUCTION_DWARFEN_SHIPYARD_1">
<description state="APPROVED" last_approved_text="Construct a Dwarfen Shipyard." last_edit_user="bob">Construct a Dwarfen Shipyard.</description>
<game_expansion_key></game_expansion_key>
<key>WH_ACHIEVEMENT_CONSTRUCTION_DWARFEN_SHIPYARD_1</key>
<steam_id></steam_id>
<title state="APPROVED" last_approved_text="Ironclad" last_edit_user="bob">Ironclad</title>
</achievements>
<achievements record_uuid="{6ecba1c9-faf3-4b87-8abd-520fe61db3f8}" record_timestamp="1455710902942" record_key="WH_ACHIEVEMENT_CONSTRUCTION_ERENGRAD_PORT">
<description state="APPROVED" last_approved_text="Construct the Port of Erengrad." last_edit_user="bob">Construct the Port of Erengrad.</description>
<game_expansion_key></game_expansion_key>
<key>WH_ACHIEVEMENT_CONSTRUCTION_ERENGRAD_PORT</key>
<steam_id></steam_id>
<title state="APPROVED" last_approved_text="Sailor on the Sea of Claws" last_edit_user="bob">Sailor on the Sea of Claws</title>
</achievements>
<achievements record_uuid="{8077541e-2fcd-4136-b1d4-f5d6933d3751}" record_timestamp="1460470779603" record_key="WH_ACHIEVEMENT_CONSTRUCTION_GARRISON_NORTH_FORTS">
<description state="APPROVED" last_approved_text="Construct a City Watch, Tall Walls or Reinforced Walls building at Fort Straghov, Fort Ostrosk and Fort Jakova." last_edit_user="bob">Construct a City Watch, Tall Walls or Reinforced Walls building at Fort Straghov, Fort Ostrosk and Fort Jakova.</description>
<game_expansion_key></game_expansion_key>
<key>WH_ACHIEVEMENT_CONSTRUCTION_GARRISON_NORTH_FORTS</key>
<steam_id></steam_id>
<title state="APPROVED" last_approved_text="Sentinel of the North" last_edit_user="bob">Sentinel of the North</title>
</achievements>
<achievements record_uuid="{2342f07f-12d0-4503-8049-f8fcd46b3e01}" record_timestamp="1455710882744" record_key="WH_ACHIEVEMENT_CONSTRUCTION_GREAT_SLAYER_SHRINE">
<description state="APPROVED" last_approved_text="Construct the Great Slayer Shrine at Karak Kadrin." last_edit_user="bob">Construct the Great Slayer Shrine at Karak Kadrin.</description>
<game_expansion_key></game_expansion_key>
<key>WH_ACHIEVEMENT_CONSTRUCTION_GREAT_SLAYER_SHRINE</key>
<steam_id></steam_id>
<title state="APPROVED" last_approved_text="Take the Oath" last_edit_user="bob">Take the Oath</title>
</achievements>
<achievements record_uuid="{0366c343-741e-4bcc-93b9-5c2b09364a67}" record_timestamp="1455710923192" record_key="WH_ACHIEVEMENT_CONSTRUCTION_GREAT_TEMPLE_OF_ULRIC">
<description state="APPROVED" last_approved_text="Construct the Great Temple of Ulric at Middenheim." last_edit_user="bob">Construct the Great Temple of Ulric at Middenheim.</description>
<game_expansion_key></game_expansion_key>
<key>WH_ACHIEVEMENT_CONSTRUCTION_GREAT_TEMPLE_OF_ULRIC</key>
<steam_id></steam_id>
<title state="APPROVED" last_approved_text="Ar-Ulric" last_edit_user="bob">Ar-Ulric</title>
</achievements>
<achievements record_uuid="{21d0e8c9-8964-4890-b024-6f3a7131d030}" record_timestamp="1455710903449" record_key="WH_ACHIEVEMENT_CONSTRUCTION_GREENSKIN_STRONGHOLD_1">
<description state="APPROVED" last_approved_text="Construct a Greenskin Stronghold." last_edit_user="bob">Construct a Greenskin Stronghold.</description>
<game_expansion_key></game_expansion_key>
<key>WH_ACHIEVEMENT_CONSTRUCTION_GREENSKIN_STRONGHOLD_1</key>
<steam_id></steam_id>
<title state="APPROVED" last_approved_text="We're Stayin' Put!" last_edit_user="bob">We're Stayin' Put!</title>
</achievements>
<achievements record_uuid="{795d3653-d5e7-4d5e-abc9-c02c8a3aa50b}" record_timestamp="1464173810425" record_key="WH_ACHIEVEMENT_CONSTRUCTION_HIGH_KING_THRONE_ROOM">
<description state="APPROVED" last_approved_text="Construct the Throne Hall of the High King at Karaz-a-Karak." last_edit_user="bob">Construct the Throne Hall of the High King at Karaz-a-Karak.</description>
<game_expansion_key></game_expansion_key>
<key>WH_ACHIEVEMENT_CONSTRUCTION_HIGH_KING_THRONE_ROOM</key>
<steam_id></steam_id>
<title state="APPROVED" last_approved_text="Son of Grungni" last_edit_user="bob">Son of Grungni</title>
</achievements>
<achievements record_uuid="{24be0e1c-a5de-4a1a-b7c5-3788d4a1140a}" record_timestamp="1459949644791" record_key="WH_ACHIEVEMENT_CONSTRUCTION_KARAG_DROMAR_BREWERY">
<description state="APPROVED" last_approved_text="Construct a Renowned Brewery at Karag Dromar." last_edit_user="bob">Construct a Renowned Brewery at Karag Dromar.</description>
<game_expansion_key></game_expansion_key>
<key>WH_ACHIEVEMENT_CONSTRUCTION_KARAG_DROMAR_BREWERY</key>
<steam_id></steam_id>
<title state="APPROVED" last_approved_text="Swift Half of Bugman's XXXXXX?" last_edit_user="bob">Swift Half of Bugman's XXXXXX?</title>
</achievements>
<achievements record_uuid="{22661b9c-9148-412a-a350-4e54907eddfb}" record_timestamp="1455710886793" record_key="WH_ACHIEVEMENT_CONSTRUCTION_KARAK_EIGHT_PEAKS_GREAT_HOLD">
<description state="APPROVED" last_approved_text="Construct a Great Hold at Karak Eight Peaks." last_edit_user="bob">Construct a Great Hold at Karak Eight Peaks.</description>
<game_expansion_key></game_expansion_key>
<key>WH_ACHIEVEMENT_CONSTRUCTION_KARAK_EIGHT_PEAKS_GREAT_HOLD</key>
<steam_id></steam_id>
<title state="APPROVED" last_approved_text="Vala-Azril-Ungol" last_edit_user="bob">Vala-Azril-Ungol</title>
</achievements>
<achievements record_uuid="{d2a0e324-dcf6-475d-8435-38b0e56bca16}" record_timestamp="1455710905136" record_key="WH_ACHIEVEMENT_CONSTRUCTION_KARAZ_A_KARAK_GREAT_HOLD">
<description state="APPROVED" last_approved_text="Playing as the Dwarfs, upgrade the city of Karaz-a-Karak to level 5." last_edit_user="bob">Playing as the Dwarfs, upgrade the city of Karaz-a-Karak to level 5.</description>
<game_expansion_key></game_expansion_key>
<key>WH_ACHIEVEMENT_CONSTRUCTION_KARAZ_A_KARAK_GREAT_HOLD</key>
<steam_id></steam_id>
<title state="APPROVED" last_approved_text="The Most Enduring" last_edit_user="bob">The Most Enduring</title>
</achievements>
<achievements record_uuid="{9e1c9d08-7a47-4a08-9e19-539f146253de}" record_timestamp="1455710921363" record_key="WH_ACHIEVEMENT_CONSTRUCTION_KNIGHTS_PANTHER_CHAPTERHOUSE">
<description state="APPROVED" last_approved_text="Construct the Knights Panther Chapterhouse at Carroburg." last_edit_user="bob">Construct the Knights Panther Chapterhouse at Carroburg.</description>
<game_expansion_key></game_expansion_key>
<key>WH_ACHIEVEMENT_CONSTRUCTION_KNIGHTS_PANTHER_CHAPTERHOUSE</key>
<steam_id></steam_id>
<title state="APPROVED" last_approved_text="Order of the Panther" last_edit_user="bob">Order of the Panther</title>
</achievements>
<achievements record_uuid="{39eb7b11-90d1-434e-b10b-cc9df6b3c951}" record_timestamp="1455710883709" record_key="WH_ACHIEVEMENT_CONSTRUCTION_MARIENBURG_PORT">
<description state="APPROVED" last_approved_text="Construct the Port of Marienburg." last_edit_user="bob">Construct the Port of Marienburg.</description>
<game_expansion_key></game_expansion_key>
<key>WH_ACHIEVEMENT_CONSTRUCTION_MARIENBURG_PORT</key>
<steam_id></steam_id>
<title state="APPROVED" last_approved_text="Queen of the Wasteland" last_edit_user="bob">Queen of the Wasteland</title>
</achievements>
<achievements record_uuid="{af81d8aa-74e9-400f-9301-1281708ddcbb}" record_timestamp="1455710886630" record_key="WH_ACHIEVEMENT_CONSTRUCTION_MISTY_MOUNTAIN_MASON">
<description state="APPROVED" last_approved_text="Construct a Mason at the Misty Mountain." last_edit_user="bob">Construct a Mason at the Misty Mountain.</description>
<game_expansion_key></game_expansion_key>
<key>WH_ACHIEVEMENT_CONSTRUCTION_MISTY_MOUNTAIN_MASON</key>
<steam_id></steam_id>
<title state="APPROVED" last_approved_text="At the World's Edge" last_edit_user="bob">At the World's Edge</title>
</achievements>
<achievements record_uuid="{6fd037f3-40df-4e2a-b915-85ec23125755}" record_timestamp="1460470779492" record_key="WH_ACHIEVEMENT_CONSTRUCTION_NULN_GUNNERY_SCHOOL">
<description state="APPROVED" last_approved_text="Construct the Nuln Gunnery School at Nuln." last_edit_user="bob">Construct the Nuln Gunnery School at Nuln.</description>
<game_expansion_key></game_expansion_key>
<key>WH_ACHIEVEMENT_CONSTRUCTION_NULN_GUNNERY_SCHOOL</key>
<steam_id></steam_id>
<title state="APPROVED" last_approved_text="A Matter of Aim" last_edit_user="bob">A Matter of Aim</title>
</achievements>
<achievements record_uuid="{d5d60160-e7cc-48b5-9ebd-81602dfb06bd}" record_timestamp="1463570071804" record_key="WH_ACHIEVEMENT_CONSTRUCTION_OSSUARY_20">
<description state="APPROVED" last_approved_text="Construct at least 20 Lychyards or Ossuaries." last_edit_user="bob">Construct at least 20 Lychyards or Ossuaries.</description>
<game_expansion_key></game_expansion_key>
<key>WH_ACHIEVEMENT_CONSTRUCTION_OSSUARY_20</key>
<steam_id></steam_id>
<title state="APPROVED" last_approved_text="Morr's Mate" last_edit_user="bob">Morr's Mate</title>
</achievements>
<achievements record_uuid="{4acd314e-daff-4680-b247-8e67cc5bfc9f}" record_timestamp="1455710907504" record_key="WH_ACHIEVEMENT_CONSTRUCTION_PILLAR_OF_SKULLS_5">
<description state="APPROVED" last_approved_text="Construct 5 Pillars of Skulls across your hordes." last_edit_user="bob">Construct 5 Pillars of Skulls across your hordes.</description>
<game_expansion_key></game_expansion_key>
<key>WH_ACHIEVEMENT_CONSTRUCTION_PILLAR_OF_SKULLS_5</key>
<steam_id></steam_id>
<title state="APPROVED" last_approved_text="Siggurd's Inheritance" last_edit_user="bob">Siggurd's Inheritance</title>
</achievements>
<achievements record_uuid="{0bf40ef4-07eb-4aca-9aab-3885e883f427}" record_timestamp="1455710920534" record_key="WH_ACHIEVEMENT_CONSTRUCTION_RUINOUS_WARHOST_1">
<description state="APPROVED" last_approved_text="Construct a Ruinous Warhost in one of your hordes." last_edit_user="bob">Construct a Ruinous Warhost in one of your hordes.</description>
<game_expansion_key></game_expansion_key>
<key>WH_ACHIEVEMENT_CONSTRUCTION_RUINOUS_WARHOST_1</key>
<steam_id></steam_id>
<title state="APPROVED" last_approved_text="We Are Legion" last_edit_user="bob">We Are Legion</title>
</achievements>
<achievements record_uuid="{7f97e6ea-2b00-4360-b44b-ce795ba2df08}" record_timestamp="1468499538194" record_key="WH_ACHIEVEMENT_CONSTRUCTION_TOTEM_OF_HORNS_1">
<description state="APPROVED" last_approved_text="Construct 5 Totems of Horns across your hordes." last_edit_user="bob">Construct 5 Totems of Horns across your hordes.</description>
<game_expansion_key></game_expansion_key>
<key>WH_ACHIEVEMENT_CONSTRUCTION_TOTEM_OF_HORNS_1</key>
<steam_id></steam_id>
<title state="APPROVED" last_approved_text="Blessings from the Throne of Ruin" last_edit_user="bob">Blessings from the Throne of Ruin</title>
</achievements>
<achievements record_uuid="{2a149fc2-5b93-49a3-a9ba-eb589a36fc2d}" record_timestamp="1455710906997" record_key="WH_ACHIEVEMENT_CONSTRUCTION_TOURNAMENT_GROUNDS">
<description state="APPROVED" last_approved_text="Construct the Tournament Grounds at Couronne." last_edit_user="bob">Construct the Tournament Grounds at Couronne.</description>
<game_expansion_key></game_expansion_key>
<key>WH_ACHIEVEMENT_CONSTRUCTION_TOURNAMENT_GROUNDS</key>
<steam_id></steam_id>
<title state="APPROVED" last_approved_text="A Few Mild Impalings Amongst Friends" last_edit_user="bob">A Few Mild Impalings Amongst Friends</title>
</achievements>
<achievements record_uuid="{5da21171-4e3f-411d-acaa-058eff691b67}" record_timestamp="1464173810409" record_key="WH_ACHIEVEMENT_CONSTRUCTION_VAMPIRE_KEEP_5">
<description state="APPROVED" last_approved_text="Construct at least 5 Vampire's Keeps." last_edit_user="bob">Construct at least 5 Vampire's Keeps.</description>
<game_expansion_key></game_expansion_key>
<key>WH_ACHIEVEMENT_CONSTRUCTION_VAMPIRE_KEEP_5</key>
<steam_id></steam_id>
<title state="APPROVED" last_approved_text="Mine Castle; Mine Home" last_edit_user="bob">Mine Castle; Mine Home</title>
</achievements>
<achievements record_uuid="{ed6c3f35-3d88-4c6f-be56-b3bdbe8a5fef}" record_timestamp="1455710906827" record_key="WH_ACHIEVEMENT_DESTROYED_GATE_IN_MELEE">
<description state="APPROVED" last_approved_text="During a siege battle, destroy a gate using Dwarfen Miners or a monstrous unit." last_edit_user="bob">During a siege battle, destroy a gate using Dwarfen Miners or a monstrous unit.</description>
<game_expansion_key></game_expansion_key>
<key>WH_ACHIEVEMENT_DESTROYED_GATE_IN_MELEE</key>
<steam_id></steam_id>
<title state="APPROVED" last_approved_text="Gatebreaker" last_edit_user="bob">Gatebreaker</title>
</achievements>
<achievements record_uuid="{ca6e16cc-26eb-4ae7-9cb4-b33ac9aa5d0a}" record_timestamp="1455710925349" record_key="WH_ACHIEVEMENT_DIPLOMACY_CONCURRENT_ALLIANCES_2">
<description state="APPROVED" last_approved_text="Have a military alliance with 5 other factions at the same time." last_edit_user="bob">Have a military alliance with 5 other factions at the same time.</description>
<game_expansion_key></game_expansion_key>
<key>WH_ACHIEVEMENT_DIPLOMACY_CONCURRENT_ALLIANCES_2</key>
<steam_id></steam_id>
<title state="APPROVED" last_approved_text="Emissary" last_edit_user="bob">Emissary</title>
</achievements>
<achievements record_uuid="{310bf5fa-2f11-46dd-81dd-e875621968bc}" record_timestamp="1455710920368" record_key="WH_ACHIEVEMENT_DIPLOMACY_CONCURRENT_ALLIANCES_3">
<description state="APPROVED" last_approved_text="Have a military alliance with 10 other factions at the same time." last_edit_user="bob">Have a military alliance with 10 other factions at the same time.</description>
<game_expansion_key></game_expansion_key>
<key>WH_ACHIEVEMENT_DIPLOMACY_CONCURRENT_ALLIANCES_3</key>
<steam_id></steam_id>
<title state="APPROVED" last_approved_text="Ambassador" last_edit_user="bob">Ambassador</title>
</achievements>
<achievements record_uuid="{1376de66-9ada-4632-a82a-4273f984582f}" record_timestamp="1455710919870" record_key="WH_ACHIEVEMENT_DIPLOMACY_CONCURRENT_TRADE_AGREEMENTS_2">
<description state="APPROVED" last_approved_text="Have a trade agreement with 5 other factions at the same time." last_edit_user="bob">Have a trade agreement with 5 other factions at the same time.</description>
<game_expansion_key></game_expansion_key>
<key>WH_ACHIEVEMENT_DIPLOMACY_CONCURRENT_TRADE_AGREEMENTS_2</key>
<steam_id></steam_id>
<title state="APPROVED" last_approved_text="Merchant Adventurer" last_edit_user="bob">Merchant Adventurer</title>
</achievements>
<achievements record_uuid="{81a88beb-0b4d-494e-9977-298e75fefaca}" record_timestamp="1455710919703" record_key="WH_ACHIEVEMENT_DIPLOMACY_CONCURRENT_TRADE_AGREEMENTS_3">
<description state="APPROVED" last_approved_text="Have a trade agreement with 10 other factions at the same time." last_edit_user="bob">Have a trade agreement with 10 other factions at the same time.</description>
<game_expansion_key></game_expansion_key>
<key>WH_ACHIEVEMENT_DIPLOMACY_CONCURRENT_TRADE_AGREEMENTS_3</key>
<steam_id></steam_id>
<title state="APPROVED" last_approved_text="Merchant Prince" last_edit_user="bob">Merchant Prince</title>
</achievements>
<achievements record_uuid="{ad419afd-59b2-40cb-a389-bbfe0138caf5}" record_timestamp="1471008116849" record_key="WH_ACHIEVEMENT_ECONOMY_INCOME_GROSS_1">
<description state="APPROVED" last_approved_text="Have a net income of 5,000 gold per turn." last_edit_user="bob">Have a net income of 5,000 gold per turn.</description>
<game_expansion_key></game_expansion_key>
<key>WH_ACHIEVEMENT_ECONOMY_INCOME_GROSS_1</key>
<steam_id></steam_id>
<title state="APPROVED" last_approved_text="Pennypincher" last_edit_user="bob">Pennypincher</title>
</achievements>
<achievements record_uuid="{11fb3cb5-4ec4-41d6-a1f1-44632fe0f4b4}" record_timestamp="1471008116874" record_key="WH_ACHIEVEMENT_ECONOMY_INCOME_GROSS_2">
<description state="APPROVED" last_approved_text="Have a net income of 20,000 gold per turn." last_edit_user="bob">Have a net income of 20,000 gold per turn.</description>
<game_expansion_key></game_expansion_key>
<key>WH_ACHIEVEMENT_ECONOMY_INCOME_GROSS_2</key>
<steam_id></steam_id>
<title state="APPROVED" last_approved_text="Skinflint" last_edit_user="bob">Skinflint</title>
</achievements>
<achievements record_uuid="{84d7a570-a024-4c3c-a6e0-6ed60df34f74}" record_timestamp="1471008116878" record_key="WH_ACHIEVEMENT_ECONOMY_INCOME_GROSS_3">
<description state="APPROVED" last_approved_text="Have a net income of 60,000 gold per turn." last_edit_user="bob">Have a net income of 60,000 gold per turn.</description>
<game_expansion_key></game_expansion_key>
<key>WH_ACHIEVEMENT_ECONOMY_INCOME_GROSS_3</key>
<steam_id></steam_id>
<title state="APPROVED" last_approved_text="Goldgatherer" last_edit_user="bob">Goldgatherer</title>
</achievements>
<achievements record_uuid="{9cce74c2-9462-48cd-a857-396bcd41a712}" record_timestamp="1455710917829" record_key="WH_ACHIEVEMENT_ECONOMY_INCOME_RAIDING_1">
<description state="APPROVED" last_approved_text="Playing as the Greenskins, have a raiding income of 1,000." last_edit_user="bob">Playing as the Greenskins, have a raiding income of 1,000.</description>
<game_expansion_key></game_expansion_key>
<key>WH_ACHIEVEMENT_ECONOMY_INCOME_RAIDING_1</key>
<steam_id></steam_id>
<title state="APPROVED" last_approved_text="Raiderz" last_edit_user="bob">Raiderz</title>
</achievements>
<achievements record_uuid="{3ebb1dfc-07bd-498d-8d27-6b73513c2c6e}" record_timestamp="1455710918000" record_key="WH_ACHIEVEMENT_ECONOMY_INCOME_RAIDING_2">
<description state="APPROVED" last_approved_text="Playing as the Greenskins, have a raiding income of 3,000." last_edit_user="bob">Playing as the Greenskins, have a raiding income of 3,000.</description>
<game_expansion_key></game_expansion_key>
<key>WH_ACHIEVEMENT_ECONOMY_INCOME_RAIDING_2</key>
<steam_id></steam_id>
<title state="APPROVED" last_approved_text="Good Raiderz" last_edit_user="bob">Good Raiderz</title>
</achievements>
<achievements record_uuid="{b67d63cd-7785-4e55-a13b-9f271ad95841}" record_timestamp="1455710918169" record_key="WH_ACHIEVEMENT_ECONOMY_INCOME_RAIDING_3">
<description state="APPROVED" last_approved_text="Playing as the Greenskins, have a raiding income of 8,000." last_edit_user="bob">Playing as the Greenskins, have a raiding income of 8,000.</description>
<game_expansion_key></game_expansion_key>
<key>WH_ACHIEVEMENT_ECONOMY_INCOME_RAIDING_3</key>
<steam_id></steam_id>
<title state="APPROVED" last_approved_text="Da Best Raiderz" last_edit_user="bob">Da Best Raiderz</title>
</achievements>
<achievements record_uuid="{2352fe7b-bcca-4e5f-9bca-960b348d5279}" record_timestamp="1455710913593" record_key="WH_ACHIEVEMENT_ECONOMY_RESOURCE_ACCESS_1">
<description state="APPROVED" last_approved_text="Have access to at least 4 different tradable resources through production or trade." last_edit_user="bob">Have access to at least 4 different tradable resources through production or trade.</description>
<game_expansion_key></game_expansion_key>
<key>WH_ACHIEVEMENT_ECONOMY_RESOURCE_ACCESS_1</key>
<steam_id></steam_id>
<title state="APPROVED" last_approved_text="Appraiser" last_edit_user="bob">Appraiser</title>
</achievements>
<achievements record_uuid="{6a0507e6-c733-40ae-aab8-51daae485180}" record_timestamp="1455710913763" record_key="WH_ACHIEVEMENT_ECONOMY_RESOURCE_ACCESS_2">
<description state="APPROVED" last_approved_text="Have access to at least 7 different tradable resources through production or trade." last_edit_user="bob">Have access to at least 7 different tradable resources through production or trade.</description>
<game_expansion_key></game_expansion_key>
<key>WH_ACHIEVEMENT_ECONOMY_RESOURCE_ACCESS_2</key>
<steam_id></steam_id>
<title state="APPROVED" last_approved_text="Factor" last_edit_user="bob">Factor</title>
</achievements>
<achievements record_uuid="{1bbde415-117f-470b-9180-e11b342caf3b}" record_timestamp="1455710913931" record_key="WH_ACHIEVEMENT_ECONOMY_RESOURCE_ACCESS_3">
<description state="APPROVED" last_approved_text="Have access to 10 different tradable resources through production or trade." last_edit_user="bob">Have access to 10 different tradable resources through production or trade.</description>
<game_expansion_key></game_expansion_key>
<key>WH_ACHIEVEMENT_ECONOMY_RESOURCE_ACCESS_3</key>
<steam_id></steam_id>
<title state="APPROVED" last_approved_text="Merchant" last_edit_user="bob">Merchant</title>
</achievements>
<achievements record_uuid="{cc7db82e-4e1d-41ac-b9fd-cba9163df9a3}" record_timestamp="1455710917660" record_key="WH_ACHIEVEMENT_ECONOMY_RESOURCE_PRODUCTION_BEER_DWF">
<description state="APPROVED" last_approved_text="Playing as the Dwarfs, produce at least 100 beers per turn." last_edit_user="bob">Playing as the Dwarfs, produce at least 100 beers per turn.</description>
<game_expansion_key></game_expansion_key>
<key>WH_ACHIEVEMENT_ECONOMY_RESOURCE_PRODUCTION_BEER_DWF</key>
<steam_id></steam_id>
<title state="APPROVED" last_approved_text="The Industry of Drinking" last_edit_user="bob">The Industry of Drinking</title>
</achievements>
<achievements record_uuid="{d5e576dd-3712-47bf-9204-1b60b0eb88bf}" record_timestamp="1455902841980" record_key="WH_ACHIEVEMENT_FIGHT_AN_UNDERWAY_BATTLE">
<description state="APPROVED" last_approved_text="Fight an Underway battle during a campaign." last_edit_user="bob">Fight an Underway battle during a campaign.</description>
<game_expansion_key></game_expansion_key>
<key>WH_ACHIEVEMENT_FIGHT_AN_UNDERWAY_BATTLE</key>
<steam_id></steam_id>
<title state="APPROVED" last_approved_text="Going Underground" last_edit_user="bob">Going Underground</title>
</achievements>
<achievements record_uuid="{a0ffb92e-3f62-4fe1-9e13-f4bd0b37db57}" record_timestamp="1455710909372" record_key="WH_ACHIEVEMENT_FIGHT_A_QUEST_BATTLE">
<description state="APPROVED" last_approved_text="Fight a quest battle." last_edit_user="bob">Fight a quest battle.</description>
<game_expansion_key></game_expansion_key>
<key>WH_ACHIEVEMENT_FIGHT_A_QUEST_BATTLE</key>
<steam_id></steam_id>
<title state="APPROVED" last_approved_text="Embark Upon Adventure!" last_edit_user="bob">Embark Upon Adventure!</title>
</achievements>
<achievements record_uuid="{643fbf66-34fc-41ab-856c-323acd9a4f35}" record_timestamp="1455710909201" record_key="WH_ACHIEVEMENT_GET_TIER_1_TO_TOP_LEVEL_EXPERIENCE">
<description state="APPROVED" last_approved_text="Get an Undead/Goblin/Chaos/Empire militia unit to the highest level of experience." last_edit_user="bob">Get an Undead/Goblin/Chaos/Empire militia unit to the highest level of experience.</description>
<game_expansion_key></game_expansion_key>
<key>WH_ACHIEVEMENT_GET_TIER_1_TO_TOP_LEVEL_EXPERIENCE</key>
<steam_id></steam_id>
<title state="APPROVED" last_approved_text="The Meek Shall Inherit" last_edit_user="bob">The Meek Shall Inherit</title>
</achievements>
<achievements record_uuid="{5d7f36c3-c0f0-42ad-b266-fcb621e6a714}" record_timestamp="1455710874972" record_key="WH_ACHIEVEMENT_GREENSKINS_WIN_BATTLE_WITH_WAAAGH_REINFORCEMENT">
<description state="APPROVED" last_approved_text="Playing the Greenskins, win a battle with a Waaagh! army as reinforcements." last_edit_user="bob">Playing the Greenskins, win a battle with a Waaagh! army as reinforcements.</description>
<game_expansion_key></game_expansion_key>
<key>WH_ACHIEVEMENT_GREENSKINS_WIN_BATTLE_WITH_WAAAGH_REINFORCEMENT</key>
<steam_id></steam_id>
<title state="APPROVED" last_approved_text="Total Waaagh!" last_edit_user="bob">Total Waaagh!</title>
</achievements>
<achievements record_uuid="{e27587fe-bcc7-4102-8fe1-d7ee636e2bed}" record_timestamp="1455710909542" record_key="WH_ACHIEVEMENT_KILL_100_WITH_HERO">
<description state="APPROVED" last_approved_text="Have a single Hero make 100 kills during a battle." last_edit_user="bob">Have a single Hero make 100 kills during a battle.</description>
<game_expansion_key></game_expansion_key>
<key>WH_ACHIEVEMENT_KILL_100_WITH_HERO</key>
<steam_id></steam_id>
<title state="APPROVED" last_approved_text="A Time of War &amp; Heroes" last_edit_user="bob">A Time of War &amp; Heroes</title>
</achievements>
<achievements record_uuid="{3ecf3ca7-c255-456c-8734-4bed5e468cc1}" record_timestamp="1455710923856" record_key="WH_ACHIEVEMENT_KILL_100_WITH_LORD">
<description state="APPROVED" last_approved_text="Have a single Lord make 100 kills during a battle." last_edit_user="bob">Have a single Lord make 100 kills during a battle.</description>
<game_expansion_key></game_expansion_key>
<key>WH_ACHIEVEMENT_KILL_100_WITH_LORD</key>
<steam_id></steam_id>
<title state="APPROVED" last_approved_text="Leadership Test" last_edit_user="bob">Leadership Test</title>
</achievements>
<achievements record_uuid="{cd08ed0c-ed75-4149-9bab-397df3a787e9}" record_timestamp="1455710891890" record_key="WH_ACHIEVEMENT_KILL_200_WITH_SINGLE_UNIT">
<description state="APPROVED" last_approved_text="Have a single unit make 200 kills during a battle." last_edit_user="bob">Have a single unit make 200 kills during a battle.</description>
<game_expansion_key></game_expansion_key>
<key>WH_ACHIEVEMENT_KILL_200_WITH_SINGLE_UNIT</key>
<steam_id></steam_id>
<title state="APPROVED" last_approved_text="Bloodthirsty" last_edit_user="bob">Bloodthirsty</title>
</achievements>
<achievements record_uuid="{8b73f5b9-0bdc-4f27-b256-62f89e6a223f}" record_timestamp="1455710891559" record_key="WH_ACHIEVEMENT_PLAY_MP_CAMPAIGN">
<description state="APPROVED" last_approved_text="Play a multiplayer campaign." last_edit_user="bob">Play a multiplayer campaign.</description>
<game_expansion_key></game_expansion_key>
<key>WH_ACHIEVEMENT_PLAY_MP_CAMPAIGN</key>
<steam_id></steam_id>
<title state="APPROVED" last_approved_text="A Confrontational Nature" last_edit_user="bob">A Confrontational Nature</title>
</achievements>
<achievements record_uuid="{e3a06bc4-4194-4b04-b381-2aa5c1ca23eb}" record_timestamp="1455710865629" record_key="WH_ACHIEVEMENT_SINGLE_CHARACTER_COMPLETED_ALL_QUEST_BATTLES">
<description state="APPROVED" last_approved_text="Complete all quest battles for a single character." last_edit_user="bob">Complete all quest battles for a single character.</description>
<game_expansion_key></game_expansion_key>
<key>WH_ACHIEVEMENT_SINGLE_CHARACTER_COMPLETED_ALL_QUEST_BATTLES</key>
<steam_id></steam_id>
<title state="APPROVED" last_approved_text="The Journey's End" last_edit_user="bob">The Journey's End</title>
</achievements>
<achievements record_uuid="{e774c1a7-ffb9-432c-9b9c-10f62883e7c4}" record_timestamp="1460466491057" record_key="WH_ACHIEVEMENT_TOTAL_SPECIAL_ABILITIES_USED_IN_A_CAMPAIGN">
<description state="APPROVED" last_approved_text="Use 100 abilities during campaign battles." last_edit_user="bob">Use 100 abilities during campaign battles.</description>
<game_expansion_key></game_expansion_key>
<key>WH_ACHIEVEMENT_TOTAL_SPECIAL_ABILITIES_USED_IN_A_CAMPAIGN</key>
<steam_id></steam_id>
<title state="APPROVED" last_approved_text="Jack of All Trades, Master of Some" last_edit_user="bob">Jack of All Trades, Master of Some</title>
</achievements>
<achievements record_uuid="{4872f915-cf90-44ce-98aa-6422c0892a1d}" record_timestamp="1455710893050" record_key="WH_ACHIEVEMENT_WIN_10_CAMPAIGN_LAND_BATTLES">
<description state="APPROVED" last_approved_text="Win 10 land battles during a single campaign." last_edit_user="bob">Win 10 land battles during a single campaign.</description>
<game_expansion_key></game_expansion_key>
<key>WH_ACHIEVEMENT_WIN_10_CAMPAIGN_LAND_BATTLES</key>
<steam_id></steam_id>
<title state="APPROVED" last_approved_text="Lucky Streak" last_edit_user="bob">Lucky Streak</title>
</achievements>
<achievements record_uuid="{4157e404-6e0f-48f3-846b-c551b1d8696a}" record_timestamp="1462358729350" record_key="WH_ACHIEVEMENT_WIN_5_CAMPAIGN_AMBUSH_BATTLES">
<description state="APPROVED" last_approved_text="Win 5 ambush battles during a single campaign." last_edit_user="bob">Win 5 ambush battles during a single campaign.</description>
<game_expansion_key></game_expansion_key>
<key>WH_ACHIEVEMENT_WIN_5_CAMPAIGN_AMBUSH_BATTLES</key>
<steam_id></steam_id>
<title state="APPROVED" last_approved_text="Charnel Valley" last_edit_user="bob">Charnel Valley</title>
</achievements>
<achievements record_uuid="{899c2a73-debb-425f-82aa-cc9b5e0f6234}" record_timestamp="1461853085148" record_key="WH_ACHIEVEMENT_WIN_5_CAMPAIGN_BEASTPATH_BATTLES">
<description state="APPROVED" last_approved_text="Win 5 beast-path battles during a single campaign." last_edit_user="bob">Win 5 beast-path battles during a single campaign.</description>
<game_expansion_key></game_expansion_key>
<key>WH_ACHIEVEMENT_WIN_5_CAMPAIGN_BEASTPATH_BATTLES</key>
<steam_id></steam_id>
<title state="APPROVED" last_approved_text="Don't Go Down to the Woods Today..." last_edit_user="bob">Don't Go Down to the Woods Today...</title>
</achievements>
<achievements record_uuid="{af25f510-6c91-439e-a2ec-60151c1757b5}" record_timestamp="1455902841980" record_key="WH_ACHIEVEMENT_WIN_5_CAMPAIGN_UNDERWAY_BATTLES">
<description state="APPROVED" last_approved_text="Win 5 Underway battles during a single campaign." last_edit_user="bob">Win 5 Underway battles during a single campaign.</description>
<game_expansion_key></game_expansion_key>
<key>WH_ACHIEVEMENT_WIN_5_CAMPAIGN_UNDERWAY_BATTLES</key>
<steam_id></steam_id>
<title state="APPROVED" last_approved_text="Down in the Underway at Midnight" last_edit_user="bob">Down in the Underway at Midnight</title>
</achievements>
<achievements record_uuid="{c098905c-b908-4dd5-b197-104360956f16}" record_timestamp="1455710924022" record_key="WH_ACHIEVEMENT_WIN_EMPIRE_CAMPAIGN_BATTLE_WITH_3_CHARACTERS">
<description state="APPROVED" last_approved_text="Playing as the Empire, win a campaign land battle with three or more Lords and Heroes in your army." last_edit_user="bob">Playing as the Empire, win a campaign land battle with three or more Lords and Heroes in your army.</description>
<game_expansion_key></game_expansion_key>
<key>WH_ACHIEVEMENT_WIN_EMPIRE_CAMPAIGN_BATTLE_WITH_3_CHARACTERS</key>
<steam_id></steam_id>
<title state="APPROVED" last_approved_text="Grafs of the Empire" last_edit_user="bob">Grafs of the Empire</title>
</achievements>
</dataroot>
