<?xml version="1.0" encoding="UTF-8"?>
<dataroot xmlns:od="urn:schemas-microsoft-com:officedata" xmlns:xsi="http://www.w3.org/2001/XMLSchema-instance" xsi:noNamespaceSchemaLocation="advice_threads.xsd" export_time="Thu Aug 11 17:15:18 2016" revision="215" export_branch="T:/branches/warhammer/sigmar/warhammer/binaries.x64" export_user="bob">
<edit_uuid>4dc9a0ef-b2e0-49c4-9bfd-a06218a168d7</edit_uuid>
<advice_threads record_uuid="{3353850d-4e37-4788-8ac0-69ada7374760}" record_timestamp="1465467491615" record_key="dlc03.camp.advice.bst.beast_paths.001">
<thread>dlc03.camp.advice.bst.beast_paths.001</thread>
</advice_threads>
<advice_threads record_uuid="{b5c2177b-07f2-4481-bb5c-f0eb154331be}" record_timestamp="1465467491615" record_key="dlc03.camp.advice.bst.beastmen.001">
<thread>dlc03.camp.advice.bst.beastmen.001</thread>
</advice_threads>
<advice_threads record_uuid="{6e578bcb-d887-4869-993f-cd30a84c2117}" record_timestamp="1465467491615" record_key="dlc03.camp.advice.bst.bestial_rage.001">
<thread>dlc03.camp.advice.bst.bestial_rage.001</thread>
</advice_threads>
<advice_threads record_uuid="{2638f4e9-09c1-4eab-bdde-8f4fd75f96f0}" record_timestamp="1465467491615" record_key="dlc03.camp.advice.bst.bestial_rage.002">
<thread>dlc03.camp.advice.bst.bestial_rage.002</thread>
</advice_threads>
<advice_threads record_uuid="{21136792-4206-4639-a873-7ff02942fe1e}" record_timestamp="1465467491616" record_key="dlc03.camp.advice.bst.brayherds.001">
<thread>dlc03.camp.advice.bst.brayherds.001</thread>
</advice_threads>
<advice_threads record_uuid="{b9cea34b-cd30-446a-90c6-bd14f405066b}" record_timestamp="1465467491615" record_key="dlc03.camp.advice.bst.encampment.001">
<thread>dlc03.camp.advice.bst.encampment.001</thread>
</advice_threads>
<advice_threads record_uuid="{fa12b740-e2cb-48ff-a698-a89b48f85b98}" record_timestamp="1465467491615" record_key="dlc03.camp.advice.bst.hordes.001">
<thread>dlc03.camp.advice.bst.hordes.001</thread>
</advice_threads>
<advice_threads record_uuid="{d9dcae41-012c-4220-a690-e15d21785d1e}" record_timestamp="1459530115924" record_key="dlc03.camp.prelude.bst.intro.001">
<thread>dlc03.camp.prelude.bst.intro.001</thread>
</advice_threads>
<advice_threads record_uuid="{8ea24f97-60f5-465e-b8a5-57fbdd514e5f}" record_timestamp="1459530115880" record_key="dlc03.camp.prelude.bst.intro.002">
<thread>dlc03.camp.prelude.bst.intro.002</thread>
</advice_threads>
<advice_threads record_uuid="{db56d8fd-c555-40ac-aa53-ad8511c2264d}" record_timestamp="1459530115834" record_key="dlc03.camp.prelude.bst.intro.003">
<thread>dlc03.camp.prelude.bst.intro.003</thread>
</advice_threads>
<advice_threads record_uuid="{73299f54-e4fd-4c96-80e6-c49c55b63f3b}" record_timestamp="1459530115790" record_key="dlc03.camp.prelude.bst.intro.004">
<thread>dlc03.camp.prelude.bst.intro.004</thread>
</advice_threads>
<advice_threads record_uuid="{b1008d32-e458-4c4f-bba4-3bdb10eb95ab}" record_timestamp="1459530115746" record_key="dlc03.camp.prelude.bst.intro.005">
<thread>dlc03.camp.prelude.bst.intro.005</thread>
</advice_threads>
<advice_threads record_uuid="{96661f8f-2f5c-4d3b-8d4c-65f8fe882ecf}" record_timestamp="1465467491615" record_key="dlc03.camp.prelude.bst.intro.006">
<thread>dlc03.camp.prelude.bst.intro.006</thread>
</advice_threads>
<advice_threads record_uuid="{7f3bf1d6-756e-44da-bc10-2bb5b57c905c}" record_timestamp="1465467491615" record_key="dlc03.camp.prelude.bst.intro.007">
<thread>dlc03.camp.prelude.bst.intro.007</thread>
</advice_threads>
<advice_threads record_uuid="{15fc5b1c-7f5c-4740-9c6c-ab21eb99cac0}" record_timestamp="1465467491615" record_key="dlc03.camp.prelude.bst.intro.008">
<thread>dlc03.camp.prelude.bst.intro.008</thread>
</advice_threads>
<advice_threads record_uuid="{9a788d16-8340-4d78-84f5-4896b41e4751}" record_timestamp="1465467491615" record_key="dlc03.camp.prelude.bst.intro.009">
<thread>dlc03.camp.prelude.bst.intro.009</thread>
</advice_threads>
<advice_threads record_uuid="{420a2f1e-3ef2-4cc7-b316-57648ceae4b0}" record_timestamp="1465492305729" record_key="dlc03.camp.prelude.bst.intro.010">
<thread>dlc03.camp.prelude.bst.intro.010</thread>
</advice_threads>
<advice_threads record_uuid="{1e8806eb-f882-4779-b136-8344975fe851}" record_timestamp="1465492305743" record_key="dlc03.camp.prelude.bst.intro.011">
<thread>dlc03.camp.prelude.bst.intro.011</thread>
</advice_threads>
<advice_threads record_uuid="{fe724fb2-19c5-47a7-aa99-cdfd31db3b46}" record_timestamp="1459530116215" record_key="dlc03.mini.prelude.bst.intro.001">
<thread>dlc03.mini.prelude.bst.intro.001</thread>
</advice_threads>
<advice_threads record_uuid="{8ce4040e-4cca-401e-ae46-44499de3950b}" record_timestamp="1459530116394" record_key="dlc03.mini.prelude.bst.intro.002">
<thread>dlc03.mini.prelude.bst.intro.002</thread>
</advice_threads>
<advice_threads record_uuid="{d9ba495d-2fc3-4108-8dcd-2bff14967ca9}" record_timestamp="1459530116349" record_key="dlc03.mini.prelude.bst.intro.003">
<thread>dlc03.mini.prelude.bst.intro.003</thread>
</advice_threads>
<advice_threads record_uuid="{fb0eb045-5be5-44c0-ac26-e95074ceeabd}" record_timestamp="1459530116305" record_key="dlc03.mini.prelude.bst.intro.004">
<thread>dlc03.mini.prelude.bst.intro.004</thread>
</advice_threads>
<advice_threads record_uuid="{a4418904-6401-4a71-918f-f3672510aa36}" record_timestamp="1459530116260" record_key="dlc03.mini.prelude.bst.intro.005">
<thread>dlc03.mini.prelude.bst.intro.005</thread>
</advice_threads>
<advice_threads record_uuid="{bbde25ed-7be9-471c-bcd8-592b1bedfdd9}" record_timestamp="1470740191308" record_key="dlc04.camp.Helman.intro.001">
<thread>dlc04.camp.Helman.intro.001</thread>
</advice_threads>
<advice_threads record_uuid="{83c60d3c-bfbc-4c36-8365-09b56f7aaa21}" record_timestamp="1470740191299" record_key="dlc04.camp.Helman.intro.002">
<thread>dlc04.camp.Helman.intro.002</thread>
</advice_threads>
<advice_threads record_uuid="{b479fcb1-0b74-4a8c-8e4a-97cc55cec5ed}" record_timestamp="1470932118057" record_key="dlc04.camp.Helman.intro.004">
<thread>dlc04.camp.Helman.intro.004</thread>
</advice_threads>
<advice_threads record_uuid="{8c558dfe-1f59-494b-bdc3-c8f0547a2e21}" record_timestamp="1470932118069" record_key="dlc04.camp.Helman.intro.005">
<thread>dlc04.camp.Helman.intro.005</thread>
</advice_threads>
<advice_threads record_uuid="{ef0bf0a3-7284-4960-8e57-0f720d65051e}" record_timestamp="1470740191415" record_key="dlc04.camp.Vlad.intro.001">
<thread>dlc04.camp.Vlad.intro.001</thread>
</advice_threads>
<advice_threads record_uuid="{92b55b41-206e-4eb5-9b8f-490ad9e3ea19}" record_timestamp="1470740191405" record_key="dlc04.camp.Vlad.intro.002">
<thread>dlc04.camp.Vlad.intro.002</thread>
</advice_threads>
<advice_threads record_uuid="{be232b2c-66f4-4b29-9caa-296a5b3c893b}" record_timestamp="1470740191395" record_key="dlc04.camp.Vlad.intro.003">
<thread>dlc04.camp.Vlad.intro.003</thread>
</advice_threads>
<advice_threads record_uuid="{f630f850-fe37-4fc8-9811-0984e88aba9d}" record_timestamp="1470740191424" record_key="dlc04.camp.Vlad.intro.004">
<thread>dlc04.camp.Vlad.intro.004</thread>
</advice_threads>
<advice_threads record_uuid="{854c8892-edb5-4c03-bb00-86c9d35f7993}" record_timestamp="1470740191326" record_key="dlc04.camp.Volk.intro.001">
<thread>dlc04.camp.Volk.intro.001</thread>
</advice_threads>
<advice_threads record_uuid="{8217a488-49d3-4038-b290-44005a1bffa5}" record_timestamp="1470740191345" record_key="dlc04.camp.Volk.intro.002">
<thread>dlc04.camp.Volk.intro.002</thread>
</advice_threads>
<advice_threads record_uuid="{1df8f91e-572b-4188-9302-cd7ccd2930e4}" record_timestamp="1470740191365" record_key="dlc04.camp.Volk.intro.003">
<thread>dlc04.camp.Volk.intro.003</thread>
</advice_threads>
<advice_threads record_uuid="{2a1d187f-1592-47b6-998e-3eb4825c1239}" record_timestamp="1470740191385" record_key="dlc04.camp.Volk.intro.004">
<thread>dlc04.camp.Volk.intro.004</thread>
</advice_threads>
<advice_threads record_uuid="{7b78a3d8-7e21-41db-b9ef-5f0e6c6beee6}" record_timestamp="1447170122982" record_key="war.battle.advice.armour.001">
<thread>war.battle.advice.armour.001</thread>
</advice_threads>
<advice_threads record_uuid="{669d07ff-b3dd-4123-908c-13fa665d645b}" record_timestamp="1447170122982" record_key="war.battle.advice.artillery.001">
<thread>war.battle.advice.artillery.001</thread>
</advice_threads>
<advice_threads record_uuid="{8ac1fde1-3104-4ac8-bd24-0e0c4e9944fc}" record_timestamp="1447170122982" record_key="war.battle.advice.artillery.002">
<thread>war.battle.advice.artillery.002</thread>
</advice_threads>
<advice_threads record_uuid="{d5cf70d8-7694-4d29-9c03-23b952e2205a}" record_timestamp="1447170122982" record_key="war.battle.advice.capture_points.001">
<thread>war.battle.advice.capture_points.001</thread>
</advice_threads>
<advice_threads record_uuid="{50f69c3a-b2c0-4b9c-be3d-5f23e5642bc4}" record_timestamp="1447170122983" record_key="war.battle.advice.capture_points.002">
<thread>war.battle.advice.capture_points.002</thread>
</advice_threads>
<advice_threads record_uuid="{4cc2319c-0a63-4959-916b-efb4b01e9bf9}" record_timestamp="1447170122983" record_key="war.battle.advice.cavalry.001">
<thread>war.battle.advice.cavalry.001</thread>
</advice_threads>
<advice_threads record_uuid="{dca08e60-ffae-4b50-be21-f953a62206ad}" record_timestamp="1447170122982" record_key="war.battle.advice.cavalry.002">
<thread>war.battle.advice.cavalry.002</thread>
</advice_threads>
<advice_threads record_uuid="{e62c8cf1-a845-4cd5-861a-8024c8efac35}" record_timestamp="1447170122982" record_key="war.battle.advice.deployment.001">
<thread>war.battle.advice.deployment.001</thread>
</advice_threads>
<advice_threads record_uuid="{1e212df4-e23f-4858-a986-fad13d526539}" record_timestamp="1447170122982" record_key="war.battle.advice.enemy_general.001">
<thread>war.battle.advice.enemy_general.001</thread>
</advice_threads>
<advice_threads record_uuid="{5fa2b0fd-9b28-40fc-8048-f93f1d232f1e}" record_timestamp="1447170122982" record_key="war.battle.advice.enemy_general.002">
<thread>war.battle.advice.enemy_general.002</thread>
</advice_threads>
<advice_threads record_uuid="{ad278cde-8536-4718-aa88-7f694d1ff6df}" record_timestamp="1447170122983" record_key="war.battle.advice.enemy_general.003">
<thread>war.battle.advice.enemy_general.003</thread>
</advice_threads>
<advice_threads record_uuid="{7bb2def4-5923-412d-910f-6f30510b2e47}" record_timestamp="1447170122983" record_key="war.battle.advice.fatigue.001">
<thread>war.battle.advice.fatigue.001</thread>
</advice_threads>
<advice_threads record_uuid="{ee51cbbf-dc22-4a8e-bdc5-8e71f568cce0}" record_timestamp="1447170122983" record_key="war.battle.advice.fatigue.002">
<thread>war.battle.advice.fatigue.002</thread>
</advice_threads>
<advice_threads record_uuid="{32921526-edaa-41ab-b518-75da791fd2a7}" record_timestamp="1447170122983" record_key="war.battle.advice.fire_at_will.001">
<thread>war.battle.advice.fire_at_will.001</thread>
</advice_threads>
<advice_threads record_uuid="{c333e6f0-45be-425c-91dd-f82994f01725}" record_timestamp="1447170122983" record_key="war.battle.advice.flanking.001">
<thread>war.battle.advice.flanking.001</thread>
</advice_threads>
<advice_threads record_uuid="{8dcd629b-4ae2-464f-ab09-5792dcb476ad}" record_timestamp="1447170122983" record_key="war.battle.advice.flying_units.001">
<thread>war.battle.advice.flying_units.001</thread>
</advice_threads>
<advice_threads record_uuid="{716f4404-dc53-4bf6-b2aa-c33d9fcf8518}" record_timestamp="1447170122983" record_key="war.battle.advice.flying_units.002">
<thread>war.battle.advice.flying_units.002</thread>
</advice_threads>
<advice_threads record_uuid="{b12cbcda-6f28-4531-b729-06603153409e}" record_timestamp="1447170122983" record_key="war.battle.advice.forests.001">
<thread>war.battle.advice.forests.001</thread>
</advice_threads>
<advice_threads record_uuid="{d85e0d4f-6b02-466a-b6d0-596f1972f389}" record_timestamp="1447170122982" record_key="war.battle.advice.forests.002">
<thread>war.battle.advice.forests.002</thread>
</advice_threads>
<advice_threads record_uuid="{2eb61f62-ff40-4f84-aaac-fd55df1b668b}" record_timestamp="1447170122982" record_key="war.battle.advice.formations.001">
<thread>war.battle.advice.formations.001</thread>
</advice_threads>
<advice_threads record_uuid="{44da2d59-37ce-4fb2-9bd2-d1fdd747ab96}" record_timestamp="1447170122982" record_key="war.battle.advice.general.001">
<thread>war.battle.advice.general.001</thread>
</advice_threads>
<advice_threads record_uuid="{9f019034-cde7-46dd-b813-159964b3fd8e}" record_timestamp="1447170122982" record_key="war.battle.advice.general.002">
<thread>war.battle.advice.general.002</thread>
</advice_threads>
<advice_threads record_uuid="{1c3a1372-3e94-45e3-af47-5754d6b5d8c1}" record_timestamp="1447170122983" record_key="war.battle.advice.general.003">
<thread>war.battle.advice.general.003</thread>
</advice_threads>
<advice_threads record_uuid="{723dd5ce-83df-4f5e-b273-04a0aa95f7c4}" record_timestamp="1447170122983" record_key="war.battle.advice.giants.001">
<thread>war.battle.advice.giants.001</thread>
</advice_threads>
<advice_threads record_uuid="{d3ca6401-af89-4a12-89ae-ee3db5985d9b}" record_timestamp="1447170122982" record_key="war.battle.advice.giants.002">
<thread>war.battle.advice.giants.002</thread>
</advice_threads>
<advice_threads record_uuid="{fde8a91d-ce36-4930-81cb-973a857cfbfd}" record_timestamp="1447170122982" record_key="war.battle.advice.high_ground.001">
<thread>war.battle.advice.high_ground.001</thread>
</advice_threads>
<advice_threads record_uuid="{aa690737-57b2-4533-81d7-579289f7d8d7}" record_timestamp="1447170122983" record_key="war.battle.advice.high_ground.002">
<thread>war.battle.advice.high_ground.002</thread>
</advice_threads>
<advice_threads record_uuid="{d306a98e-8573-4bdf-8e50-fe7b705a9786}" record_timestamp="1447170122983" record_key="war.battle.advice.maps.001">
<thread>war.battle.advice.maps.001</thread>
</advice_threads>
<advice_threads record_uuid="{8eefd12b-37e3-4114-bbfe-1aff6c9b34a9}" record_timestamp="1447170122983" record_key="war.battle.advice.missile_fire.001">
<thread>war.battle.advice.missile_fire.001</thread>
</advice_threads>
<advice_threads record_uuid="{d25c15c5-8488-4632-bcbf-c6d995ffe5bf}" record_timestamp="1447170122982" record_key="war.battle.advice.rallying.001">
<thread>war.battle.advice.rallying.001</thread>
</advice_threads>
<advice_threads record_uuid="{2bc4b146-0954-46e1-9b07-5135a1e4d233}" record_timestamp="1447170122983" record_key="war.battle.advice.reinforcements.001">
<thread>war.battle.advice.reinforcements.001</thread>
</advice_threads>
<advice_threads record_uuid="{450ebe54-7bd4-42a3-a3fc-4b72c59ef09c}" record_timestamp="1447170122983" record_key="war.battle.advice.reinforcements.002">
<thread>war.battle.advice.reinforcements.002</thread>
</advice_threads>
<advice_threads record_uuid="{7fb7e4b2-2578-4334-9f7b-d431e45ed496}" record_timestamp="1447170122983" record_key="war.battle.advice.reinforcements.003">
<thread>war.battle.advice.reinforcements.003</thread>
</advice_threads>
<advice_threads record_uuid="{c4008b68-7747-4d20-8200-b5c2753f33dd}" record_timestamp="1447170122983" record_key="war.battle.advice.routing.001">
<thread>war.battle.advice.routing.001</thread>
</advice_threads>
<advice_threads record_uuid="{bc08bead-2a1a-4c3c-ab41-0430708a4f25}" record_timestamp="1447170122982" record_key="war.battle.advice.routing.002">
<thread>war.battle.advice.routing.002</thread>
</advice_threads>
<advice_threads record_uuid="{f56b5d42-edf4-4f64-b5a7-8991169cbb2c}" record_timestamp="1447170122982" record_key="war.battle.advice.siege_defending.001">
<thread>war.battle.advice.siege_defending.001</thread>
</advice_threads>
<advice_threads record_uuid="{4b919f77-6cbf-4f6d-923c-0ef67c00f2e4}" record_timestamp="1447170122982" record_key="war.battle.advice.siege_weapons.001">
<thread>war.battle.advice.siege_weapons.001</thread>
</advice_threads>
<advice_threads record_uuid="{fcfa28e5-7051-43f8-848d-0e65e62afd63}" record_timestamp="1447170122982" record_key="war.battle.advice.siege_weapons.002">
<thread>war.battle.advice.siege_weapons.002</thread>
</advice_threads>
<advice_threads record_uuid="{815a3a89-a3c4-46ac-8f8d-371e7eb14d96}" record_timestamp="1465467491615" record_key="war.battle.advice.spells.001">
<thread>war.battle.advice.spells.001</thread>
</advice_threads>
<advice_threads record_uuid="{fda58227-0568-46b5-af63-15a12c555644}" record_timestamp="1447170122982" record_key="war.battle.advice.victory_points.001">
<thread>war.battle.advice.victory_points.001</thread>
</advice_threads>
<advice_threads record_uuid="{cad33641-d3b7-4f8e-bd4d-12d7ec993d2c}" record_timestamp="1447170122982" record_key="war.battle.advice.victory_points.002">
<thread>war.battle.advice.victory_points.002</thread>
</advice_threads>
<advice_threads record_uuid="{9fbbe796-8732-4267-8605-149643ff1be9}" record_timestamp="1447170122982" record_key="war.battle.advice.victory_points.003">
<thread>war.battle.advice.victory_points.003</thread>
</advice_threads>
<advice_threads record_uuid="{ee755370-1028-47b5-8423-a7de02bdb1c9}" record_timestamp="1447170122982" record_key="war.battle.advice.victory_points.004">
<thread>war.battle.advice.victory_points.004</thread>
</advice_threads>
<advice_threads record_uuid="{1a6ae9e7-26cf-4524-a956-feb5b16686a0}" record_timestamp="1447170122983" record_key="war.battle.advice.visibility.001">
<thread>war.battle.advice.visibility.001</thread>
</advice_threads>
<advice_threads record_uuid="{9f1a869f-34dd-43eb-bbe3-919d81242329}" record_timestamp="1447170122983" record_key="war.battle.advice.visibility.002">
<thread>war.battle.advice.visibility.002</thread>
</advice_threads>
<advice_threads record_uuid="{7219c0ec-be6f-4696-a88f-18a6ebcf59fc}" record_timestamp="1447170122983" record_key="war.battle.advice.winds_of_magic.001">
<thread>war.battle.advice.winds_of_magic.001</thread>
</advice_threads>
<advice_threads record_uuid="{5b6ac8af-68a0-40ca-95e0-5b8a09480a70}" record_timestamp="1447170122983" record_key="war.battle.advice.winds_of_magic.002">
<thread>war.battle.advice.winds_of_magic.002</thread>
</advice_threads>
<advice_threads record_uuid="{b4950b44-77a1-4678-ab4f-fe3c4a17ea3d}" record_timestamp="1444232914108" record_key="war.battle.prelude.intro.001">
<thread>war.battle.prelude.intro.001</thread>
</advice_threads>
<advice_threads record_uuid="{2eb29899-b337-4ad2-80d2-9bdb17075148}" record_timestamp="1452526293856" record_key="war.battle.prelude.intro.002">
<thread>war.battle.prelude.intro.002</thread>
</advice_threads>
<advice_threads record_uuid="{33dbf238-6db2-4369-ba27-376633c5f6cb}" record_timestamp="1444232914258" record_key="war.battle.prelude.intro.010">
<thread>war.battle.prelude.intro.010</thread>
</advice_threads>
<advice_threads record_uuid="{b8cfc0ff-a30b-4e48-a92a-b7a30db60163}" record_timestamp="1452812369982" record_key="war.battle.prelude.intro.011">
<thread>war.battle.prelude.intro.011</thread>
</advice_threads>
<advice_threads record_uuid="{984767bc-4d2f-4186-974a-6058d6b8916c}" record_timestamp="1444232914183" record_key="war.battle.prelude.intro.020">
<thread>war.battle.prelude.intro.020</thread>
</advice_threads>
<advice_threads record_uuid="{f3c90794-232f-4e28-babc-b235595c122a}" record_timestamp="1444232914406" record_key="war.battle.prelude.intro.030">
<thread>war.battle.prelude.intro.030</thread>
</advice_threads>
<advice_threads record_uuid="{10e7d499-41c7-4444-b763-6dcf5efa5e71}" record_timestamp="1444232914332" record_key="war.battle.prelude.intro.031">
<thread>war.battle.prelude.intro.031</thread>
</advice_threads>
<advice_threads record_uuid="{48555111-0919-42a9-b6ca-7c28c4e0bb1d}" record_timestamp="1444232914555" record_key="war.battle.prelude.intro.032">
<thread>war.battle.prelude.intro.032</thread>
</advice_threads>
<advice_threads record_uuid="{220da456-0b9b-4827-a7f6-82398e02654a}" record_timestamp="1444232914481" record_key="war.battle.prelude.intro.033">
<thread>war.battle.prelude.intro.033</thread>
</advice_threads>
<advice_threads record_uuid="{ed9bca4b-521a-448a-9f0f-d537c69c3841}" record_timestamp="1444232914705" record_key="war.battle.prelude.intro.040">
<thread>war.battle.prelude.intro.040</thread>
</advice_threads>
<advice_threads record_uuid="{b0916cbf-8c3a-430c-bd18-5e393a900bc1}" record_timestamp="1448313595243" record_key="war.battle.prelude.intro.041">
<thread>war.battle.prelude.intro.041</thread>
</advice_threads>
<advice_threads record_uuid="{57e70afd-96cd-424e-85b0-d6fc1d8a32b2}" record_timestamp="1444232914632" record_key="war.battle.prelude.intro.050">
<thread>war.battle.prelude.intro.050</thread>
</advice_threads>
<advice_threads record_uuid="{e3bd7336-8ca9-40de-851d-199810e6acd6}" record_timestamp="1444232914853" record_key="war.battle.prelude.intro.060">
<thread>war.battle.prelude.intro.060</thread>
</advice_threads>
<advice_threads record_uuid="{9b079c36-3588-4b71-9d9b-5c0d8f515bc3}" record_timestamp="1444232914778" record_key="war.battle.prelude.intro.070">
<thread>war.battle.prelude.intro.070</thread>
</advice_threads>
<advice_threads record_uuid="{72a107fa-c471-4c3f-bf28-de0d413083ce}" record_timestamp="1448313595185" record_key="war.battle.prelude.intro.071">
<thread>war.battle.prelude.intro.071</thread>
</advice_threads>
<advice_threads record_uuid="{37c8dbd9-c758-44df-9d60-282734d786ac}" record_timestamp="1452812369843" record_key="war.battle.prelude.intro.072">
<thread>war.battle.prelude.intro.072</thread>
</advice_threads>
<advice_threads record_uuid="{29a5d76e-8927-4f6a-8819-caeaf9d39505}" record_timestamp="1444232915001" record_key="war.battle.prelude.intro.080">
<thread>war.battle.prelude.intro.080</thread>
</advice_threads>
<advice_threads record_uuid="{901f8a2a-db82-4ca3-b22d-e4dd7c71a139}" record_timestamp="1444232914927" record_key="war.battle.prelude.intro.090">
<thread>war.battle.prelude.intro.090</thread>
</advice_threads>
<advice_threads record_uuid="{2d12dc19-eb41-4ab6-b344-541bd746747f}" record_timestamp="1455392610216" record_key="war.battle.prelude.intro.091">
<thread>war.battle.prelude.intro.091</thread>
</advice_threads>
<advice_threads record_uuid="{41986bc4-5031-43e9-9f36-265932b358d4}" record_timestamp="1444232915147" record_key="war.battle.prelude.intro.100">
<thread>war.battle.prelude.intro.100</thread>
</advice_threads>
<advice_threads record_uuid="{d0eb91e7-85d3-4a17-9fc2-cfe790460e13}" record_timestamp="1444232915074" record_key="war.battle.prelude.intro.110">
<thread>war.battle.prelude.intro.110</thread>
</advice_threads>
<advice_threads record_uuid="{71cd3ac3-c57b-4669-a1e7-08a665138626}" record_timestamp="1444232915294" record_key="war.battle.prelude.intro.111">
<thread>war.battle.prelude.intro.111</thread>
</advice_threads>
<advice_threads record_uuid="{5b845d79-2c6b-4735-b8cd-ffd37d02953e}" record_timestamp="1448313595185" record_key="war.battle.prelude.intro.112">
<thread>war.battle.prelude.intro.112</thread>
</advice_threads>
<advice_threads record_uuid="{0e45417c-ec37-4fc9-8899-856740091371}" record_timestamp="1452282165983" record_key="war.battle.prelude.intro.113">
<thread>war.battle.prelude.intro.113</thread>
</advice_threads>
<advice_threads record_uuid="{a5acfa32-d278-4a35-92ac-f4de6f47cd61}" record_timestamp="1444232915220" record_key="war.battle.prelude.intro.120">
<thread>war.battle.prelude.intro.120</thread>
</advice_threads>
<advice_threads record_uuid="{5936142d-db1a-4b38-a692-2a16cd1682e9}" record_timestamp="1444232915442" record_key="war.battle.prelude.intro.121">
<thread>war.battle.prelude.intro.121</thread>
</advice_threads>
<advice_threads record_uuid="{b6731808-6cef-4064-b289-4595f9a00758}" record_timestamp="1452282165974" record_key="war.battle.prelude.intro.122">
<thread>war.battle.prelude.intro.122</thread>
</advice_threads>
<advice_threads record_uuid="{f50e960c-74c0-48f6-86d6-8d95a1fb50f6}" record_timestamp="1444232915368" record_key="war.battle.prelude.intro.130">
<thread>war.battle.prelude.intro.130</thread>
</advice_threads>
<advice_threads record_uuid="{a173e9b3-8d58-484a-b649-5c789fbea158}" record_timestamp="1444232915590" record_key="war.battle.prelude.intro.131">
<thread>war.battle.prelude.intro.131</thread>
</advice_threads>
<advice_threads record_uuid="{308cd4c8-81d2-4176-bbf1-9d66e9eeb8e7}" record_timestamp="1444232915516" record_key="war.battle.prelude.intro.132">
<thread>war.battle.prelude.intro.132</thread>
</advice_threads>
<advice_threads record_uuid="{3cd30749-ac6d-4cd3-a0ca-b894e67efb83}" record_timestamp="1444232915663" record_key="war.battle.prelude.intro.133">
<thread>war.battle.prelude.intro.133</thread>
</advice_threads>
<advice_threads record_uuid="{950085c1-bb46-479b-a2a4-bbbdf01f7bfe}" record_timestamp="1448313595185" record_key="war.battle.prelude.intro.140">
<thread>war.battle.prelude.intro.140</thread>
</advice_threads>
<advice_threads record_uuid="{9ae7e12c-fb51-4aa8-8ba1-a858a2bd0912}" record_timestamp="1441648258327" record_key="war.camp.advice.alliances.001">
<thread>war.camp.advice.alliances.001</thread>
</advice_threads>
<advice_threads record_uuid="{df93536c-ba55-4cf3-9960-5e137ad86a1d}" record_timestamp="1445008113378" record_key="war.camp.advice.ambushes.001">
<thread>war.camp.advice.ambushes.001</thread>
</advice_threads>
<advice_threads record_uuid="{92f7ddd2-0584-4c11-9643-802ead717d68}" record_timestamp="1447170122973" record_key="war.camp.advice.ambushes.002">
<thread>war.camp.advice.ambushes.002</thread>
</advice_threads>
<advice_threads record_uuid="{fd3b383c-ef03-478d-b981-7b923f98cbeb}" record_timestamp="1452812369541" record_key="war.camp.advice.archaeon.001">
<thread>war.camp.advice.archaeon.001</thread>
</advice_threads>
<advice_threads record_uuid="{9b6452b6-7fbc-4bfc-b5f2-05b2b65c2de9}" record_timestamp="1452812369618" record_key="war.camp.advice.archaeon_defeated.001">
<thread>war.camp.advice.archaeon_defeated.001</thread>
</advice_threads>
<advice_threads record_uuid="{50514508-2f57-4970-b2ba-32f49674065d}" record_timestamp="1447170122973" record_key="war.camp.advice.armies_at_sea.001">
<thread>war.camp.advice.armies_at_sea.001</thread>
</advice_threads>
<advice_threads record_uuid="{0ad2b28f-bd7e-4001-97f1-7ca06670146a}" record_timestamp="1447170122973" record_key="war.camp.advice.army_movement.001">
<thread>war.camp.advice.army_movement.001</thread>
</advice_threads>
<advice_threads record_uuid="{f701dafe-a198-454a-a2d1-63b3dfb27be3}" record_timestamp="1444232909545" record_key="war.camp.advice.attrition.001">
<thread>war.camp.advice.attrition.001</thread>
</advice_threads>
<advice_threads record_uuid="{92c13335-adc5-4377-836a-3a32cda9edf8}" record_timestamp="1461152265509" record_key="war.camp.advice.attrition.002">
<thread>war.camp.advice.attrition.002</thread>
</advice_threads>
<advice_threads record_uuid="{36ff0c87-9a8b-4bb2-a7b3-315f0c97ea85}" record_timestamp="1445008113378" record_key="war.camp.advice.autoresolving.001">
<thread>war.camp.advice.autoresolving.001</thread>
</advice_threads>
<advice_threads record_uuid="{d1a774b9-5271-4431-83e7-1c0792cdfd77}" record_timestamp="1444232910287" record_key="war.camp.advice.bankruptcy.001">
<thread>war.camp.advice.bankruptcy.001</thread>
</advice_threads>
<advice_threads record_uuid="{72074c1c-fed5-45e0-8de6-29015dcf47a1}" record_timestamp="1444232910213" record_key="war.camp.advice.bankruptcy.002">
<thread>war.camp.advice.bankruptcy.002</thread>
</advice_threads>
<advice_threads record_uuid="{4a758207-41af-4dcb-a055-b7bafb41b0d7}" record_timestamp="1447170122973" record_key="war.camp.advice.battles.001">
<thread>war.camp.advice.battles.001</thread>
</advice_threads>
<advice_threads record_uuid="{dd30ccf3-1760-434c-b3df-6bd3ba61070d}" record_timestamp="1465467491615" record_key="war.camp.advice.beastmen.001">
<thread>war.camp.advice.beastmen.001</thread>
</advice_threads>
<advice_threads record_uuid="{94dea78c-7f0f-4ffc-bf8b-e1bf54ce43b6}" record_timestamp="1465467491615" record_key="war.camp.advice.brayherds.001">
<thread>war.camp.advice.brayherds.001</thread>
</advice_threads>
<advice_threads record_uuid="{63b50586-db07-4891-a4c1-86fba4428dad}" record_timestamp="1445008113378" record_key="war.camp.advice.building_repair.001">
<thread>war.camp.advice.building_repair.001</thread>
</advice_threads>
<advice_threads record_uuid="{ad3399b7-92e0-4aec-98c1-21e590ca30c2}" record_timestamp="1445008113378" record_key="war.camp.advice.building_repair.002">
<thread>war.camp.advice.building_repair.002</thread>
</advice_threads>
<advice_threads record_uuid="{811e4021-6044-4f63-8935-31d56ad7dd9e}" record_timestamp="1445008113378" record_key="war.camp.advice.buildings.001">
<thread>war.camp.advice.buildings.001</thread>
</advice_threads>
<advice_threads record_uuid="{b5131dae-5543-47ae-a789-5b909d99e85c}" record_timestamp="1444232910585" record_key="war.camp.advice.chaos.001">
<thread>war.camp.advice.chaos.001</thread>
</advice_threads>
<advice_threads record_uuid="{deb0d0a1-e9fa-42f7-91ce-a2c19a225fdd}" record_timestamp="1465467491615" record_key="war.camp.advice.chaos_rifts.001">
<thread>war.camp.advice.chaos_rifts.001</thread>
</advice_threads>
<advice_threads record_uuid="{30f3f31a-7b3b-47bf-a0d3-451733f08e08}" record_timestamp="1465467491615" record_key="war.camp.advice.chaos_rifts.002">
<thread>war.camp.advice.chaos_rifts.002</thread>
</advice_threads>
<advice_threads record_uuid="{0c4f9dad-9e7a-461a-81cc-58ea9acf4ba5}" record_timestamp="1452812369245" record_key="war.camp.advice.chaos_rising.001">
<thread>war.camp.advice.chaos_rising.001</thread>
</advice_threads>
<advice_threads record_uuid="{55208350-8c98-4b1e-9e3b-12166884d39b}" record_timestamp="1455392610251" record_key="war.camp.advice.chaos_rising.002">
<thread>war.camp.advice.chaos_rising.002</thread>
</advice_threads>
<advice_threads record_uuid="{1bc9b8a2-adc9-404b-a790-b44c73280c45}" record_timestamp="1455392610287" record_key="war.camp.advice.chaos_rising.003">
<thread>war.camp.advice.chaos_rising.003</thread>
</advice_threads>
<advice_threads record_uuid="{3c9065b2-34d0-4e68-922e-4a7e506e862e}" record_timestamp="1444232909470" record_key="war.camp.advice.chaos_wastes.001">
<thread>war.camp.advice.chaos_wastes.001</thread>
</advice_threads>
<advice_threads record_uuid="{034560b8-f886-4fa9-82ff-8a14d182bd52}" record_timestamp="1447170122981" record_key="war.camp.advice.chapter_five.001">
<thread>war.camp.advice.chapter_five.001</thread>
</advice_threads>
<advice_threads record_uuid="{02ae5e77-c8ec-400e-a62a-f67a9a1732e9}" record_timestamp="1447170122981" record_key="war.camp.advice.chapter_four.001">
<thread>war.camp.advice.chapter_four.001</thread>
</advice_threads>
<advice_threads record_uuid="{561fd235-4be8-4797-9a96-f8d2dea6bd3e}" record_timestamp="1447170122981" record_key="war.camp.advice.chapter_six.001">
<thread>war.camp.advice.chapter_six.001</thread>
</advice_threads>
<advice_threads record_uuid="{4c03a676-c2ad-4bd7-a002-e807018ad8de}" record_timestamp="1447170122981" record_key="war.camp.advice.chapter_three.001">
<thread>war.camp.advice.chapter_three.001</thread>
</advice_threads>
<advice_threads record_uuid="{776f2386-7b17-47ef-bfb3-a4fb89ccdab2}" record_timestamp="1447170122981" record_key="war.camp.advice.chapter_two.001">
<thread>war.camp.advice.chapter_two.001</thread>
</advice_threads>
<advice_threads record_uuid="{8f3ae664-e8b2-4e0a-a289-7bc19734dc5d}" record_timestamp="1447170122973" record_key="war.camp.advice.character_details.001">
<thread>war.camp.advice.character_details.001</thread>
</advice_threads>
<advice_threads record_uuid="{1062f25d-190d-437c-9abc-320a65fc374f}" record_timestamp="1441735408972" record_key="war.camp.advice.character_skills.001">
<thread>war.camp.advice.character_skills.001</thread>
</advice_threads>
<advice_threads record_uuid="{3770bc6e-74ba-498b-ac2c-0bc4f7760a3c}" record_timestamp="1444232910882" record_key="war.camp.advice.civil_war.001">
<thread>war.camp.advice.civil_war.001</thread>
</advice_threads>
<advice_threads record_uuid="{20f48d94-d51f-4ef7-b36b-3ed5106e80eb}" record_timestamp="1441200983568" record_key="war.camp.advice.commandments.001">
<thread>war.camp.advice.commandments.001</thread>
</advice_threads>
<advice_threads record_uuid="{9bc8aecd-6948-4531-ba82-2aa3c6d2108b}" record_timestamp="1444232909843" record_key="war.camp.advice.corruption.001">
<thread>war.camp.advice.corruption.001</thread>
</advice_threads>
<advice_threads record_uuid="{aa4dbd1f-8faf-4cd7-bd75-df4435c7e109}" record_timestamp="1457709970645" record_key="war.camp.advice.corruption.002">
<thread>war.camp.advice.corruption.002</thread>
</advice_threads>
<advice_threads record_uuid="{2e581368-d5d1-4684-8d72-a0e816fb3087}" record_timestamp="1465467491615" record_key="war.camp.advice.corruption.003">
<thread>war.camp.advice.corruption.003</thread>
</advice_threads>
<advice_threads record_uuid="{d3a3c0f7-0f84-462b-93fb-cf7bfb0575bb}" record_timestamp="1465467491615" record_key="war.camp.advice.corruption.004">
<thread>war.camp.advice.corruption.004</thread>
</advice_threads>
<advice_threads record_uuid="{cdaeaae4-8b37-43e8-892b-fb049dcad1ac}" record_timestamp="1465467491615" record_key="war.camp.advice.corruption.005">
<thread>war.camp.advice.corruption.005</thread>
</advice_threads>
<advice_threads record_uuid="{5b030de3-7001-4cb2-9336-ceddaca8efab}" record_timestamp="1465467491615" record_key="war.camp.advice.corruption.006">
<thread>war.camp.advice.corruption.006</thread>
</advice_threads>
<advice_threads record_uuid="{9e3d8c7c-fa6a-47e3-9482-435144202346}" record_timestamp="1441648258222" record_key="war.camp.advice.diplomacy.001">
<thread>war.camp.advice.diplomacy.001</thread>
</advice_threads>
<advice_threads record_uuid="{add4e923-fb39-4731-9c41-fe81b1075cb4}" record_timestamp="1441648258203" record_key="war.camp.advice.diplomacy.002">
<thread>war.camp.advice.diplomacy.002</thread>
</advice_threads>
<advice_threads record_uuid="{1c225cb6-d422-4574-8d9b-805c218d4b6d}" record_timestamp="1452075894406" record_key="war.camp.advice.diplomacy.003">
<thread>war.camp.advice.diplomacy.003</thread>
</advice_threads>
<advice_threads record_uuid="{15700cb9-8671-42fb-8b2d-be113d362d95}" record_timestamp="1447170122973" record_key="war.camp.advice.dwarfs.001">
<thread>war.camp.advice.dwarfs.001</thread>
</advice_threads>
<advice_threads record_uuid="{b97fad4b-1cd2-44cf-a8cf-269015379d6b}" record_timestamp="1447170122973" record_key="war.camp.advice.empire.001">
<thread>war.camp.advice.empire.001</thread>
</advice_threads>
<advice_threads record_uuid="{d3651c55-4c7e-4778-b3e5-7290dde8d4e0}" record_timestamp="1444232909769" record_key="war.camp.advice.expenditure.001">
<thread>war.camp.advice.expenditure.001</thread>
</advice_threads>
<advice_threads record_uuid="{c323aab8-5e93-49a1-b8bd-b30dd4c8fa15}" record_timestamp="1447170122973" record_key="war.camp.advice.fightiness.001">
<thread>war.camp.advice.fightiness.001</thread>
</advice_threads>
<advice_threads record_uuid="{be39b01e-e276-4531-9ce2-26cdb08e05d0}" record_timestamp="1447170122973" record_key="war.camp.advice.garrison_armies.001">
<thread>war.camp.advice.garrison_armies.001</thread>
</advice_threads>
<advice_threads record_uuid="{54f4d9b6-1189-476b-a8ea-8bc293cc95ab}" record_timestamp="1447170122973" record_key="war.camp.advice.garrison_armies.002">
<thread>war.camp.advice.garrison_armies.002</thread>
</advice_threads>
<advice_threads record_uuid="{5077e693-c745-4d95-9571-22e76db4041e}" record_timestamp="1447170122973" record_key="war.camp.advice.greenskins.001">
<thread>war.camp.advice.greenskins.001</thread>
</advice_threads>
<advice_threads record_uuid="{3aee0416-eea1-48a6-9b80-76739c0fc174}" record_timestamp="1447170122973" record_key="war.camp.advice.growth.001">
<thread>war.camp.advice.growth.001</thread>
</advice_threads>
<advice_threads record_uuid="{8f128252-623f-415f-8d53-c2ccc2bb7845}" record_timestamp="1465467491615" record_key="war.camp.advice.growth.002">
<thread>war.camp.advice.growth.002</thread>
</advice_threads>
<advice_threads record_uuid="{0daf111d-ece2-45f6-9dde-497404f0ff9e}" record_timestamp="1455392610180" record_key="war.camp.advice.help_pages.001">
<thread>war.camp.advice.help_pages.001</thread>
</advice_threads>
<advice_threads record_uuid="{a2e8c89b-fc5d-48d4-8c7b-9f3974baa786}" record_timestamp="1444232911106" record_key="war.camp.advice.heroes.001">
<thread>war.camp.advice.heroes.001</thread>
</advice_threads>
<advice_threads record_uuid="{7d49d3eb-e3b9-4441-ab23-ede612782096}" record_timestamp="1444232911325" record_key="war.camp.advice.heroes.002">
<thread>war.camp.advice.heroes.002</thread>
</advice_threads>
<advice_threads record_uuid="{d2c36727-7452-4d28-8d91-85e5656517f7}" record_timestamp="1446157044908" record_key="war.camp.advice.heroes.003">
<thread>war.camp.advice.heroes.003</thread>
</advice_threads>
<advice_threads record_uuid="{82323b5f-443c-4ef9-8cc4-79d2ee39fbc1}" record_timestamp="1444232911252" record_key="war.camp.advice.heroic_actions.001">
<thread>war.camp.advice.heroic_actions.001</thread>
</advice_threads>
<advice_threads record_uuid="{fdb90932-842b-4bc8-80c1-2a301317a5de}" record_timestamp="1444232910511" record_key="war.camp.advice.hordes.001">
<thread>war.camp.advice.hordes.001</thread>
</advice_threads>
<advice_threads record_uuid="{4ad00bbd-bf5b-492c-a554-ff0273e8b392}" record_timestamp="1447170122973" record_key="war.camp.advice.lords.001">
<thread>war.camp.advice.lords.001</thread>
</advice_threads>
<advice_threads record_uuid="{1827b7e1-6bbe-4f6a-bb50-d046f3172f57}" record_timestamp="1447170122973" record_key="war.camp.advice.lords.002">
<thread>war.camp.advice.lords.002</thread>
</advice_threads>
<advice_threads record_uuid="{6eedc773-e794-45f1-8c92-51282df83cd9}" record_timestamp="1445008114242" record_key="war.camp.advice.missions.001">
<thread>war.camp.advice.missions.001</thread>
</advice_threads>
<advice_threads record_uuid="{efeb4827-4410-43df-856b-dcf337923814}" record_timestamp="1445008113378" record_key="war.camp.advice.money.001">
<thread>war.camp.advice.money.001</thread>
</advice_threads>
<advice_threads record_uuid="{2b674444-82f2-4602-8e9c-6da432dab14d}" record_timestamp="1444232910436" record_key="war.camp.advice.non_aggression_pact.001">
<thread>war.camp.advice.non_aggression_pact.001</thread>
</advice_threads>
<advice_threads record_uuid="{f6d4800b-676b-4278-8464-8d65cb8ab466}" record_timestamp="1447170122973" record_key="war.camp.advice.ports.001">
<thread>war.camp.advice.ports.001</thread>
</advice_threads>
<advice_threads record_uuid="{c15a79dd-7ef6-494f-bc49-0fdaaf56ddaa}" record_timestamp="1450817569096" record_key="war.camp.advice.post_battle_defeat.001">
<thread>war.camp.advice.post_battle_defeat.001</thread>
</advice_threads>
<advice_threads record_uuid="{caa8908f-d473-46fb-b4e2-fe1a3e3ea738}" record_timestamp="1444232913508" record_key="war.camp.advice.post_battle_options.001">
<thread>war.camp.advice.post_battle_options.001</thread>
</advice_threads>
<advice_threads record_uuid="{2a78a6e1-d0fb-4d43-ae8c-0dbd197fa1ea}" record_timestamp="1444232913583" record_key="war.camp.advice.post_battle_options.002">
<thread>war.camp.advice.post_battle_options.002</thread>
</advice_threads>
<advice_threads record_uuid="{0adad443-00e4-4419-8746-992728ef53d5}" record_timestamp="1452526293898" record_key="war.camp.advice.post_battle_options.003">
<thread>war.camp.advice.post_battle_options.003</thread>
</advice_threads>
<advice_threads record_uuid="{0bd37afe-4b68-440e-8cb5-6e7056cf3850}" record_timestamp="1441390932581" record_key="war.camp.advice.pre_battle_options.001">
<thread>war.camp.advice.pre_battle_options.001</thread>
</advice_threads>
<advice_threads record_uuid="{11261575-cbc3-4413-86ec-76fe22032271}" record_timestamp="1450732308029" record_key="war.camp.advice.pre_battle_options.002">
<thread>war.camp.advice.pre_battle_options.002</thread>
</advice_threads>
<advice_threads record_uuid="{698cafd6-721a-4499-a70a-22d139febf27}" record_timestamp="1450817571883" record_key="war.camp.advice.pre_battle_options.003">
<thread>war.camp.advice.pre_battle_options.003</thread>
</advice_threads>
<advice_threads record_uuid="{806732f5-693f-4057-bf99-de845fb8b6c9}" record_timestamp="1441390932438" record_key="war.camp.advice.public_order.001">
<thread>war.camp.advice.public_order.001</thread>
</advice_threads>
<advice_threads record_uuid="{ce0922e4-e222-444b-97e1-076a54dd0475}" record_timestamp="1453677482169" record_key="war.camp.advice.quests.001">
<thread>war.camp.advice.quests.001</thread>
</advice_threads>
<advice_threads record_uuid="{170a8529-ad35-4b18-8c17-80e71e221abe}" record_timestamp="1447170122973" record_key="war.camp.advice.raiding.001">
<thread>war.camp.advice.raiding.001</thread>
</advice_threads>
<advice_threads record_uuid="{555221af-31af-4d2d-a6e8-c4056293b2c4}" record_timestamp="1452075894378" record_key="war.camp.advice.raiding.002">
<thread>war.camp.advice.raiding.002</thread>
</advice_threads>
<advice_threads record_uuid="{8c82180a-a50e-4b09-a2e2-af065e1eb69c}" record_timestamp="1452075894369" record_key="war.camp.advice.raiding.003">
<thread>war.camp.advice.raiding.003</thread>
</advice_threads>
<advice_threads record_uuid="{ef121076-b510-474c-b05d-18724ba5bd1a}" record_timestamp="1445008113378" record_key="war.camp.advice.raise_forces.001">
<thread>war.camp.advice.raise_forces.001</thread>
</advice_threads>
<advice_threads record_uuid="{dd7fdd38-c5a1-46d5-bf31-115374481709}" record_timestamp="1445008113378" record_key="war.camp.advice.reinforcements.001">
<thread>war.camp.advice.reinforcements.001</thread>
</advice_threads>
<advice_threads record_uuid="{459f9d20-3d8c-457a-974a-12220f508dcc}" record_timestamp="1447170122973" record_key="war.camp.advice.reinforcements.002">
<thread>war.camp.advice.reinforcements.002</thread>
</advice_threads>
<advice_threads record_uuid="{9ead4754-591c-4bc8-85f2-11bc775a9162}" record_timestamp="1447170122973" record_key="war.camp.advice.reinforcements.003">
<thread>war.camp.advice.reinforcements.003</thread>
</advice_threads>
<advice_threads record_uuid="{813daf39-4ceb-4bd5-8ceb-0b2fc91fdb41}" record_timestamp="1447170122973" record_key="war.camp.advice.resources.001">
<thread>war.camp.advice.resources.001</thread>
</advice_threads>
<advice_threads record_uuid="{86ebedbd-acfc-4a69-86f7-22944020a60b}" record_timestamp="1444232909695" record_key="war.camp.advice.revolts.001">
<thread>war.camp.advice.revolts.001</thread>
</advice_threads>
<advice_threads record_uuid="{2c4c6589-23c3-415c-b7e2-cb6a6a220b06}" record_timestamp="1444232909620" record_key="war.camp.advice.revolts.002">
<thread>war.camp.advice.revolts.002</thread>
</advice_threads>
<advice_threads record_uuid="{e78236da-0d2a-4e9f-ad77-2642f94d45ff}" record_timestamp="1445008113378" record_key="war.camp.advice.siege_warfare.001">
<thread>war.camp.advice.siege_warfare.001</thread>
</advice_threads>
<advice_threads record_uuid="{f31eb230-e48e-42a0-8ab0-777703215800}" record_timestamp="1447170122972" record_key="war.camp.advice.siege_warfare.002">
<thread>war.camp.advice.siege_warfare.002</thread>
</advice_threads>
<advice_threads record_uuid="{ff8653be-44b9-42b5-b77b-357e1dede53b}" record_timestamp="1447170122972" record_key="war.camp.advice.siege_weapons.001">
<thread>war.camp.advice.siege_weapons.001</thread>
</advice_threads>
<advice_threads record_uuid="{41f3346f-9ba7-463f-bba3-b802ae07fbb0}" record_timestamp="1445008113378" record_key="war.camp.advice.stances.001">
<thread>war.camp.advice.stances.001</thread>
</advice_threads>
<advice_threads record_uuid="{0bfcbaf1-1285-4704-b6da-747cf7615545}" record_timestamp="1447170122973" record_key="war.camp.advice.strategic_map.001">
<thread>war.camp.advice.strategic_map.001</thread>
</advice_threads>
<advice_threads record_uuid="{af58c747-74a8-4c2f-a097-8ed1c527d734}" record_timestamp="1442827897576" record_key="war.camp.advice.technology.001">
<thread>war.camp.advice.technology.001</thread>
</advice_threads>
<advice_threads record_uuid="{bfec2d2e-4938-4471-b76b-0bf7b9b34486}" record_timestamp="1447170122973" record_key="war.camp.advice.terrain_types.001">
<thread>war.camp.advice.terrain_types.001</thread>
</advice_threads>
<advice_threads record_uuid="{d556557d-c72a-4056-89c0-74203dd5d3e5}" record_timestamp="1444232911179" record_key="war.camp.advice.titles.001">
<thread>war.camp.advice.titles.001</thread>
</advice_threads>
<advice_threads record_uuid="{d282cf5e-a848-4ce2-89be-cb9071b94833}" record_timestamp="1444232910140" record_key="war.camp.advice.trade.001">
<thread>war.camp.advice.trade.001</thread>
</advice_threads>
<advice_threads record_uuid="{80a2bdc5-6799-4e35-a84a-55b927abb798}" record_timestamp="1444232910066" record_key="war.camp.advice.trade.002">
<thread>war.camp.advice.trade.002</thread>
</advice_threads>
<advice_threads record_uuid="{0ccb834f-7639-40bc-a096-9242ecf8d1e0}" record_timestamp="1444232910659" record_key="war.camp.advice.unification.001">
<thread>war.camp.advice.unification.001</thread>
</advice_threads>
<advice_threads record_uuid="{b18d52f9-6ea9-405c-b349-dbd8b31a77ee}" record_timestamp="1447170122973" record_key="war.camp.advice.unit_exchange.001">
<thread>war.camp.advice.unit_exchange.001</thread>
</advice_threads>
<advice_threads record_uuid="{221dc94c-b2af-4b1e-9ef2-5f2603d1301c}" record_timestamp="1447170122973" record_key="war.camp.advice.unit_merging.001">
<thread>war.camp.advice.unit_merging.001</thread>
</advice_threads>
<advice_threads record_uuid="{a670b240-2415-4ee0-ba28-9b29ed0f8598}" record_timestamp="1447170122973" record_key="war.camp.advice.unit_recruitment.001">
<thread>war.camp.advice.unit_recruitment.001</thread>
</advice_threads>
<advice_threads record_uuid="{5713f550-2ae9-42f3-b163-cec5d74b3dd2}" record_timestamp="1447170122973" record_key="war.camp.advice.unit_types.001">
<thread>war.camp.advice.unit_types.001</thread>
</advice_threads>
<advice_threads record_uuid="{de2a918a-b383-424e-abf3-45084b8c99d8}" record_timestamp="1447170122973" record_key="war.camp.advice.vampires.001">
<thread>war.camp.advice.vampires.001</thread>
</advice_threads>
<advice_threads record_uuid="{c22ff4d6-1f04-48ea-b105-23437de2caf0}" record_timestamp="1447170122973" record_key="war.camp.advice.waaagh.001">
<thread>war.camp.advice.waaagh.001</thread>
</advice_threads>
<advice_threads record_uuid="{8577e05b-c087-4817-a76a-e93101cf4632}" record_timestamp="1447170122973" record_key="war.camp.advice.waaagh.002">
<thread>war.camp.advice.waaagh.002</thread>
</advice_threads>
<advice_threads record_uuid="{a4e22291-0776-41d5-8443-da713d3c37cc}" record_timestamp="1441648258668" record_key="war.camp.advice.war.001">
<thread>war.camp.advice.war.001</thread>
</advice_threads>
<advice_threads record_uuid="{9c05f10f-0671-411e-97d2-251621413985}" record_timestamp="1444232910361" record_key="war.camp.advice.war.002">
<thread>war.camp.advice.war.002</thread>
</advice_threads>
<advice_threads record_uuid="{123f232e-f831-4dd2-857d-957d0b9f183d}" record_timestamp="1447170122973" record_key="war.camp.advice.winds_of_magic.001">
<thread>war.camp.advice.winds_of_magic.001</thread>
</advice_threads>
<advice_threads record_uuid="{3610bf30-80cc-4b82-a60c-6cc73a7718b2}" record_timestamp="1445008113378" record_key="war.camp.advice.zones_of_control.001">
<thread>war.camp.advice.zones_of_control.001</thread>
</advice_threads>
<advice_threads record_uuid="{2be17df8-cd85-43b2-a7ab-78a324ad3332}" record_timestamp="1447170122992" record_key="war.camp.prelude.chs.chaos.001">
<thread>war.camp.prelude.chs.chaos.001</thread>
</advice_threads>
<advice_threads record_uuid="{b34feea3-637e-4d6d-9bbf-3c89b129b915}" record_timestamp="1447170122992" record_key="war.camp.prelude.chs.hordes.002">
<thread>war.camp.prelude.chs.hordes.002</thread>
</advice_threads>
<advice_threads record_uuid="{53ca8783-b029-4cd6-9ed3-f3ce15518b9b}" record_timestamp="1447170122992" record_key="war.camp.prelude.chs.intro.001">
<thread>war.camp.prelude.chs.intro.001</thread>
</advice_threads>
<advice_threads record_uuid="{f71b0f3c-d342-4290-b81b-aaf64212af29}" record_timestamp="1447170122992" record_key="war.camp.prelude.chs.intro.002">
<thread>war.camp.prelude.chs.intro.002</thread>
</advice_threads>
<advice_threads record_uuid="{0b3b135a-34bc-4956-b6f2-53ce3f6d03d7}" record_timestamp="1447170122992" record_key="war.camp.prelude.chs.intro.003">
<thread>war.camp.prelude.chs.intro.003</thread>
</advice_threads>
<advice_threads record_uuid="{7c7c3fea-f5e8-4ee2-afe5-98beed120108}" record_timestamp="1447170122992" record_key="war.camp.prelude.chs.intro.004">
<thread>war.camp.prelude.chs.intro.004</thread>
</advice_threads>
<advice_threads record_uuid="{e4ec912c-b29a-4c8a-b223-9ad451fe5bef}" record_timestamp="1452551692937" record_key="war.camp.prelude.chs.intro.005">
<thread>war.camp.prelude.chs.intro.005</thread>
</advice_threads>
<advice_threads record_uuid="{fd900008-b52c-42c8-918a-7d20937399be}" record_timestamp="1452551692985" record_key="war.camp.prelude.chs.intro.006">
<thread>war.camp.prelude.chs.intro.006</thread>
</advice_threads>
<advice_threads record_uuid="{e52d3290-66fa-4a1c-af43-317725ca1256}" record_timestamp="1442336622449" record_key="war.camp.prelude.dwf.attacking_enemy.001">
<thread>war.camp.prelude.dwf.attacking_enemy.001</thread>
</advice_threads>
<advice_threads record_uuid="{4ca1f146-6331-4fc1-94de-cb7c340b8a01}" record_timestamp="1445008113332" record_key="war.camp.prelude.dwf.capture_settlement.001">
<thread>war.camp.prelude.dwf.capture_settlement.001</thread>
</advice_threads>
<advice_threads record_uuid="{2e7119a0-01fc-4cbc-b5cc-6a994fb370cf}" record_timestamp="1452812368724" record_key="war.camp.prelude.dwf.chapter_one.001">
<thread>war.camp.prelude.dwf.chapter_one.001</thread>
</advice_threads>
<advice_threads record_uuid="{9b1285b8-918f-4cc3-a4c2-af845b133bfd}" record_timestamp="1445008113334" record_key="war.camp.prelude.dwf.dwarfs.001">
<thread>war.camp.prelude.dwf.dwarfs.001</thread>
</advice_threads>
<advice_threads record_uuid="{fd9e544d-4352-45e8-bc67-ca680913b172}" record_timestamp="1445008113333" record_key="war.camp.prelude.dwf.first_quest_battle.001">
<thread>war.camp.prelude.dwf.first_quest_battle.001</thread>
</advice_threads>
<advice_threads record_uuid="{866ed2ff-3ae7-43df-a2bf-8bd87cf9f2da}" record_timestamp="1440530526304" record_key="war.camp.prelude.dwf.ft.001">
<thread>war.camp.prelude.dwf.ft.001</thread>
</advice_threads>
<advice_threads record_uuid="{4d9adeb0-e2e2-4464-b55c-c78d065cbc5f}" record_timestamp="1440530526283" record_key="war.camp.prelude.dwf.ft.002">
<thread>war.camp.prelude.dwf.ft.002</thread>
</advice_threads>
<advice_threads record_uuid="{401d7c11-b11e-4b6e-a2a7-b8f50b274fba}" record_timestamp="1440530526344" record_key="war.camp.prelude.dwf.ft.003">
<thread>war.camp.prelude.dwf.ft.003</thread>
</advice_threads>
<advice_threads record_uuid="{d9705d18-32c0-4d93-8fc0-e622c4068788}" record_timestamp="1440530526324" record_key="war.camp.prelude.dwf.ft.004">
<thread>war.camp.prelude.dwf.ft.004</thread>
</advice_threads>
<advice_threads record_uuid="{27464a99-2f3d-4d79-bcaa-4b63b4a82b0a}" record_timestamp="1440530526552" record_key="war.camp.prelude.dwf.ft.005">
<thread>war.camp.prelude.dwf.ft.005</thread>
</advice_threads>
<advice_threads record_uuid="{849a6ebd-747b-4d47-8fb8-9c6523c277a0}" record_timestamp="1440530526532" record_key="war.camp.prelude.dwf.ft.006">
<thread>war.camp.prelude.dwf.ft.006</thread>
</advice_threads>
<advice_threads record_uuid="{7764156f-8908-4826-b437-25310c0e2478}" record_timestamp="1440530526595" record_key="war.camp.prelude.dwf.ft.007">
<thread>war.camp.prelude.dwf.ft.007</thread>
</advice_threads>
<advice_threads record_uuid="{9264f41f-960f-48a7-99e6-5a8b8f6f2b64}" record_timestamp="1440530526574" record_key="war.camp.prelude.dwf.ft.008">
<thread>war.camp.prelude.dwf.ft.008</thread>
</advice_threads>
<advice_threads record_uuid="{b314eafb-300d-4105-a7fc-f60aae42a845}" record_timestamp="1440530526639" record_key="war.camp.prelude.dwf.ft.009">
<thread>war.camp.prelude.dwf.ft.009</thread>
</advice_threads>
<advice_threads record_uuid="{1a116db7-7f33-4cfb-91d4-c937371f6b1b}" record_timestamp="1440530526617" record_key="war.camp.prelude.dwf.ft.010">
<thread>war.camp.prelude.dwf.ft.010</thread>
</advice_threads>
<advice_threads record_uuid="{317fdc3f-9406-4815-93c4-4d3bc93d165f}" record_timestamp="1440530526683" record_key="war.camp.prelude.dwf.ft.011">
<thread>war.camp.prelude.dwf.ft.011</thread>
</advice_threads>
<advice_threads record_uuid="{210e08f9-7aab-4431-821d-3f744be2be97}" record_timestamp="1440530526661" record_key="war.camp.prelude.dwf.ft.012">
<thread>war.camp.prelude.dwf.ft.012</thread>
</advice_threads>
<advice_threads record_uuid="{7e17f091-de91-42c5-8c1f-55a589822651}" record_timestamp="1440530526385" record_key="war.camp.prelude.dwf.ft.013">
<thread>war.camp.prelude.dwf.ft.013</thread>
</advice_threads>
<advice_threads record_uuid="{ba6869c9-08f3-4751-9807-e1eb85a60c9c}" record_timestamp="1445008113333" record_key="war.camp.prelude.dwf.ft.014">
<thread>war.camp.prelude.dwf.ft.014</thread>
</advice_threads>
<advice_threads record_uuid="{f9fba6da-94a3-4254-b2e3-a293c502f4b2}" record_timestamp="1445008113333" record_key="war.camp.prelude.dwf.ft.015">
<thread>war.camp.prelude.dwf.ft.015</thread>
</advice_threads>
<advice_threads record_uuid="{5a2975ef-d7b9-4d64-b881-c7927d265865}" record_timestamp="1453293174435" record_key="war.camp.prelude.dwf.grudges.001">
<thread>war.camp.prelude.dwf.grudges.001</thread>
</advice_threads>
<advice_threads record_uuid="{2182601e-391c-4b98-adfd-26cd541a057d}" record_timestamp="1442874023592" record_key="war.camp.prelude.dwf.intro.001">
<thread>war.camp.prelude.dwf.intro.001</thread>
</advice_threads>
<advice_threads record_uuid="{3ce4a4cf-d07f-4967-9ed4-3951eb20326b}" record_timestamp="1442874023592" record_key="war.camp.prelude.dwf.intro.002">
<thread>war.camp.prelude.dwf.intro.002</thread>
</advice_threads>
<advice_threads record_uuid="{6f7b79b5-6056-465d-92cc-59017ad56c71}" record_timestamp="1442874023592" record_key="war.camp.prelude.dwf.intro.003">
<thread>war.camp.prelude.dwf.intro.003</thread>
</advice_threads>
<advice_threads record_uuid="{8be4c8d8-8d9a-4900-a84e-1dd3f6b3e91b}" record_timestamp="1442874023592" record_key="war.camp.prelude.dwf.intro.004">
<thread>war.camp.prelude.dwf.intro.004</thread>
</advice_threads>
<advice_threads record_uuid="{27175269-25cf-41b5-a876-f633cfb4c234}" record_timestamp="1452551691948" record_key="war.camp.prelude.dwf.intro.005">
<thread>war.camp.prelude.dwf.intro.005</thread>
</advice_threads>
<advice_threads record_uuid="{756dacbb-b0b1-44d1-abcd-716a3bd009f0}" record_timestamp="1452551691996" record_key="war.camp.prelude.dwf.intro.006">
<thread>war.camp.prelude.dwf.intro.006</thread>
</advice_threads>
<advice_threads record_uuid="{757a6f8b-6c96-4ad6-81dd-d371234b23d7}" record_timestamp="1452595796591" record_key="war.camp.prelude.dwf.intro.007">
<thread>war.camp.prelude.dwf.intro.007</thread>
</advice_threads>
<advice_threads record_uuid="{d3b231d9-7eb1-4a46-954c-601bd5ebe64d}" record_timestamp="1445008113334" record_key="war.camp.prelude.dwf.public_order.001">
<thread>war.camp.prelude.dwf.public_order.001</thread>
</advice_threads>
<advice_threads record_uuid="{1659b30b-da9b-4f9b-b603-c3cbf2f1b87f}" record_timestamp="1445008113334" record_key="war.camp.prelude.dwf.underways.001">
<thread>war.camp.prelude.dwf.underways.001</thread>
</advice_threads>
<advice_threads record_uuid="{fea57aa5-89a0-4fe0-b069-9f76fa3263d8}" record_timestamp="1442336622449" record_key="war.camp.prelude.emp.attacking_enemy.001">
<thread>war.camp.prelude.emp.attacking_enemy.001</thread>
</advice_threads>
<advice_threads record_uuid="{496521b9-f438-4d08-ac1c-75811939b0c0}" record_timestamp="1445008113338" record_key="war.camp.prelude.emp.capture_settlement.001">
<thread>war.camp.prelude.emp.capture_settlement.001</thread>
</advice_threads>
<advice_threads record_uuid="{625b3d80-cf5e-4978-aee0-deadc0fe2a42}" record_timestamp="1452812368625" record_key="war.camp.prelude.emp.chapter_one.001">
<thread>war.camp.prelude.emp.chapter_one.001</thread>
</advice_threads>
<advice_threads record_uuid="{dec2ddc9-6859-4ad7-8a11-a857010a924d}" record_timestamp="1450114437492" record_key="war.camp.prelude.emp.empire.001">
<thread>war.camp.prelude.emp.empire.001</thread>
</advice_threads>
<advice_threads record_uuid="{e80cd735-3b98-4306-93bd-047556d0c269}" record_timestamp="1445008113338" record_key="war.camp.prelude.emp.first_quest_battle.001">
<thread>war.camp.prelude.emp.first_quest_battle.001</thread>
</advice_threads>
<advice_threads record_uuid="{53134eb0-abe3-44de-8f6a-0408e1acee61}" record_timestamp="1440530527037" record_key="war.camp.prelude.emp.ft.001">
<thread>war.camp.prelude.emp.ft.001</thread>
</advice_threads>
<advice_threads record_uuid="{33217f20-8373-4cb1-9905-6b5a895e77ea}" record_timestamp="1440530527013" record_key="war.camp.prelude.emp.ft.002">
<thread>war.camp.prelude.emp.ft.002</thread>
</advice_threads>
<advice_threads record_uuid="{7820e491-0759-4143-9572-a6ba0513dcbf}" record_timestamp="1440530526725" record_key="war.camp.prelude.emp.ft.003">
<thread>war.camp.prelude.emp.ft.003</thread>
</advice_threads>
<advice_threads record_uuid="{8ba1f31d-1982-46c4-8ebe-48efa57927cd}" record_timestamp="1440530526704" record_key="war.camp.prelude.emp.ft.004">
<thread>war.camp.prelude.emp.ft.004</thread>
</advice_threads>
<advice_threads record_uuid="{7bec35f9-ffe4-4127-b67a-a925e2741d73}" record_timestamp="1440530526768" record_key="war.camp.prelude.emp.ft.005">
<thread>war.camp.prelude.emp.ft.005</thread>
</advice_threads>
<advice_threads record_uuid="{1491b901-8673-475a-9fe7-7f307231e572}" record_timestamp="1440530526747" record_key="war.camp.prelude.emp.ft.006">
<thread>war.camp.prelude.emp.ft.006</thread>
</advice_threads>
<advice_threads record_uuid="{b19033ea-0145-462e-b0b2-2cd23fa76e83}" record_timestamp="1440530526813" record_key="war.camp.prelude.emp.ft.007">
<thread>war.camp.prelude.emp.ft.007</thread>
</advice_threads>
<advice_threads record_uuid="{0e110481-3198-4cc4-87b1-743b85771a1a}" record_timestamp="1440530526791" record_key="war.camp.prelude.emp.ft.008">
<thread>war.camp.prelude.emp.ft.008</thread>
</advice_threads>
<advice_threads record_uuid="{b1927e2e-a358-49c8-8266-5565c77b81a4}" record_timestamp="1440530526857" record_key="war.camp.prelude.emp.ft.009">
<thread>war.camp.prelude.emp.ft.009</thread>
</advice_threads>
<advice_threads record_uuid="{51608161-9146-47e9-abc3-b8b449286d37}" record_timestamp="1440530526835" record_key="war.camp.prelude.emp.ft.010">
<thread>war.camp.prelude.emp.ft.010</thread>
</advice_threads>
<advice_threads record_uuid="{d5a8342f-6e78-4139-9095-1b3d9cab3004}" record_timestamp="1440530527082" record_key="war.camp.prelude.emp.ft.011">
<thread>war.camp.prelude.emp.ft.011</thread>
</advice_threads>
<advice_threads record_uuid="{4f351175-9657-42d7-aed5-9fe9bb3ef070}" record_timestamp="1440530527059" record_key="war.camp.prelude.emp.ft.012">
<thread>war.camp.prelude.emp.ft.012</thread>
</advice_threads>
<advice_threads record_uuid="{e4d18630-d3cf-4544-80d8-c2f431ae9777}" record_timestamp="1440530527105" record_key="war.camp.prelude.emp.ft.013">
<thread>war.camp.prelude.emp.ft.013</thread>
</advice_threads>
<advice_threads record_uuid="{2299fbaa-d3ca-498d-9c6b-26d3c8987d56}" record_timestamp="1442945350833" record_key="war.camp.prelude.emp.intro.001">
<thread>war.camp.prelude.emp.intro.001</thread>
</advice_threads>
<advice_threads record_uuid="{28bf1ef9-66ef-4252-81b6-534a57aae47c}" record_timestamp="1442945350833" record_key="war.camp.prelude.emp.intro.002">
<thread>war.camp.prelude.emp.intro.002</thread>
</advice_threads>
<advice_threads record_uuid="{2d4be6c5-9e5c-4120-88d9-6524930bf272}" record_timestamp="1442945350833" record_key="war.camp.prelude.emp.intro.003">
<thread>war.camp.prelude.emp.intro.003</thread>
</advice_threads>
<advice_threads record_uuid="{2b4fbab1-bb7e-46ef-8d0b-0a5f34df48c1}" record_timestamp="1442945350833" record_key="war.camp.prelude.emp.intro.004">
<thread>war.camp.prelude.emp.intro.004</thread>
</advice_threads>
<advice_threads record_uuid="{73519e37-0b10-4a4e-914a-17f7c9b035c4}" record_timestamp="1452551692539" record_key="war.camp.prelude.emp.intro.005">
<thread>war.camp.prelude.emp.intro.005</thread>
</advice_threads>
<advice_threads record_uuid="{2bfe98cd-c904-4562-aca3-719ee605ca43}" record_timestamp="1452551692581" record_key="war.camp.prelude.emp.intro.006">
<thread>war.camp.prelude.emp.intro.006</thread>
</advice_threads>
<advice_threads record_uuid="{92deecdb-1a2a-49c7-afab-a732b93d47ea}" record_timestamp="1452551692631" record_key="war.camp.prelude.emp.intro.007">
<thread>war.camp.prelude.emp.intro.007</thread>
</advice_threads>
<advice_threads record_uuid="{6654b652-cdd8-424b-b358-30e8c13a87df}" record_timestamp="1452551692682" record_key="war.camp.prelude.emp.intro.008">
<thread>war.camp.prelude.emp.intro.008</thread>
</advice_threads>
<advice_threads record_uuid="{d1d0255d-23b8-45e2-9fe5-0a22a5affd99}" record_timestamp="1468242053579" record_key="war.camp.prelude.emp.intro.009">
<thread>war.camp.prelude.emp.intro.009</thread>
</advice_threads>
<advice_threads record_uuid="{1d4f688a-2b0d-41e0-b806-016465f1a667}" record_timestamp="1468242053584" record_key="war.camp.prelude.emp.intro.010">
<thread>war.camp.prelude.emp.intro.010</thread>
</advice_threads>
<advice_threads record_uuid="{a08d33bf-597f-4756-88cb-b5f85a43ea5a}" record_timestamp="1468242053569" record_key="war.camp.prelude.emp.intro.011">
<thread>war.camp.prelude.emp.intro.011</thread>
</advice_threads>
<advice_threads record_uuid="{8fab4d5b-4c3d-4e29-b674-979ac569222d}" record_timestamp="1468242053574" record_key="war.camp.prelude.emp.intro.012">
<thread>war.camp.prelude.emp.intro.012</thread>
</advice_threads>
<advice_threads record_uuid="{1d58829f-b43d-429c-bda1-2a2b5a9e8bd0}" record_timestamp="1445008113338" record_key="war.camp.prelude.emp.public_order.001">
<thread>war.camp.prelude.emp.public_order.001</thread>
</advice_threads>
<advice_threads record_uuid="{18d0c145-716c-463b-ae9d-1b918de00550}" record_timestamp="1445008113385" record_key="war.camp.prelude.emp.technology.001">
<thread>war.camp.prelude.emp.technology.001</thread>
</advice_threads>
<advice_threads record_uuid="{3911855d-b5c7-49f1-adf5-3ce44a7cd926}" record_timestamp="1445008113385" record_key="war.camp.prelude.emp.technology.002">
<thread>war.camp.prelude.emp.technology.002</thread>
</advice_threads>
<advice_threads record_uuid="{dfcb24a2-ade7-4e04-afb4-c67554d20eae}" record_timestamp="1438937985579" record_key="war.camp.prelude.grn.attacking_enemy.001">
<thread>war.camp.prelude.grn.attacking_enemy.001</thread>
</advice_threads>
<advice_threads record_uuid="{94b18310-ae21-46dc-9fb3-2aff2d83fa98}" record_timestamp="1445008113332" record_key="war.camp.prelude.grn.capture_settlement.001">
<thread>war.camp.prelude.grn.capture_settlement.001</thread>
</advice_threads>
<advice_threads record_uuid="{2a125d5e-a20f-4aff-a916-306de1f8b35b}" record_timestamp="1452812368676" record_key="war.camp.prelude.grn.chapter_one.001">
<thread>war.camp.prelude.grn.chapter_one.001</thread>
</advice_threads>
<advice_threads record_uuid="{eba47453-ccc9-4a5a-a31f-50be7ac896f3}" record_timestamp="1444298734681" record_key="war.camp.prelude.grn.fightiness.001">
<thread>war.camp.prelude.grn.fightiness.001</thread>
</advice_threads>
<advice_threads record_uuid="{840452a6-a4c3-41fb-84a4-06184d540788}" record_timestamp="1445008113332" record_key="war.camp.prelude.grn.first_quest_battle.001">
<thread>war.camp.prelude.grn.first_quest_battle.001</thread>
</advice_threads>
<advice_threads record_uuid="{4c8362a1-f25c-47bc-a126-5e2f1ecfbe5a}" record_timestamp="1438881621164" record_key="war.camp.prelude.grn.ft.001">
<thread>war.camp.prelude.grn.ft.001</thread>
</advice_threads>
<advice_threads record_uuid="{1f24312d-7a92-4ca3-8ddb-99f14a865b81}" record_timestamp="1438881621308" record_key="war.camp.prelude.grn.ft.002">
<thread>war.camp.prelude.grn.ft.002</thread>
</advice_threads>
<advice_threads record_uuid="{34865001-af61-464e-b007-762b48597d0b}" record_timestamp="1438881621451" record_key="war.camp.prelude.grn.ft.003">
<thread>war.camp.prelude.grn.ft.003</thread>
</advice_threads>
<advice_threads record_uuid="{f9a6880c-fd1a-4dbc-a47d-5555a601c19e}" record_timestamp="1438881621594" record_key="war.camp.prelude.grn.ft.004">
<thread>war.camp.prelude.grn.ft.004</thread>
</advice_threads>
<advice_threads record_uuid="{d82e928e-6fef-44d9-918a-956ae5eb278c}" record_timestamp="1438881621739" record_key="war.camp.prelude.grn.ft.005">
<thread>war.camp.prelude.grn.ft.005</thread>
</advice_threads>
<advice_threads record_uuid="{d2ef4913-dfdb-4f7f-b2ad-0d2f537feb2a}" record_timestamp="1438881621882" record_key="war.camp.prelude.grn.ft.006">
<thread>war.camp.prelude.grn.ft.006</thread>
</advice_threads>
<advice_threads record_uuid="{03ff171f-f9bd-47c1-aa0a-aeb53b78747b}" record_timestamp="1438881622027" record_key="war.camp.prelude.grn.ft.007">
<thread>war.camp.prelude.grn.ft.007</thread>
</advice_threads>
<advice_threads record_uuid="{c761c9a2-e6d6-487d-8d04-4482837c82fb}" record_timestamp="1438881622173" record_key="war.camp.prelude.grn.ft.008">
<thread>war.camp.prelude.grn.ft.008</thread>
</advice_threads>
<advice_threads record_uuid="{55da73c0-b9a0-46a4-8df2-5768d3600409}" record_timestamp="1438881622316" record_key="war.camp.prelude.grn.ft.009">
<thread>war.camp.prelude.grn.ft.009</thread>
</advice_threads>
<advice_threads record_uuid="{abcb7d34-9508-45a9-a88d-98264c37a4ba}" record_timestamp="1438881622462" record_key="war.camp.prelude.grn.ft.010">
<thread>war.camp.prelude.grn.ft.010</thread>
</advice_threads>
<advice_threads record_uuid="{76ca0f48-954b-44e3-8aeb-de08efe18f87}" record_timestamp="1438881622607" record_key="war.camp.prelude.grn.ft.011">
<thread>war.camp.prelude.grn.ft.011</thread>
</advice_threads>
<advice_threads record_uuid="{730f1462-9fe7-410c-b6d6-63c479033ddf}" record_timestamp="1438881622751" record_key="war.camp.prelude.grn.ft.012">
<thread>war.camp.prelude.grn.ft.012</thread>
</advice_threads>
<advice_threads record_uuid="{0cbe1211-cb83-485c-8fe1-c6867355bcbc}" record_timestamp="1438881622895" record_key="war.camp.prelude.grn.ft.013">
<thread>war.camp.prelude.grn.ft.013</thread>
</advice_threads>
<advice_threads record_uuid="{5ec78cad-ace6-4f78-a33a-c9245dfc4d61}" record_timestamp="1444298734687" record_key="war.camp.prelude.grn.greenskins.001">
<thread>war.camp.prelude.grn.greenskins.001</thread>
</advice_threads>
<advice_threads record_uuid="{a20a74e1-fbc7-4a62-85ee-a768cd9b7b2f}" record_timestamp="1438946188018" record_key="war.camp.prelude.grn.intro.001">
<thread>war.camp.prelude.grn.intro.001</thread>
</advice_threads>
<advice_threads record_uuid="{e904cfe4-ac28-472e-82e3-dcd34b0915df}" record_timestamp="1441906793500" record_key="war.camp.prelude.grn.intro.002">
<thread>war.camp.prelude.grn.intro.002</thread>
</advice_threads>
<advice_threads record_uuid="{99797f2a-ea3f-4363-a1ba-db2b558572e4}" record_timestamp="1441906793500" record_key="war.camp.prelude.grn.intro.003">
<thread>war.camp.prelude.grn.intro.003</thread>
</advice_threads>
<advice_threads record_uuid="{7f8da0f4-824e-4c63-8d1e-3ef3a2fe0629}" record_timestamp="1441906793500" record_key="war.camp.prelude.grn.intro.004">
<thread>war.camp.prelude.grn.intro.004</thread>
</advice_threads>
<advice_threads record_uuid="{0c3e9db8-314d-4c65-8d0b-8bc6ec653cf1}" record_timestamp="1452551691822" record_key="war.camp.prelude.grn.intro.005">
<thread>war.camp.prelude.grn.intro.005</thread>
</advice_threads>
<advice_threads record_uuid="{1fb81973-ab59-4b28-a3dc-3da727ad98a1}" record_timestamp="1441278559075" record_key="war.camp.prelude.grn.public_order.001">
<thread>war.camp.prelude.grn.public_order.001</thread>
</advice_threads>
<advice_threads record_uuid="{eafb0001-c7c4-4d02-ad35-db68206e26a2}" record_timestamp="1444053321022" record_key="war.camp.prelude.grn.technology.001">
<thread>war.camp.prelude.grn.technology.001</thread>
</advice_threads>
<advice_threads record_uuid="{1ab83bee-ed2c-425d-9c90-df16d4e7d0c1}" record_timestamp="1450114425966" record_key="war.camp.prelude.grn.technology.002">
<thread>war.camp.prelude.grn.technology.002</thread>
</advice_threads>
<advice_threads record_uuid="{6a1b5bf6-7531-46ec-9f19-a94499b951c3}" record_timestamp="1447170122982" record_key="war.camp.prelude.grn.underways.001">
<thread>war.camp.prelude.grn.underways.001</thread>
</advice_threads>
<advice_threads record_uuid="{532e91b5-97d7-46b2-93c4-64e15ab7df63}" record_timestamp="1442336622449" record_key="war.camp.prelude.vmp.attacking_enemy.001">
<thread>war.camp.prelude.vmp.attacking_enemy.001</thread>
</advice_threads>
<advice_threads record_uuid="{ca5eddc6-df85-4cd5-9fba-8f02e78bc78d}" record_timestamp="1445008113336" record_key="war.camp.prelude.vmp.capture_settlement.001">
<thread>war.camp.prelude.vmp.capture_settlement.001</thread>
</advice_threads>
<advice_threads record_uuid="{41ce68c0-4946-4bfe-955c-1fdf26b2513f}" record_timestamp="1452812368778" record_key="war.camp.prelude.vmp.chapter_one.001">
<thread>war.camp.prelude.vmp.chapter_one.001</thread>
</advice_threads>
<advice_threads record_uuid="{beae1587-3eaa-4936-a87b-20a4609b63a4}" record_timestamp="1445008113336" record_key="war.camp.prelude.vmp.first_quest_battle.001">
<thread>war.camp.prelude.vmp.first_quest_battle.001</thread>
</advice_threads>
<advice_threads record_uuid="{d2d61451-35e1-4455-9541-357b4c29a3ab}" record_timestamp="1440530526365" record_key="war.camp.prelude.vmp.ft.001">
<thread>war.camp.prelude.vmp.ft.001</thread>
</advice_threads>
<advice_threads record_uuid="{4ea6b076-7206-4b68-a0bd-c70ee1b850cb}" record_timestamp="1440530526427" record_key="war.camp.prelude.vmp.ft.002">
<thread>war.camp.prelude.vmp.ft.002</thread>
</advice_threads>
<advice_threads record_uuid="{a822c599-a5d7-42e7-bc60-76970d993f8f}" record_timestamp="1440530526406" record_key="war.camp.prelude.vmp.ft.003">
<thread>war.camp.prelude.vmp.ft.003</thread>
</advice_threads>
<advice_threads record_uuid="{3fba2124-a6e3-4132-8aa7-aa1578083c50}" record_timestamp="1440530526468" record_key="war.camp.prelude.vmp.ft.004">
<thread>war.camp.prelude.vmp.ft.004</thread>
</advice_threads>
<advice_threads record_uuid="{adcf55ea-1158-4a64-a871-31321b661f92}" record_timestamp="1440530526447" record_key="war.camp.prelude.vmp.ft.005">
<thread>war.camp.prelude.vmp.ft.005</thread>
</advice_threads>
<advice_threads record_uuid="{67eb7e5f-d3ad-4d87-8d18-aa2184aefb47}" record_timestamp="1440530526510" record_key="war.camp.prelude.vmp.ft.006">
<thread>war.camp.prelude.vmp.ft.006</thread>
</advice_threads>
<advice_threads record_uuid="{23dc92a7-4b88-4734-b41b-a1d333cb2314}" record_timestamp="1440530526489" record_key="war.camp.prelude.vmp.ft.007">
<thread>war.camp.prelude.vmp.ft.007</thread>
</advice_threads>
<advice_threads record_uuid="{f7b22b8f-53e6-48c9-8da2-623a868e82e4}" record_timestamp="1440530526902" record_key="war.camp.prelude.vmp.ft.008">
<thread>war.camp.prelude.vmp.ft.008</thread>
</advice_threads>
<advice_threads record_uuid="{8cbeea39-e8db-4fc7-8077-d35f6b285c9a}" record_timestamp="1440530526878" record_key="war.camp.prelude.vmp.ft.009">
<thread>war.camp.prelude.vmp.ft.009</thread>
</advice_threads>
<advice_threads record_uuid="{deef1e4a-490d-4c56-8493-0c19f46f56ab}" record_timestamp="1440530526946" record_key="war.camp.prelude.vmp.ft.010">
<thread>war.camp.prelude.vmp.ft.010</thread>
</advice_threads>
<advice_threads record_uuid="{680ae9b3-412f-47a4-bc02-dbe88258ec72}" record_timestamp="1440530526924" record_key="war.camp.prelude.vmp.ft.011">
<thread>war.camp.prelude.vmp.ft.011</thread>
</advice_threads>
<advice_threads record_uuid="{b0f2f4d4-25a6-4aa2-b839-6ae6bb501b1a}" record_timestamp="1440530526991" record_key="war.camp.prelude.vmp.ft.012">
<thread>war.camp.prelude.vmp.ft.012</thread>
</advice_threads>
<advice_threads record_uuid="{7fc19f92-cf7a-4daa-bbaf-771b0972cd51}" record_timestamp="1440530526968" record_key="war.camp.prelude.vmp.ft.013">
<thread>war.camp.prelude.vmp.ft.013</thread>
</advice_threads>
<advice_threads record_uuid="{05600ae7-40b7-4001-93a1-c4d44ac996a7}" record_timestamp="1445008113335" record_key="war.camp.prelude.vmp.ft.014">
<thread>war.camp.prelude.vmp.ft.014</thread>
</advice_threads>
<advice_threads record_uuid="{d98e0b45-2c49-4724-994f-e4340830bb85}" record_timestamp="1445008113335" record_key="war.camp.prelude.vmp.ft.015">
<thread>war.camp.prelude.vmp.ft.015</thread>
</advice_threads>
<advice_threads record_uuid="{57a21c5b-9647-4394-8b2c-b66647b222e7}" record_timestamp="1441906793502" record_key="war.camp.prelude.vmp.intro.001">
<thread>war.camp.prelude.vmp.intro.001</thread>
</advice_threads>
<advice_threads record_uuid="{194fbf0a-9dd1-4ddd-8a31-649f3c85f3f1}" record_timestamp="1442336622449" record_key="war.camp.prelude.vmp.intro.002">
<thread>war.camp.prelude.vmp.intro.002</thread>
</advice_threads>
<advice_threads record_uuid="{12557072-6da5-4e39-a474-02131d2ce8c9}" record_timestamp="1442336622449" record_key="war.camp.prelude.vmp.intro.003">
<thread>war.camp.prelude.vmp.intro.003</thread>
</advice_threads>
<advice_threads record_uuid="{6d6a6efe-7ca2-47f0-ac08-268bb7fe7b80}" record_timestamp="1442336622449" record_key="war.camp.prelude.vmp.intro.004">
<thread>war.camp.prelude.vmp.intro.004</thread>
</advice_threads>
<advice_threads record_uuid="{8220062c-edb1-459f-834c-66e00cc6d0c1}" record_timestamp="1452551692312" record_key="war.camp.prelude.vmp.intro.005">
<thread>war.camp.prelude.vmp.intro.005</thread>
</advice_threads>
<advice_threads record_uuid="{c1fa06c6-ec38-43c4-aea8-bc552a303144}" record_timestamp="1452551692357" record_key="war.camp.prelude.vmp.intro.006">
<thread>war.camp.prelude.vmp.intro.006</thread>
</advice_threads>
<advice_threads record_uuid="{f069823c-3d1e-4c29-a0ec-2f0fc180ae01}" record_timestamp="1468329401434" record_key="war.camp.prelude.vmp.intro.007">
<thread>war.camp.prelude.vmp.intro.007</thread>
</advice_threads>
<advice_threads record_uuid="{f5842d7b-ee38-44ca-9085-403bd86980cc}" record_timestamp="1468329401434" record_key="war.camp.prelude.vmp.intro.008">
<thread>war.camp.prelude.vmp.intro.008</thread>
</advice_threads>
<advice_threads record_uuid="{244f6576-8f1d-422d-bbb5-c85de0cb380d}" record_timestamp="1468329401434" record_key="war.camp.prelude.vmp.intro.009">
<thread>war.camp.prelude.vmp.intro.009</thread>
</advice_threads>
<advice_threads record_uuid="{e6d98ef5-7ee1-49cf-a8db-d9cb31fa2fa9}" record_timestamp="1468329401434" record_key="war.camp.prelude.vmp.intro.010">
<thread>war.camp.prelude.vmp.intro.010</thread>
</advice_threads>
<advice_threads record_uuid="{56743dce-4c00-43f7-b17d-48f0f4f4d910}" record_timestamp="1468329401434" record_key="war.camp.prelude.vmp.intro.011">
<thread>war.camp.prelude.vmp.intro.011</thread>
</advice_threads>
<advice_threads record_uuid="{764d8455-3dfa-4f37-8328-da4fd3803764}" record_timestamp="1468329401434" record_key="war.camp.prelude.vmp.intro.012">
<thread>war.camp.prelude.vmp.intro.012</thread>
</advice_threads>
<advice_threads record_uuid="{5ad17ae2-610b-44ae-8733-34676423ec02}" record_timestamp="1468329401434" record_key="war.camp.prelude.vmp.intro.013">
<thread>war.camp.prelude.vmp.intro.013</thread>
</advice_threads>
<advice_threads record_uuid="{5dee95b7-92de-471a-b6a7-fb6671d076eb}" record_timestamp="1468329401434" record_key="war.camp.prelude.vmp.intro.014">
<thread>war.camp.prelude.vmp.intro.014</thread>
</advice_threads>
<advice_threads record_uuid="{29c56f02-33cd-44d5-a47b-3eef2c91d01f}" record_timestamp="1448453570982" record_key="war.camp.prelude.vmp.public_order.001">
<thread>war.camp.prelude.vmp.public_order.001</thread>
</advice_threads>
<advice_threads record_uuid="{7e6b451a-7bd8-4eb9-8baa-a2e1fdf0a0b7}" record_timestamp="1445008113336" record_key="war.camp.prelude.vmp.raising_dead.001">
<thread>war.camp.prelude.vmp.raising_dead.001</thread>
</advice_threads>
<advice_threads record_uuid="{fa6f6741-2b31-4b64-b6bd-4031bef38051}" record_timestamp="1445008113336" record_key="war.camp.prelude.vmp.vampires.001">
<thread>war.camp.prelude.vmp.vampires.001</thread>
</advice_threads>
</dataroot>
