<?xml version="1.0" encoding="UTF-8"?>
<dataroot xmlns:od="urn:schemas-microsoft-com:officedata" xmlns:xsi="http://www.w3.org/2001/XMLSchema-instance" xsi:noNamespaceSchemaLocation="ancillaries_subcategories.xsd" export_time="Thu Jul 14 14:31:08 2016" revision="4" export_branch="T:/branches/warhammer/sigmar/warhammer/binaries.x64" export_user="bob">
<edit_uuid>f3ba6e10-4838-49a9-bf6a-fb833f60f43e</edit_uuid>
<ancillaries_subcategories record_uuid="{f82a6aba-965c-4769-be08-6effc65df949}" record_timestamp="1452764762266" record_key="banner">
<onscreen_name state="APPROVED" last_approved_text="Banner" last_edit_user="bob">Banner</onscreen_name>
<subcategory>banner</subcategory>
</ancillaries_subcategories>
<ancillaries_subcategories record_uuid="{651f4884-3917-40fe-a0b1-6dce9b211873}" record_timestamp="1452764762256" record_key="follower">
<onscreen_name state="APPROVED" last_approved_text="Follower" last_edit_user="bob">Follower</onscreen_name>
<subcategory>follower</subcategory>
</ancillaries_subcategories>
<ancillaries_subcategories record_uuid="{a53184b9-7155-45ec-a6d7-d991a9793859}" record_timestamp="1468500710031" record_key="gift">
<onscreen_name state="APPROVED" last_approved_text="Gift of Chaos" last_edit_user="bob">Gift of Chaos</onscreen_name>
<subcategory>gift</subcategory>
</ancillaries_subcategories>
<ancillaries_subcategories record_uuid="{d83f8259-87c3-4787-bdc8-b7ea7444c1cb}" record_timestamp="1452764762286" record_key="mark">
<onscreen_name state="APPROVED" last_approved_text="Mark of Chaos" last_edit_user="bob">Mark of Chaos</onscreen_name>
<subcategory>mark</subcategory>
</ancillaries_subcategories>
<ancillaries_subcategories record_uuid="{1e4e0221-0dd5-4b2b-aedf-32b0b2466566}" record_timestamp="1452764762246" record_key="rune">
<onscreen_name state="APPROVED" last_approved_text="Rune" last_edit_user="bob">Rune</onscreen_name>
<subcategory>rune</subcategory>
</ancillaries_subcategories>
</dataroot>
