<?xml version="1.0" encoding="UTF-8"?>
<dataroot xmlns:od="urn:schemas-microsoft-com:officedata" xmlns:xsi="http://www.w3.org/2001/XMLSchema-instance" xsi:noNamespaceSchemaLocation="ancillaries_required_skills.xsd" export_time="Wed Aug 10 09:26:40 2016" revision="41" export_branch="T:/" export_user="bob">
<edit_uuid>b9942bae-c1a9-4989-8489-80730770ab2d</edit_uuid>
<ancillaries_required_skills record_uuid="{86ab407b-c2f4-4468-8fc3-f80df8a2e00f}" record_timestamp="1434700270856" record_key="wh_dlc01_anc_mount_chs_chaos_lord_chaos_dragonwh_main_skill_chs_lord_unique_chaos_lord_chaos_dragon">
<ancillary>wh_dlc01_anc_mount_chs_chaos_lord_chaos_dragon</ancillary>
<required_skill>wh_main_skill_chs_lord_unique_chaos_lord_chaos_dragon</required_skill>
<required_skill_level>1</required_skill_level>
</ancillaries_required_skills>
<ancillaries_required_skills record_uuid="{b148e5ac-f30d-40c6-8c7a-3a71d03ee9f6}" record_timestamp="1433926353081" record_key="wh_dlc01_anc_mount_chs_chaos_lord_manticorewh_main_skill_chs_lord_unique_chaos_lord_manticore">
<ancillary>wh_dlc01_anc_mount_chs_chaos_lord_manticore</ancillary>
<required_skill>wh_main_skill_chs_lord_unique_chaos_lord_manticore</required_skill>
<required_skill_level>1</required_skill_level>
</ancillaries_required_skills>
<ancillaries_required_skills record_uuid="{24151e04-a3e6-4dbd-ae56-8e10b4397499}" record_timestamp="1448619893823" record_key="wh_dlc01_anc_mount_chs_chaos_sorcerer_lord_death_barded_chaos_steedwh_main_skill_chs_lord_unique_chaos_sorcerer_lord_death_chaos_steed">
<ancillary>wh_dlc01_anc_mount_chs_chaos_sorcerer_lord_death_barded_chaos_steed</ancillary>
<required_skill>wh_main_skill_chs_lord_unique_chaos_sorcerer_lord_death_chaos_steed</required_skill>
<required_skill_level>2</required_skill_level>
</ancillaries_required_skills>
<ancillaries_required_skills record_uuid="{7416379d-d3c1-4cff-9a59-702b9cf5dc4d}" record_timestamp="1433926805014" record_key="wh_dlc01_anc_mount_chs_chaos_sorcerer_lord_death_chaos_steedwh_main_skill_chs_lord_unique_chaos_sorcerer_lord_death_chaos_steed">
<ancillary>wh_dlc01_anc_mount_chs_chaos_sorcerer_lord_death_chaos_steed</ancillary>
<required_skill>wh_main_skill_chs_lord_unique_chaos_sorcerer_lord_death_chaos_steed</required_skill>
<required_skill_level>1</required_skill_level>
</ancillaries_required_skills>
<ancillaries_required_skills record_uuid="{98fc53e1-51f9-4ae5-a0b2-edb3fd9cbb3d}" record_timestamp="1434454068924" record_key="wh_dlc01_anc_mount_chs_chaos_sorcerer_lord_death_dragonwh_main_skill_chs_lord_unique_chaos_sorcerer_lord_death_chaos_dragon">
<ancillary>wh_dlc01_anc_mount_chs_chaos_sorcerer_lord_death_dragon</ancillary>
<required_skill>wh_main_skill_chs_lord_unique_chaos_sorcerer_lord_death_chaos_dragon</required_skill>
<required_skill_level>1</required_skill_level>
</ancillaries_required_skills>
<ancillaries_required_skills record_uuid="{3fe460f8-2ad6-46f6-9a63-e7a808b7ea86}" record_timestamp="1433926975564" record_key="wh_dlc01_anc_mount_chs_chaos_sorcerer_lord_death_manticorewh_main_skill_chs_lord_unique_chaos_sorcerer_lord_death_manticore">
<ancillary>wh_dlc01_anc_mount_chs_chaos_sorcerer_lord_death_manticore</ancillary>
<required_skill>wh_main_skill_chs_lord_unique_chaos_sorcerer_lord_death_manticore</required_skill>
<required_skill_level>1</required_skill_level>
</ancillaries_required_skills>
<ancillaries_required_skills record_uuid="{4112e551-f953-4b38-8c52-06df1a00d086}" record_timestamp="1448619893833" record_key="wh_dlc01_anc_mount_chs_chaos_sorcerer_lord_fire_barded_chaos_steedwh_main_skill_chs_lord_unique_chaos_sorcerer_lord_fire_chaos_steed">
<ancillary>wh_dlc01_anc_mount_chs_chaos_sorcerer_lord_fire_barded_chaos_steed</ancillary>
<required_skill>wh_main_skill_chs_lord_unique_chaos_sorcerer_lord_fire_chaos_steed</required_skill>
<required_skill_level>2</required_skill_level>
</ancillaries_required_skills>
<ancillaries_required_skills record_uuid="{d27b80a9-3dbb-4c29-92ec-a00f22740d06}" record_timestamp="1433926975920" record_key="wh_dlc01_anc_mount_chs_chaos_sorcerer_lord_fire_chaos_steedwh_main_skill_chs_lord_unique_chaos_sorcerer_lord_fire_chaos_steed">
<ancillary>wh_dlc01_anc_mount_chs_chaos_sorcerer_lord_fire_chaos_steed</ancillary>
<required_skill>wh_main_skill_chs_lord_unique_chaos_sorcerer_lord_fire_chaos_steed</required_skill>
<required_skill_level>1</required_skill_level>
</ancillaries_required_skills>
<ancillaries_required_skills record_uuid="{4069248c-5796-43f0-a0f0-f7a6657f2f06}" record_timestamp="1434454068925" record_key="wh_dlc01_anc_mount_chs_chaos_sorcerer_lord_fire_dragonwh_main_skill_chs_lord_unique_chaos_sorcerer_lord_fire_chaos_dragon">
<ancillary>wh_dlc01_anc_mount_chs_chaos_sorcerer_lord_fire_dragon</ancillary>
<required_skill>wh_main_skill_chs_lord_unique_chaos_sorcerer_lord_fire_chaos_dragon</required_skill>
<required_skill_level>1</required_skill_level>
</ancillaries_required_skills>
<ancillaries_required_skills record_uuid="{ee329f07-c37d-4896-a1a0-2f8a3b8b0efa}" record_timestamp="1433927078046" record_key="wh_dlc01_anc_mount_chs_chaos_sorcerer_lord_fire_manticorewh_main_skill_chs_lord_unique_chaos_sorcerer_lord_fire_manticore">
<ancillary>wh_dlc01_anc_mount_chs_chaos_sorcerer_lord_fire_manticore</ancillary>
<required_skill>wh_main_skill_chs_lord_unique_chaos_sorcerer_lord_fire_manticore</required_skill>
<required_skill_level>1</required_skill_level>
</ancillaries_required_skills>
<ancillaries_required_skills record_uuid="{1e6f92cb-ebfc-413a-979e-38415fc34025}" record_timestamp="1448619893853" record_key="wh_dlc01_anc_mount_chs_chaos_sorcerer_lord_metal_barded_chaos_steedwh_main_skill_chs_lord_unique_chaos_sorcerer_lord_metal_chaos_steed">
<ancillary>wh_dlc01_anc_mount_chs_chaos_sorcerer_lord_metal_barded_chaos_steed</ancillary>
<required_skill>wh_main_skill_chs_lord_unique_chaos_sorcerer_lord_metal_chaos_steed</required_skill>
<required_skill_level>2</required_skill_level>
</ancillaries_required_skills>
<ancillaries_required_skills record_uuid="{e93419ff-1355-44a1-b41c-d160fb47873d}" record_timestamp="1433926976452" record_key="wh_dlc01_anc_mount_chs_chaos_sorcerer_lord_metal_chaos_steedwh_main_skill_chs_lord_unique_chaos_sorcerer_lord_metal_chaos_steed">
<ancillary>wh_dlc01_anc_mount_chs_chaos_sorcerer_lord_metal_chaos_steed</ancillary>
<required_skill>wh_main_skill_chs_lord_unique_chaos_sorcerer_lord_metal_chaos_steed</required_skill>
<required_skill_level>1</required_skill_level>
</ancillaries_required_skills>
<ancillaries_required_skills record_uuid="{b4ff1a70-0687-4764-b40c-ad998f1d23bc}" record_timestamp="1434454068927" record_key="wh_dlc01_anc_mount_chs_chaos_sorcerer_lord_metal_dragonwh_main_skill_chs_lord_unique_chaos_sorcerer_lord_metal_chaos_dragon">
<ancillary>wh_dlc01_anc_mount_chs_chaos_sorcerer_lord_metal_dragon</ancillary>
<required_skill>wh_main_skill_chs_lord_unique_chaos_sorcerer_lord_metal_chaos_dragon</required_skill>
<required_skill_level>1</required_skill_level>
</ancillaries_required_skills>
<ancillaries_required_skills record_uuid="{7bdb3e09-c09a-4933-adf4-a72c8d507a5c}" record_timestamp="1433926976630" record_key="wh_dlc01_anc_mount_chs_chaos_sorcerer_lord_metal_manticorewh_main_skill_chs_lord_unique_chaos_sorcerer_lord_metal_manticore">
<ancillary>wh_dlc01_anc_mount_chs_chaos_sorcerer_lord_metal_manticore</ancillary>
<required_skill>wh_main_skill_chs_lord_unique_chaos_sorcerer_lord_metal_manticore</required_skill>
<required_skill_level>1</required_skill_level>
</ancillaries_required_skills>
<ancillaries_required_skills record_uuid="{a0582c45-b301-45af-b999-e8a84822b1b1}" record_timestamp="1433926353650" record_key="wh_dlc01_anc_mount_chs_exalted_hero_manticorewh_main_skill_chs_champion_unique_exalted_hero_manticore">
<ancillary>wh_dlc01_anc_mount_chs_exalted_hero_manticore</ancillary>
<required_skill>wh_main_skill_chs_champion_unique_exalted_hero_manticore</required_skill>
<required_skill_level>1</required_skill_level>
</ancillaries_required_skills>
<ancillaries_required_skills record_uuid="{dd816b0a-6c49-45fd-9db0-ab69f5882d8b}" record_timestamp="1433926975295" record_key="wh_dlc01_anc_mount_nor_chaos_sorcerer_lord_warhorsewh_main_skill_nor_lord_unique_chaos_sorcerer_lord_warhorse">
<ancillary>wh_dlc01_anc_mount_nor_chaos_sorcerer_lord_warhorse</ancillary>
<required_skill>wh_main_skill_nor_lord_unique_chaos_sorcerer_lord_warhorse</required_skill>
<required_skill_level>1</required_skill_level>
</ancillaries_required_skills>
<ancillaries_required_skills record_uuid="{8e729e04-5532-4207-b50d-43675e75563f}" record_timestamp="1463480569591" record_key="wh_dlc03_anc_mount_emp_amber_wizard_barded_warhorsewh_dlc03_skill_emp_wizard_unique_amber_wizard_warhorse">
<ancillary>wh_dlc03_anc_mount_emp_amber_wizard_barded_warhorse</ancillary>
<required_skill>wh_dlc03_skill_emp_wizard_unique_amber_wizard_warhorse</required_skill>
<required_skill_level>2</required_skill_level>
</ancillaries_required_skills>
<ancillaries_required_skills record_uuid="{f4f5a3c9-7e42-4cfa-b803-76fb5114ecdb}" record_timestamp="1463480569508" record_key="wh_dlc03_anc_mount_emp_amber_wizard_imperial_griffonwh_dlc03_skill_emp_wizard_unique_amber_wizard_imperial_griffon">
<ancillary>wh_dlc03_anc_mount_emp_amber_wizard_imperial_griffon</ancillary>
<required_skill>wh_dlc03_skill_emp_wizard_unique_amber_wizard_imperial_griffon</required_skill>
<required_skill_level>1</required_skill_level>
</ancillaries_required_skills>
<ancillaries_required_skills record_uuid="{692311fd-5326-4ed6-904c-90eb757403b9}" record_timestamp="1463480569633" record_key="wh_dlc03_anc_mount_emp_amber_wizard_imperial_pegasuswh_dlc03_skill_emp_wizard_unique_amber_wizard_imperial_pegasus">
<ancillary>wh_dlc03_anc_mount_emp_amber_wizard_imperial_pegasus</ancillary>
<required_skill>wh_dlc03_skill_emp_wizard_unique_amber_wizard_imperial_pegasus</required_skill>
<required_skill_level>1</required_skill_level>
</ancillaries_required_skills>
<ancillaries_required_skills record_uuid="{a3b7377b-7ffa-4d1e-8731-07e8bddf13d6}" record_timestamp="1463480569550" record_key="wh_dlc03_anc_mount_emp_amber_wizard_warhorsewh_dlc03_skill_emp_wizard_unique_amber_wizard_warhorse">
<ancillary>wh_dlc03_anc_mount_emp_amber_wizard_warhorse</ancillary>
<required_skill>wh_dlc03_skill_emp_wizard_unique_amber_wizard_warhorse</required_skill>
<required_skill_level>1</required_skill_level>
</ancillaries_required_skills>
<ancillaries_required_skills record_uuid="{74a57e9c-efb7-41d1-89c1-aaef29ed149e}" record_timestamp="1469792179568" record_key="wh_dlc03_anc_mount_emp_boris_todbringer_barded_warhorsewh_dlc03_skill_emp_lord_unique_boris_todbringer_barded_warhorse">
<ancillary>wh_dlc03_anc_mount_emp_boris_todbringer_barded_warhorse</ancillary>
<required_skill>wh_dlc03_skill_emp_lord_unique_boris_todbringer_barded_warhorse</required_skill>
<required_skill_level>1</required_skill_level>
</ancillaries_required_skills>
<ancillaries_required_skills record_uuid="{8232a31d-7ddb-4aa4-94ef-526a085f3977}" record_timestamp="1469779614243" record_key="wh_dlc04_anc_mount_emp_arch_lector_barded_warhorsewh_dlc04_skill_emp_lord_unique_arch_lector_warhorse">
<ancillary>wh_dlc04_anc_mount_emp_arch_lector_barded_warhorse</ancillary>
<required_skill>wh_dlc04_skill_emp_lord_unique_arch_lector_warhorse</required_skill>
<required_skill_level>2</required_skill_level>
</ancillaries_required_skills>
<ancillaries_required_skills record_uuid="{a8da45db-cead-42d7-a7f5-37c0954d7b69}" record_timestamp="1469779614223" record_key="wh_dlc04_anc_mount_emp_arch_lector_warhorsewh_dlc04_skill_emp_lord_unique_arch_lector_warhorse">
<ancillary>wh_dlc04_anc_mount_emp_arch_lector_warhorse</ancillary>
<required_skill>wh_dlc04_skill_emp_lord_unique_arch_lector_warhorse</required_skill>
<required_skill_level>1</required_skill_level>
</ancillaries_required_skills>
<ancillaries_required_skills record_uuid="{2ea2341a-e8ac-4090-ad18-c7ac2c22f570}" record_timestamp="1468333838966" record_key="wh_dlc04_anc_mount_emp_volkmar_the_grim_altar_of_sigmarwh_dlc04_skill_emp_lord_unique_volkmar_the_grim_altar_of_sigmar">
<ancillary>wh_dlc04_anc_mount_emp_volkmar_the_grim_altar_of_sigmar</ancillary>
<required_skill>wh_dlc04_skill_emp_lord_unique_volkmar_the_grim_altar_of_sigmar</required_skill>
<required_skill_level>1</required_skill_level>
</ancillaries_required_skills>
<ancillaries_required_skills record_uuid="{a92b3ea4-f85f-4a83-8068-de2084f425e8}" record_timestamp="1468334112199" record_key="wh_dlc04_anc_mount_emp_volkmar_the_grim_barded_warhorsewh_dlc04_skill_emp_lord_unique_volkmar_the_grim_warhorse">
<ancillary>wh_dlc04_anc_mount_emp_volkmar_the_grim_barded_warhorse</ancillary>
<required_skill>wh_dlc04_skill_emp_lord_unique_volkmar_the_grim_warhorse</required_skill>
<required_skill_level>2</required_skill_level>
</ancillaries_required_skills>
<ancillaries_required_skills record_uuid="{166d44d5-ac47-4363-95a9-f61d954d554c}" record_timestamp="1468334112168" record_key="wh_dlc04_anc_mount_emp_volkmar_the_grim_warhorsewh_dlc04_skill_emp_lord_unique_volkmar_the_grim_warhorse">
<ancillary>wh_dlc04_anc_mount_emp_volkmar_the_grim_warhorse</ancillary>
<required_skill>wh_dlc04_skill_emp_lord_unique_volkmar_the_grim_warhorse</required_skill>
<required_skill_level>1</required_skill_level>
</ancillaries_required_skills>
<ancillaries_required_skills record_uuid="{6c4c9c9d-3ac2-41cc-8762-1c5f6285f58a}" record_timestamp="1468334711548" record_key="wh_dlc04_anc_mount_vmp_helman_ghorst_corpse_cartwh_dlc04_skill_vmp_lord_unique_helman_ghorst_corpse_cart">
<ancillary>wh_dlc04_anc_mount_vmp_helman_ghorst_corpse_cart</ancillary>
<required_skill>wh_dlc04_skill_vmp_lord_unique_helman_ghorst_corpse_cart</required_skill>
<required_skill_level>1</required_skill_level>
</ancillaries_required_skills>
<ancillaries_required_skills record_uuid="{aac6c8a3-bf3f-460b-87e6-3878a8004412}" record_timestamp="1470817600228" record_key="wh_dlc04_anc_mount_vmp_master_necromancer_corpse_cart_balefirewh_dlc04_skill_vmp_lord_unique_necromancer_corpse_cart_balefire">
<ancillary>wh_dlc04_anc_mount_vmp_master_necromancer_corpse_cart_balefire</ancillary>
<required_skill>wh_dlc04_skill_vmp_lord_unique_necromancer_corpse_cart_balefire</required_skill>
<required_skill_level>1</required_skill_level>
</ancillaries_required_skills>
<ancillaries_required_skills record_uuid="{8db6c894-a02c-4c14-9335-219aa8bd797b}" record_timestamp="1470817600230" record_key="wh_dlc04_anc_mount_vmp_master_necromancer_corpse_cart_unholy_lodestonewh_dlc04_skill_vmp_lord_unique_necromancer_corpse_cart_lodestone">
<ancillary>wh_dlc04_anc_mount_vmp_master_necromancer_corpse_cart_unholy_lodestone</ancillary>
<required_skill>wh_dlc04_skill_vmp_lord_unique_necromancer_corpse_cart_lodestone</required_skill>
<required_skill_level>1</required_skill_level>
</ancillaries_required_skills>
<ancillaries_required_skills record_uuid="{c74a22b2-9238-4e78-a001-126bc80b0cbf}" record_timestamp="1470817600078" record_key="wh_dlc04_anc_mount_vmp_master_necromancer_corpse_cartwh_dlc04_skill_vmp_lord_unique_necromancer_corpse_cart">
<ancillary>wh_dlc04_anc_mount_vmp_master_necromancer_corpse_cart</ancillary>
<required_skill>wh_dlc04_skill_vmp_lord_unique_necromancer_corpse_cart</required_skill>
<required_skill_level>1</required_skill_level>
</ancillaries_required_skills>
<ancillaries_required_skills record_uuid="{54845457-7540-42db-879d-158809147b8d}" record_timestamp="1470817600232" record_key="wh_dlc04_anc_mount_vmp_necromancer_corpse_cart_balefirewh_dlc04_skill_vmp_wizard_unique_necromancer_corpse_cart_balefire">
<ancillary>wh_dlc04_anc_mount_vmp_necromancer_corpse_cart_balefire</ancillary>
<required_skill>wh_dlc04_skill_vmp_wizard_unique_necromancer_corpse_cart_balefire</required_skill>
<required_skill_level>1</required_skill_level>
</ancillaries_required_skills>
<ancillaries_required_skills record_uuid="{ba9cdd69-9b81-4642-83be-1f22197eaec6}" record_timestamp="1470817600233" record_key="wh_dlc04_anc_mount_vmp_necromancer_corpse_cart_unholy_lodestonewh_dlc04_skill_vmp_wizard_unique_necromancer_corpse_cart_lodestone">
<ancillary>wh_dlc04_anc_mount_vmp_necromancer_corpse_cart_unholy_lodestone</ancillary>
<required_skill>wh_dlc04_skill_vmp_wizard_unique_necromancer_corpse_cart_lodestone</required_skill>
<required_skill_level>1</required_skill_level>
</ancillaries_required_skills>
<ancillaries_required_skills record_uuid="{e5427ef9-1b39-4005-8133-37d9e2b44467}" record_timestamp="1470817600231" record_key="wh_dlc04_anc_mount_vmp_necromancer_corpse_cartwh_dlc04_skill_vmp_wizard_unique_necromancer_corpse_cart">
<ancillary>wh_dlc04_anc_mount_vmp_necromancer_corpse_cart</ancillary>
<required_skill>wh_dlc04_skill_vmp_wizard_unique_necromancer_corpse_cart</required_skill>
<required_skill_level>1</required_skill_level>
</ancillaries_required_skills>
<ancillaries_required_skills record_uuid="{1cd87562-7335-4e2c-ae87-aecee67442e8}" record_timestamp="1468335730709" record_key="wh_dlc04_anc_mount_vmp_strigoi_ghoul_king_terrorgheistwh_dlc04_skill_vmp_lord_unique_strigoi_ghoul_king_terrorgheist">
<ancillary>wh_dlc04_anc_mount_vmp_strigoi_ghoul_king_terrorgheist</ancillary>
<required_skill>wh_dlc04_skill_vmp_lord_unique_strigoi_ghoul_king_terrorgheist</required_skill>
<required_skill_level>1</required_skill_level>
</ancillaries_required_skills>
<ancillaries_required_skills record_uuid="{46390212-49e0-4139-b982-9cfdbfb9b12c}" record_timestamp="1448619893873" record_key="wh_main_anc_mount_brt_damsel_barded_warhorsewh_main_skill_brt_wizard_unique_damsel_warhorse">
<ancillary>wh_main_anc_mount_brt_damsel_barded_warhorse</ancillary>
<required_skill>wh_main_skill_brt_wizard_unique_damsel_warhorse</required_skill>
<required_skill_level>2</required_skill_level>
</ancillaries_required_skills>
<ancillaries_required_skills record_uuid="{763af158-33ec-4f89-b6e2-35dd341e6927}" record_timestamp="1432913522446" record_key="wh_main_anc_mount_brt_damsel_warhorsewh_main_skill_brt_wizard_unique_damsel_warhorse">
<ancillary>wh_main_anc_mount_brt_damsel_warhorse</ancillary>
<required_skill>wh_main_skill_brt_wizard_unique_damsel_warhorse</required_skill>
<required_skill_level>1</required_skill_level>
</ancillaries_required_skills>
<ancillaries_required_skills record_uuid="{57dcb03a-dc14-499d-9669-9a8d0cce2707}" record_timestamp="1448619894383" record_key="wh_main_anc_mount_brt_general_barded_warhorsewh_main_skill_brt_lord_unique_general_barded_warhorse">
<ancillary>wh_main_anc_mount_brt_general_barded_warhorse</ancillary>
<required_skill>wh_main_skill_brt_lord_unique_general_barded_warhorse</required_skill>
<required_skill_level>1</required_skill_level>
</ancillaries_required_skills>
<ancillaries_required_skills record_uuid="{9ff04f8d-8906-4ee4-bf95-64d839fb4c40}" record_timestamp="1432913522071" record_key="wh_main_anc_mount_brt_general_hippogryphwh_main_skill_brt_lord_unique_general_hippogryph">
<ancillary>wh_main_anc_mount_brt_general_hippogryph</ancillary>
<required_skill>wh_main_skill_brt_lord_unique_general_hippogryph</required_skill>
<required_skill_level>1</required_skill_level>
</ancillaries_required_skills>
<ancillaries_required_skills record_uuid="{4e44754a-925a-4e01-9c6c-54ddd19257a5}" record_timestamp="1432913522024" record_key="wh_main_anc_mount_brt_general_royal_pegasuswh_main_skill_brt_lord_unique_general_royal_pegasus">
<ancillary>wh_main_anc_mount_brt_general_royal_pegasus</ancillary>
<required_skill>wh_main_skill_brt_lord_unique_general_royal_pegasus</required_skill>
<required_skill_level>1</required_skill_level>
</ancillaries_required_skills>
<ancillaries_required_skills record_uuid="{9e0566c8-4386-4612-8fd2-56be5c41609d}" record_timestamp="1433933622533" record_key="wh_main_anc_mount_brt_louen_beaquiswh_main_skill_brt_lord_unique_louen_beaquis">
<ancillary>wh_main_anc_mount_brt_louen_beaquis</ancillary>
<required_skill>wh_main_skill_brt_lord_unique_louen_beaquis</required_skill>
<required_skill_level>1</required_skill_level>
</ancillaries_required_skills>
<ancillaries_required_skills record_uuid="{dabf11db-4264-4005-9136-97c551558693}" record_timestamp="1449050927104" record_key="wh_main_anc_mount_brt_louen_royal_pegasuswh_main_skill_brt_lord_unique_louen_royal_pegasus">
<ancillary>wh_main_anc_mount_brt_louen_royal_pegasus</ancillary>
<required_skill>wh_main_skill_brt_lord_unique_louen_royal_pegasus</required_skill>
<required_skill_level>1</required_skill_level>
</ancillaries_required_skills>
<ancillaries_required_skills record_uuid="{47ef87f3-fed4-4aef-98a4-5abfcff79f5c}" record_timestamp="1448619894363" record_key="wh_main_anc_mount_brt_paladin_barded_warhorsewh_main_skill_brt_champion_unique_paladin_barded_warhorse">
<ancillary>wh_main_anc_mount_brt_paladin_barded_warhorse</ancillary>
<required_skill>wh_main_skill_brt_champion_unique_paladin_barded_warhorse</required_skill>
<required_skill_level>1</required_skill_level>
</ancillaries_required_skills>
<ancillaries_required_skills record_uuid="{e9e4aef7-b899-49de-9703-ed9858f9beaf}" record_timestamp="1434454069076" record_key="wh_main_anc_mount_brt_paladin_pegasuswh_main_skill_brt_champion_unique_paladin_pegasus">
<ancillary>wh_main_anc_mount_brt_paladin_pegasus</ancillary>
<required_skill>wh_main_skill_brt_champion_unique_paladin_pegasus</required_skill>
<required_skill_level>1</required_skill_level>
</ancillaries_required_skills>
<ancillaries_required_skills record_uuid="{37fe63fc-22f4-4934-ab03-309854de2a1c}" record_timestamp="1434441546821" record_key="wh_main_anc_mount_chs_archaon_dorgharwh_main_skill_chs_lord_unique_archaon_dorghar">
<ancillary>wh_main_anc_mount_chs_archaon_dorghar</ancillary>
<required_skill>wh_main_skill_chs_lord_unique_archaon_dorghar</required_skill>
<required_skill_level>1</required_skill_level>
</ancillaries_required_skills>
<ancillaries_required_skills record_uuid="{fbcae00e-c26d-440e-a2a7-4f80675506e4}" record_timestamp="1448619893923" record_key="wh_main_anc_mount_chs_chaos_lord_barded_chaos_steedwh_main_skill_chs_lord_unique_chaos_lord_chaos_steed">
<ancillary>wh_main_anc_mount_chs_chaos_lord_barded_chaos_steed</ancillary>
<required_skill>wh_main_skill_chs_lord_unique_chaos_lord_chaos_steed</required_skill>
<required_skill_level>2</required_skill_level>
</ancillaries_required_skills>
<ancillaries_required_skills record_uuid="{08d4ed97-d871-4484-9b3a-2e7f3cd88e49}" record_timestamp="1432913522680" record_key="wh_main_anc_mount_chs_chaos_lord_chaos_steedwh_main_skill_chs_lord_unique_chaos_lord_chaos_steed">
<ancillary>wh_main_anc_mount_chs_chaos_lord_chaos_steed</ancillary>
<required_skill>wh_main_skill_chs_lord_unique_chaos_lord_chaos_steed</required_skill>
<required_skill_level>1</required_skill_level>
</ancillaries_required_skills>
<ancillaries_required_skills record_uuid="{a4762d7c-22d2-49a7-9480-c6d8ed9d1f64}" record_timestamp="1448619893933" record_key="wh_main_anc_mount_chs_chaos_sorcerer_death_barded_chaos_steedwh_main_skill_chs_wizard_unique_chaos_sorcerer_death_chaos_steed">
<ancillary>wh_main_anc_mount_chs_chaos_sorcerer_death_barded_chaos_steed</ancillary>
<required_skill>wh_main_skill_chs_wizard_unique_chaos_sorcerer_death_chaos_steed</required_skill>
<required_skill_level>2</required_skill_level>
</ancillaries_required_skills>
<ancillaries_required_skills record_uuid="{3b2f5936-1ee8-484e-ae5a-1dceaf1b730b}" record_timestamp="1433925645731" record_key="wh_main_anc_mount_chs_chaos_sorcerer_death_chaos_steedwh_main_skill_chs_wizard_unique_chaos_sorcerer_death_chaos_steed">
<ancillary>wh_main_anc_mount_chs_chaos_sorcerer_death_chaos_steed</ancillary>
<required_skill>wh_main_skill_chs_wizard_unique_chaos_sorcerer_death_chaos_steed</required_skill>
<required_skill_level>1</required_skill_level>
</ancillaries_required_skills>
<ancillaries_required_skills record_uuid="{2dd822b9-14fa-4eb0-95ad-b75eb8e8f11e}" record_timestamp="1448619893953" record_key="wh_main_anc_mount_chs_chaos_sorcerer_fire_barded_chaos_steedwh_main_skill_chs_wizard_unique_chaos_sorcerer_fire_chaos_steed">
<ancillary>wh_main_anc_mount_chs_chaos_sorcerer_fire_barded_chaos_steed</ancillary>
<required_skill>wh_main_skill_chs_wizard_unique_chaos_sorcerer_fire_chaos_steed</required_skill>
<required_skill_level>2</required_skill_level>
</ancillaries_required_skills>
<ancillaries_required_skills record_uuid="{1d02b1b0-fe98-4023-a55c-31a5e7ff441e}" record_timestamp="1433925730597" record_key="wh_main_anc_mount_chs_chaos_sorcerer_fire_chaos_steedwh_main_skill_chs_wizard_unique_chaos_sorcerer_fire_chaos_steed">
<ancillary>wh_main_anc_mount_chs_chaos_sorcerer_fire_chaos_steed</ancillary>
<required_skill>wh_main_skill_chs_wizard_unique_chaos_sorcerer_fire_chaos_steed</required_skill>
<required_skill_level>1</required_skill_level>
</ancillaries_required_skills>
<ancillaries_required_skills record_uuid="{ffdbf8a5-3aae-469c-ab36-723b5f1acf47}" record_timestamp="1448619893973" record_key="wh_main_anc_mount_chs_chaos_sorcerer_metal_barded_chaos_steedwh_main_skill_chs_wizard_unique_chaos_sorcerer_metal_chaos_steed">
<ancillary>wh_main_anc_mount_chs_chaos_sorcerer_metal_barded_chaos_steed</ancillary>
<required_skill>wh_main_skill_chs_wizard_unique_chaos_sorcerer_metal_chaos_steed</required_skill>
<required_skill_level>2</required_skill_level>
</ancillaries_required_skills>
<ancillaries_required_skills record_uuid="{8db8f946-b80c-4d71-9ebf-1d58034f99f4}" record_timestamp="1433925730295" record_key="wh_main_anc_mount_chs_chaos_sorcerer_metal_chaos_steedwh_main_skill_chs_wizard_unique_chaos_sorcerer_metal_chaos_steed">
<ancillary>wh_main_anc_mount_chs_chaos_sorcerer_metal_chaos_steed</ancillary>
<required_skill>wh_main_skill_chs_wizard_unique_chaos_sorcerer_metal_chaos_steed</required_skill>
<required_skill_level>1</required_skill_level>
</ancillaries_required_skills>
<ancillaries_required_skills record_uuid="{8864cd09-0cc7-4850-bf3c-5c222037ed57}" record_timestamp="1447845141939" record_key="wh_main_anc_mount_chs_exalted_hero_barded_chaos_steedwh_main_skill_chs_champion_unique_exalted_hero_chaos_steed">
<ancillary>wh_main_anc_mount_chs_exalted_hero_barded_chaos_steed</ancillary>
<required_skill>wh_main_skill_chs_champion_unique_exalted_hero_chaos_steed</required_skill>
<required_skill_level>2</required_skill_level>
</ancillaries_required_skills>
<ancillaries_required_skills record_uuid="{400504dc-cc15-4e1b-aab4-5aea306bf413}" record_timestamp="1432913521563" record_key="wh_main_anc_mount_chs_exalted_hero_chaos_steedwh_main_skill_chs_champion_unique_exalted_hero_chaos_steed">
<ancillary>wh_main_anc_mount_chs_exalted_hero_chaos_steed</ancillary>
<required_skill>wh_main_skill_chs_champion_unique_exalted_hero_chaos_steed</required_skill>
<required_skill_level>1</required_skill_level>
</ancillaries_required_skills>
<ancillaries_required_skills record_uuid="{f081f047-98f1-4773-b6aa-d81e1c1018ab}" record_timestamp="1432913521841" record_key="wh_main_anc_mount_emp_balthasar_imperial_pegasuswh_main_skill_emp_lord_unique_balthasar_imperial_pegasus">
<ancillary>wh_main_anc_mount_emp_balthasar_imperial_pegasus</ancillary>
<required_skill>wh_main_skill_emp_lord_unique_balthasar_imperial_pegasus</required_skill>
<required_skill_level>1</required_skill_level>
</ancillaries_required_skills>
<ancillaries_required_skills record_uuid="{5e57df39-7e88-40d1-8955-413a6ee61470}" record_timestamp="1448619893993" record_key="wh_main_anc_mount_emp_bright_wizard_barded_warhorsewh_main_skill_emp_wizard_unique_bright_wizard_warhorse">
<ancillary>wh_main_anc_mount_emp_bright_wizard_barded_warhorse</ancillary>
<required_skill>wh_main_skill_emp_wizard_unique_bright_wizard_warhorse</required_skill>
<required_skill_level>2</required_skill_level>
</ancillaries_required_skills>
<ancillaries_required_skills record_uuid="{aafb204e-116c-4aec-a0d1-8ab9d24e8ad7}" record_timestamp="1457629114178" record_key="wh_main_anc_mount_emp_bright_wizard_imperial_pegasuswh_main_skill_emp_wizard_unique_bright_wizard_imperial_pegasus">
<ancillary>wh_main_anc_mount_emp_bright_wizard_imperial_pegasus</ancillary>
<required_skill>wh_main_skill_emp_wizard_unique_bright_wizard_imperial_pegasus</required_skill>
<required_skill_level>1</required_skill_level>
</ancillaries_required_skills>
<ancillaries_required_skills record_uuid="{38102ed8-7d9c-40ee-b14c-1aec9b191833}" record_timestamp="1432913521932" record_key="wh_main_anc_mount_emp_bright_wizard_warhorsewh_main_skill_emp_wizard_unique_bright_wizard_warhorse">
<ancillary>wh_main_anc_mount_emp_bright_wizard_warhorse</ancillary>
<required_skill>wh_main_skill_emp_wizard_unique_bright_wizard_warhorse</required_skill>
<required_skill_level>1</required_skill_level>
</ancillaries_required_skills>
<ancillaries_required_skills record_uuid="{5be34272-e953-4dfa-ae67-107f52066be1}" record_timestamp="1448619894013" record_key="wh_main_anc_mount_emp_captain_barded_warhorsewh_main_skill_emp_champion_unique_captain_warhorse">
<ancillary>wh_main_anc_mount_emp_captain_barded_warhorse</ancillary>
<required_skill>wh_main_skill_emp_champion_unique_captain_warhorse</required_skill>
<required_skill_level>2</required_skill_level>
</ancillaries_required_skills>
<ancillaries_required_skills record_uuid="{42e62593-299d-429d-94f9-ee1f5f2da884}" record_timestamp="1432913521656" record_key="wh_main_anc_mount_emp_captain_imperial_pegasuswh_main_skill_emp_champion_unique_captain_imperial_pegasus">
<ancillary>wh_main_anc_mount_emp_captain_imperial_pegasus</ancillary>
<required_skill>wh_main_skill_emp_champion_unique_captain_imperial_pegasus</required_skill>
<required_skill_level>1</required_skill_level>
</ancillaries_required_skills>
<ancillaries_required_skills record_uuid="{a89ac052-be50-434e-b1d3-8d309f666dff}" record_timestamp="1432913521795" record_key="wh_main_anc_mount_emp_captain_warhorsewh_main_skill_emp_champion_unique_captain_warhorse">
<ancillary>wh_main_anc_mount_emp_captain_warhorse</ancillary>
<required_skill>wh_main_skill_emp_champion_unique_captain_warhorse</required_skill>
<required_skill_level>1</required_skill_level>
</ancillaries_required_skills>
<ancillaries_required_skills record_uuid="{5008f63c-fed8-400b-b52a-deaa07a2415d}" record_timestamp="1448619894033" record_key="wh_main_anc_mount_emp_celestial_wizard_barded_warhorsewh_main_skill_emp_wizard_unique_celestial_wizard_warhorse">
<ancillary>wh_main_anc_mount_emp_celestial_wizard_barded_warhorse</ancillary>
<required_skill>wh_main_skill_emp_wizard_unique_celestial_wizard_warhorse</required_skill>
<required_skill_level>2</required_skill_level>
</ancillaries_required_skills>
<ancillaries_required_skills record_uuid="{e08af882-e4ef-49f8-9319-3169ab295f28}" record_timestamp="1457629114153" record_key="wh_main_anc_mount_emp_celestial_wizard_imperial_pegasuswh_main_skill_emp_wizard_unique_celestial_wizard_imperial_pegasus">
<ancillary>wh_main_anc_mount_emp_celestial_wizard_imperial_pegasus</ancillary>
<required_skill>wh_main_skill_emp_wizard_unique_celestial_wizard_imperial_pegasus</required_skill>
<required_skill_level>1</required_skill_level>
</ancillaries_required_skills>
<ancillaries_required_skills record_uuid="{b18337c3-ec41-456c-b0c2-fe0a8f41d917}" record_timestamp="1432913523880" record_key="wh_main_anc_mount_emp_celestial_wizard_warhorsewh_main_skill_emp_wizard_unique_celestial_wizard_warhorse">
<ancillary>wh_main_anc_mount_emp_celestial_wizard_warhorse</ancillary>
<required_skill>wh_main_skill_emp_wizard_unique_celestial_wizard_warhorse</required_skill>
<required_skill_level>1</required_skill_level>
</ancillaries_required_skills>
<ancillaries_required_skills record_uuid="{e3a43495-0700-437c-836c-93db443f4165}" record_timestamp="1448619893803" record_key="wh_main_anc_mount_emp_general_barded_warhorsewh_main_skill_emp_lord_unique_general_warhorse">
<ancillary>wh_main_anc_mount_emp_general_barded_warhorse</ancillary>
<required_skill>wh_main_skill_emp_lord_unique_general_warhorse</required_skill>
<required_skill_level>2</required_skill_level>
</ancillaries_required_skills>
<ancillaries_required_skills record_uuid="{6f7eff00-c2af-4f63-996a-d6c61463d824}" record_timestamp="1432913523979" record_key="wh_main_anc_mount_emp_general_imperial_griffonwh_main_skill_emp_lord_unique_general_imperial_griffon">
<ancillary>wh_main_anc_mount_emp_general_imperial_griffon</ancillary>
<required_skill>wh_main_skill_emp_lord_unique_general_imperial_griffon</required_skill>
<required_skill_level>1</required_skill_level>
</ancillaries_required_skills>
<ancillaries_required_skills record_uuid="{bb85cefa-6ddb-4e3e-bb33-382e20caf809}" record_timestamp="1432913523930" record_key="wh_main_anc_mount_emp_general_imperial_pegasuswh_main_skill_emp_lord_unique_general_imperial_pegasus">
<ancillary>wh_main_anc_mount_emp_general_imperial_pegasus</ancillary>
<required_skill>wh_main_skill_emp_lord_unique_general_imperial_pegasus</required_skill>
<required_skill_level>1</required_skill_level>
</ancillaries_required_skills>
<ancillaries_required_skills record_uuid="{a83c2ad3-713d-4cb9-aa9a-cfafca81074b}" record_timestamp="1432913523678" record_key="wh_main_anc_mount_emp_general_warhorsewh_main_skill_emp_lord_unique_general_warhorse">
<ancillary>wh_main_anc_mount_emp_general_warhorse</ancillary>
<required_skill>wh_main_skill_emp_lord_unique_general_warhorse</required_skill>
<required_skill_level>1</required_skill_level>
</ancillaries_required_skills>
<ancillaries_required_skills record_uuid="{e30a15a6-e97b-4e76-9880-31f69f052aa0}" record_timestamp="1448619893783" record_key="wh_main_anc_mount_emp_karl_franz_barded_warhorsewh_main_skill_emp_lord_unique_karl_franz_warhorse">
<ancillary>wh_main_anc_mount_emp_karl_franz_barded_warhorse</ancillary>
<required_skill>wh_main_skill_emp_lord_unique_karl_franz_warhorse</required_skill>
<required_skill_level>2</required_skill_level>
</ancillaries_required_skills>
<ancillaries_required_skills record_uuid="{1bf12db6-b905-4e23-b353-5fe2940b2894}" record_timestamp="1432913523779" record_key="wh_main_anc_mount_emp_karl_franz_deathclawwh_main_skill_emp_lord_unique_karl_franz_deathclaw">
<ancillary>wh_main_anc_mount_emp_karl_franz_deathclaw</ancillary>
<required_skill>wh_main_skill_emp_lord_unique_karl_franz_deathclaw</required_skill>
<required_skill_level>1</required_skill_level>
</ancillaries_required_skills>
<ancillaries_required_skills record_uuid="{60b4081c-7bd9-48a5-82ab-79ae1a38b826}" record_timestamp="1432913523728" record_key="wh_main_anc_mount_emp_karl_franz_imperial_pegasuswh_main_skill_emp_lord_unique_karl_franz_imperial_pegasus">
<ancillary>wh_main_anc_mount_emp_karl_franz_imperial_pegasus</ancillary>
<required_skill>wh_main_skill_emp_lord_unique_karl_franz_imperial_pegasus</required_skill>
<required_skill_level>1</required_skill_level>
</ancillaries_required_skills>
<ancillaries_required_skills record_uuid="{cebfe47a-69d3-4d36-b7be-aba036b2688b}" record_timestamp="1432913521149" record_key="wh_main_anc_mount_emp_karl_franz_warhorsewh_main_skill_emp_lord_unique_karl_franz_warhorse">
<ancillary>wh_main_anc_mount_emp_karl_franz_warhorse</ancillary>
<required_skill>wh_main_skill_emp_lord_unique_karl_franz_warhorse</required_skill>
<required_skill_level>1</required_skill_level>
</ancillaries_required_skills>
<ancillaries_required_skills record_uuid="{79b293f6-01f5-49a7-ae6b-ca6282e4d566}" record_timestamp="1448619894053" record_key="wh_main_anc_mount_emp_light_wizard_barded_warhorsewh_main_skill_emp_wizard_unique_light_wizard_warhorse">
<ancillary>wh_main_anc_mount_emp_light_wizard_barded_warhorse</ancillary>
<required_skill>wh_main_skill_emp_wizard_unique_light_wizard_warhorse</required_skill>
<required_skill_level>2</required_skill_level>
</ancillaries_required_skills>
<ancillaries_required_skills record_uuid="{cf228892-7eaf-4075-adc5-8959739d2531}" record_timestamp="1457629114165" record_key="wh_main_anc_mount_emp_light_wizard_imperial_pegasuswh_main_skill_emp_wizard_unique_light_wizard_imperial_pegasus">
<ancillary>wh_main_anc_mount_emp_light_wizard_imperial_pegasus</ancillary>
<required_skill>wh_main_skill_emp_wizard_unique_light_wizard_imperial_pegasus</required_skill>
<required_skill_level>1</required_skill_level>
</ancillaries_required_skills>
<ancillaries_required_skills record_uuid="{ee3ce56c-b141-4df6-a094-7fc99996a7ba}" record_timestamp="1432913521241" record_key="wh_main_anc_mount_emp_light_wizard_warhorsewh_main_skill_emp_wizard_unique_light_wizard_warhorse">
<ancillary>wh_main_anc_mount_emp_light_wizard_warhorse</ancillary>
<required_skill>wh_main_skill_emp_wizard_unique_light_wizard_warhorse</required_skill>
<required_skill_level>1</required_skill_level>
</ancillaries_required_skills>
<ancillaries_required_skills record_uuid="{271cd12b-bb7a-41bd-9e84-9e3b965c8b2f}" record_timestamp="1448619894073" record_key="wh_main_anc_mount_emp_warrior_priest_barded_warhorsewh_main_skill_emp_dignitary_unique_warrior_priest_warhorse">
<ancillary>wh_main_anc_mount_emp_warrior_priest_barded_warhorse</ancillary>
<required_skill>wh_main_skill_emp_dignitary_unique_warrior_priest_warhorse</required_skill>
<required_skill_level>2</required_skill_level>
</ancillaries_required_skills>
<ancillaries_required_skills record_uuid="{62be151f-b951-4bba-ae3c-a7e7508b454d}" record_timestamp="1432913520959" record_key="wh_main_anc_mount_emp_warrior_priest_warhorsewh_main_skill_emp_dignitary_unique_warrior_priest_warhorse">
<ancillary>wh_main_anc_mount_emp_warrior_priest_warhorse</ancillary>
<required_skill>wh_main_skill_emp_dignitary_unique_warrior_priest_warhorse</required_skill>
<required_skill_level>1</required_skill_level>
</ancillaries_required_skills>
<ancillaries_required_skills record_uuid="{422fb819-e447-45b2-9cb0-97292760396d}" record_timestamp="1432913520912" record_key="wh_main_anc_mount_grn_azhag_skullmunchawh_main_skill_grn_lord_unique_azhag_skullmuncha">
<ancillary>wh_main_anc_mount_grn_azhag_skullmuncha</ancillary>
<required_skill>wh_main_skill_grn_lord_unique_azhag_skullmuncha</required_skill>
<required_skill_level>1</required_skill_level>
</ancillaries_required_skills>
<ancillaries_required_skills record_uuid="{651870e0-79f4-4ec5-a817-c5fb18cfb94d}" record_timestamp="1432913521056" record_key="wh_main_anc_mount_grn_goblin_big_boss_giant_spiderwh_main_skill_grn_spy_unique_goblin_big_boss_giant_spider">
<ancillary>wh_main_anc_mount_grn_goblin_big_boss_giant_spider</ancillary>
<required_skill>wh_main_skill_grn_spy_unique_goblin_big_boss_giant_spider</required_skill>
<required_skill_level>1</required_skill_level>
</ancillaries_required_skills>
<ancillaries_required_skills record_uuid="{8738a447-ecf7-4df8-ae98-8283437626b3}" record_timestamp="1432913521008" record_key="wh_main_anc_mount_grn_goblin_big_boss_giant_wolfwh_main_skill_grn_spy_unique_goblin_big_boss_giant_wolf">
<ancillary>wh_main_anc_mount_grn_goblin_big_boss_giant_wolf</ancillary>
<required_skill>wh_main_skill_grn_spy_unique_goblin_big_boss_giant_wolf</required_skill>
<required_skill_level>1</required_skill_level>
</ancillaries_required_skills>
<ancillaries_required_skills record_uuid="{8197a404-96d4-4004-8466-2ca4ef5954d8}" record_timestamp="1432913523057" record_key="wh_main_anc_mount_grn_goblin_great_shaman_giant_wolfwh_main_skill_grn_lord_unique_goblin_great_shaman_giant_wolf">
<ancillary>wh_main_anc_mount_grn_goblin_great_shaman_giant_wolf</ancillary>
<required_skill>wh_main_skill_grn_lord_unique_goblin_great_shaman_giant_wolf</required_skill>
<required_skill_level>1</required_skill_level>
</ancillaries_required_skills>
<ancillaries_required_skills record_uuid="{e916a7ec-9aa7-4af5-a73c-da224b587585}" record_timestamp="1432913523152" record_key="wh_main_anc_mount_grn_orc_warboss_war_boarwh_main_skill_grn_lord_unique_orc_warboss_war_boar">
<ancillary>wh_main_anc_mount_grn_orc_warboss_war_boar</ancillary>
<required_skill>wh_main_skill_grn_lord_unique_orc_warboss_war_boar</required_skill>
<required_skill_level>1</required_skill_level>
</ancillaries_required_skills>
<ancillaries_required_skills record_uuid="{ea639f6c-2f54-4334-8c20-f0e48d2caf67}" record_timestamp="1432913522868" record_key="wh_main_anc_mount_grn_orc_warboss_wyvernwh_main_skill_grn_lord_unique_orc_warboss_wyvern">
<ancillary>wh_main_anc_mount_grn_orc_warboss_wyvern</ancillary>
<required_skill>wh_main_skill_grn_lord_unique_orc_warboss_wyvern</required_skill>
<required_skill_level>1</required_skill_level>
</ancillaries_required_skills>
<ancillaries_required_skills record_uuid="{f6ae2344-f4aa-4e28-8322-c07d40eb31c8}" record_timestamp="1432913523009" record_key="wh_main_anc_mount_grn_wizard_orc_shaman_war_boarwh_main_skill_grn_wizard_unique_orc_shaman_war_boar">
<ancillary>wh_main_anc_mount_grn_wizard_orc_shaman_war_boar</ancillary>
<required_skill>wh_main_skill_grn_wizard_unique_orc_shaman_war_boar</required_skill>
<required_skill_level>1</required_skill_level>
</ancillaries_required_skills>
<ancillaries_required_skills record_uuid="{d38c2def-2224-4dbb-a9f9-edad53233875}" record_timestamp="1448619894093" record_key="wh_main_anc_mount_ksl_captain_barded_warhorsewh_main_skill_ksl_champion_unique_captain_warhorse">
<ancillary>wh_main_anc_mount_ksl_captain_barded_warhorse</ancillary>
<required_skill>wh_main_skill_ksl_champion_unique_captain_warhorse</required_skill>
<required_skill_level>2</required_skill_level>
</ancillaries_required_skills>
<ancillaries_required_skills record_uuid="{f0d3b942-e7c3-47b5-aa3e-17273756490b}" record_timestamp="1433501753792" record_key="wh_main_anc_mount_ksl_captain_warhorsewh_main_skill_ksl_champion_unique_captain_warhorse">
<ancillary>wh_main_anc_mount_ksl_captain_warhorse</ancillary>
<required_skill>wh_main_skill_ksl_champion_unique_captain_warhorse</required_skill>
<required_skill_level>1</required_skill_level>
</ancillaries_required_skills>
<ancillaries_required_skills record_uuid="{96d445d6-109b-4056-b439-f2ca8e197176}" record_timestamp="1433773175033" record_key="wh_main_anc_mount_ksl_celestial_wizard_warhorsewh_main_skill_ksl_wizard_unique_celestial_wizard_warhorse">
<ancillary>wh_main_anc_mount_ksl_celestial_wizard_warhorse</ancillary>
<required_skill>wh_main_skill_ksl_wizard_unique_celestial_wizard_warhorse</required_skill>
<required_skill_level>1</required_skill_level>
</ancillaries_required_skills>
<ancillaries_required_skills record_uuid="{12abe996-53d0-443e-8ac6-e36f46a58ee7}" record_timestamp="1448619894113" record_key="wh_main_anc_mount_ksl_general_barded_warhorsewh_main_skill_ksl_lord_unique_general_warhorse">
<ancillary>wh_main_anc_mount_ksl_general_barded_warhorse</ancillary>
<required_skill>wh_main_skill_ksl_lord_unique_general_warhorse</required_skill>
<required_skill_level>2</required_skill_level>
</ancillaries_required_skills>
<ancillaries_required_skills record_uuid="{49a29e60-b131-49be-b724-0e3787cf0765}" record_timestamp="1433501753843" record_key="wh_main_anc_mount_ksl_general_warhorsewh_main_skill_ksl_lord_unique_general_warhorse">
<ancillary>wh_main_anc_mount_ksl_general_warhorse</ancillary>
<required_skill>wh_main_skill_ksl_lord_unique_general_warhorse</required_skill>
<required_skill_level>1</required_skill_level>
</ancillaries_required_skills>
<ancillaries_required_skills record_uuid="{f24ae04c-61f5-464c-8b4a-f92ebea0479c}" record_timestamp="1433928911699" record_key="wh_main_anc_mount_nor_chaos_sorcerer_warhorsewh_main_skill_nor_wizard_unique_chaos_sorcerer_metal_warhorse">
<ancillary>wh_main_anc_mount_nor_chaos_sorcerer_warhorse</ancillary>
<required_skill>wh_main_skill_nor_wizard_unique_chaos_sorcerer_metal_warhorse</required_skill>
<required_skill_level>1</required_skill_level>
</ancillaries_required_skills>
<ancillaries_required_skills record_uuid="{2b6abb0c-b104-4d01-8ff9-8942bb097504}" record_timestamp="1432913523487" record_key="wh_main_anc_mount_nor_marauder_chieftain_warhorsewh_main_skill_nor_lord_unique_marauder_chieftain_warhorse">
<ancillary>wh_main_anc_mount_nor_marauder_chieftain_warhorse</ancillary>
<required_skill>wh_main_skill_nor_lord_unique_marauder_chieftain_warhorse</required_skill>
<required_skill_level>1</required_skill_level>
</ancillaries_required_skills>
<ancillaries_required_skills record_uuid="{acac5cef-cfd4-406f-9103-bbc8c49a0a4b}" record_timestamp="1433501758921" record_key="wh_main_anc_mount_teb_bright_wizard_warhorsewh_main_skill_teb_wizard_unique_bright_wizard_warhorse">
<ancillary>wh_main_anc_mount_teb_bright_wizard_warhorse</ancillary>
<required_skill>wh_main_skill_teb_wizard_unique_bright_wizard_warhorse</required_skill>
<required_skill_level>1</required_skill_level>
</ancillaries_required_skills>
<ancillaries_required_skills record_uuid="{542fbcfd-e018-4a11-84cd-5fc5e78e9d7e}" record_timestamp="1448619894133" record_key="wh_main_anc_mount_teb_captain_barded_warhorsewh_main_skill_teb_champion_unique_captain_warhorse">
<ancillary>wh_main_anc_mount_teb_captain_barded_warhorse</ancillary>
<required_skill>wh_main_skill_teb_champion_unique_captain_warhorse</required_skill>
<required_skill_level>2</required_skill_level>
</ancillaries_required_skills>
<ancillaries_required_skills record_uuid="{676f2e50-ef1b-4bcc-b362-d52bda42f6d1}" record_timestamp="1433501758773" record_key="wh_main_anc_mount_teb_captain_warhorsewh_main_skill_teb_champion_unique_captain_warhorse">
<ancillary>wh_main_anc_mount_teb_captain_warhorse</ancillary>
<required_skill>wh_main_skill_teb_champion_unique_captain_warhorse</required_skill>
<required_skill_level>1</required_skill_level>
</ancillaries_required_skills>
<ancillaries_required_skills record_uuid="{03d11d38-4f8e-49fc-a70e-d9191677e590}" record_timestamp="1448619894153" record_key="wh_main_anc_mount_teb_general_barded_warhorsewh_main_skill_teb_lord_unique_general_warhorse">
<ancillary>wh_main_anc_mount_teb_general_barded_warhorse</ancillary>
<required_skill>wh_main_skill_teb_lord_unique_general_warhorse</required_skill>
<required_skill_level>2</required_skill_level>
</ancillaries_required_skills>
<ancillaries_required_skills record_uuid="{f7cf2d4e-be5d-4c08-8614-e4af652993d3}" record_timestamp="1433501758872" record_key="wh_main_anc_mount_teb_general_warhorsewh_main_skill_teb_lord_unique_general_warhorse">
<ancillary>wh_main_anc_mount_teb_general_warhorse</ancillary>
<required_skill>wh_main_skill_teb_lord_unique_general_warhorse</required_skill>
<required_skill_level>1</required_skill_level>
</ancillaries_required_skills>
<ancillaries_required_skills record_uuid="{e43a231a-52e2-4b92-826e-5e45df66c222}" record_timestamp="1448619894333" record_key="wh_main_anc_mount_vmp_mannfred_barded_nightmarewh_main_skill_vmp_lord_unique_mannfred_barded_nightmare">
<ancillary>wh_main_anc_mount_vmp_mannfred_barded_nightmare</ancillary>
<required_skill>wh_main_skill_vmp_lord_unique_mannfred_barded_nightmare</required_skill>
<required_skill_level>1</required_skill_level>
</ancillaries_required_skills>
<ancillaries_required_skills record_uuid="{1fc32ffa-36ec-4f05-9510-afff0b199b8a}" record_timestamp="1432913523583" record_key="wh_main_anc_mount_vmp_mannfred_hellsteedwh_main_skill_vmp_lord_unique_mannfred_hellsteed">
<ancillary>wh_main_anc_mount_vmp_mannfred_hellsteed</ancillary>
<required_skill>wh_main_skill_vmp_lord_unique_mannfred_hellsteed</required_skill>
<required_skill_level>1</required_skill_level>
</ancillaries_required_skills>
<ancillaries_required_skills record_uuid="{ef8cfeb0-ae18-4aad-9101-5342b5ea8cb3}" record_timestamp="1443597496302" record_key="wh_main_anc_mount_vmp_mannfred_zombie_dragonwh_main_skill_vmp_lord_unique_mannfred_zombie_dragon">
<ancillary>wh_main_anc_mount_vmp_mannfred_zombie_dragon</ancillary>
<required_skill>wh_main_skill_vmp_lord_unique_mannfred_zombie_dragon</required_skill>
<required_skill_level>1</required_skill_level>
</ancillaries_required_skills>
<ancillaries_required_skills record_uuid="{ac5e57e8-f57a-4d74-af0e-60b76d573d7c}" record_timestamp="1448619894313" record_key="wh_main_anc_mount_vmp_master_necromancer_barded_nightmarewh_main_skill_vmp_lord_unique_necromancer_barded_nightmare">
<ancillary>wh_main_anc_mount_vmp_master_necromancer_barded_nightmare</ancillary>
<required_skill>wh_main_skill_vmp_lord_unique_necromancer_barded_nightmare</required_skill>
<required_skill_level>1</required_skill_level>
</ancillaries_required_skills>
<ancillaries_required_skills record_uuid="{5c2940a1-b634-4cd1-b397-26a266d82943}" record_timestamp="1433501753214" record_key="wh_main_anc_mount_vmp_master_necromancer_hellsteedwh_main_skill_vmp_lord_unique_necromancer_hellsteed">
<ancillary>wh_main_anc_mount_vmp_master_necromancer_hellsteed</ancillary>
<required_skill>wh_main_skill_vmp_lord_unique_necromancer_hellsteed</required_skill>
<required_skill_level>1</required_skill_level>
</ancillaries_required_skills>
<ancillaries_required_skills record_uuid="{7adddabb-b3bb-4019-b455-fb810249360f}" record_timestamp="1432913523249" record_key="wh_main_anc_mount_vmp_necromancer_nightmarewh_main_skill_vmp_wizard_unique_necromancer_nightmare">
<ancillary>wh_main_anc_mount_vmp_necromancer_nightmare</ancillary>
<required_skill>wh_main_skill_vmp_wizard_unique_necromancer_nightmare</required_skill>
<required_skill_level>1</required_skill_level>
</ancillaries_required_skills>
<ancillaries_required_skills record_uuid="{2c033d06-68ca-4d0a-b0b9-88a25cb39be7}" record_timestamp="1448619894293" record_key="wh_main_anc_mount_vmp_vampire_barded_nightmarewh_main_skill_vmp_dignitary_unique_vampire_barded_nightmare">
<ancillary>wh_main_anc_mount_vmp_vampire_barded_nightmare</ancillary>
<required_skill>wh_main_skill_vmp_dignitary_unique_vampire_barded_nightmare</required_skill>
<required_skill_level>1</required_skill_level>
</ancillaries_required_skills>
<ancillaries_required_skills record_uuid="{a9295006-1578-4c85-af6d-29e15d8e29fc}" record_timestamp="1432913523344" record_key="wh_main_anc_mount_vmp_vampire_hellsteedwh_main_skill_vmp_dignitary_unique_vampire_hellsteed">
<ancillary>wh_main_anc_mount_vmp_vampire_hellsteed</ancillary>
<required_skill>wh_main_skill_vmp_dignitary_unique_vampire_hellsteed</required_skill>
<required_skill_level>1</required_skill_level>
</ancillaries_required_skills>
<ancillaries_required_skills record_uuid="{3a696038-bc6a-42a4-aeab-ef106f52f6dc}" record_timestamp="1448619894273" record_key="wh_main_anc_mount_vmp_vampire_lord_barded_nightmarewh_main_skill_vmp_lord_unique_vampire_lord_barded_nightmare">
<ancillary>wh_main_anc_mount_vmp_vampire_lord_barded_nightmare</ancillary>
<required_skill>wh_main_skill_vmp_lord_unique_vampire_lord_barded_nightmare</required_skill>
<required_skill_level>1</required_skill_level>
</ancillaries_required_skills>
<ancillaries_required_skills record_uuid="{4dd81e96-125c-410e-968f-ae91c400ece1}" record_timestamp="1434454069076" record_key="wh_main_anc_mount_vmp_vampire_lord_hellsteedwh_main_skill_vmp_lord_unique_vampire_lord_hellsteed">
<ancillary>wh_main_anc_mount_vmp_vampire_lord_hellsteed</ancillary>
<required_skill>wh_main_skill_vmp_lord_unique_vampire_lord_hellsteed</required_skill>
<required_skill_level>1</required_skill_level>
</ancillaries_required_skills>
<ancillaries_required_skills record_uuid="{2ab559df-31f5-4b91-af77-598381c61ec9}" record_timestamp="1434454068627" record_key="wh_main_anc_mount_vmp_vampire_lord_zombie_dragonwh_main_skill_vmp_lord_unique_vampire_lord_zombie_dragon">
<ancillary>wh_main_anc_mount_vmp_vampire_lord_zombie_dragon</ancillary>
<required_skill>wh_main_skill_vmp_lord_unique_vampire_lord_zombie_dragon</required_skill>
<required_skill_level>1</required_skill_level>
</ancillaries_required_skills>
<ancillaries_required_skills record_uuid="{81973b50-b7be-465b-8a59-956a1beb7c16}" record_timestamp="1448619894253" record_key="wh_main_anc_mount_vmp_wight_king_barded_skeletal_steedwh_main_skill_vmp_champion_unique_wight_king_skeletal_steed">
<ancillary>wh_main_anc_mount_vmp_wight_king_barded_skeletal_steed</ancillary>
<required_skill>wh_main_skill_vmp_champion_unique_wight_king_skeletal_steed</required_skill>
<required_skill_level>2</required_skill_level>
</ancillaries_required_skills>
<ancillaries_required_skills record_uuid="{5e4a3b6c-3782-4a1f-be12-216131f809a9}" record_timestamp="1432913522352" record_key="wh_main_anc_mount_vmp_wight_king_skeletal_steedwh_main_skill_vmp_champion_unique_wight_king_skeletal_steed">
<ancillary>wh_main_anc_mount_vmp_wight_king_skeletal_steed</ancillary>
<required_skill>wh_main_skill_vmp_champion_unique_wight_king_skeletal_steed</required_skill>
<required_skill_level>1</required_skill_level>
</ancillaries_required_skills>
<ancillaries_required_skills record_uuid="{c63126b1-c9fb-48d3-be8b-a98b7a439b76}" record_timestamp="1435846798728" record_key="wh_main_anc_rune_rune_of_furywh_main_skill_dwf_runesmith_self_rune_of_fury">
<ancillary>wh_main_anc_rune_rune_of_fury</ancillary>
<required_skill>wh_main_skill_dwf_runesmith_self_rune_of_fury</required_skill>
<required_skill_level>1</required_skill_level>
</ancillaries_required_skills>
<ancillaries_required_skills record_uuid="{a3f5b3f1-ffd6-45f5-848a-fdd8658a8df7}" record_timestamp="1435846798743" record_key="wh_main_anc_rune_rune_of_mightwh_main_skill_dwf_runesmith_self_rune_of_might">
<ancillary>wh_main_anc_rune_rune_of_might</ancillary>
<required_skill>wh_main_skill_dwf_runesmith_self_rune_of_might</required_skill>
<required_skill_level>1</required_skill_level>
</ancillaries_required_skills>
<ancillaries_required_skills record_uuid="{10b070df-f0b9-4ca4-b2d6-6f87dc3380ae}" record_timestamp="1435846798699" record_key="wh_main_anc_rune_rune_of_parryingwh_main_skill_dwf_runesmith_self_rune_of_parrying">
<ancillary>wh_main_anc_rune_rune_of_parrying</ancillary>
<required_skill>wh_main_skill_dwf_runesmith_self_rune_of_parrying</required_skill>
<required_skill_level>1</required_skill_level>
</ancillaries_required_skills>
<ancillaries_required_skills record_uuid="{cc3dc0e2-6049-4228-8c99-dfde971c32a8}" record_timestamp="1435846798714" record_key="wh_main_anc_rune_rune_of_strikingwh_main_skill_dwf_runesmith_self_rune_of_striking">
<ancillary>wh_main_anc_rune_rune_of_striking</ancillary>
<required_skill>wh_main_skill_dwf_runesmith_self_rune_of_striking</required_skill>
<required_skill_level>1</required_skill_level>
</ancillaries_required_skills>
</dataroot>
