<?xml version="1.0" encoding="UTF-8"?>
<dataroot xmlns:od="urn:schemas-microsoft-com:officedata" xmlns:xsi="http://www.w3.org/2001/XMLSchema-instance" xsi:noNamespaceSchemaLocation="area_of_effect_displays.xsd" export_time="Thu Aug 18 10:42:17 2016" revision="49" export_branch="T:/branches/warhammer/sigmar/warhammer/binaries.x64" export_user="bob">
<edit_uuid>bda45173-3c2a-4e30-9e15-fce00abb9894</edit_uuid>
<area_of_effect_displays record_uuid="{0cdb65e0-3519-4567-b6a4-7bd9221f442a}" record_timestamp="1457525028578" record_key="wh_abilities_bomb_drop">
<composite_scene></composite_scene>
<decal></decal>
<is_targetting_per_entity>1</is_targetting_per_entity>
<key>wh_abilities_bomb_drop</key>
<spline></spline>
<spline_animation_speed>50</spline_animation_speed>
<spline_col_b>255</spline_col_b>
<spline_col_g>255</spline_col_g>
<spline_col_r>255</spline_col_r>
<spline_oor_col_b>255</spline_oor_col_b>
<spline_oor_col_g>255</spline_oor_col_g>
<spline_oor_col_r>255</spline_oor_col_r>
<spline_tile_count>24</spline_tile_count>
<spline_vertical>0</spline_vertical>
<spline_width>2</spline_width>
<vfx_central>wh_main_targeting_generic_entity_ui_central</vfx_central>
<vfx_ring></vfx_ring>
<vfx_ring_segment_length>-1</vfx_ring_segment_length>
</area_of_effect_displays>
<area_of_effect_displays record_uuid="{8509bc0c-76d1-424c-87d2-0f233e41d045}" record_timestamp="1457525134843" record_key="wh_abilities_bomb_small_drop">
<composite_scene></composite_scene>
<decal></decal>
<is_targetting_per_entity>1</is_targetting_per_entity>
<key>wh_abilities_bomb_small_drop</key>
<spline></spline>
<spline_animation_speed>50</spline_animation_speed>
<spline_col_b>255</spline_col_b>
<spline_col_g>255</spline_col_g>
<spline_col_r>255</spline_col_r>
<spline_oor_col_b>255</spline_oor_col_b>
<spline_oor_col_g>255</spline_oor_col_g>
<spline_oor_col_r>255</spline_oor_col_r>
<spline_tile_count>24</spline_tile_count>
<spline_vertical>0</spline_vertical>
<spline_width>2</spline_width>
<vfx_central>wh_main_targeting_generic_entity_small_ui_central</vfx_central>
<vfx_ring></vfx_ring>
<vfx_ring_segment_length>-1</vfx_ring_segment_length>
</area_of_effect_displays>
<area_of_effect_displays record_uuid="{24d28590-3608-4284-aad5-4fc55bf91757}" record_timestamp="1456768454883" record_key="wh_abilities_generic_breath">
<composite_scene></composite_scene>
<decal></decal>
<is_targetting_per_entity>0</is_targetting_per_entity>
<key>wh_abilities_generic_breath</key>
<spline></spline>
<spline_animation_speed>50</spline_animation_speed>
<spline_col_b>255</spline_col_b>
<spline_col_g>255</spline_col_g>
<spline_col_r>255</spline_col_r>
<spline_oor_col_b>255</spline_oor_col_b>
<spline_oor_col_g>255</spline_oor_col_g>
<spline_oor_col_r>255</spline_oor_col_r>
<spline_tile_count>1</spline_tile_count>
<spline_vertical>0</spline_vertical>
<spline_width>2</spline_width>
<vfx_central>wh_main_targeting_generic_pre_breath_ui_central</vfx_central>
<vfx_ring></vfx_ring>
<vfx_ring_segment_length>-1</vfx_ring_segment_length>
</area_of_effect_displays>
<area_of_effect_displays record_uuid="{dd220af7-9362-465e-be7e-11d2fcf94498}" record_timestamp="1468500726281" record_key="wh_abilities_generic_buff">
<composite_scene></composite_scene>
<decal></decal>
<is_targetting_per_entity>0</is_targetting_per_entity>
<key>wh_abilities_generic_buff</key>
<spline></spline>
<spline_animation_speed>50</spline_animation_speed>
<spline_col_b>255</spline_col_b>
<spline_col_g>255</spline_col_g>
<spline_col_r>255</spline_col_r>
<spline_oor_col_b>255</spline_oor_col_b>
<spline_oor_col_g>255</spline_oor_col_g>
<spline_oor_col_r>255</spline_oor_col_r>
<spline_tile_count>64</spline_tile_count>
<spline_vertical>0</spline_vertical>
<spline_width>2</spline_width>
<vfx_central>wh_main_targeting_generic_pre_buff_ui_central</vfx_central>
<vfx_ring>wh_main_generic_ui_segment_buff</vfx_ring>
<vfx_ring_segment_length>5</vfx_ring_segment_length>
</area_of_effect_displays>
<area_of_effect_displays record_uuid="{d78e24d3-745d-4785-8395-424ebbe30e1f}" record_timestamp="1468500726283" record_key="wh_abilities_generic_buff_active">
<composite_scene></composite_scene>
<decal></decal>
<is_targetting_per_entity>0</is_targetting_per_entity>
<key>wh_abilities_generic_buff_active</key>
<spline></spline>
<spline_animation_speed>50</spline_animation_speed>
<spline_col_b>255</spline_col_b>
<spline_col_g>255</spline_col_g>
<spline_col_r>255</spline_col_r>
<spline_oor_col_b>255</spline_oor_col_b>
<spline_oor_col_g>255</spline_oor_col_g>
<spline_oor_col_r>255</spline_oor_col_r>
<spline_tile_count>64</spline_tile_count>
<spline_vertical>0</spline_vertical>
<spline_width>2</spline_width>
<vfx_central>wh_main_targeting_generic_buff_ui_central</vfx_central>
<vfx_ring>wh_main_generic_ui_segment_buff</vfx_ring>
<vfx_ring_segment_length>5</vfx_ring_segment_length>
</area_of_effect_displays>
<area_of_effect_displays record_uuid="{f582080f-df31-40dd-abab-0e5f299291a2}" record_timestamp="1456155843430" record_key="wh_abilities_generic_buff_no_ring">
<composite_scene></composite_scene>
<decal></decal>
<is_targetting_per_entity>0</is_targetting_per_entity>
<key>wh_abilities_generic_buff_no_ring</key>
<spline></spline>
<spline_animation_speed>50</spline_animation_speed>
<spline_col_b>255</spline_col_b>
<spline_col_g>255</spline_col_g>
<spline_col_r>255</spline_col_r>
<spline_oor_col_b>255</spline_oor_col_b>
<spline_oor_col_g>255</spline_oor_col_g>
<spline_oor_col_r>255</spline_oor_col_r>
<spline_tile_count>1</spline_tile_count>
<spline_vertical>0</spline_vertical>
<spline_width>2</spline_width>
<vfx_central>wh_main_targeting_generic_pre_buff_ui_central</vfx_central>
<vfx_ring></vfx_ring>
<vfx_ring_segment_length>-1</vfx_ring_segment_length>
</area_of_effect_displays>
<area_of_effect_displays record_uuid="{78a488c2-5dd4-4d65-a502-998a423a2e70}" record_timestamp="1468500726259" record_key="wh_abilities_generic_debuff">
<composite_scene></composite_scene>
<decal></decal>
<is_targetting_per_entity>0</is_targetting_per_entity>
<key>wh_abilities_generic_debuff</key>
<spline></spline>
<spline_animation_speed>50</spline_animation_speed>
<spline_col_b>255</spline_col_b>
<spline_col_g>255</spline_col_g>
<spline_col_r>255</spline_col_r>
<spline_oor_col_b>255</spline_oor_col_b>
<spline_oor_col_g>255</spline_oor_col_g>
<spline_oor_col_r>255</spline_oor_col_r>
<spline_tile_count>64</spline_tile_count>
<spline_vertical>0</spline_vertical>
<spline_width>2</spline_width>
<vfx_central>wh_main_targeting_generic_pre_debuff_ui_central</vfx_central>
<vfx_ring>wh_main_generic_ui_segment_debuff</vfx_ring>
<vfx_ring_segment_length>5</vfx_ring_segment_length>
</area_of_effect_displays>
<area_of_effect_displays record_uuid="{167ae686-107d-4b59-9572-669a73f7fce8}" record_timestamp="1468500726261" record_key="wh_abilities_generic_debuff_active">
<composite_scene></composite_scene>
<decal></decal>
<is_targetting_per_entity>0</is_targetting_per_entity>
<key>wh_abilities_generic_debuff_active</key>
<spline></spline>
<spline_animation_speed>50</spline_animation_speed>
<spline_col_b>255</spline_col_b>
<spline_col_g>255</spline_col_g>
<spline_col_r>255</spline_col_r>
<spline_oor_col_b>255</spline_oor_col_b>
<spline_oor_col_g>255</spline_oor_col_g>
<spline_oor_col_r>255</spline_oor_col_r>
<spline_tile_count>64</spline_tile_count>
<spline_vertical>0</spline_vertical>
<spline_width>2</spline_width>
<vfx_central>wh_main_targeting_generic_pre_debuff_ui_central</vfx_central>
<vfx_ring>wh_main_generic_ui_segment_debuff</vfx_ring>
<vfx_ring_segment_length>5</vfx_ring_segment_length>
</area_of_effect_displays>
<area_of_effect_displays record_uuid="{4ad5e1c8-4ad7-4ba3-aa92-18d5c231565c}" record_timestamp="1471513337535" record_key="wh_abilities_generic_debuff_active_large">
<composite_scene></composite_scene>
<decal></decal>
<is_targetting_per_entity>0</is_targetting_per_entity>
<key>wh_abilities_generic_debuff_active_large</key>
<spline></spline>
<spline_animation_speed>50</spline_animation_speed>
<spline_col_b>255</spline_col_b>
<spline_col_g>255</spline_col_g>
<spline_col_r>255</spline_col_r>
<spline_oor_col_b>255</spline_oor_col_b>
<spline_oor_col_g>255</spline_oor_col_g>
<spline_oor_col_r>255</spline_oor_col_r>
<spline_tile_count>112</spline_tile_count>
<spline_vertical>0</spline_vertical>
<spline_width>2</spline_width>
<vfx_central>wh_main_targeting_generic_pre_debuff_ui_central</vfx_central>
<vfx_ring>wh_main_generic_ui_segment_debuff</vfx_ring>
<vfx_ring_segment_length>-1</vfx_ring_segment_length>
</area_of_effect_displays>
<area_of_effect_displays record_uuid="{ffa2e3f2-5e92-45c4-a5b3-4466b753c2d8}" record_timestamp="1471513337535" record_key="wh_abilities_generic_debuff_large">
<composite_scene></composite_scene>
<decal></decal>
<is_targetting_per_entity>0</is_targetting_per_entity>
<key>wh_abilities_generic_debuff_large</key>
<spline></spline>
<spline_animation_speed>50</spline_animation_speed>
<spline_col_b>255</spline_col_b>
<spline_col_g>255</spline_col_g>
<spline_col_r>255</spline_col_r>
<spline_oor_col_b>255</spline_oor_col_b>
<spline_oor_col_g>255</spline_oor_col_g>
<spline_oor_col_r>255</spline_oor_col_r>
<spline_tile_count>112</spline_tile_count>
<spline_vertical>0</spline_vertical>
<spline_width>2</spline_width>
<vfx_central>wh_main_targeting_generic_pre_debuff_ui_central</vfx_central>
<vfx_ring>wh_main_generic_ui_segment_debuff</vfx_ring>
<vfx_ring_segment_length>-1</vfx_ring_segment_length>
</area_of_effect_displays>
<area_of_effect_displays record_uuid="{ef9d9faa-d5ff-46b6-9e6f-7155d36097bc}" record_timestamp="1456155843487" record_key="wh_abilities_generic_debuff_no_ring">
<composite_scene></composite_scene>
<decal></decal>
<is_targetting_per_entity>0</is_targetting_per_entity>
<key>wh_abilities_generic_debuff_no_ring</key>
<spline></spline>
<spline_animation_speed>50</spline_animation_speed>
<spline_col_b>255</spline_col_b>
<spline_col_g>255</spline_col_g>
<spline_col_r>255</spline_col_r>
<spline_oor_col_b>255</spline_oor_col_b>
<spline_oor_col_g>255</spline_oor_col_g>
<spline_oor_col_r>255</spline_oor_col_r>
<spline_tile_count>1</spline_tile_count>
<spline_vertical>0</spline_vertical>
<spline_width>2</spline_width>
<vfx_central>wh_main_targeting_generic_pre_debuff_ui_central</vfx_central>
<vfx_ring></vfx_ring>
<vfx_ring_segment_length>-1</vfx_ring_segment_length>
</area_of_effect_displays>
<area_of_effect_displays record_uuid="{6632c04e-ca14-4dcf-9eed-b0be0e5595ce}" record_timestamp="1468500727673" record_key="wh_abilities_generic_explosion">
<composite_scene></composite_scene>
<decal></decal>
<is_targetting_per_entity>0</is_targetting_per_entity>
<key>wh_abilities_generic_explosion</key>
<spline></spline>
<spline_animation_speed>50</spline_animation_speed>
<spline_col_b>255</spline_col_b>
<spline_col_g>255</spline_col_g>
<spline_col_r>255</spline_col_r>
<spline_oor_col_b>255</spline_oor_col_b>
<spline_oor_col_g>255</spline_oor_col_g>
<spline_oor_col_r>255</spline_oor_col_r>
<spline_tile_count>24</spline_tile_count>
<spline_vertical>0</spline_vertical>
<spline_width>2</spline_width>
<vfx_central>wh_main_targeting_generic_pre_explosion_ui_central</vfx_central>
<vfx_ring>wh_main_generic_ui_segment_short</vfx_ring>
<vfx_ring_segment_length>2</vfx_ring_segment_length>
</area_of_effect_displays>
<area_of_effect_displays record_uuid="{72b49ff8-6939-480b-82f1-7126143bca06}" record_timestamp="1468500727670" record_key="wh_abilities_generic_vortex">
<composite_scene></composite_scene>
<decal></decal>
<is_targetting_per_entity>0</is_targetting_per_entity>
<key>wh_abilities_generic_vortex</key>
<spline></spline>
<spline_animation_speed>50</spline_animation_speed>
<spline_col_b>255</spline_col_b>
<spline_col_g>255</spline_col_g>
<spline_col_r>255</spline_col_r>
<spline_oor_col_b>255</spline_oor_col_b>
<spline_oor_col_g>255</spline_oor_col_g>
<spline_oor_col_r>255</spline_oor_col_r>
<spline_tile_count>24</spline_tile_count>
<spline_vertical>0</spline_vertical>
<spline_width>2</spline_width>
<vfx_central>wh_main_targeting_generic_pre_vortex_ui_central</vfx_central>
<vfx_ring>wh_main_generic_ui_segment_short</vfx_ring>
<vfx_ring_segment_length>2</vfx_ring_segment_length>
</area_of_effect_displays>
<area_of_effect_displays record_uuid="{f4f940cd-a567-4300-bca5-036f77481da1}" record_timestamp="1468500727670" record_key="wh_abilities_generic_vortex_large">
<composite_scene></composite_scene>
<decal></decal>
<is_targetting_per_entity>0</is_targetting_per_entity>
<key>wh_abilities_generic_vortex_large</key>
<spline></spline>
<spline_animation_speed>50</spline_animation_speed>
<spline_col_b>255</spline_col_b>
<spline_col_g>255</spline_col_g>
<spline_col_r>255</spline_col_r>
<spline_oor_col_b>255</spline_oor_col_b>
<spline_oor_col_g>255</spline_oor_col_g>
<spline_oor_col_r>255</spline_oor_col_r>
<spline_tile_count>24</spline_tile_count>
<spline_vertical>0</spline_vertical>
<spline_width>2</spline_width>
<vfx_central>wh_main_targeting_generic_pre_vortex_ui_central</vfx_central>
<vfx_ring>wh_main_generic_ui_segment_short</vfx_ring>
<vfx_ring_segment_length>2</vfx_ring_segment_length>
</area_of_effect_displays>
<area_of_effect_displays record_uuid="{73d6ecfb-8258-4d6e-bccc-0cea5a0db670}" record_timestamp="1469109646832" record_key="wh_abilities_generic_wind">
<composite_scene></composite_scene>
<decal></decal>
<is_targetting_per_entity>0</is_targetting_per_entity>
<key>wh_abilities_generic_wind</key>
<spline></spline>
<spline_animation_speed>50</spline_animation_speed>
<spline_col_b>255</spline_col_b>
<spline_col_g>255</spline_col_g>
<spline_col_r>255</spline_col_r>
<spline_oor_col_b>255</spline_oor_col_b>
<spline_oor_col_g>255</spline_oor_col_g>
<spline_oor_col_r>255</spline_oor_col_r>
<spline_tile_count>24</spline_tile_count>
<spline_vertical>0</spline_vertical>
<spline_width>2</spline_width>
<vfx_central>wh_main_targeting_generic_pre_wind_ground_ui_central</vfx_central>
<vfx_ring></vfx_ring>
<vfx_ring_segment_length>-1</vfx_ring_segment_length>
</area_of_effect_displays>
<area_of_effect_displays record_uuid="{a9e23357-3927-4bf8-88bc-ce4fab3b30fd}" record_timestamp="1468500727671" record_key="wh_spell_generic_bombardment">
<composite_scene></composite_scene>
<decal></decal>
<is_targetting_per_entity>0</is_targetting_per_entity>
<key>wh_spell_generic_bombardment</key>
<spline></spline>
<spline_animation_speed>50</spline_animation_speed>
<spline_col_b>255</spline_col_b>
<spline_col_g>255</spline_col_g>
<spline_col_r>255</spline_col_r>
<spline_oor_col_b>255</spline_oor_col_b>
<spline_oor_col_g>255</spline_oor_col_g>
<spline_oor_col_r>255</spline_oor_col_r>
<spline_tile_count>24</spline_tile_count>
<spline_vertical>0</spline_vertical>
<spline_width>2</spline_width>
<vfx_central>wh_main_targeting_generic_pre_bombardment_ui_central</vfx_central>
<vfx_ring>wh_main_generic_ui_segment_short</vfx_ring>
<vfx_ring_segment_length>2</vfx_ring_segment_length>
</area_of_effect_displays>
<area_of_effect_displays record_uuid="{2af18c8c-d7ce-4a71-ad4e-5c7180a84dba}" record_timestamp="1468500727672" record_key="wh_spell_generic_bombardment_active">
<composite_scene></composite_scene>
<decal></decal>
<is_targetting_per_entity>0</is_targetting_per_entity>
<key>wh_spell_generic_bombardment_active</key>
<spline></spline>
<spline_animation_speed>50</spline_animation_speed>
<spline_col_b>255</spline_col_b>
<spline_col_g>255</spline_col_g>
<spline_col_r>255</spline_col_r>
<spline_oor_col_b>255</spline_oor_col_b>
<spline_oor_col_g>255</spline_oor_col_g>
<spline_oor_col_r>255</spline_oor_col_r>
<spline_tile_count>24</spline_tile_count>
<spline_vertical>0</spline_vertical>
<spline_width>2</spline_width>
<vfx_central>wh_main_targeting_generic_bombardment_ui_central</vfx_central>
<vfx_ring>wh_main_generic_ui_segment_short</vfx_ring>
<vfx_ring_segment_length>2</vfx_ring_segment_length>
</area_of_effect_displays>
<area_of_effect_displays record_uuid="{1d12695e-4b6a-40ae-bd43-489a9e9ff0cb}" record_timestamp="1457014457502" record_key="wh_spell_generic_missile">
<composite_scene></composite_scene>
<decal></decal>
<is_targetting_per_entity>0</is_targetting_per_entity>
<key>wh_spell_generic_missile</key>
<spline></spline>
<spline_animation_speed>50</spline_animation_speed>
<spline_col_b>255</spline_col_b>
<spline_col_g>255</spline_col_g>
<spline_col_r>255</spline_col_r>
<spline_oor_col_b>255</spline_oor_col_b>
<spline_oor_col_g>255</spline_oor_col_g>
<spline_oor_col_r>255</spline_oor_col_r>
<spline_tile_count>24</spline_tile_count>
<spline_vertical>0</spline_vertical>
<spline_width>2</spline_width>
<vfx_central>wh_main_targeting_generic_pre_magicmissile_ui_central</vfx_central>
<vfx_ring></vfx_ring>
<vfx_ring_segment_length>-1</vfx_ring_segment_length>
</area_of_effect_displays>
</dataroot>
