<?xml version="1.0" encoding="UTF-8"?>
<dataroot xmlns:od="urn:schemas-microsoft-com:officedata" xmlns:xsi="http://www.w3.org/2001/XMLSchema-instance" xsi:noNamespaceSchemaLocation="armed_citizenry_unit_groups.xsd" export_time="Tue Jul 12 09:46:57 2016" revision="25" export_branch="T:/branches/warhammer/sigmar/warhammer/binaries.x64" export_user="bob">
<edit_uuid>5c32b42f-e913-401b-acb1-0d7b228232c6</edit_uuid>
<armed_citizenry_unit_groups record_uuid="{6f5577b1-5901-4082-9038-8a235c63961d}" record_timestamp="1422547165961" record_key="brt_test_garrison">
<unit_group>brt_test_garrison</unit_group>
</armed_citizenry_unit_groups>
<armed_citizenry_unit_groups record_uuid="{16574702-2af0-49be-9be3-43c6215d9e37}" record_timestamp="1422547165711" record_key="chs_test_garrison">
<unit_group>chs_test_garrison</unit_group>
</armed_citizenry_unit_groups>
<armed_citizenry_unit_groups record_uuid="{4b66c338-e8c8-4f7f-8c6e-48fc0bab9985}" record_timestamp="1370252967159" record_key="default">
<unit_group>default</unit_group>
</armed_citizenry_unit_groups>
<armed_citizenry_unit_groups record_uuid="{652aaa8d-cdba-4c45-8bab-63f432bf3b0a}" record_timestamp="1422547165911" record_key="dwf_test_garrison">
<unit_group>dwf_test_garrison</unit_group>
</armed_citizenry_unit_groups>
<armed_citizenry_unit_groups record_uuid="{37c5b3ac-c063-47f4-9348-ba3b9d2f8256}" record_timestamp="1422547165811" record_key="emp_test_garrison">
<unit_group>emp_test_garrison</unit_group>
</armed_citizenry_unit_groups>
<armed_citizenry_unit_groups record_uuid="{8871abef-39b0-49ff-a3c8-4e16cc0d9c6c}" record_timestamp="1415629642837" record_key="grn_test_garrison">
<unit_group>grn_test_garrison</unit_group>
</armed_citizenry_unit_groups>
<armed_citizenry_unit_groups record_uuid="{b453e34d-6fe2-4a30-ad0e-70441c52c61d}" record_timestamp="1422547166211" record_key="ksl_test_garrison">
<unit_group>ksl_test_garrison</unit_group>
</armed_citizenry_unit_groups>
<armed_citizenry_unit_groups record_uuid="{691b6d19-40ad-4d46-8942-65f1ecb3a714}" record_timestamp="1422547165861" record_key="nor_test_garrison">
<unit_group>nor_test_garrison</unit_group>
</armed_citizenry_unit_groups>
<armed_citizenry_unit_groups record_uuid="{fc2d4e8a-dabf-4853-9272-634461087a47}" record_timestamp="1422547166171" record_key="teb_test_garrison">
<unit_group>teb_test_garrison</unit_group>
</armed_citizenry_unit_groups>
<armed_citizenry_unit_groups record_uuid="{81ced992-16ee-4ff5-83a8-725c7ada46a4}" record_timestamp="1431958418103" record_key="test_boats">
<unit_group>test_boats</unit_group>
</armed_citizenry_unit_groups>
<armed_citizenry_unit_groups record_uuid="{1f3d178e-7b2e-43e0-a896-f6353be8ba9c}" record_timestamp="1422547165661" record_key="vmp_test_garrison">
<unit_group>vmp_test_garrison</unit_group>
</armed_citizenry_unit_groups>
<armed_citizenry_unit_groups record_uuid="{188b1c63-bd9d-407f-b9da-59527fe3b04d}" record_timestamp="1458568995892" record_key="wh_dlc04_emp_cav_knights_blazing_sun_0">
<unit_group>wh_dlc04_emp_cav_knights_blazing_sun_0</unit_group>
</armed_citizenry_unit_groups>
<armed_citizenry_unit_groups record_uuid="{dff6719d-bf58-461a-a144-4f27a90206b2}" record_timestamp="1458568995904" record_key="wh_dlc04_emp_inf_flagellants_0">
<unit_group>wh_dlc04_emp_inf_flagellants_0</unit_group>
</armed_citizenry_unit_groups>
<armed_citizenry_unit_groups record_uuid="{8a880799-f9f9-47d8-8e8f-42def28ddbd6}" record_timestamp="1458568995880" record_key="wh_dlc04_emp_inf_free_company_militia_0">
<unit_group>wh_dlc04_emp_inf_free_company_militia_0</unit_group>
</armed_citizenry_unit_groups>
<armed_citizenry_unit_groups record_uuid="{45b4de89-feb2-4d0c-a713-9eec2b14872d}" record_timestamp="1458568995868" record_key="wh_dlc04_vmp_veh_corpse_cart_0">
<unit_group>wh_dlc04_vmp_veh_corpse_cart_0</unit_group>
</armed_citizenry_unit_groups>
<armed_citizenry_unit_groups record_uuid="{60981f3c-c2f4-4292-8040-9e2231c772fc}" record_timestamp="1458568995856" record_key="wh_dlc04_vmp_veh_corpse_cart_1">
<unit_group>wh_dlc04_vmp_veh_corpse_cart_1</unit_group>
</armed_citizenry_unit_groups>
<armed_citizenry_unit_groups record_uuid="{11184fe2-fbae-476e-bc15-d78785cfe501}" record_timestamp="1458568995844" record_key="wh_dlc04_vmp_veh_corpse_cart_2">
<unit_group>wh_dlc04_vmp_veh_corpse_cart_2</unit_group>
</armed_citizenry_unit_groups>
<armed_citizenry_unit_groups record_uuid="{8179d3c8-2e17-48f2-8c10-5d486f00c05a}" record_timestamp="1458568995832" record_key="wh_dlc04_vmp_veh_mortis_engine_0">
<unit_group>wh_dlc04_vmp_veh_mortis_engine_0</unit_group>
</armed_citizenry_unit_groups>
<armed_citizenry_unit_groups record_uuid="{4d2700da-3927-4f51-b0e4-62cca7d1a5e1}" record_timestamp="1430154879407" record_key="wh_main_brt_art_field_trebuchet">
<unit_group>wh_main_brt_art_field_trebuchet</unit_group>
</armed_citizenry_unit_groups>
<armed_citizenry_unit_groups record_uuid="{2bb603c2-fce6-44a0-845a-c6148e794d36}" record_timestamp="1430154878465" record_key="wh_main_brt_cav_grail_knights">
<unit_group>wh_main_brt_cav_grail_knights</unit_group>
</armed_citizenry_unit_groups>
<armed_citizenry_unit_groups record_uuid="{78006bd7-b95c-4d13-8737-e75d840142a2}" record_timestamp="1430154879088" record_key="wh_main_brt_cav_knights_of_the_realm">
<unit_group>wh_main_brt_cav_knights_of_the_realm</unit_group>
</armed_citizenry_unit_groups>
<armed_citizenry_unit_groups record_uuid="{06d755a8-5dbe-4681-9fb0-7589f2ea6717}" record_timestamp="1430154877230" record_key="wh_main_brt_cav_mounted_yeomen_0">
<unit_group>wh_main_brt_cav_mounted_yeomen_0</unit_group>
</armed_citizenry_unit_groups>
<armed_citizenry_unit_groups record_uuid="{5af6f2f7-be41-444c-8e49-a255103ccfe8}" record_timestamp="1430154877848" record_key="wh_main_brt_cav_mounted_yeomen_1">
<unit_group>wh_main_brt_cav_mounted_yeomen_1</unit_group>
</armed_citizenry_unit_groups>
<armed_citizenry_unit_groups record_uuid="{309a32f6-84d5-4a7c-8fe9-01c2936fcfd2}" record_timestamp="1430154872925" record_key="wh_main_brt_cav_pegasus_knights">
<unit_group>wh_main_brt_cav_pegasus_knights</unit_group>
</armed_citizenry_unit_groups>
<armed_citizenry_unit_groups record_uuid="{4214b7aa-f8e2-4270-b781-97a1353016b5}" record_timestamp="1430154873229" record_key="wh_main_brt_inf_men_at_arms">
<unit_group>wh_main_brt_inf_men_at_arms</unit_group>
</armed_citizenry_unit_groups>
<armed_citizenry_unit_groups record_uuid="{2edee222-40be-441e-a412-82789acc49b3}" record_timestamp="1430154872316" record_key="wh_main_brt_inf_peasant_bowmen">
<unit_group>wh_main_brt_inf_peasant_bowmen</unit_group>
</armed_citizenry_unit_groups>
<armed_citizenry_unit_groups record_uuid="{9b4f7209-a095-4cc4-b9bf-2324fd0bdce9}" record_timestamp="1430154872620" record_key="wh_main_brt_inf_spearmen_at_arms">
<unit_group>wh_main_brt_inf_spearmen_at_arms</unit_group>
</armed_citizenry_unit_groups>
<armed_citizenry_unit_groups record_uuid="{1390f63b-78c2-42f7-b022-8c97fc5bec8a}" record_timestamp="1438706516962" record_key="wh_main_brt_shp_buccaneer">
<unit_group>wh_main_brt_shp_buccaneer</unit_group>
</armed_citizenry_unit_groups>
<armed_citizenry_unit_groups record_uuid="{6f1cfe68-4580-4e9a-b1a4-34e0f8e3b820}" record_timestamp="1438706516818" record_key="wh_main_brt_shp_corsair">
<unit_group>wh_main_brt_shp_corsair</unit_group>
</armed_citizenry_unit_groups>
<armed_citizenry_unit_groups record_uuid="{17122b7e-171c-4c13-900d-882460df0277}" record_timestamp="1438706516893" record_key="wh_main_brt_shp_galleon">
<unit_group>wh_main_brt_shp_galleon</unit_group>
</armed_citizenry_unit_groups>
<armed_citizenry_unit_groups record_uuid="{d061bc99-0981-4776-9993-7427c4cd9778}" record_timestamp="1438706516677" record_key="wh_main_chs_shp_bloodship">
<unit_group>wh_main_chs_shp_bloodship</unit_group>
</armed_citizenry_unit_groups>
<armed_citizenry_unit_groups record_uuid="{e2567b4b-56cd-4ecc-b6a8-1e8f8b2b353f}" record_timestamp="1438706516749" record_key="wh_main_chs_shp_deathgalley">
<unit_group>wh_main_chs_shp_deathgalley</unit_group>
</armed_citizenry_unit_groups>
<armed_citizenry_unit_groups record_uuid="{d1c11632-4b5d-4ea8-a563-0d26a83cb096}" record_timestamp="1438706516536" record_key="wh_main_chs_shp_norscan_longship">
<unit_group>wh_main_chs_shp_norscan_longship</unit_group>
</armed_citizenry_unit_groups>
<armed_citizenry_unit_groups record_uuid="{b6e2f950-99d6-4702-9fec-61bde3706e97}" record_timestamp="1430154871707" record_key="wh_main_dwf_art_cannon">
<unit_group>wh_main_dwf_art_cannon</unit_group>
</armed_citizenry_unit_groups>
<armed_citizenry_unit_groups record_uuid="{38f2043a-8937-4f16-8d15-4d4d7789ee81}" record_timestamp="1430154871097" record_key="wh_main_dwf_art_flame_cannon">
<unit_group>wh_main_dwf_art_flame_cannon</unit_group>
</armed_citizenry_unit_groups>
<armed_citizenry_unit_groups record_uuid="{e1cba07a-07a8-4f37-95f4-e8b43040e837}" record_timestamp="1430154875078" record_key="wh_main_dwf_art_grudge_thrower">
<unit_group>wh_main_dwf_art_grudge_thrower</unit_group>
</armed_citizenry_unit_groups>
<armed_citizenry_unit_groups record_uuid="{eab927b9-0528-478b-afb0-40f2c678cb31}" record_timestamp="1430154874460" record_key="wh_main_dwf_art_organ_gun">
<unit_group>wh_main_dwf_art_organ_gun</unit_group>
</armed_citizenry_unit_groups>
<armed_citizenry_unit_groups record_uuid="{46f773a1-b4de-4983-a5c3-4a0a00293a20}" record_timestamp="1430154874152" record_key="wh_main_dwf_inf_dwarf_warrior_0">
<unit_group>wh_main_dwf_inf_dwarf_warrior_0</unit_group>
</armed_citizenry_unit_groups>
<armed_citizenry_unit_groups record_uuid="{93e7773a-d5ba-4a8d-8f6a-7b3ffb82e77e}" record_timestamp="1430154873535" record_key="wh_main_dwf_inf_dwarf_warrior_1">
<unit_group>wh_main_dwf_inf_dwarf_warrior_1</unit_group>
</armed_citizenry_unit_groups>
<armed_citizenry_unit_groups record_uuid="{087aca42-b8fc-41cc-82c3-d0e201320531}" record_timestamp="1430154873842" record_key="wh_main_dwf_inf_hammerers">
<unit_group>wh_main_dwf_inf_hammerers</unit_group>
</armed_citizenry_unit_groups>
<armed_citizenry_unit_groups record_uuid="{f854d12f-fc70-4128-bb6d-cbc8217c19ef}" record_timestamp="1430154887720" record_key="wh_main_dwf_inf_ironbreakers">
<unit_group>wh_main_dwf_inf_ironbreakers</unit_group>
</armed_citizenry_unit_groups>
<armed_citizenry_unit_groups record_uuid="{385b2c12-f214-4d9b-acfe-a505310b8fb1}" record_timestamp="1430154888024" record_key="wh_main_dwf_inf_irondrakes_0">
<unit_group>wh_main_dwf_inf_irondrakes_0</unit_group>
</armed_citizenry_unit_groups>
<armed_citizenry_unit_groups record_uuid="{8a6b7f43-5668-42e5-aed8-78753e311230}" record_timestamp="1436960202139" record_key="wh_main_dwf_inf_irondrakes_2">
<unit_group>wh_main_dwf_inf_irondrakes_2</unit_group>
</armed_citizenry_unit_groups>
<armed_citizenry_unit_groups record_uuid="{5e446e03-228b-43b3-a1e6-1eae4b43490c}" record_timestamp="1448016403897" record_key="wh_main_dwf_inf_longbeards">
<unit_group>wh_main_dwf_inf_longbeards</unit_group>
</armed_citizenry_unit_groups>
<armed_citizenry_unit_groups record_uuid="{92acf38d-1713-42ab-91b7-e39923243f10}" record_timestamp="1430154887111" record_key="wh_main_dwf_inf_longbeards_1">
<unit_group>wh_main_dwf_inf_longbeards_1</unit_group>
</armed_citizenry_unit_groups>
<armed_citizenry_unit_groups record_uuid="{9396d965-5921-4150-bdc3-5fffff47c55b}" record_timestamp="1430154887415" record_key="wh_main_dwf_inf_miners_0">
<unit_group>wh_main_dwf_inf_miners_0</unit_group>
</armed_citizenry_unit_groups>
<armed_citizenry_unit_groups record_uuid="{b456f6d4-fad1-45df-a778-1948bdaa88de}" record_timestamp="1430154886495" record_key="wh_main_dwf_inf_miners_1">
<unit_group>wh_main_dwf_inf_miners_1</unit_group>
</armed_citizenry_unit_groups>
<armed_citizenry_unit_groups record_uuid="{e8adb28b-45c7-4979-b9bd-517944df16ad}" record_timestamp="1430154886802" record_key="wh_main_dwf_inf_quarrellers_0">
<unit_group>wh_main_dwf_inf_quarrellers_0</unit_group>
</armed_citizenry_unit_groups>
<armed_citizenry_unit_groups record_uuid="{5be3bd42-44d1-4679-baf4-9ab1313bcdc6}" record_timestamp="1430154885881" record_key="wh_main_dwf_inf_quarrellers_1">
<unit_group>wh_main_dwf_inf_quarrellers_1</unit_group>
</armed_citizenry_unit_groups>
<armed_citizenry_unit_groups record_uuid="{16e7d0a4-5200-4508-bd8c-4968d5e2688e}" record_timestamp="1430154886188" record_key="wh_main_dwf_inf_slayers">
<unit_group>wh_main_dwf_inf_slayers</unit_group>
</armed_citizenry_unit_groups>
<armed_citizenry_unit_groups record_uuid="{6ba6b86b-84db-4686-82b9-75ad07940120}" record_timestamp="1430154890189" record_key="wh_main_dwf_inf_thunderers_0">
<unit_group>wh_main_dwf_inf_thunderers_0</unit_group>
</armed_citizenry_unit_groups>
<armed_citizenry_unit_groups record_uuid="{dd7f1850-73a1-4ded-b017-bbf78fc83c57}" record_timestamp="1438706516605" record_key="wh_main_dwf_shp_dreadnaught">
<unit_group>wh_main_dwf_shp_dreadnaught</unit_group>
</armed_citizenry_unit_groups>
<armed_citizenry_unit_groups record_uuid="{3e5c66e8-b466-489b-a1d8-1ee813082cee}" record_timestamp="1438706516389" record_key="wh_main_dwf_shp_ironclad">
<unit_group>wh_main_dwf_shp_ironclad</unit_group>
</armed_citizenry_unit_groups>
<armed_citizenry_unit_groups record_uuid="{ca515e97-2f6c-41e5-a836-07f01501566a}" record_timestamp="1438706516463" record_key="wh_main_dwf_shp_monitor">
<unit_group>wh_main_dwf_shp_monitor</unit_group>
</armed_citizenry_unit_groups>
<armed_citizenry_unit_groups record_uuid="{c79533d5-4fed-4c9f-8206-fa12aa522e47}" record_timestamp="1430154890494" record_key="wh_main_dwf_veh_gyrobomber">
<unit_group>wh_main_dwf_veh_gyrobomber</unit_group>
</armed_citizenry_unit_groups>
<armed_citizenry_unit_groups record_uuid="{8051b72a-0c71-4604-9498-d4ff385dabd6}" record_timestamp="1430154889573" record_key="wh_main_dwf_veh_gyrocopter_0">
<unit_group>wh_main_dwf_veh_gyrocopter_0</unit_group>
</armed_citizenry_unit_groups>
<armed_citizenry_unit_groups record_uuid="{6353cfe3-6174-4e62-ad84-7864ecfed473}" record_timestamp="1430154889882" record_key="wh_main_dwf_veh_gyrocopter_1">
<unit_group>wh_main_dwf_veh_gyrocopter_1</unit_group>
</armed_citizenry_unit_groups>
<armed_citizenry_unit_groups record_uuid="{b46f21e0-37b7-4eb3-a63a-58b3704d7eab}" record_timestamp="1430154888956" record_key="wh_main_emp_art_great_cannon">
<unit_group>wh_main_emp_art_great_cannon</unit_group>
</armed_citizenry_unit_groups>
<armed_citizenry_unit_groups record_uuid="{bdc80a28-915f-4d21-8e35-e10f466e6a69}" record_timestamp="1430154888332" record_key="wh_main_emp_art_helblaster_volley_gun">
<unit_group>wh_main_emp_art_helblaster_volley_gun</unit_group>
</armed_citizenry_unit_groups>
<armed_citizenry_unit_groups record_uuid="{e7c9da77-1cee-4571-bb75-ad85fe3d0538}" record_timestamp="1430154882801" record_key="wh_main_emp_art_helstorm_rocket_battery">
<unit_group>wh_main_emp_art_helstorm_rocket_battery</unit_group>
</armed_citizenry_unit_groups>
<armed_citizenry_unit_groups record_uuid="{811f5d6d-100b-4545-b08d-b15bc758d870}" record_timestamp="1430154882176" record_key="wh_main_emp_art_mortar">
<unit_group>wh_main_emp_art_mortar</unit_group>
</armed_citizenry_unit_groups>
<armed_citizenry_unit_groups record_uuid="{1d446ce3-48bf-4eff-832f-03ef473d9dc2}" record_timestamp="1430154881265" record_key="wh_main_emp_cav_demigryph_knights_0">
<unit_group>wh_main_emp_cav_demigryph_knights_0</unit_group>
</armed_citizenry_unit_groups>
<armed_citizenry_unit_groups record_uuid="{bf85f1e8-9b2c-450f-ac81-b97267dc790c}" record_timestamp="1430154881872" record_key="wh_main_emp_cav_demigryph_knights_1">
<unit_group>wh_main_emp_cav_demigryph_knights_1</unit_group>
</armed_citizenry_unit_groups>
<armed_citizenry_unit_groups record_uuid="{a6958dfa-42dc-473a-a7fb-3a3a9e4e4ba0}" record_timestamp="1454067915899" record_key="wh_main_emp_cav_empire_knights">
<unit_group>wh_main_emp_cav_empire_knights</unit_group>
</armed_citizenry_unit_groups>
<armed_citizenry_unit_groups record_uuid="{dfc5b551-407f-4973-b4ec-b17a52b5b6d9}" record_timestamp="1430154880348" record_key="wh_main_emp_cav_outriders_0">
<unit_group>wh_main_emp_cav_outriders_0</unit_group>
</armed_citizenry_unit_groups>
<armed_citizenry_unit_groups record_uuid="{2f85e520-b478-4418-8973-6989aaf90d8d}" record_timestamp="1430154880654" record_key="wh_main_emp_cav_outriders_1">
<unit_group>wh_main_emp_cav_outriders_1</unit_group>
</armed_citizenry_unit_groups>
<armed_citizenry_unit_groups record_uuid="{bf5571e7-cbd4-4feb-a100-97f6b5ea8586}" record_timestamp="1430154885270" record_key="wh_main_emp_cav_pistoliers_1">
<unit_group>wh_main_emp_cav_pistoliers_1</unit_group>
</armed_citizenry_unit_groups>
<armed_citizenry_unit_groups record_uuid="{e0b36c27-b5b2-4871-8e4d-2f663502a198}" record_timestamp="1430154885574" record_key="wh_main_emp_cav_reiksguard">
<unit_group>wh_main_emp_cav_reiksguard</unit_group>
</armed_citizenry_unit_groups>
<armed_citizenry_unit_groups record_uuid="{ae0a57a7-6d10-4a74-bb6f-5832c977fa8f}" record_timestamp="1430154884654" record_key="wh_main_emp_inf_crossbowmen">
<unit_group>wh_main_emp_inf_crossbowmen</unit_group>
</armed_citizenry_unit_groups>
<armed_citizenry_unit_groups record_uuid="{860451da-6ca9-4cbf-9a15-8150beb241a4}" record_timestamp="1430154884962" record_key="wh_main_emp_inf_greatswords">
<unit_group>wh_main_emp_inf_greatswords</unit_group>
</armed_citizenry_unit_groups>
<armed_citizenry_unit_groups record_uuid="{3033ee75-7887-46f4-9a8a-ce7bd9c12b79}" record_timestamp="1430154884034" record_key="wh_main_emp_inf_halberdiers">
<unit_group>wh_main_emp_inf_halberdiers</unit_group>
</armed_citizenry_unit_groups>
<armed_citizenry_unit_groups record_uuid="{1c3d3420-ba14-4a9e-9b8a-86056c969c24}" record_timestamp="1430154884344" record_key="wh_main_emp_inf_handgunners">
<unit_group>wh_main_emp_inf_handgunners</unit_group>
</armed_citizenry_unit_groups>
<armed_citizenry_unit_groups record_uuid="{85856ad3-d05d-44e5-956e-2762df0d92bf}" record_timestamp="1430154883410" record_key="wh_main_emp_inf_spearmen_0">
<unit_group>wh_main_emp_inf_spearmen_0</unit_group>
</armed_citizenry_unit_groups>
<armed_citizenry_unit_groups record_uuid="{22f9d99f-7b1a-43fc-ac21-8df2e831486b}" record_timestamp="1430154883722" record_key="wh_main_emp_inf_spearmen_1">
<unit_group>wh_main_emp_inf_spearmen_1</unit_group>
</armed_citizenry_unit_groups>
<armed_citizenry_unit_groups record_uuid="{400a1366-c5ad-42a0-89f5-5d7a5a91711f}" record_timestamp="1430154897920" record_key="wh_main_emp_inf_swordsmen">
<unit_group>wh_main_emp_inf_swordsmen</unit_group>
</armed_citizenry_unit_groups>
<armed_citizenry_unit_groups record_uuid="{0cfff673-a159-45f1-bde1-b1f7e2dee5cb}" record_timestamp="1438706516248" record_key="wh_main_emp_shp_greatship">
<unit_group>wh_main_emp_shp_greatship</unit_group>
</armed_citizenry_unit_groups>
<armed_citizenry_unit_groups record_uuid="{48e0c49f-9549-40ce-a50d-29dc7fffd797}" record_timestamp="1438706516317" record_key="wh_main_emp_shp_wargalley">
<unit_group>wh_main_emp_shp_wargalley</unit_group>
</armed_citizenry_unit_groups>
<armed_citizenry_unit_groups record_uuid="{2b5dc6e3-02a1-40e0-bbd3-a1801bfe9d5e}" record_timestamp="1438706516105" record_key="wh_main_emp_shp_wolfship">
<unit_group>wh_main_emp_shp_wolfship</unit_group>
</armed_citizenry_unit_groups>
<armed_citizenry_unit_groups record_uuid="{2b6e33d5-5add-4153-9053-3b9a8646f659}" record_timestamp="1430154898249" record_key="wh_main_emp_veh_luminark_of_hysh_0">
<unit_group>wh_main_emp_veh_luminark_of_hysh_0</unit_group>
</armed_citizenry_unit_groups>
<armed_citizenry_unit_groups record_uuid="{c56de5f9-2475-4ce8-b531-8560488074c6}" record_timestamp="1430154897243" record_key="wh_main_emp_veh_steam_tank">
<unit_group>wh_main_emp_veh_steam_tank</unit_group>
</armed_citizenry_unit_groups>
<armed_citizenry_unit_groups record_uuid="{26dc0beb-188b-415a-8669-992cb982ee50}" record_timestamp="1430154897587" record_key="wh_main_grn_art_doom_diver_catapult">
<unit_group>wh_main_grn_art_doom_diver_catapult</unit_group>
</armed_citizenry_unit_groups>
<armed_citizenry_unit_groups record_uuid="{98df9d80-91f8-4ae8-a645-a610767aac90}" record_timestamp="1433262212169" record_key="wh_main_grn_art_goblin_rock_lobber">
<unit_group>wh_main_grn_art_goblin_rock_lobber</unit_group>
</armed_citizenry_unit_groups>
<armed_citizenry_unit_groups record_uuid="{9106a73b-7b9f-4b7d-ac11-d96bd88365b1}" record_timestamp="1430154896907" record_key="wh_main_grn_cav_forest_goblin_spider_riders_0">
<unit_group>wh_main_grn_cav_forest_goblin_spider_riders_0</unit_group>
</armed_citizenry_unit_groups>
<armed_citizenry_unit_groups record_uuid="{938817b8-d687-4cf4-8468-b6a64cd3620b}" record_timestamp="1430154895897" record_key="wh_main_grn_cav_forest_goblin_spider_riders_1">
<unit_group>wh_main_grn_cav_forest_goblin_spider_riders_1</unit_group>
</armed_citizenry_unit_groups>
<armed_citizenry_unit_groups record_uuid="{6b1b7a65-a1f3-4e2e-ad94-0d1878b7d84c}" record_timestamp="1430154896227" record_key="wh_main_grn_cav_goblin_wolf_chariot">
<unit_group>wh_main_grn_cav_goblin_wolf_chariot</unit_group>
</armed_citizenry_unit_groups>
<armed_citizenry_unit_groups record_uuid="{9b574633-f553-4152-92b9-840a00536af1}" record_timestamp="1430154900377" record_key="wh_main_grn_cav_goblin_wolf_riders_0">
<unit_group>wh_main_grn_cav_goblin_wolf_riders_0</unit_group>
</armed_citizenry_unit_groups>
<armed_citizenry_unit_groups record_uuid="{b1b9f9fb-6476-4202-8c9e-fb1c98c8052a}" record_timestamp="1430154900687" record_key="wh_main_grn_cav_goblin_wolf_riders_1">
<unit_group>wh_main_grn_cav_goblin_wolf_riders_1</unit_group>
</armed_citizenry_unit_groups>
<armed_citizenry_unit_groups record_uuid="{3a7d3df0-b937-4930-a38e-4c5eb7d79aa7}" record_timestamp="1430154899765" record_key="wh_main_grn_cav_orc_boar_boy_big_uns">
<unit_group>wh_main_grn_cav_orc_boar_boy_big_uns</unit_group>
</armed_citizenry_unit_groups>
<armed_citizenry_unit_groups record_uuid="{1a22085a-27a9-4c08-93e2-5167828bc5d3}" record_timestamp="1430154900071" record_key="wh_main_grn_cav_orc_boar_boyz">
<unit_group>wh_main_grn_cav_orc_boar_boyz</unit_group>
</armed_citizenry_unit_groups>
<armed_citizenry_unit_groups record_uuid="{88922f90-182f-4b28-a543-c3f0005d7271}" record_timestamp="1430154899163" record_key="wh_main_grn_cav_orc_boar_chariot">
<unit_group>wh_main_grn_cav_orc_boar_chariot</unit_group>
</armed_citizenry_unit_groups>
<armed_citizenry_unit_groups record_uuid="{35b300ad-9b0c-41b0-9893-ce9fe295a35a}" record_timestamp="1430154899463" record_key="wh_main_grn_cav_savage_orc_boar_boy_big_uns">
<unit_group>wh_main_grn_cav_savage_orc_boar_boy_big_uns</unit_group>
</armed_citizenry_unit_groups>
<armed_citizenry_unit_groups record_uuid="{5bf499d1-b683-4b01-8b40-84704a9f8a51}" record_timestamp="1430154898561" record_key="wh_main_grn_cav_savage_orc_boar_boyz">
<unit_group>wh_main_grn_cav_savage_orc_boar_boyz</unit_group>
</armed_citizenry_unit_groups>
<armed_citizenry_unit_groups record_uuid="{4a01eab7-1cdb-41a2-933b-f9c1c8580a0f}" record_timestamp="1430154898863" record_key="wh_main_grn_inf_black_orcs">
<unit_group>wh_main_grn_inf_black_orcs</unit_group>
</armed_citizenry_unit_groups>
<armed_citizenry_unit_groups record_uuid="{7ac14e0f-a454-452c-a73b-dc248a1270fa}" record_timestamp="1430154892656" record_key="wh_main_grn_inf_goblin_archers">
<unit_group>wh_main_grn_inf_goblin_archers</unit_group>
</armed_citizenry_unit_groups>
<armed_citizenry_unit_groups record_uuid="{9c72dce8-4455-44c5-b026-d73651e4e8d9}" record_timestamp="1430154892961" record_key="wh_main_grn_inf_goblin_spearmen">
<unit_group>wh_main_grn_inf_goblin_spearmen</unit_group>
</armed_citizenry_unit_groups>
<armed_citizenry_unit_groups record_uuid="{77311721-75f2-4545-becd-00bde1394980}" record_timestamp="1430154892045" record_key="wh_main_grn_inf_night_goblin_archers">
<unit_group>wh_main_grn_inf_night_goblin_archers</unit_group>
</armed_citizenry_unit_groups>
<armed_citizenry_unit_groups record_uuid="{72ca0433-2008-4a6e-9d6a-828fabd29366}" record_timestamp="1430154892353" record_key="wh_main_grn_inf_night_goblin_fanatics">
<unit_group>wh_main_grn_inf_night_goblin_fanatics</unit_group>
</armed_citizenry_unit_groups>
<armed_citizenry_unit_groups record_uuid="{dc48357e-c4ca-4834-b4f3-18b9527140e7}" record_timestamp="1430154891427" record_key="wh_main_grn_inf_night_goblins">
<unit_group>wh_main_grn_inf_night_goblins</unit_group>
</armed_citizenry_unit_groups>
<armed_citizenry_unit_groups record_uuid="{2ecfc9ed-3ca6-4801-941e-32579ef1b9a8}" record_timestamp="1430154891734" record_key="wh_main_grn_inf_orc_arrer_boyz">
<unit_group>wh_main_grn_inf_orc_arrer_boyz</unit_group>
</armed_citizenry_unit_groups>
<armed_citizenry_unit_groups record_uuid="{6ffdfd4f-746b-41ff-8dd3-62f9a0e47070}" record_timestamp="1430155039184" record_key="wh_main_grn_inf_orc_big_uns">
<unit_group>wh_main_grn_inf_orc_big_uns</unit_group>
</armed_citizenry_unit_groups>
<armed_citizenry_unit_groups record_uuid="{3510dd31-e54e-4c25-94f4-28829e17924f}" record_timestamp="1430154890807" record_key="wh_main_grn_inf_orc_boyz">
<unit_group>wh_main_grn_inf_orc_boyz</unit_group>
</armed_citizenry_unit_groups>
<armed_citizenry_unit_groups record_uuid="{56307268-efc0-47ba-a6cd-d89a864ea152}" record_timestamp="1430154891113" record_key="wh_main_grn_inf_savage_orc_arrer_boyz">
<unit_group>wh_main_grn_inf_savage_orc_arrer_boyz</unit_group>
</armed_citizenry_unit_groups>
<armed_citizenry_unit_groups record_uuid="{7b35c300-d081-4835-bf70-9e4fc18ff7bf}" record_timestamp="1430154895239" record_key="wh_main_grn_inf_savage_orc_big_uns">
<unit_group>wh_main_grn_inf_savage_orc_big_uns</unit_group>
</armed_citizenry_unit_groups>
<armed_citizenry_unit_groups record_uuid="{774e57c7-e770-4917-9b36-5edff5e97001}" record_timestamp="1430154895568" record_key="wh_main_grn_inf_savage_orcs">
<unit_group>wh_main_grn_inf_savage_orcs</unit_group>
</armed_citizenry_unit_groups>
<armed_citizenry_unit_groups record_uuid="{13eb9fe1-c853-4428-a9d9-3af0ba738bbe}" record_timestamp="1430154894580" record_key="wh_main_grn_mon_arachnarok_spider_0">
<unit_group>wh_main_grn_mon_arachnarok_spider_0</unit_group>
</armed_citizenry_unit_groups>
<armed_citizenry_unit_groups record_uuid="{315b5ec2-f5d8-45ca-bbf2-87795d993dd2}" record_timestamp="1430154894909" record_key="wh_main_grn_mon_giant">
<unit_group>wh_main_grn_mon_giant</unit_group>
</armed_citizenry_unit_groups>
<armed_citizenry_unit_groups record_uuid="{03cb65f1-ea25-457e-8bb7-025837a695eb}" record_timestamp="1430154893927" record_key="wh_main_grn_mon_trolls">
<unit_group>wh_main_grn_mon_trolls</unit_group>
</armed_citizenry_unit_groups>
<armed_citizenry_unit_groups record_uuid="{3df7e2a0-4a9d-4178-806b-eee5150b89a4}" record_timestamp="1438706516182" record_key="wh_main_grn_shp_bigchukka">
<unit_group>wh_main_grn_shp_bigchukka</unit_group>
</armed_citizenry_unit_groups>
<armed_citizenry_unit_groups record_uuid="{eeb96d26-752e-40d3-826a-b9a8dd58abe7}" record_timestamp="1438706515960" record_key="wh_main_grn_shp_drillakilla">
<unit_group>wh_main_grn_shp_drillakilla</unit_group>
</armed_citizenry_unit_groups>
<armed_citizenry_unit_groups record_uuid="{fa9f23db-4535-46ca-ad96-0c9d15b0be36}" record_timestamp="1438706516036" record_key="wh_main_grn_shp_hulk">
<unit_group>wh_main_grn_shp_hulk</unit_group>
</armed_citizenry_unit_groups>
<armed_citizenry_unit_groups record_uuid="{f427809c-4719-4c6d-b26b-bd0eb1332169}" record_timestamp="1430154906118" record_key="wh_main_nor_cav_chaos_chariot">
<unit_group>wh_main_nor_cav_chaos_chariot</unit_group>
</armed_citizenry_unit_groups>
<armed_citizenry_unit_groups record_uuid="{af5548a5-5d88-4708-bea4-bb208f65d6e9}" record_timestamp="1430154910081" record_key="wh_main_nor_cav_marauder_horsemen_0">
<unit_group>wh_main_nor_cav_marauder_horsemen_0</unit_group>
</armed_citizenry_unit_groups>
<armed_citizenry_unit_groups record_uuid="{2824c9e8-61d2-49cb-a531-2d0428b7de72}" record_timestamp="1430154870774" record_key="wh_main_nor_cav_marauder_horsemen_1">
<unit_group>wh_main_nor_cav_marauder_horsemen_1</unit_group>
</armed_citizenry_unit_groups>
<armed_citizenry_unit_groups record_uuid="{79234e1e-de92-4ace-85a6-1252d54792bd}" record_timestamp="1430154909475" record_key="wh_main_nor_inf_chaos_marauders_0">
<unit_group>wh_main_nor_inf_chaos_marauders_0</unit_group>
</armed_citizenry_unit_groups>
<armed_citizenry_unit_groups record_uuid="{d625c2b0-9af8-4e25-8f1f-67413cee6703}" record_timestamp="1430154909777" record_key="wh_main_nor_inf_chaos_marauders_1">
<unit_group>wh_main_nor_inf_chaos_marauders_1</unit_group>
</armed_citizenry_unit_groups>
<armed_citizenry_unit_groups record_uuid="{6b292e6d-a022-4017-92ce-24e5d5cd115e}" record_timestamp="1430154908877" record_key="wh_main_nor_mon_chaos_trolls">
<unit_group>wh_main_nor_mon_chaos_trolls</unit_group>
</armed_citizenry_unit_groups>
<armed_citizenry_unit_groups record_uuid="{8e5756c7-37a8-4b1f-bcc9-aff73081a7c9}" record_timestamp="1430154909176" record_key="wh_main_nor_mon_chaos_warhounds_0">
<unit_group>wh_main_nor_mon_chaos_warhounds_0</unit_group>
</armed_citizenry_unit_groups>
<armed_citizenry_unit_groups record_uuid="{86c29832-f6fa-4481-9651-e04ad9ef51dc}" record_timestamp="1430154908275" record_key="wh_main_nor_mon_chaos_warhounds_1">
<unit_group>wh_main_nor_mon_chaos_warhounds_1</unit_group>
</armed_citizenry_unit_groups>
<armed_citizenry_unit_groups record_uuid="{e0930a14-29c5-4599-a675-c8ccd2c9885b}" record_timestamp="1438706515762" record_key="wh_main_nor_shp_bloodship">
<unit_group>wh_main_nor_shp_bloodship</unit_group>
</armed_citizenry_unit_groups>
<armed_citizenry_unit_groups record_uuid="{ab5b76b0-3292-4010-b874-28cba1fec8af}" record_timestamp="1438706515551" record_key="wh_main_nor_shp_deathgalley">
<unit_group>wh_main_nor_shp_deathgalley</unit_group>
</armed_citizenry_unit_groups>
<armed_citizenry_unit_groups record_uuid="{48c5747d-27cc-4089-8d30-bd7f65fa7957}" record_timestamp="1438706515622" record_key="wh_main_nor_shp_norscan_longship">
<unit_group>wh_main_nor_shp_norscan_longship</unit_group>
</armed_citizenry_unit_groups>
<armed_citizenry_unit_groups record_uuid="{b1a257b4-a632-4e73-80fd-5a86db849f06}" record_timestamp="1430154905506" record_key="wh_main_vmp_cav_black_knights_0">
<unit_group>wh_main_vmp_cav_black_knights_0</unit_group>
</armed_citizenry_unit_groups>
<armed_citizenry_unit_groups record_uuid="{9b09a69e-6dce-4283-a395-30cac62a91a4}" record_timestamp="1430154904602" record_key="wh_main_vmp_cav_black_knights_3">
<unit_group>wh_main_vmp_cav_black_knights_3</unit_group>
</armed_citizenry_unit_groups>
<armed_citizenry_unit_groups record_uuid="{833f1617-613b-428a-a593-e3991756533a}" record_timestamp="1430154904905" record_key="wh_main_vmp_cav_hexwraiths">
<unit_group>wh_main_vmp_cav_hexwraiths</unit_group>
</armed_citizenry_unit_groups>
<armed_citizenry_unit_groups record_uuid="{c61237f3-e7fd-4fcb-8d94-9aaf7d3933dc}" record_timestamp="1430154903994" record_key="wh_main_vmp_cha_banshee">
<unit_group>wh_main_vmp_cha_banshee</unit_group>
</armed_citizenry_unit_groups>
<armed_citizenry_unit_groups record_uuid="{662d2707-ec06-49b9-8173-fee50da68209}" record_timestamp="1430154904298" record_key="wh_main_vmp_inf_cairn_wraiths">
<unit_group>wh_main_vmp_inf_cairn_wraiths</unit_group>
</armed_citizenry_unit_groups>
<armed_citizenry_unit_groups record_uuid="{5a6a52a3-031f-4dbe-8663-2790b42de408}" record_timestamp="1430154903386" record_key="wh_main_vmp_inf_crypt_ghouls">
<unit_group>wh_main_vmp_inf_crypt_ghouls</unit_group>
</armed_citizenry_unit_groups>
<armed_citizenry_unit_groups record_uuid="{b11fb0d4-1d3e-4036-be64-b1aae2f51b6f}" record_timestamp="1430154903689" record_key="wh_main_vmp_inf_grave_guard_0">
<unit_group>wh_main_vmp_inf_grave_guard_0</unit_group>
</armed_citizenry_unit_groups>
<armed_citizenry_unit_groups record_uuid="{233f24c3-124f-46ad-9b6b-6531090ecdc4}" record_timestamp="1430154878156" record_key="wh_main_vmp_inf_grave_guard_1">
<unit_group>wh_main_vmp_inf_grave_guard_1</unit_group>
</armed_citizenry_unit_groups>
<armed_citizenry_unit_groups record_uuid="{9ba0f905-90eb-4ae1-9274-96510ee63e81}" record_timestamp="1430154878776" record_key="wh_main_vmp_inf_skeleton_warriors_0">
<unit_group>wh_main_vmp_inf_skeleton_warriors_0</unit_group>
</armed_citizenry_unit_groups>
<armed_citizenry_unit_groups record_uuid="{e7b950fc-5a97-4ea2-8b92-08fea668210b}" record_timestamp="1430154876921" record_key="wh_main_vmp_inf_skeleton_warriors_1">
<unit_group>wh_main_vmp_inf_skeleton_warriors_1</unit_group>
</armed_citizenry_unit_groups>
<armed_citizenry_unit_groups record_uuid="{7704395d-ae00-4bf3-8129-49a5dd75f950}" record_timestamp="1430154877540" record_key="wh_main_vmp_inf_zombie">
<unit_group>wh_main_vmp_inf_zombie</unit_group>
</armed_citizenry_unit_groups>
<armed_citizenry_unit_groups record_uuid="{9b4f0238-74eb-4b5c-8541-c7820e488c01}" record_timestamp="1430154876305" record_key="wh_main_vmp_mon_crypt_horrors">
<unit_group>wh_main_vmp_mon_crypt_horrors</unit_group>
</armed_citizenry_unit_groups>
<armed_citizenry_unit_groups record_uuid="{08644b44-210a-4a6f-ac40-1a6b097c4103}" record_timestamp="1430154876614" record_key="wh_main_vmp_mon_dire_wolves">
<unit_group>wh_main_vmp_mon_dire_wolves</unit_group>
</armed_citizenry_unit_groups>
<armed_citizenry_unit_groups record_uuid="{dea49d8f-2eca-46f7-9484-342f2efad44c}" record_timestamp="1430154875692" record_key="wh_main_vmp_mon_fell_bats">
<unit_group>wh_main_vmp_mon_fell_bats</unit_group>
</armed_citizenry_unit_groups>
<armed_citizenry_unit_groups record_uuid="{9a550fe3-f849-4191-b7f2-70717adddbfd}" record_timestamp="1430154875997" record_key="wh_main_vmp_mon_terrorgheist">
<unit_group>wh_main_vmp_mon_terrorgheist</unit_group>
</armed_citizenry_unit_groups>
<armed_citizenry_unit_groups record_uuid="{56f78bab-ae11-4047-9c29-e6b940d6e1db}" record_timestamp="1430154880959" record_key="wh_main_vmp_mon_vargheists">
<unit_group>wh_main_vmp_mon_vargheists</unit_group>
</armed_citizenry_unit_groups>
<armed_citizenry_unit_groups record_uuid="{e9f4973f-c857-44fe-9ca8-9fbfd08534fb}" record_timestamp="1430154881569" record_key="wh_main_vmp_mon_varghulf">
<unit_group>wh_main_vmp_mon_varghulf</unit_group>
</armed_citizenry_unit_groups>
<armed_citizenry_unit_groups record_uuid="{1c19aab3-5c79-4ade-baa3-b81ae18938c0}" record_timestamp="1438706515326" record_key="wh_main_vmp_shp_direwolf_ship">
<unit_group>wh_main_vmp_shp_direwolf_ship</unit_group>
</armed_citizenry_unit_groups>
<armed_citizenry_unit_groups record_uuid="{e0235b51-6ae1-4d58-8274-c54ed660c264}" record_timestamp="1438706517030" record_key="wh_main_vmp_shp_griefship">
<unit_group>wh_main_vmp_shp_griefship</unit_group>
</armed_citizenry_unit_groups>
<armed_citizenry_unit_groups record_uuid="{f8c76bc6-5a19-4720-ab8f-90b357e79826}" record_timestamp="1438706515190" record_key="wh_main_vmp_shp_vargalley">
<unit_group>wh_main_vmp_shp_vargalley</unit_group>
</armed_citizenry_unit_groups>
<armed_citizenry_unit_groups record_uuid="{1e17e04f-c891-4652-ba8f-fc4215e3bcb0}" record_timestamp="1430154880039" record_key="wh_main_vmp_veh_black_coach">
<unit_group>wh_main_vmp_veh_black_coach</unit_group>
</armed_citizenry_unit_groups>
</dataroot>
