<?xml version="1.0" encoding="UTF-8"?>
<dataroot xmlns:od="urn:schemas-microsoft-com:officedata" xmlns:xsi="http://www.w3.org/2001/XMLSchema-instance" xsi:noNamespaceSchemaLocation="audio_vo_actors.xsd" export_time="Tue Aug 2 12:26:42 2016" revision="25" export_branch="T:/branches/warhammer/sigmar/warhammer/binaries.x64" export_user="bob">
<edit_uuid>05f612b6-583f-46db-9ba1-19333d6beca3</edit_uuid>
<audio_vo_actors record_uuid="{4ab7ef8f-a069-456d-a5cd-30edacd6d76b}" record_timestamp="1456926892975" record_key="vo_actor_Beastmen_Beastlord1">
<game_expansion_key></game_expansion_key>
<key>vo_actor_Beastmen_Beastlord1</key>
</audio_vo_actors>
<audio_vo_actors record_uuid="{95da5e91-1d24-4569-8f97-d4e64b32aceb}" record_timestamp="1457449828956" record_key="vo_actor_Beastmen_Beastlord2">
<game_expansion_key></game_expansion_key>
<key>vo_actor_Beastmen_Beastlord2</key>
</audio_vo_actors>
<audio_vo_actors record_uuid="{548fb528-e646-441a-a1c2-132d40dc58d1}" record_timestamp="1456926893506" record_key="vo_actor_Beastmen_Bray_Shaman1">
<game_expansion_key></game_expansion_key>
<key>vo_actor_Beastmen_Bray_Shaman1</key>
</audio_vo_actors>
<audio_vo_actors record_uuid="{8381778e-b2bf-4655-87f7-c79c626e74bc}" record_timestamp="1457449828925" record_key="vo_actor_Beastmen_Bray_Shaman2">
<game_expansion_key></game_expansion_key>
<key>vo_actor_Beastmen_Bray_Shaman2</key>
</audio_vo_actors>
<audio_vo_actors record_uuid="{b4303302-e06e-41b7-86cd-c8c958a1a482}" record_timestamp="1465292239312" record_key="vo_actor_Beastmen_Gor1">
<game_expansion_key></game_expansion_key>
<key>vo_actor_Beastmen_Gor1</key>
</audio_vo_actors>
<audio_vo_actors record_uuid="{460e2cff-cfa1-453e-8e3b-ed55c63eed53}" record_timestamp="1456926893679" record_key="vo_actor_Beastmen_Gorebull1">
<game_expansion_key></game_expansion_key>
<key>vo_actor_Beastmen_Gorebull1</key>
</audio_vo_actors>
<audio_vo_actors record_uuid="{a9fab556-4c0f-449e-925c-b4f985cd9d7f}" record_timestamp="1436286762100" record_key="vo_actor_Beastmen_Khazrak_One_Eye">
<game_expansion_key></game_expansion_key>
<key>vo_actor_Beastmen_Khazrak_One_Eye</key>
</audio_vo_actors>
<audio_vo_actors record_uuid="{78235f40-d55c-4782-a704-12f4104d6258}" record_timestamp="1453283124563" record_key="vo_actor_Beastmen_Malagor_the_Dark_Omen">
<game_expansion_key></game_expansion_key>
<key>vo_actor_Beastmen_Malagor_the_Dark_Omen</key>
</audio_vo_actors>
<audio_vo_actors record_uuid="{e5a23684-4255-447f-b6e2-ad69592e29a9}" record_timestamp="1465292239302" record_key="vo_actor_Beastmen_Ungor1">
<game_expansion_key></game_expansion_key>
<key>vo_actor_Beastmen_Ungor1</key>
</audio_vo_actors>
<audio_vo_actors record_uuid="{87ac29de-91ec-4456-8d71-b7a2fa616a49}" record_timestamp="1455804917096" record_key="vo_actor_Bretonnian_Damsel1">
<game_expansion_key></game_expansion_key>
<key>vo_actor_Bretonnian_Damsel1</key>
</audio_vo_actors>
<audio_vo_actors record_uuid="{86227b6b-2b0e-4e92-8fd2-fbfa35d35a6f}" record_timestamp="1470137201737" record_key="vo_actor_Bretonnian_Inf1">
<game_expansion_key></game_expansion_key>
<key>vo_actor_Bretonnian_Inf1</key>
</audio_vo_actors>
<audio_vo_actors record_uuid="{34992eae-e8c7-4189-b51a-ec0bc573422d}" record_timestamp="1455804917096" record_key="vo_actor_Bretonnian_King_Louen">
<game_expansion_key></game_expansion_key>
<key>vo_actor_Bretonnian_King_Louen</key>
</audio_vo_actors>
<audio_vo_actors record_uuid="{d2ecba11-125c-4dad-820f-3c03098d8c52}" record_timestamp="1459951150229" record_key="vo_actor_Bretonnian_Knight1">
<game_expansion_key></game_expansion_key>
<key>vo_actor_Bretonnian_Knight1</key>
</audio_vo_actors>
<audio_vo_actors record_uuid="{c92eea6f-ed0d-40aa-9c7b-25852d44924f}" record_timestamp="1457449828894" record_key="vo_actor_Bretonnian_Lord2">
<game_expansion_key></game_expansion_key>
<key>vo_actor_Bretonnian_Lord2</key>
</audio_vo_actors>
<audio_vo_actors record_uuid="{db5522bc-7baf-47e4-850b-d3d8f69bd7ed}" record_timestamp="1470137201737" record_key="vo_actor_Bretonnian_Mtd1">
<game_expansion_key></game_expansion_key>
<key>vo_actor_Bretonnian_Mtd1</key>
</audio_vo_actors>
<audio_vo_actors record_uuid="{ad869dfb-0172-4219-91d0-82ab5c80f066}" record_timestamp="1455804917096" record_key="vo_actor_Bretonnian_Paladin1">
<game_expansion_key></game_expansion_key>
<key>vo_actor_Bretonnian_Paladin1</key>
</audio_vo_actors>
<audio_vo_actors record_uuid="{6c05e700-512e-43cb-9379-fe9092a66da3}" record_timestamp="1425291445908" record_key="vo_actor_Chaos_ArchaonTheEverchosen">
<game_expansion_key></game_expansion_key>
<key>vo_actor_Chaos_ArchaonTheEverchosen</key>
</audio_vo_actors>
<audio_vo_actors record_uuid="{575baff0-9249-4f7d-bf2d-c85043b04e18}" record_timestamp="1425291445955" record_key="vo_actor_Chaos_ExhaltedHero1">
<game_expansion_key></game_expansion_key>
<key>vo_actor_Chaos_ExhaltedHero1</key>
</audio_vo_actors>
<audio_vo_actors record_uuid="{df8634b7-01de-4488-9151-36a5585cbf89}" record_timestamp="1470137201737" record_key="vo_actor_Chaos_Inf1">
<game_expansion_key></game_expansion_key>
<key>vo_actor_Chaos_Inf1</key>
</audio_vo_actors>
<audio_vo_actors record_uuid="{6cdad1ab-a9f3-47fb-953c-e192ac2e27e4}" record_timestamp="1425291445966" record_key="vo_actor_Chaos_KholekSuneater">
<game_expansion_key></game_expansion_key>
<key>vo_actor_Chaos_KholekSuneater</key>
</audio_vo_actors>
<audio_vo_actors record_uuid="{4edde39a-5a19-4c4a-b4de-8fdf34d09c11}" record_timestamp="1457449829149" record_key="vo_actor_Chaos_Lord2">
<game_expansion_key></game_expansion_key>
<key>vo_actor_Chaos_Lord2</key>
</audio_vo_actors>
<audio_vo_actors record_uuid="{89c1f794-4d1f-4f23-a802-f7305189bd63}" record_timestamp="1435761907544" record_key="vo_actor_Chaos_LordOfChange">
<game_expansion_key></game_expansion_key>
<key>vo_actor_Chaos_LordOfChange</key>
</audio_vo_actors>
<audio_vo_actors record_uuid="{3a3d6f6a-4d71-4b12-a9ea-62667182ec2e}" record_timestamp="1465293222648" record_key="vo_actor_Chaos_Marauder1">
<game_expansion_key></game_expansion_key>
<key>vo_actor_Chaos_Marauder1</key>
</audio_vo_actors>
<audio_vo_actors record_uuid="{6cf0322b-ddf6-46a8-8ba9-21acdef92d6b}" record_timestamp="1425291445950" record_key="vo_actor_Chaos_MarauderChieftain">
<game_expansion_key></game_expansion_key>
<key>vo_actor_Chaos_MarauderChieftain</key>
</audio_vo_actors>
<audio_vo_actors record_uuid="{7f9ad25c-633d-4fbc-b4f7-ed557e81433f}" record_timestamp="1425291445914" record_key="vo_actor_Chaos_SigvaldTheMagnificent">
<game_expansion_key></game_expansion_key>
<key>vo_actor_Chaos_SigvaldTheMagnificent</key>
</audio_vo_actors>
<audio_vo_actors record_uuid="{8f192485-0e33-4d28-a7e6-66010f301f06}" record_timestamp="1425291445939" record_key="vo_actor_Chaos_Sorcerer1">
<game_expansion_key></game_expansion_key>
<key>vo_actor_Chaos_Sorcerer1</key>
</audio_vo_actors>
<audio_vo_actors record_uuid="{1d904ae8-0aff-498b-97be-6274cf803348}" record_timestamp="1457449829248" record_key="vo_actor_Chaos_SorcererLord2">
<game_expansion_key></game_expansion_key>
<key>vo_actor_Chaos_SorcererLord2</key>
</audio_vo_actors>
<audio_vo_actors record_uuid="{4170ddc3-64e3-4468-9663-a1128aa89d6c}" record_timestamp="1470137201737" record_key="vo_actor_Dwarf_Inf1">
<game_expansion_key></game_expansion_key>
<key>vo_actor_Dwarf_Inf1</key>
</audio_vo_actors>
<audio_vo_actors record_uuid="{4d147216-df86-480a-9259-e344f2da9176}" record_timestamp="1423837374983" record_key="vo_actor_Dwarf_Lord1">
<game_expansion_key></game_expansion_key>
<key>vo_actor_Dwarf_Lord1</key>
</audio_vo_actors>
<audio_vo_actors record_uuid="{ae2c7568-406b-43f0-9c93-4d249b64ba99}" record_timestamp="1423837375006" record_key="vo_actor_Dwarf_MasterEngineer1">
<game_expansion_key></game_expansion_key>
<key>vo_actor_Dwarf_MasterEngineer1</key>
</audio_vo_actors>
<audio_vo_actors record_uuid="{e812ce45-6f70-437c-9437-6a81617ecba6}" record_timestamp="1457449829559" record_key="vo_actor_Dwarf_RuneSmith2">
<game_expansion_key></game_expansion_key>
<key>vo_actor_Dwarf_RuneSmith2</key>
</audio_vo_actors>
<audio_vo_actors record_uuid="{76e5ce45-3f54-4f7e-8419-141dfe2ebca2}" record_timestamp="1457449829484" record_key="vo_actor_Dwarf_Thane2">
<game_expansion_key></game_expansion_key>
<key>vo_actor_Dwarf_Thane2</key>
</audio_vo_actors>
<audio_vo_actors record_uuid="{d08061e9-6560-4ac3-b363-a8ecf3c9a907}" record_timestamp="1423837374960" record_key="vo_actor_Dwarf_ThorGrimGrudgebearer">
<game_expansion_key></game_expansion_key>
<key>vo_actor_Dwarf_ThorGrimGrudgebearer</key>
</audio_vo_actors>
<audio_vo_actors record_uuid="{8c3d4fcc-f6a6-44f1-bcae-4d548c27fef3}" record_timestamp="1423837374971" record_key="vo_actor_Dwarf_UngrimIronfist">
<game_expansion_key></game_expansion_key>
<key>vo_actor_Dwarf_UngrimIronfist</key>
</audio_vo_actors>
<audio_vo_actors record_uuid="{89f12ad1-2d40-4dc1-af29-de59a04e0ac9}" record_timestamp="1423837374884" record_key="vo_actor_DwfUnq1">
<game_expansion_key></game_expansion_key>
<key>vo_actor_DwfUnq1</key>
</audio_vo_actors>
<audio_vo_actors record_uuid="{2d216683-2900-414f-aabc-53758b4333c2}" record_timestamp="1461152298813" record_key="vo_actor_Empire_AmberWizard1">
<game_expansion_key></game_expansion_key>
<key>vo_actor_Empire_AmberWizard1</key>
</audio_vo_actors>
<audio_vo_actors record_uuid="{8c92c371-4a8f-48a2-9912-870cc7e8209e}" record_timestamp="1461152311751" record_key="vo_actor_Empire_Arch_Lector1">
<game_expansion_key></game_expansion_key>
<key>vo_actor_Empire_Arch_Lector1</key>
</audio_vo_actors>
<audio_vo_actors record_uuid="{e6c39e6b-8d73-4b9e-b7c6-6db72ddf4fc8}" record_timestamp="1423837374890" record_key="vo_actor_Empire_BalthasarGelt">
<game_expansion_key></game_expansion_key>
<key>vo_actor_Empire_BalthasarGelt</key>
</audio_vo_actors>
<audio_vo_actors record_uuid="{41bc2257-4b6b-4910-9d32-da761fc8030c}" record_timestamp="1461152298814" record_key="vo_actor_Empire_Boris_Todbringer">
<game_expansion_key></game_expansion_key>
<key>vo_actor_Empire_Boris_Todbringer</key>
</audio_vo_actors>
<audio_vo_actors record_uuid="{9b860db9-56e1-45ad-a651-859266866e0b}" record_timestamp="1457449829349" record_key="vo_actor_Empire_BrightWizard2">
<game_expansion_key></game_expansion_key>
<key>vo_actor_Empire_BrightWizard2</key>
</audio_vo_actors>
<audio_vo_actors record_uuid="{745e63ca-29fc-4cac-887a-15443535acd7}" record_timestamp="1457449829315" record_key="vo_actor_Empire_Captain2">
<game_expansion_key></game_expansion_key>
<key>vo_actor_Empire_Captain2</key>
</audio_vo_actors>
<audio_vo_actors record_uuid="{67bc0d3c-da8a-4dbc-b463-00b2f466e5d9}" record_timestamp="1423837374927" record_key="vo_actor_Empire_CelestialWizard1">
<game_expansion_key></game_expansion_key>
<key>vo_actor_Empire_CelestialWizard1</key>
</audio_vo_actors>
<audio_vo_actors record_uuid="{23bb4bd1-8345-4028-a0d8-7315e1b50e41}" record_timestamp="1423837374893" record_key="vo_actor_Empire_General1">
<game_expansion_key></game_expansion_key>
<key>vo_actor_Empire_General1</key>
</audio_vo_actors>
<audio_vo_actors record_uuid="{c032fba6-4c4b-4955-9b1c-e71ccc4da01d}" record_timestamp="1470137201737" record_key="vo_actor_Empire_Inf1">
<game_expansion_key></game_expansion_key>
<key>vo_actor_Empire_Inf1</key>
</audio_vo_actors>
<audio_vo_actors record_uuid="{22bec2f0-a045-4db3-a1b0-fd07e9f726b9}" record_timestamp="1423837374886" record_key="vo_actor_Empire_KarlFranz">
<game_expansion_key></game_expansion_key>
<key>vo_actor_Empire_KarlFranz</key>
</audio_vo_actors>
<audio_vo_actors record_uuid="{cb4eb966-0947-4edf-9667-f21d1114fc5a}" record_timestamp="1423837374938" record_key="vo_actor_Empire_LightWizard1">
<game_expansion_key></game_expansion_key>
<key>vo_actor_Empire_LightWizard1</key>
</audio_vo_actors>
<audio_vo_actors record_uuid="{c8a719d1-04c7-4dcd-96ed-26a5d61e7af7}" record_timestamp="1470137201737" record_key="vo_actor_Empire_Mtd1">
<game_expansion_key></game_expansion_key>
<key>vo_actor_Empire_Mtd1</key>
</audio_vo_actors>
<audio_vo_actors record_uuid="{3c781923-4a56-4945-b9a7-70f142ccfe95}" record_timestamp="1461152298814" record_key="vo_actor_Empire_Volkmar_The_Grim">
<game_expansion_key></game_expansion_key>
<key>vo_actor_Empire_Volkmar_The_Grim</key>
</audio_vo_actors>
<audio_vo_actors record_uuid="{111ee99c-0cb1-441a-a002-f5b8dd426269}" record_timestamp="1457449828775" record_key="vo_actor_Empire_WarriorPriest2">
<game_expansion_key></game_expansion_key>
<key>vo_actor_Empire_WarriorPriest2</key>
</audio_vo_actors>
<audio_vo_actors record_uuid="{e8663730-79c8-4b63-a739-8ed004943a60}" record_timestamp="1423837374905" record_key="vo_actor_Empire_WitchHunter1">
<game_expansion_key></game_expansion_key>
<key>vo_actor_Empire_WitchHunter1</key>
</audio_vo_actors>
<audio_vo_actors record_uuid="{6b2d18c0-3bb4-40ec-9740-8625eac7689f}" record_timestamp="1469791596884" record_key="vo_actor_Empire_dlc04_Inf1">
<game_expansion_key></game_expansion_key>
<key>vo_actor_Empire_dlc04_Inf1</key>
</audio_vo_actors>
<audio_vo_actors record_uuid="{6719871a-b579-4586-8276-66b95e8cbcbc}" record_timestamp="1457449828709" record_key="vo_actor_Goblin_BigBoss2">
<game_expansion_key></game_expansion_key>
<key>vo_actor_Goblin_BigBoss2</key>
</audio_vo_actors>
<audio_vo_actors record_uuid="{5c031751-868f-4461-aa2f-a9ec6379bdc1}" record_timestamp="1457449828678" record_key="vo_actor_Goblin_GreatShaman2">
<game_expansion_key></game_expansion_key>
<key>vo_actor_Goblin_GreatShaman2</key>
</audio_vo_actors>
<audio_vo_actors record_uuid="{5c7d05e8-a0c6-4210-96f1-debad97b495e}" record_timestamp="1470137201737" record_key="vo_actor_Goblin_Inf1">
<game_expansion_key></game_expansion_key>
<key>vo_actor_Goblin_Inf1</key>
</audio_vo_actors>
<audio_vo_actors record_uuid="{09ad7000-538b-4098-b32a-3340381c460a}" record_timestamp="1457449828644" record_key="vo_actor_Goblin_NightShaman2">
<game_expansion_key></game_expansion_key>
<key>vo_actor_Goblin_NightShaman2</key>
</audio_vo_actors>
<audio_vo_actors record_uuid="{56297798-3f9e-48c2-8b9a-2f0f7289cd76}" record_timestamp="1423837375035" record_key="vo_actor_Orc_AzhagTheSlaughterer">
<game_expansion_key></game_expansion_key>
<key>vo_actor_Orc_AzhagTheSlaughterer</key>
</audio_vo_actors>
<audio_vo_actors record_uuid="{cf7b0c3d-742d-4d04-82c6-b618f3cb827a}" record_timestamp="1423837375024" record_key="vo_actor_Orc_GrimgorIronhide">
<game_expansion_key></game_expansion_key>
<key>vo_actor_Orc_GrimgorIronhide</key>
</audio_vo_actors>
<audio_vo_actors record_uuid="{6634a002-dae4-45d5-85ae-516610aee5e3}" record_timestamp="1470137201737" record_key="vo_actor_Orc_Inf1">
<game_expansion_key></game_expansion_key>
<key>vo_actor_Orc_Inf1</key>
</audio_vo_actors>
<audio_vo_actors record_uuid="{5aad5bc7-f9a2-469e-af80-c73cbc5d47f3}" record_timestamp="1423837375060" record_key="vo_actor_Orc_Shaman1">
<game_expansion_key></game_expansion_key>
<key>vo_actor_Orc_Shaman1</key>
</audio_vo_actors>
<audio_vo_actors record_uuid="{e83e488c-6fe8-4a28-8b98-b881843330d7}" record_timestamp="1423837375047" record_key="vo_actor_Orc_Warboss1">
<game_expansion_key></game_expansion_key>
<key>vo_actor_Orc_Warboss1</key>
</audio_vo_actors>
<audio_vo_actors record_uuid="{b620c089-0696-4e50-9b63-dce0dfa41862}" record_timestamp="1454077410030" record_key="vo_actor_Vampire_Banshee">
<game_expansion_key></game_expansion_key>
<key>vo_actor_Vampire_Banshee</key>
</audio_vo_actors>
<audio_vo_actors record_uuid="{b1c4462c-3034-4a29-a360-44bc3b670825}" record_timestamp="1459933475472" record_key="vo_actor_Vampire_BloodKnight1">
<game_expansion_key></game_expansion_key>
<key>vo_actor_Vampire_BloodKnight1</key>
</audio_vo_actors>
<audio_vo_actors record_uuid="{96290220-5180-4d48-8d93-1005e02f7802}" record_timestamp="1457449829052" record_key="vo_actor_Vampire_FemaleVamp2">
<game_expansion_key></game_expansion_key>
<key>vo_actor_Vampire_FemaleVamp2</key>
</audio_vo_actors>
<audio_vo_actors record_uuid="{00b4b300-c550-4c29-be33-4b74b3a7af50}" record_timestamp="1425291445987" record_key="vo_actor_Vampire_HeinrichKemmler">
<game_expansion_key></game_expansion_key>
<key>vo_actor_Vampire_HeinrichKemmler</key>
</audio_vo_actors>
<audio_vo_actors record_uuid="{f60b91f1-b517-4c1a-8d1b-097eb598e0b0}" record_timestamp="1461152298815" record_key="vo_actor_Vampire_Helman_Ghorst">
<game_expansion_key></game_expansion_key>
<key>vo_actor_Vampire_Helman_Ghorst</key>
</audio_vo_actors>
<audio_vo_actors record_uuid="{013a2cb3-2b0c-4333-81ed-c1e2e723db28}" record_timestamp="1425291445994" record_key="vo_actor_Vampire_Lord1">
<game_expansion_key></game_expansion_key>
<key>vo_actor_Vampire_Lord1</key>
</audio_vo_actors>
<audio_vo_actors record_uuid="{7eab8cde-feb0-4255-a6c6-90e1b46009d5}" record_timestamp="1425291445980" record_key="vo_actor_Vampire_MannfredVonCarstein">
<game_expansion_key></game_expansion_key>
<key>vo_actor_Vampire_MannfredVonCarstein</key>
</audio_vo_actors>
<audio_vo_actors record_uuid="{ade62c9e-5848-4243-825b-3a47f1d09606}" record_timestamp="1425291446023" record_key="vo_actor_Vampire_MasterNecromancer1">
<game_expansion_key></game_expansion_key>
<key>vo_actor_Vampire_MasterNecromancer1</key>
</audio_vo_actors>
<audio_vo_actors record_uuid="{67b9e813-3ebd-4806-aa01-b0df535c3bb9}" record_timestamp="1425291446037" record_key="vo_actor_Vampire_Necromancer1">
<game_expansion_key></game_expansion_key>
<key>vo_actor_Vampire_Necromancer1</key>
</audio_vo_actors>
<audio_vo_actors record_uuid="{b2eea76d-a0be-4938-af52-37bd48332147}" record_timestamp="1457449829117" record_key="vo_actor_Vampire_Necromancer2">
<game_expansion_key></game_expansion_key>
<key>vo_actor_Vampire_Necromancer2</key>
</audio_vo_actors>
<audio_vo_actors record_uuid="{7febb318-a11a-48f4-b128-76ca6596eefb}" record_timestamp="1461152311757" record_key="vo_actor_Vampire_Strigoi_Ghoul_King1">
<game_expansion_key></game_expansion_key>
<key>vo_actor_Vampire_Strigoi_Ghoul_King1</key>
</audio_vo_actors>
<audio_vo_actors record_uuid="{97f92baa-2f07-4f5f-a8d7-b3be0e7189b9}" record_timestamp="1461152298815" record_key="vo_actor_Vampire_Vlad_Von_Carstein">
<game_expansion_key></game_expansion_key>
<key>vo_actor_Vampire_Vlad_Von_Carstein</key>
</audio_vo_actors>
<audio_vo_actors record_uuid="{8cccb42e-8cc6-4f1f-af8f-5dcfdb1862f8}" record_timestamp="1453283124613" record_key="vo_actor_Vampire_WightKing1">
<game_expansion_key></game_expansion_key>
<key>vo_actor_Vampire_WightKing1</key>
</audio_vo_actors>
<audio_vo_actors record_uuid="{bf1aadb2-77ac-49ad-aecd-023f30798081}" record_timestamp="1470137201737" record_key="vo_actor_default">
<game_expansion_key></game_expansion_key>
<key>vo_actor_default</key>
</audio_vo_actors>
<audio_vo_actors record_uuid="{4c6bf653-d047-4fac-b47b-2744bbfdbff4}" record_timestamp="1432036024321" record_key="vo_actor_group_sound">
<game_expansion_key></game_expansion_key>
<key>vo_actor_group_sound</key>
</audio_vo_actors>
</dataroot>
