<?xml version="1.0" encoding="UTF-8"?>
<dataroot xmlns:od="urn:schemas-microsoft-com:officedata" xmlns:xsi="http://www.w3.org/2001/XMLSchema-instance" xsi:noNamespaceSchemaLocation="audio_campaign_stances.xsd" export_time="Wed May 18 12:00:36 2016" revision="7" export_branch="T:/branches/warhammer/beastmen/warhammer/binaries.x64" export_user="bob">
<edit_uuid>60df07b3-afa7-44e5-b1df-f725862a1822</edit_uuid>
<audio_campaign_stances record_uuid="{84560fe3-de65-4676-9649-767a302d7723}" record_timestamp="1462358740979" record_key="MILITARY_FORCE_ACTIVE_STANCE_TYPE_AMBUSH">
<enter_event>Campaign_Structure_Stance_Ambush_Rise</enter_event>
<leave_event>Campaign_Structure_Stance_Ambush_Fall</leave_event>
<stance>MILITARY_FORCE_ACTIVE_STANCE_TYPE_AMBUSH</stance>
<ui_sound_event>UI_CAM_HUD_Stance_Ambush</ui_sound_event>
</audio_campaign_stances>
<audio_campaign_stances record_uuid="{51127606-37b1-4088-9503-86563188c450}" record_timestamp="1462358740979" record_key="MILITARY_FORCE_ACTIVE_STANCE_TYPE_ASSEMBLE_FLEET">
<enter_event>Campaign_Structure_Stance_Assemble_Fleet_Rise</enter_event>
<leave_event>Campaign_Structure_Stance_Assemble_Fleet_Fall</leave_event>
<stance>MILITARY_FORCE_ACTIVE_STANCE_TYPE_ASSEMBLE_FLEET</stance>
<ui_sound_event>UI_CAM_HUD_Stance_Assemble_Fleet</ui_sound_event>
</audio_campaign_stances>
<audio_campaign_stances record_uuid="{f9585a12-d5b4-421c-968c-5dd1febe4d18}" record_timestamp="1463569207535" record_key="MILITARY_FORCE_ACTIVE_STANCE_TYPE_CHANNELING">
<enter_event></enter_event>
<leave_event></leave_event>
<stance>MILITARY_FORCE_ACTIVE_STANCE_TYPE_CHANNELING</stance>
<ui_sound_event>UI_CAM_HUD_Stance_Channeling</ui_sound_event>
</audio_campaign_stances>
<audio_campaign_stances record_uuid="{5e37df0e-e2f9-4052-9cf4-ed5aec16b7c6}" record_timestamp="1462358740981" record_key="MILITARY_FORCE_ACTIVE_STANCE_TYPE_DEFAULT">
<enter_event>Campaign_Structure_Stance_Default_Rise</enter_event>
<leave_event>Campaign_Structure_Stance_Deafult_Fall</leave_event>
<stance>MILITARY_FORCE_ACTIVE_STANCE_TYPE_DEFAULT</stance>
<ui_sound_event>UI_CAM_HUD_Stance_Default</ui_sound_event>
</audio_campaign_stances>
<audio_campaign_stances record_uuid="{c5551f19-5011-43af-9f63-ea894063ee3a}" record_timestamp="1462358740983" record_key="MILITARY_FORCE_ACTIVE_STANCE_TYPE_DOUBLE_TIME">
<enter_event>Campaign_Structure_Stance_Double_Time_Rise</enter_event>
<leave_event>Campaign_Structure_Stance_Double_Time_Fall</leave_event>
<stance>MILITARY_FORCE_ACTIVE_STANCE_TYPE_DOUBLE_TIME</stance>
<ui_sound_event>UI_CAM_HUD_Stance_Double_Time</ui_sound_event>
</audio_campaign_stances>
<audio_campaign_stances record_uuid="{c725dbd6-3fcc-4daf-97b2-c8d39cea9f01}" record_timestamp="1462358740978" record_key="MILITARY_FORCE_ACTIVE_STANCE_TYPE_LAND_RAID">
<enter_event>Campaign_Structure_Stance_Land_Raid_Rise</enter_event>
<leave_event>Campaign_Structure_Stance_Land_Raid_Fall</leave_event>
<stance>MILITARY_FORCE_ACTIVE_STANCE_TYPE_LAND_RAID</stance>
<ui_sound_event>UI_CAM_HUD_Stance_Land_Raid</ui_sound_event>
</audio_campaign_stances>
<audio_campaign_stances record_uuid="{cfc0cf2a-60e2-42c6-80eb-04a6eb332eb1}" record_timestamp="1462358740982" record_key="MILITARY_FORCE_ACTIVE_STANCE_TYPE_MARCH">
<enter_event>Campaign_Structure_Stance_March_Rise</enter_event>
<leave_event>Campaign_Structure_Stance_March_Fall</leave_event>
<stance>MILITARY_FORCE_ACTIVE_STANCE_TYPE_MARCH</stance>
<ui_sound_event>UI_CAM_HUD_Stance_March</ui_sound_event>
</audio_campaign_stances>
<audio_campaign_stances record_uuid="{2cf7f418-6eb7-4a40-897a-ba42200a8ec9}" record_timestamp="1462358740984" record_key="MILITARY_FORCE_ACTIVE_STANCE_TYPE_MUSTER">
<enter_event>Campaign_Structure_Stance_Muster_Rise</enter_event>
<leave_event>Campaign_Structure_Stance_Muster_Fall</leave_event>
<stance>MILITARY_FORCE_ACTIVE_STANCE_TYPE_MUSTER</stance>
<ui_sound_event>UI_CAM_HUD_Stance_Muster</ui_sound_event>
</audio_campaign_stances>
<audio_campaign_stances record_uuid="{03881605-a038-4ff9-bd4a-ea5493d6fbcf}" record_timestamp="1462358740985" record_key="MILITARY_FORCE_ACTIVE_STANCE_TYPE_PATROL">
<enter_event>Campaign_Structure_Stance_Patrol_Rise</enter_event>
<leave_event>Campaign_Structure_Stance_Patrol_Fall</leave_event>
<stance>MILITARY_FORCE_ACTIVE_STANCE_TYPE_PATROL</stance>
<ui_sound_event>UI_CAM_HUD_Stance_Patrol</ui_sound_event>
</audio_campaign_stances>
<audio_campaign_stances record_uuid="{d9fc0ed0-18b0-4477-8813-3e7f4f21752a}" record_timestamp="1462358740985" record_key="MILITARY_FORCE_ACTIVE_STANCE_TYPE_RAISE_DEAD">
<enter_event>Campaign_Structure_Stance_Raise_Dead_Rise</enter_event>
<leave_event>Campaign_Structure_Stance_Raise_Dead_Fall</leave_event>
<stance>MILITARY_FORCE_ACTIVE_STANCE_TYPE_RAISE_DEAD</stance>
<ui_sound_event>UI_CAM_HUD_Stance_Raise_Dead</ui_sound_event>
</audio_campaign_stances>
<audio_campaign_stances record_uuid="{0535c864-1508-46ff-821d-35f1ac2cd7a2}" record_timestamp="1462358740986" record_key="MILITARY_FORCE_ACTIVE_STANCE_TYPE_SEA_RAID">
<enter_event>Campaign_Structure_Stance_Sea_Raid_Rise</enter_event>
<leave_event>Campaign_Structure_Stance_Sea_Raid_Fall</leave_event>
<stance>MILITARY_FORCE_ACTIVE_STANCE_TYPE_SEA_RAID</stance>
<ui_sound_event>UI_CAM_HUD_Stance_Sea_Raid</ui_sound_event>
</audio_campaign_stances>
<audio_campaign_stances record_uuid="{93fe1feb-f59a-4116-a67d-0090c9c6d1d9}" record_timestamp="1462358740987" record_key="MILITARY_FORCE_ACTIVE_STANCE_TYPE_SETTLE">
<enter_event>Campaign_Structure_Stance_Settle_Rise</enter_event>
<leave_event>Campaign_Structure_Stance_Settle_Fall</leave_event>
<stance>MILITARY_FORCE_ACTIVE_STANCE_TYPE_SETTLE</stance>
<ui_sound_event>UI_CAM_HUD_Stance_Settle</ui_sound_event>
</audio_campaign_stances>
<audio_campaign_stances record_uuid="{b092c365-cbe0-4818-80ac-7de876fbf867}" record_timestamp="1462358740976" record_key="MILITARY_FORCE_ACTIVE_STANCE_TYPE_SET_CAMP">
<enter_event>Campaign_Structure_Stance_Set_Camp_Rise</enter_event>
<leave_event>Campaign_Structure_Stance_Set_Camp_Fall</leave_event>
<stance>MILITARY_FORCE_ACTIVE_STANCE_TYPE_SET_CAMP</stance>
<ui_sound_event>UI_CAM_HUD_Stance_Set_Camp</ui_sound_event>
</audio_campaign_stances>
<audio_campaign_stances record_uuid="{ef471c79-fc4c-4efb-afb3-c2676d9857ea}" record_timestamp="1462358740987" record_key="MILITARY_FORCE_ACTIVE_STANCE_TYPE_SET_CAMP_RAIDING">
<enter_event>Campaign_Structure_Stance_Set_Camp_Raiding_Rise</enter_event>
<leave_event>Campaign_Structure_Stance_Set_Camp_Raiding_Fall</leave_event>
<stance>MILITARY_FORCE_ACTIVE_STANCE_TYPE_SET_CAMP_RAIDING</stance>
<ui_sound_event>UI_CAM_HUD_Stance_Set_Camp_Raiding</ui_sound_event>
</audio_campaign_stances>
<audio_campaign_stances record_uuid="{c80100a0-8a70-4f20-8dd8-89242da57a61}" record_timestamp="1462358740977" record_key="MILITARY_FORCE_ACTIVE_STANCE_TYPE_TUNNELING">
<enter_event>Campaign_Structure_Stance_Tunneling_Rise</enter_event>
<leave_event>Campaign_Structure_Stance_Tunneling_Fall</leave_event>
<stance>MILITARY_FORCE_ACTIVE_STANCE_TYPE_TUNNELING</stance>
<ui_sound_event>UI_CAM_HUD_Stance_Tunneling</ui_sound_event>
</audio_campaign_stances>
</dataroot>
