<?xml version="1.0" encoding="UTF-8"?>
<dataroot xmlns:od="urn:schemas-microsoft-com:officedata" xmlns:xsi="http://www.w3.org/2001/XMLSchema-instance" xsi:noNamespaceSchemaLocation="audio_entity_type_limitations.xsd" export_time="Wed May 4 11:51:33 2016" revision="18" export_branch="T:/branches/warhammer/beastmen/warhammer/binaries.x64" export_user="bob">
<edit_uuid>fd43201d-b25a-4639-9512-ce49fbe13095</edit_uuid>
<audio_entity_type_limitations record_uuid="{01bffda3-207a-4d48-a29e-03d53603de60}" record_timestamp="1453734609537" record_key="Lord_Hero">
<animation_uncapped>1</animation_uncapped>
<can_play_at_bone>1</can_play_at_bone>
<code_uncapped>1</code_uncapped>
<far_inside>15</far_inside>
<far_outside>10</far_outside>
<key>Lord_Hero</key>
<max_distance_animation_driven>500</max_distance_animation_driven>
<max_distance_code_driven>400</max_distance_code_driven>
<near_inside>5</near_inside>
<near_outside>2</near_outside>
</audio_entity_type_limitations>
<audio_entity_type_limitations record_uuid="{10a12255-203e-4eaf-bfaa-dc869feccfc9}" record_timestamp="1462358747960" record_key="large">
<animation_uncapped>0</animation_uncapped>
<can_play_at_bone>0</can_play_at_bone>
<code_uncapped>0</code_uncapped>
<far_inside>50</far_inside>
<far_outside>7</far_outside>
<key>large</key>
<max_distance_animation_driven>150</max_distance_animation_driven>
<max_distance_code_driven>180</max_distance_code_driven>
<near_inside>5</near_inside>
<near_outside>5</near_outside>
</audio_entity_type_limitations>
<audio_entity_type_limitations record_uuid="{2e19a9e0-f1da-4331-863b-b0ad78c47045}" record_timestamp="1462358747960" record_key="medium">
<animation_uncapped>0</animation_uncapped>
<can_play_at_bone>0</can_play_at_bone>
<code_uncapped>0</code_uncapped>
<far_inside>50</far_inside>
<far_outside>7</far_outside>
<key>medium</key>
<max_distance_animation_driven>200</max_distance_animation_driven>
<max_distance_code_driven>90</max_distance_code_driven>
<near_inside>5</near_inside>
<near_outside>5</near_outside>
</audio_entity_type_limitations>
<audio_entity_type_limitations record_uuid="{5495c96e-93a3-4e42-a531-522b272fc122}" record_timestamp="1462358747959" record_key="small">
<animation_uncapped>0</animation_uncapped>
<can_play_at_bone>0</can_play_at_bone>
<code_uncapped>0</code_uncapped>
<far_inside>50</far_inside>
<far_outside>7</far_outside>
<key>small</key>
<max_distance_animation_driven>120</max_distance_animation_driven>
<max_distance_code_driven>90</max_distance_code_driven>
<near_inside>5</near_inside>
<near_outside>5</near_outside>
</audio_entity_type_limitations>
<audio_entity_type_limitations record_uuid="{ed55026e-2944-4da5-b6fe-8933e9db8108}" record_timestamp="1454330504975" record_key="veryloud">
<animation_uncapped>1</animation_uncapped>
<can_play_at_bone>1</can_play_at_bone>
<code_uncapped>1</code_uncapped>
<far_inside>15</far_inside>
<far_outside>10</far_outside>
<key>veryloud</key>
<max_distance_animation_driven>500</max_distance_animation_driven>
<max_distance_code_driven>400</max_distance_code_driven>
<near_inside>5</near_inside>
<near_outside>2</near_outside>
</audio_entity_type_limitations>
<audio_entity_type_limitations record_uuid="{a32cd174-3e86-40ad-b814-336b1f00fcba}" record_timestamp="1453134908258" record_key="war_machine">
<animation_uncapped>1</animation_uncapped>
<can_play_at_bone>0</can_play_at_bone>
<code_uncapped>1</code_uncapped>
<far_inside>30</far_inside>
<far_outside>15</far_outside>
<key>war_machine</key>
<max_distance_animation_driven>500</max_distance_animation_driven>
<max_distance_code_driven>250</max_distance_code_driven>
<near_inside>10</near_inside>
<near_outside>5</near_outside>
</audio_entity_type_limitations>
</dataroot>
