<?xml version="1.0" encoding="UTF-8"?>
<dataroot xmlns:od="urn:schemas-microsoft-com:officedata" xmlns:xsi="http://www.w3.org/2001/XMLSchema-instance" xsi:noNamespaceSchemaLocation="audio_campaign_tree_types.xsd" export_time="Wed Jun 22 11:52:47 2016" revision="2" export_branch="T:/branches/warhammer/beastmen/warhammer/binaries.x64" export_user="bob">
<edit_uuid>0af0a4ed-07da-4be9-98ea-a902de4617e6</edit_uuid>
<audio_campaign_tree_types record_uuid="{3bf8e87a-ac7b-4f25-a166-f1ec8fcb0c3f}" record_timestamp="1466592767530" record_key="beastmen">
<key>beastmen</key>
</audio_campaign_tree_types>
<audio_campaign_tree_types record_uuid="{ab87bd7f-b91f-4fd1-9347-c849e197c68e}" record_timestamp="1444307644429" record_key="bretonnia">
<key>bretonnia</key>
</audio_campaign_tree_types>
<audio_campaign_tree_types record_uuid="{0fd51d7f-c1fd-409f-b95a-3512b353d577}" record_timestamp="1444307474774" record_key="chaos">
<key>chaos</key>
</audio_campaign_tree_types>
<audio_campaign_tree_types record_uuid="{ba41698a-46dd-4290-b9a1-35e7a5670ad3}" record_timestamp="1444307474761" record_key="dwarfs">
<key>dwarfs</key>
</audio_campaign_tree_types>
<audio_campaign_tree_types record_uuid="{4b0e1377-dd7e-4902-8fe5-bb76a1fd2f9e}" record_timestamp="1444307474787" record_key="empire">
<key>empire</key>
</audio_campaign_tree_types>
<audio_campaign_tree_types record_uuid="{d64900e9-4f15-4d97-869b-53a85e261fd1}" record_timestamp="1444307474780" record_key="greenskins">
<key>greenskins</key>
</audio_campaign_tree_types>
<audio_campaign_tree_types record_uuid="{9cccecd7-bf73-417d-a1ce-03e524908e0b}" record_timestamp="1444307474794" record_key="nordic">
<key>nordic</key>
</audio_campaign_tree_types>
<audio_campaign_tree_types record_uuid="{3da5ad03-c755-4cfa-9db3-a85c283452f4}" record_timestamp="1444307474768" record_key="vampire">
<key>vampire</key>
</audio_campaign_tree_types>
</dataroot>
