<?xml version="1.0" encoding="UTF-8"?>
<dataroot xmlns:od="urn:schemas-microsoft-com:officedata" xmlns:xsi="http://www.w3.org/2001/XMLSchema-instance" xsi:noNamespaceSchemaLocation="audio_missile_weapon_types.xsd" export_time="Thu Feb 18 18:15:47 2016" revision="27" export_branch="T:/warhammer/binaries.x64" export_user="bob">
<edit_uuid>955278d2-2a46-4e82-8514-8f25c6c1bcfb</edit_uuid>
<audio_missile_weapon_types record_uuid="{a4a99f42-36bc-4935-8ef2-85fe7020ad5d}" record_timestamp="1431964050610" record_key="bow">
<fire_max_attenuation>120</fire_max_attenuation>
<fire_obstruction_size>0</fire_obstruction_size>
<fire_start_event>Battle_Individual_Small_Arms_Bow_Release</fire_start_event>
<fire_stop_event></fire_stop_event>
<fire_use_reverb>0</fire_use_reverb>
<group_fire></group_fire>
<group_fire_start></group_fire_start>
<group_fire_stop></group_fire_stop>
<key>bow</key>
<only_trigger_once_per_volley>0</only_trigger_once_per_volley>
<switch>bow</switch>
</audio_missile_weapon_types>
<audio_missile_weapon_types record_uuid="{301aaf26-dfe2-4503-8854-d0ea104fd8e8}" record_timestamp="1452776095666" record_key="brinstone_gun">
<fire_max_attenuation>300</fire_max_attenuation>
<fire_obstruction_size>0</fire_obstruction_size>
<fire_start_event>Battle_Individual_Small_Arms_Brinstone_Fire</fire_start_event>
<fire_stop_event></fire_stop_event>
<fire_use_reverb>1</fire_use_reverb>
<group_fire>wh_grp_projectile_brinstone_gun_fire</group_fire>
<group_fire_start></group_fire_start>
<group_fire_stop></group_fire_stop>
<key>brinstone_gun</key>
<only_trigger_once_per_volley>0</only_trigger_once_per_volley>
<switch>brinstone_gun</switch>
</audio_missile_weapon_types>
<audio_missile_weapon_types record_uuid="{f75cb81b-fd35-48ac-8ee8-b80c42f1723f}" record_timestamp="1452776099790" record_key="cannon">
<fire_max_attenuation>400</fire_max_attenuation>
<fire_obstruction_size>0</fire_obstruction_size>
<fire_start_event>Battle_Individual_Artillery_Cannon_Fire</fire_start_event>
<fire_stop_event></fire_stop_event>
<fire_use_reverb>1</fire_use_reverb>
<group_fire></group_fire>
<group_fire_start></group_fire_start>
<group_fire_stop></group_fire_stop>
<key>cannon</key>
<only_trigger_once_per_volley>0</only_trigger_once_per_volley>
<switch>cannon</switch>
</audio_missile_weapon_types>
<audio_missile_weapon_types record_uuid="{0e42637f-c120-4da7-b6d3-89846905a239}" record_timestamp="1440593406647" record_key="clattergun">
<fire_max_attenuation>200</fire_max_attenuation>
<fire_obstruction_size>0</fire_obstruction_size>
<fire_start_event>Battle_Individual_Artillery_Copter_Clattergun_Fire</fire_start_event>
<fire_stop_event></fire_stop_event>
<fire_use_reverb>1</fire_use_reverb>
<group_fire></group_fire>
<group_fire_start></group_fire_start>
<group_fire_stop></group_fire_stop>
<key>clattergun</key>
<only_trigger_once_per_volley>0</only_trigger_once_per_volley>
<switch>clattergun</switch>
</audio_missile_weapon_types>
<audio_missile_weapon_types record_uuid="{55fb1790-22b4-4536-a093-62cac6276d76}" record_timestamp="1431964050690" record_key="crossbow">
<fire_max_attenuation>120</fire_max_attenuation>
<fire_obstruction_size>0</fire_obstruction_size>
<fire_start_event>Battle_Individual_Small_Arms_Crossbow_Release</fire_start_event>
<fire_stop_event></fire_stop_event>
<fire_use_reverb>0</fire_use_reverb>
<group_fire>wh_grp_projectile_crossbow_fire</group_fire>
<group_fire_start></group_fire_start>
<group_fire_stop></group_fire_stop>
<key>crossbow</key>
<only_trigger_once_per_volley>0</only_trigger_once_per_volley>
<switch>crossbow</switch>
</audio_missile_weapon_types>
<audio_missile_weapon_types record_uuid="{e754bbbb-b4c5-4108-80d5-bcdda70c1065}" record_timestamp="1450346645553" record_key="dragon_breath">
<fire_max_attenuation>200</fire_max_attenuation>
<fire_obstruction_size>0</fire_obstruction_size>
<fire_start_event>Battle_Individual_Small_Arms_Dragon_Breath_Start</fire_start_event>
<fire_stop_event>Battle_Individual_Small_Arms_Dragon_Breath_Stop</fire_stop_event>
<fire_use_reverb>0</fire_use_reverb>
<group_fire></group_fire>
<group_fire_start></group_fire_start>
<group_fire_stop></group_fire_stop>
<key>dragon_breath</key>
<only_trigger_once_per_volley>0</only_trigger_once_per_volley>
<switch>dragon_breath</switch>
</audio_missile_weapon_types>
<audio_missile_weapon_types record_uuid="{94e9a991-9dda-48fe-8351-15b21ad88302}" record_timestamp="1455819347040" record_key="drakegun">
<fire_max_attenuation>200</fire_max_attenuation>
<fire_obstruction_size>0</fire_obstruction_size>
<fire_start_event></fire_start_event>
<fire_stop_event></fire_stop_event>
<fire_use_reverb>0</fire_use_reverb>
<group_fire></group_fire>
<group_fire_start>wh_grp_drakegun_fire_start</group_fire_start>
<group_fire_stop>wh_grp_drakegun_fire_stop</group_fire_stop>
<key>drakegun</key>
<only_trigger_once_per_volley>0</only_trigger_once_per_volley>
<switch>drakegun</switch>
</audio_missile_weapon_types>
<audio_missile_weapon_types record_uuid="{0ad91c2f-4e00-4822-acb1-a7be195b6ef4}" record_timestamp="1439292641050" record_key="flame_cannon">
<fire_max_attenuation>150</fire_max_attenuation>
<fire_obstruction_size>0</fire_obstruction_size>
<fire_start_event>Battle_Individual_Artillery_Flame_Cannon_Fire</fire_start_event>
<fire_stop_event></fire_stop_event>
<fire_use_reverb>1</fire_use_reverb>
<group_fire></group_fire>
<group_fire_start></group_fire_start>
<group_fire_stop></group_fire_stop>
<key>flame_cannon</key>
<only_trigger_once_per_volley>0</only_trigger_once_per_volley>
<switch>flame_cannon</switch>
</audio_missile_weapon_types>
<audio_missile_weapon_types record_uuid="{5b86b238-5b4e-4310-b8ff-8ba4b34282e0}" record_timestamp="1452776119343" record_key="gatling_gun">
<fire_max_attenuation>350</fire_max_attenuation>
<fire_obstruction_size>0</fire_obstruction_size>
<fire_start_event>Battle_Individual_Artillery_Gatling_Gun_Fire</fire_start_event>
<fire_stop_event></fire_stop_event>
<fire_use_reverb>1</fire_use_reverb>
<group_fire></group_fire>
<group_fire_start></group_fire_start>
<group_fire_stop></group_fire_stop>
<key>gatling_gun</key>
<only_trigger_once_per_volley>0</only_trigger_once_per_volley>
<switch>gatling_gun</switch>
</audio_missile_weapon_types>
<audio_missile_weapon_types record_uuid="{3f43eb3b-ffdd-485f-94e8-aa398ecf39f9}" record_timestamp="1439292641050" record_key="great_cannon">
<fire_max_attenuation>400</fire_max_attenuation>
<fire_obstruction_size>0</fire_obstruction_size>
<fire_start_event>Battle_Individual_Artillery_Great_Cannon_Fire</fire_start_event>
<fire_stop_event></fire_stop_event>
<fire_use_reverb>1</fire_use_reverb>
<group_fire></group_fire>
<group_fire_start></group_fire_start>
<group_fire_stop></group_fire_stop>
<key>great_cannon</key>
<only_trigger_once_per_volley>0</only_trigger_once_per_volley>
<switch>great_cannon</switch>
</audio_missile_weapon_types>
<audio_missile_weapon_types record_uuid="{48508040-71ab-4c3b-8225-e48de21c55f0}" record_timestamp="1452776131756" record_key="grenade_launcher">
<fire_max_attenuation>200</fire_max_attenuation>
<fire_obstruction_size>0</fire_obstruction_size>
<fire_start_event>Battle_Individual_Small_Arms_Grenade_Launcher_Fire</fire_start_event>
<fire_stop_event></fire_stop_event>
<fire_use_reverb>1</fire_use_reverb>
<group_fire>wh_grp_projectile_grenade_launcher_fire</group_fire>
<group_fire_start></group_fire_start>
<group_fire_stop></group_fire_stop>
<key>grenade_launcher</key>
<only_trigger_once_per_volley>0</only_trigger_once_per_volley>
<switch>grenade_launcher</switch>
</audio_missile_weapon_types>
<audio_missile_weapon_types record_uuid="{340b6ff8-7a2f-465f-a7f3-68fe39832280}" record_timestamp="1452776134336" record_key="hell_cannon">
<fire_max_attenuation>350</fire_max_attenuation>
<fire_obstruction_size>0</fire_obstruction_size>
<fire_start_event>Battle_Individual_Artillery_Hell_Cannon_Fire</fire_start_event>
<fire_stop_event></fire_stop_event>
<fire_use_reverb>1</fire_use_reverb>
<group_fire></group_fire>
<group_fire_start></group_fire_start>
<group_fire_stop></group_fire_stop>
<key>hell_cannon</key>
<only_trigger_once_per_volley>0</only_trigger_once_per_volley>
<switch>hell_cannon</switch>
</audio_missile_weapon_types>
<audio_missile_weapon_types record_uuid="{80352830-de67-4259-b86f-2f400b6c089d}" record_timestamp="1452776136946" record_key="mortar">
<fire_max_attenuation>350</fire_max_attenuation>
<fire_obstruction_size>0</fire_obstruction_size>
<fire_start_event>Battle_Individual_Artillery_Mortar_Fire</fire_start_event>
<fire_stop_event></fire_stop_event>
<fire_use_reverb>1</fire_use_reverb>
<group_fire></group_fire>
<group_fire_start></group_fire_start>
<group_fire_stop></group_fire_stop>
<key>mortar</key>
<only_trigger_once_per_volley>0</only_trigger_once_per_volley>
<switch>mortar</switch>
</audio_missile_weapon_types>
<audio_missile_weapon_types record_uuid="{29e20b40-9235-461f-bc53-726f61df3197}" record_timestamp="1426767706500" record_key="none">
<fire_max_attenuation>0</fire_max_attenuation>
<fire_obstruction_size>0</fire_obstruction_size>
<fire_start_event></fire_start_event>
<fire_stop_event></fire_stop_event>
<fire_use_reverb>0</fire_use_reverb>
<group_fire></group_fire>
<group_fire_start></group_fire_start>
<group_fire_stop></group_fire_stop>
<key>none</key>
<only_trigger_once_per_volley>0</only_trigger_once_per_volley>
<switch>none</switch>
</audio_missile_weapon_types>
<audio_missile_weapon_types record_uuid="{865d7c97-e43a-4832-af84-2754bfb55c94}" record_timestamp="1452776139379" record_key="orgun_gun">
<fire_max_attenuation>400</fire_max_attenuation>
<fire_obstruction_size>0</fire_obstruction_size>
<fire_start_event>Battle_Individual_Artillery_Orgun_Gun_Fire</fire_start_event>
<fire_stop_event></fire_stop_event>
<fire_use_reverb>1</fire_use_reverb>
<group_fire></group_fire>
<group_fire_start></group_fire_start>
<group_fire_stop></group_fire_stop>
<key>orgun_gun</key>
<only_trigger_once_per_volley>1</only_trigger_once_per_volley>
<switch>organ_gun</switch>
</audio_missile_weapon_types>
<audio_missile_weapon_types record_uuid="{b0a0798b-b84d-4431-a473-77da9e89d0e5}" record_timestamp="1452776142877" record_key="pistol">
<fire_max_attenuation>300</fire_max_attenuation>
<fire_obstruction_size>0</fire_obstruction_size>
<fire_start_event>Battle_Individual_Small_Arms_Pistol_Fire</fire_start_event>
<fire_stop_event></fire_stop_event>
<fire_use_reverb>1</fire_use_reverb>
<group_fire>wh_grp_projectile_pistol_fire</group_fire>
<group_fire_start></group_fire_start>
<group_fire_stop></group_fire_stop>
<key>pistol</key>
<only_trigger_once_per_volley>0</only_trigger_once_per_volley>
<switch>pistol</switch>
</audio_missile_weapon_types>
<audio_missile_weapon_types record_uuid="{ac7e9543-75cc-436c-89c3-5875cd854e26}" record_timestamp="1452776148531" record_key="repeater_gun">
<fire_max_attenuation>300</fire_max_attenuation>
<fire_obstruction_size>0</fire_obstruction_size>
<fire_start_event>Battle_Individual_Small_Arms_Repeater_Gun_Fire</fire_start_event>
<fire_stop_event></fire_stop_event>
<fire_use_reverb>1</fire_use_reverb>
<group_fire>wh_grp_projectile_repeater_gun_fire</group_fire>
<group_fire_start></group_fire_start>
<group_fire_stop></group_fire_stop>
<key>repeater_gun</key>
<only_trigger_once_per_volley>0</only_trigger_once_per_volley>
<switch>repeater_gun</switch>
</audio_missile_weapon_types>
<audio_missile_weapon_types record_uuid="{72e9ae90-c277-48ef-bf73-2d1109d38229}" record_timestamp="1452776151570" record_key="repeater_rifle">
<fire_max_attenuation>300</fire_max_attenuation>
<fire_obstruction_size>0</fire_obstruction_size>
<fire_start_event>Battle_Individual_Small_Arms_Repeater_Rifle_Fire</fire_start_event>
<fire_stop_event></fire_stop_event>
<fire_use_reverb>1</fire_use_reverb>
<group_fire>wh_grp_projectile_repeater_rifle_fire</group_fire>
<group_fire_start></group_fire_start>
<group_fire_stop></group_fire_stop>
<key>repeater_rifle</key>
<only_trigger_once_per_volley>0</only_trigger_once_per_volley>
<switch>repeater_rifle</switch>
</audio_missile_weapon_types>
<audio_missile_weapon_types record_uuid="{03a4dd46-0f95-4ec0-aa9e-e62fb5b46a1d}" record_timestamp="1452776154773" record_key="rocket_battery">
<fire_max_attenuation>350</fire_max_attenuation>
<fire_obstruction_size>0</fire_obstruction_size>
<fire_start_event>Battle_Individual_Artillery_Rocket_Launch</fire_start_event>
<fire_stop_event></fire_stop_event>
<fire_use_reverb>1</fire_use_reverb>
<group_fire></group_fire>
<group_fire_start></group_fire_start>
<group_fire_stop></group_fire_stop>
<key>rocket_battery</key>
<only_trigger_once_per_volley>0</only_trigger_once_per_volley>
<switch>rocket_battery</switch>
</audio_missile_weapon_types>
<audio_missile_weapon_types record_uuid="{425abb33-ad14-4c61-9966-8cbf824f8dd7}" record_timestamp="1438940883253" record_key="steamgun_copter">
<fire_max_attenuation>100</fire_max_attenuation>
<fire_obstruction_size>0</fire_obstruction_size>
<fire_start_event>Battle_Individual_Artillery_Copter_Steamgun_Fire</fire_start_event>
<fire_stop_event></fire_stop_event>
<fire_use_reverb>0</fire_use_reverb>
<group_fire></group_fire>
<group_fire_start></group_fire_start>
<group_fire_stop></group_fire_stop>
<key>steamgun_copter</key>
<only_trigger_once_per_volley>0</only_trigger_once_per_volley>
<switch>steamgun</switch>
</audio_missile_weapon_types>
<audio_missile_weapon_types record_uuid="{fc5833e3-7b54-48ff-94e6-e1db1235dc5d}" record_timestamp="1438940883248" record_key="steamgun_tank">
<fire_max_attenuation>100</fire_max_attenuation>
<fire_obstruction_size>0</fire_obstruction_size>
<fire_start_event>Battle_Individual_Artillery_Steam_Tank_Steamgun_Fire</fire_start_event>
<fire_stop_event></fire_stop_event>
<fire_use_reverb>0</fire_use_reverb>
<group_fire></group_fire>
<group_fire_start></group_fire_start>
<group_fire_stop></group_fire_stop>
<key>steamgun_tank</key>
<only_trigger_once_per_volley>0</only_trigger_once_per_volley>
<switch>steamgun</switch>
</audio_missile_weapon_types>
<audio_missile_weapon_types record_uuid="{1e896baf-3022-4286-af2c-736627d99efe}" record_timestamp="1452776164072" record_key="troll_hammer">
<fire_max_attenuation>200</fire_max_attenuation>
<fire_obstruction_size>0</fire_obstruction_size>
<fire_start_event>Battle_Individual_Small_Arms_Troll_Hammer_Fire</fire_start_event>
<fire_stop_event></fire_stop_event>
<fire_use_reverb>1</fire_use_reverb>
<group_fire></group_fire>
<group_fire_start></group_fire_start>
<group_fire_stop></group_fire_stop>
<key>troll_hammer</key>
<only_trigger_once_per_volley>0</only_trigger_once_per_volley>
<switch>troll_hammer</switch>
</audio_missile_weapon_types>
</dataroot>
