<?xml version="1.0" encoding="UTF-8"?>
<dataroot xmlns:od="urn:schemas-microsoft-com:officedata" xmlns:xsi="http://www.w3.org/2001/XMLSchema-instance" xsi:noNamespaceSchemaLocation="audio_melee_hit_categories.xsd" export_time="Mon Feb 8 14:28:08 2016" revision="2" export_branch="T:/warhammer/binaries.x64" export_user="bob">
<edit_uuid>0d3b532f-b25a-4c4b-a4d7-4f79d0050c0b</edit_uuid>
<audio_melee_hit_categories record_uuid="{dd9055c2-571d-4486-82f2-5bd2f4e35991}" record_timestamp="1452084415802" record_key="primary">
<key>primary</key>
</audio_melee_hit_categories>
<audio_melee_hit_categories record_uuid="{9a48e4c8-2644-42ae-9486-aff164ab7c31}" record_timestamp="1452084415802" record_key="secondary">
<key>secondary</key>
</audio_melee_hit_categories>
<audio_melee_hit_categories record_uuid="{7b4f9899-3e96-4589-aaa9-15ed08b36cf0}" record_timestamp="1452084415802" record_key="shield">
<key>shield</key>
</audio_melee_hit_categories>
<audio_melee_hit_categories record_uuid="{47818d51-89d0-4e39-995f-aabfd057cc6c}" record_timestamp="1454941686808" record_key="siege">
<key>siege</key>
</audio_melee_hit_categories>
</dataroot>
