<?xml version="1.0" encoding="UTF-8"?>
<dataroot xmlns:od="urn:schemas-microsoft-com:officedata" xmlns:xsi="http://www.w3.org/2001/XMLSchema-instance" xsi:noNamespaceSchemaLocation="audio_rtpc_assignments.xsd" export_time="Wed Apr 6 09:57:30 2016" revision="12" export_branch="T:/branches/warhammer/beastmen/warhammer/binaries.x64" export_user="bob">
<edit_uuid>a797d091-a9c2-45f1-835c-bb021f55bf8e</edit_uuid>
<audio_rtpc_assignments record_uuid="{925b359c-23ae-49f3-bbe0-f92a08e21a26}" record_timestamp="1428590532242" record_key="Entity_Acceleration_Moving">
<name>Entity_Acceleration_Moving</name>
</audio_rtpc_assignments>
<audio_rtpc_assignments record_uuid="{5f777b2a-4c09-484e-a3d3-25bf54171ba0}" record_timestamp="1454672066201" record_key="Entity_Animation_Speed">
<name>Entity_Animation_Speed</name>
</audio_rtpc_assignments>
<audio_rtpc_assignments record_uuid="{e36a4f83-5b4e-4ac3-9267-2f33daeae8c0}" record_timestamp="1443449267715" record_key="Entity_Cohesion">
<name>Entity_Cohesion</name>
</audio_rtpc_assignments>
<audio_rtpc_assignments record_uuid="{b9b5fd9c-f4e2-4592-b0d2-b65861926c72}" record_timestamp="1443449267714" record_key="Entity_Cohesion_With_Formation">
<name>Entity_Cohesion_With_Formation</name>
</audio_rtpc_assignments>
<audio_rtpc_assignments record_uuid="{3d37c843-078b-45c1-93e8-9d709e25f693}" record_timestamp="1428501635385" record_key="Entity_Speed_Moving">
<name>Entity_Speed_Moving</name>
</audio_rtpc_assignments>
<audio_rtpc_assignments record_uuid="{16f2363d-4b58-41e1-8290-97419aa7a292}" record_timestamp="1428501635389" record_key="Entity_Speed_Rotating">
<name>Entity_Speed_Rotating</name>
</audio_rtpc_assignments>
<audio_rtpc_assignments record_uuid="{68dfd341-09b1-4caa-a836-4dbc60fb1158}" record_timestamp="1428501635381" record_key="Entity_Speed_Total">
<name>Entity_Speed_Total</name>
</audio_rtpc_assignments>
<audio_rtpc_assignments record_uuid="{58c68792-a7e5-4c88-b412-b9cf250f7ba0}" record_timestamp="1434454645361" record_key="Entity_Steps_Per_Second">
<name>Entity_Steps_Per_Second</name>
</audio_rtpc_assignments>
<audio_rtpc_assignments record_uuid="{c4ff8447-f9de-4a1c-a40f-751612968547}" record_timestamp="1430300461340" record_key="Projectile_Distance_Travelled">
<name>Projectile_Distance_Travelled</name>
</audio_rtpc_assignments>
<audio_rtpc_assignments record_uuid="{7eff416d-4903-4cb9-9539-ad24cf4bc02f}" record_timestamp="1430300461340" record_key="Projectile_Height">
<name>Projectile_Height</name>
</audio_rtpc_assignments>
<audio_rtpc_assignments record_uuid="{da27df42-fc69-4984-8548-7a3a0567caf3}" record_timestamp="1430300461340" record_key="Projectile_Speed">
<name>Projectile_Speed</name>
</audio_rtpc_assignments>
<audio_rtpc_assignments record_uuid="{488185e2-75ac-4306-9699-7f4caf921abb}" record_timestamp="1430300461340" record_key="Projectile_Time_Till_Impact">
<name>Projectile_Time_Till_Impact</name>
</audio_rtpc_assignments>
</dataroot>
