<?xml version="1.0" encoding="UTF-8"?>
<dataroot xmlns:od="urn:schemas-microsoft-com:officedata" xmlns:xsi="http://www.w3.org/2001/XMLSchema-instance" xsi:noNamespaceSchemaLocation="audio_projectiles.xsd" export_time="Thu Jun 23 17:35:14 2016" revision="122" export_branch="T:/branches/warhammer/beastmen/warhammer/binaries.x64" export_user="bob">
<edit_uuid>a0f144dd-41e2-488c-a2e2-ab0303af87b8</edit_uuid>
<audio_projectiles record_uuid="{4473263a-d086-469e-8fb0-739bf763878c}" record_timestamp="1455212692154" record_key="none">
<doppler_rtpc_name></doppler_rtpc_name>
<fire_only_trigger_once_per_volley>0</fire_only_trigger_once_per_volley>
<fire_start_event></fire_start_event>
<fire_stop_event></fire_stop_event>
<flyby_distance>10</flyby_distance>
<flyby_event></flyby_event>
<group_fire></group_fire>
<group_impact></group_impact>
<group_inflight></group_inflight>
<hit_tree_start_event></hit_tree_start_event>
<hit_tree_stop_event></hit_tree_stop_event>
<idle_start_event></idle_start_event>
<idle_stop_event></idle_stop_event>
<impact_blood_event></impact_blood_event>
<impact_event></impact_event>
<impact_only_trigger_once_per_volley>0</impact_only_trigger_once_per_volley>
<incoming_event></incoming_event>
<incoming_time>1</incoming_time>
<inflight_min_speed>0</inflight_min_speed>
<inflight_only_trigger_once_per_volley>0</inflight_only_trigger_once_per_volley>
<inflight_start_event></inflight_start_event>
<inflight_stop_event></inflight_stop_event>
<key>none</key>
<max_attenuation_fire>0</max_attenuation_fire>
<max_attenuation_idle>0</max_attenuation_idle>
<max_attenuation_impact>0</max_attenuation_impact>
<max_attenuation_inflight>0</max_attenuation_inflight>
<obstruction_size>0</obstruction_size>
<rtpc_1_assignment></rtpc_1_assignment>
<rtpc_1_name></rtpc_1_name>
<rtpc_2_assignment></rtpc_2_assignment>
<rtpc_2_name></rtpc_2_name>
<switch_1></switch_1>
<use_reverb>1</use_reverb>
</audio_projectiles>
<audio_projectiles record_uuid="{c27b8c78-0831-4fe1-ab3b-ea409523cd0b}" record_timestamp="1462358740221" record_key="wh_bow_arrow_flaming">
<doppler_rtpc_name></doppler_rtpc_name>
<fire_only_trigger_once_per_volley>0</fire_only_trigger_once_per_volley>
<fire_start_event>Battle_Individual_Projectile_Arrow_Fire_Flaming</fire_start_event>
<fire_stop_event></fire_stop_event>
<flyby_distance>10</flyby_distance>
<flyby_event></flyby_event>
<group_fire>wh_grp_projectile_arrow_fire_flaming</group_fire>
<group_impact>wh_grp_projectile_arrow_impact</group_impact>
<group_inflight></group_inflight>
<hit_tree_start_event>Battle_Individual_Projectile_Impact_Tree_Canopy_Small_Play</hit_tree_start_event>
<hit_tree_stop_event>Battle_Individual_Projectile_Impact_Tree_Canopy_Small_Stop</hit_tree_stop_event>
<idle_start_event></idle_start_event>
<idle_stop_event></idle_stop_event>
<impact_blood_event></impact_blood_event>
<impact_event>Battle_Individual_Projectile_Arrow_Impact</impact_event>
<impact_only_trigger_once_per_volley>0</impact_only_trigger_once_per_volley>
<incoming_event></incoming_event>
<incoming_time>1</incoming_time>
<inflight_min_speed>22</inflight_min_speed>
<inflight_only_trigger_once_per_volley>0</inflight_only_trigger_once_per_volley>
<inflight_start_event>Battle_Individual_Projectile_Arrow_InFlight_Flaming_Play</inflight_start_event>
<inflight_stop_event>Battle_Individual_Projectile_Arrow_InFlight_Flaming_Stop</inflight_stop_event>
<key>wh_bow_arrow_flaming</key>
<max_attenuation_fire>150</max_attenuation_fire>
<max_attenuation_idle>100</max_attenuation_idle>
<max_attenuation_impact>100</max_attenuation_impact>
<max_attenuation_inflight>100</max_attenuation_inflight>
<obstruction_size>0</obstruction_size>
<rtpc_1_assignment></rtpc_1_assignment>
<rtpc_1_name></rtpc_1_name>
<rtpc_2_assignment></rtpc_2_assignment>
<rtpc_2_name></rtpc_2_name>
<switch_1></switch_1>
<use_reverb>0</use_reverb>
</audio_projectiles>
<audio_projectiles record_uuid="{0aa7e4e4-449b-4b7d-998c-f3326d2648e7}" record_timestamp="1462358740221" record_key="wh_bow_arrow_normal">
<doppler_rtpc_name></doppler_rtpc_name>
<fire_only_trigger_once_per_volley>0</fire_only_trigger_once_per_volley>
<fire_start_event>Battle_Individual_Projectile_Arrow_Fire_Normal</fire_start_event>
<fire_stop_event></fire_stop_event>
<flyby_distance>10</flyby_distance>
<flyby_event></flyby_event>
<group_fire>wh_grp_projectile_arrow_fire_normal</group_fire>
<group_impact>wh_grp_projectile_arrow_impact</group_impact>
<group_inflight></group_inflight>
<hit_tree_start_event>Battle_Individual_Projectile_Impact_Tree_Canopy_Small_Play</hit_tree_start_event>
<hit_tree_stop_event>Battle_Individual_Projectile_Impact_Tree_Canopy_Small_Stop</hit_tree_stop_event>
<idle_start_event></idle_start_event>
<idle_stop_event></idle_stop_event>
<impact_blood_event></impact_blood_event>
<impact_event>Battle_Individual_Projectile_Arrow_Impact</impact_event>
<impact_only_trigger_once_per_volley>0</impact_only_trigger_once_per_volley>
<incoming_event></incoming_event>
<incoming_time>1</incoming_time>
<inflight_min_speed>22</inflight_min_speed>
<inflight_only_trigger_once_per_volley>0</inflight_only_trigger_once_per_volley>
<inflight_start_event>Battle_Individual_Projectile_Arrow_InFlight_Normal_Play</inflight_start_event>
<inflight_stop_event>Battle_Individual_Projectile_Arrow_InFlight_Normal_Stop</inflight_stop_event>
<key>wh_bow_arrow_normal</key>
<max_attenuation_fire>150</max_attenuation_fire>
<max_attenuation_idle>100</max_attenuation_idle>
<max_attenuation_impact>100</max_attenuation_impact>
<max_attenuation_inflight>100</max_attenuation_inflight>
<obstruction_size>0</obstruction_size>
<rtpc_1_assignment></rtpc_1_assignment>
<rtpc_1_name></rtpc_1_name>
<rtpc_2_assignment></rtpc_2_assignment>
<rtpc_2_name></rtpc_2_name>
<switch_1></switch_1>
<use_reverb>0</use_reverb>
</audio_projectiles>
<audio_projectiles record_uuid="{7fefd31e-b736-4609-b3ad-688af8de1810}" record_timestamp="1462358740181" record_key="wh_bullet">
<doppler_rtpc_name></doppler_rtpc_name>
<fire_only_trigger_once_per_volley>0</fire_only_trigger_once_per_volley>
<fire_start_event></fire_start_event>
<fire_stop_event></fire_stop_event>
<flyby_distance>10</flyby_distance>
<flyby_event></flyby_event>
<group_fire></group_fire>
<group_impact>wh_grp_projectile_bullet_impact</group_impact>
<group_inflight>wh_grp_projectile_bullet_inflight</group_inflight>
<hit_tree_start_event>Battle_Individual_Projectile_Impact_Tree_Canopy_Small_Play</hit_tree_start_event>
<hit_tree_stop_event>Battle_Individual_Projectile_Impact_Tree_Canopy_Small_Stop</hit_tree_stop_event>
<idle_start_event></idle_start_event>
<idle_stop_event></idle_stop_event>
<impact_blood_event></impact_blood_event>
<impact_event>Battle_Individual_Projectile_Bullet_Impact</impact_event>
<impact_only_trigger_once_per_volley>0</impact_only_trigger_once_per_volley>
<incoming_event></incoming_event>
<incoming_time>1</incoming_time>
<inflight_min_speed>10</inflight_min_speed>
<inflight_only_trigger_once_per_volley>0</inflight_only_trigger_once_per_volley>
<inflight_start_event>Battle_Individual_Projectile_Bullet_InFlight_Play</inflight_start_event>
<inflight_stop_event>Battle_Individual_Projectile_Bullet_InFlight_Stop</inflight_stop_event>
<key>wh_bullet</key>
<max_attenuation_fire>250</max_attenuation_fire>
<max_attenuation_idle>100</max_attenuation_idle>
<max_attenuation_impact>50</max_attenuation_impact>
<max_attenuation_inflight>100</max_attenuation_inflight>
<obstruction_size>0</obstruction_size>
<rtpc_1_assignment></rtpc_1_assignment>
<rtpc_1_name></rtpc_1_name>
<rtpc_2_assignment></rtpc_2_assignment>
<rtpc_2_name></rtpc_2_name>
<switch_1></switch_1>
<use_reverb>1</use_reverb>
</audio_projectiles>
<audio_projectiles record_uuid="{3967156a-632c-4fc8-8f16-c0a44dfb70f9}" record_timestamp="1459933049775" record_key="wh_cannon_cannonball_flaming">
<doppler_rtpc_name>Battle_Projectile_Doppler</doppler_rtpc_name>
<fire_only_trigger_once_per_volley>0</fire_only_trigger_once_per_volley>
<fire_start_event></fire_start_event>
<fire_stop_event></fire_stop_event>
<flyby_distance>10</flyby_distance>
<flyby_event></flyby_event>
<group_fire></group_fire>
<group_impact></group_impact>
<group_inflight></group_inflight>
<hit_tree_start_event>Battle_Individual_Projectile_Impact_Tree_Canopy_Large_Play</hit_tree_start_event>
<hit_tree_stop_event>Battle_Individual_Projectile_Impact_Tree_Canopy_Large_Stop</hit_tree_stop_event>
<idle_start_event></idle_start_event>
<idle_stop_event></idle_stop_event>
<impact_blood_event></impact_blood_event>
<impact_event>Battle_Individual_Projectile_Cannon_Ball_Impact</impact_event>
<impact_only_trigger_once_per_volley>0</impact_only_trigger_once_per_volley>
<incoming_event>Battle_Individual_Projectile_Incoming_Rock</incoming_event>
<incoming_time>1</incoming_time>
<inflight_min_speed>10</inflight_min_speed>
<inflight_only_trigger_once_per_volley>0</inflight_only_trigger_once_per_volley>
<inflight_start_event>Battle_Individual_Projectile_Cannon_Ball_InFlight_Play</inflight_start_event>
<inflight_stop_event>Battle_Individual_Projectile_Cannon_Ball_InFlight_Stop</inflight_stop_event>
<key>wh_cannon_cannonball_flaming</key>
<max_attenuation_fire>400</max_attenuation_fire>
<max_attenuation_idle>100</max_attenuation_idle>
<max_attenuation_impact>610</max_attenuation_impact>
<max_attenuation_inflight>300</max_attenuation_inflight>
<obstruction_size>0</obstruction_size>
<rtpc_1_assignment>Projectile_Speed</rtpc_1_assignment>
<rtpc_1_name>Battle_Projectile_Speed</rtpc_1_name>
<rtpc_2_assignment></rtpc_2_assignment>
<rtpc_2_name></rtpc_2_name>
<switch_1></switch_1>
<use_reverb>1</use_reverb>
</audio_projectiles>
<audio_projectiles record_uuid="{41246080-ecfd-4dab-87a1-971d453899a2}" record_timestamp="1462358740173" record_key="wh_cannon_cannonball_normal">
<doppler_rtpc_name>Battle_Projectile_Doppler</doppler_rtpc_name>
<fire_only_trigger_once_per_volley>0</fire_only_trigger_once_per_volley>
<fire_start_event></fire_start_event>
<fire_stop_event></fire_stop_event>
<flyby_distance>10</flyby_distance>
<flyby_event></flyby_event>
<group_fire></group_fire>
<group_impact></group_impact>
<group_inflight></group_inflight>
<hit_tree_start_event>Battle_Individual_Projectile_Impact_Tree_Canopy_Large_Play</hit_tree_start_event>
<hit_tree_stop_event>Battle_Individual_Projectile_Impact_Tree_Canopy_Large_Stop</hit_tree_stop_event>
<idle_start_event></idle_start_event>
<idle_stop_event></idle_stop_event>
<impact_blood_event></impact_blood_event>
<impact_event>Battle_Individual_Projectile_Cannon_Ball_Impact</impact_event>
<impact_only_trigger_once_per_volley>0</impact_only_trigger_once_per_volley>
<incoming_event>Battle_Individual_Projectile_Incoming_Rock</incoming_event>
<incoming_time>1</incoming_time>
<inflight_min_speed>10</inflight_min_speed>
<inflight_only_trigger_once_per_volley>0</inflight_only_trigger_once_per_volley>
<inflight_start_event>Battle_Individual_Projectile_Cannon_Ball_InFlight_Play</inflight_start_event>
<inflight_stop_event>Battle_Individual_Projectile_Cannon_Ball_InFlight_Stop</inflight_stop_event>
<key>wh_cannon_cannonball_normal</key>
<max_attenuation_fire>400</max_attenuation_fire>
<max_attenuation_idle>100</max_attenuation_idle>
<max_attenuation_impact>610</max_attenuation_impact>
<max_attenuation_inflight>300</max_attenuation_inflight>
<obstruction_size>0</obstruction_size>
<rtpc_1_assignment>Projectile_Speed</rtpc_1_assignment>
<rtpc_1_name>Battle_Projectile_Speed</rtpc_1_name>
<rtpc_2_assignment></rtpc_2_assignment>
<rtpc_2_name></rtpc_2_name>
<switch_1></switch_1>
<use_reverb>1</use_reverb>
</audio_projectiles>
<audio_projectiles record_uuid="{45a36fbd-9bd0-4693-ae62-0a4cc9288f4a}" record_timestamp="1462358740230" record_key="wh_cannon_rock_cluster">
<doppler_rtpc_name>Battle_Projectile_Doppler</doppler_rtpc_name>
<fire_only_trigger_once_per_volley>0</fire_only_trigger_once_per_volley>
<fire_start_event></fire_start_event>
<fire_stop_event></fire_stop_event>
<flyby_distance>10</flyby_distance>
<flyby_event></flyby_event>
<group_fire></group_fire>
<group_impact></group_impact>
<group_inflight></group_inflight>
<hit_tree_start_event>Battle_Individual_Projectile_Impact_Tree_Canopy_Large_Play</hit_tree_start_event>
<hit_tree_stop_event>Battle_Individual_Projectile_Impact_Tree_Canopy_Large_Stop</hit_tree_stop_event>
<idle_start_event></idle_start_event>
<idle_stop_event></idle_stop_event>
<impact_blood_event></impact_blood_event>
<impact_event>Play_Battle_Individual_Projectile_Rock_Cluster_Impact</impact_event>
<impact_only_trigger_once_per_volley>1</impact_only_trigger_once_per_volley>
<incoming_event>Battle_Individual_Projectile_Incoming_Rock</incoming_event>
<incoming_time>1</incoming_time>
<inflight_min_speed>10</inflight_min_speed>
<inflight_only_trigger_once_per_volley>0</inflight_only_trigger_once_per_volley>
<inflight_start_event>Battle_Individual_Projectile_Cannon_Ball_InFlight_Play</inflight_start_event>
<inflight_stop_event>Battle_Individual_Projectile_Cannon_Ball_InFlight_Stop</inflight_stop_event>
<key>wh_cannon_rock_cluster</key>
<max_attenuation_fire>400</max_attenuation_fire>
<max_attenuation_idle>100</max_attenuation_idle>
<max_attenuation_impact>400</max_attenuation_impact>
<max_attenuation_inflight>300</max_attenuation_inflight>
<obstruction_size>0</obstruction_size>
<rtpc_1_assignment>Projectile_Speed</rtpc_1_assignment>
<rtpc_1_name>Battle_Projectile_Speed</rtpc_1_name>
<rtpc_2_assignment></rtpc_2_assignment>
<rtpc_2_name></rtpc_2_name>
<switch_1>Battle_Projectile_Impact_Target</switch_1>
<use_reverb>1</use_reverb>
</audio_projectiles>
<audio_projectiles record_uuid="{e64c2ae3-157d-4da8-8e12-a4892ad2abdd}" record_timestamp="1459933049779" record_key="wh_carcass">
<doppler_rtpc_name>Battle_Projectile_Doppler</doppler_rtpc_name>
<fire_only_trigger_once_per_volley>0</fire_only_trigger_once_per_volley>
<fire_start_event></fire_start_event>
<fire_stop_event></fire_stop_event>
<flyby_distance>10</flyby_distance>
<flyby_event></flyby_event>
<group_fire></group_fire>
<group_impact></group_impact>
<group_inflight></group_inflight>
<hit_tree_start_event>Battle_Individual_Projectile_Impact_Tree_Canopy_Large_Play</hit_tree_start_event>
<hit_tree_stop_event>Battle_Individual_Projectile_Impact_Tree_Canopy_Large_Stop</hit_tree_stop_event>
<idle_start_event></idle_start_event>
<idle_stop_event></idle_stop_event>
<impact_blood_event></impact_blood_event>
<impact_event></impact_event>
<impact_only_trigger_once_per_volley>0</impact_only_trigger_once_per_volley>
<incoming_event></incoming_event>
<incoming_time>1</incoming_time>
<inflight_min_speed>10</inflight_min_speed>
<inflight_only_trigger_once_per_volley>0</inflight_only_trigger_once_per_volley>
<inflight_start_event>Battle_Individual_Projectile_Cannon_Ball_InFlight_Play</inflight_start_event>
<inflight_stop_event>Battle_Individual_Projectile_Cannon_Ball_InFlight_Stop</inflight_stop_event>
<key>wh_carcass</key>
<max_attenuation_fire>0</max_attenuation_fire>
<max_attenuation_idle>100</max_attenuation_idle>
<max_attenuation_impact>175</max_attenuation_impact>
<max_attenuation_inflight>300</max_attenuation_inflight>
<obstruction_size>0</obstruction_size>
<rtpc_1_assignment>Projectile_Speed</rtpc_1_assignment>
<rtpc_1_name>Battle_Projectile_Speed</rtpc_1_name>
<rtpc_2_assignment></rtpc_2_assignment>
<rtpc_2_name></rtpc_2_name>
<switch_1></switch_1>
<use_reverb>0</use_reverb>
</audio_projectiles>
<audio_projectiles record_uuid="{8cff3b0b-38f1-410f-a5bf-1fb331389d02}" record_timestamp="1430300461345" record_key="wh_carcass_debris">
<doppler_rtpc_name></doppler_rtpc_name>
<fire_only_trigger_once_per_volley>0</fire_only_trigger_once_per_volley>
<fire_start_event></fire_start_event>
<fire_stop_event></fire_stop_event>
<flyby_distance>10</flyby_distance>
<flyby_event></flyby_event>
<group_fire></group_fire>
<group_impact></group_impact>
<group_inflight></group_inflight>
<hit_tree_start_event></hit_tree_start_event>
<hit_tree_stop_event></hit_tree_stop_event>
<idle_start_event></idle_start_event>
<idle_stop_event></idle_stop_event>
<impact_blood_event></impact_blood_event>
<impact_event></impact_event>
<impact_only_trigger_once_per_volley>0</impact_only_trigger_once_per_volley>
<incoming_event></incoming_event>
<incoming_time>1</incoming_time>
<inflight_min_speed>10</inflight_min_speed>
<inflight_only_trigger_once_per_volley>0</inflight_only_trigger_once_per_volley>
<inflight_start_event></inflight_start_event>
<inflight_stop_event></inflight_stop_event>
<key>wh_carcass_debris</key>
<max_attenuation_fire>0</max_attenuation_fire>
<max_attenuation_idle>100</max_attenuation_idle>
<max_attenuation_impact>20</max_attenuation_impact>
<max_attenuation_inflight>0</max_attenuation_inflight>
<obstruction_size>0</obstruction_size>
<rtpc_1_assignment></rtpc_1_assignment>
<rtpc_1_name></rtpc_1_name>
<rtpc_2_assignment></rtpc_2_assignment>
<rtpc_2_name></rtpc_2_name>
<switch_1></switch_1>
<use_reverb>0</use_reverb>
</audio_projectiles>
<audio_projectiles record_uuid="{e1f1fc95-993a-42c0-9982-8c705fbab858}" record_timestamp="1459933049781" record_key="wh_catapult_rock_flaming">
<doppler_rtpc_name>Battle_Projectile_Doppler</doppler_rtpc_name>
<fire_only_trigger_once_per_volley>0</fire_only_trigger_once_per_volley>
<fire_start_event></fire_start_event>
<fire_stop_event></fire_stop_event>
<flyby_distance>10</flyby_distance>
<flyby_event></flyby_event>
<group_fire></group_fire>
<group_impact></group_impact>
<group_inflight></group_inflight>
<hit_tree_start_event>Battle_Individual_Projectile_Impact_Tree_Canopy_Large_Play</hit_tree_start_event>
<hit_tree_stop_event>Battle_Individual_Projectile_Impact_Tree_Canopy_Large_Stop</hit_tree_stop_event>
<idle_start_event></idle_start_event>
<idle_stop_event></idle_stop_event>
<impact_blood_event></impact_blood_event>
<impact_event>Battle_Individual_Projectile_Rock_Impact</impact_event>
<impact_only_trigger_once_per_volley>0</impact_only_trigger_once_per_volley>
<incoming_event>Battle_Individual_Projectile_Incoming_Rock</incoming_event>
<incoming_time>1</incoming_time>
<inflight_min_speed>10</inflight_min_speed>
<inflight_only_trigger_once_per_volley>0</inflight_only_trigger_once_per_volley>
<inflight_start_event>Battle_Individual_Projectile_Rock_InFlight_Play</inflight_start_event>
<inflight_stop_event>Battle_Individual_Projectile_Rock_InFlight_Stop</inflight_stop_event>
<key>wh_catapult_rock_flaming</key>
<max_attenuation_fire>0</max_attenuation_fire>
<max_attenuation_idle>100</max_attenuation_idle>
<max_attenuation_impact>500</max_attenuation_impact>
<max_attenuation_inflight>300</max_attenuation_inflight>
<obstruction_size>0</obstruction_size>
<rtpc_1_assignment>Projectile_Speed</rtpc_1_assignment>
<rtpc_1_name>Battle_Projectile_Speed</rtpc_1_name>
<rtpc_2_assignment></rtpc_2_assignment>
<rtpc_2_name></rtpc_2_name>
<switch_1></switch_1>
<use_reverb>1</use_reverb>
</audio_projectiles>
<audio_projectiles record_uuid="{2f68bb8b-ceab-4a85-95f7-4bad78381001}" record_timestamp="1460466500891" record_key="wh_catapult_rock_normal">
<doppler_rtpc_name>Battle_Projectile_Doppler</doppler_rtpc_name>
<fire_only_trigger_once_per_volley>0</fire_only_trigger_once_per_volley>
<fire_start_event></fire_start_event>
<fire_stop_event></fire_stop_event>
<flyby_distance>10</flyby_distance>
<flyby_event></flyby_event>
<group_fire></group_fire>
<group_impact></group_impact>
<group_inflight></group_inflight>
<hit_tree_start_event>Battle_Individual_Projectile_Impact_Tree_Canopy_Large_Play</hit_tree_start_event>
<hit_tree_stop_event>Battle_Individual_Projectile_Impact_Tree_Canopy_Large_Stop</hit_tree_stop_event>
<idle_start_event></idle_start_event>
<idle_stop_event></idle_stop_event>
<impact_blood_event></impact_blood_event>
<impact_event>Battle_Individual_Projectile_Rock_Impact</impact_event>
<impact_only_trigger_once_per_volley>0</impact_only_trigger_once_per_volley>
<incoming_event>Battle_Individual_Projectile_Incoming_Rock</incoming_event>
<incoming_time>1</incoming_time>
<inflight_min_speed>10</inflight_min_speed>
<inflight_only_trigger_once_per_volley>0</inflight_only_trigger_once_per_volley>
<inflight_start_event>Battle_Individual_Projectile_Rock_InFlight_Play</inflight_start_event>
<inflight_stop_event>Battle_Individual_Projectile_Rock_InFlight_Stop</inflight_stop_event>
<key>wh_catapult_rock_normal</key>
<max_attenuation_fire>0</max_attenuation_fire>
<max_attenuation_idle>100</max_attenuation_idle>
<max_attenuation_impact>500</max_attenuation_impact>
<max_attenuation_inflight>300</max_attenuation_inflight>
<obstruction_size>0</obstruction_size>
<rtpc_1_assignment>Projectile_Speed</rtpc_1_assignment>
<rtpc_1_name>Battle_Projectile_Speed</rtpc_1_name>
<rtpc_2_assignment></rtpc_2_assignment>
<rtpc_2_name></rtpc_2_name>
<switch_1></switch_1>
<use_reverb>1</use_reverb>
</audio_projectiles>
<audio_projectiles record_uuid="{35dfa1e3-7170-45c5-b3df-f3bf0b839c98}" record_timestamp="1462358740205" record_key="wh_copter_bomb">
<doppler_rtpc_name></doppler_rtpc_name>
<fire_only_trigger_once_per_volley>0</fire_only_trigger_once_per_volley>
<fire_start_event></fire_start_event>
<fire_stop_event></fire_stop_event>
<flyby_distance>10</flyby_distance>
<flyby_event></flyby_event>
<group_fire></group_fire>
<group_impact></group_impact>
<group_inflight></group_inflight>
<hit_tree_start_event>Battle_Individual_Projectile_Impact_Tree_Canopy_Large_Play</hit_tree_start_event>
<hit_tree_stop_event>Battle_Individual_Projectile_Impact_Tree_Canopy_Large_Stop</hit_tree_stop_event>
<idle_start_event></idle_start_event>
<idle_stop_event></idle_stop_event>
<impact_blood_event></impact_blood_event>
<impact_event>Battle_Individual_Projectile_Bomb_Explosion</impact_event>
<impact_only_trigger_once_per_volley>0</impact_only_trigger_once_per_volley>
<incoming_event>Battle_Individual_Projectile_Incoming_Shell_Small</incoming_event>
<incoming_time>1</incoming_time>
<inflight_min_speed>10</inflight_min_speed>
<inflight_only_trigger_once_per_volley>0</inflight_only_trigger_once_per_volley>
<inflight_start_event>Battle_Individual_Projectile_Bomb_InFlight_Play</inflight_start_event>
<inflight_stop_event>Battle_Individual_Projectile_Bomb_InFlight_Stop</inflight_stop_event>
<key>wh_copter_bomb</key>
<max_attenuation_fire>0</max_attenuation_fire>
<max_attenuation_idle>100</max_attenuation_idle>
<max_attenuation_impact>500</max_attenuation_impact>
<max_attenuation_inflight>300</max_attenuation_inflight>
<obstruction_size>0</obstruction_size>
<rtpc_1_assignment>Projectile_Speed</rtpc_1_assignment>
<rtpc_1_name>Battle_Projectile_Speed</rtpc_1_name>
<rtpc_2_assignment>Projectile_Height</rtpc_2_assignment>
<rtpc_2_name>Battle_Projectile_Height</rtpc_2_name>
<switch_1></switch_1>
<use_reverb>1</use_reverb>
</audio_projectiles>
<audio_projectiles record_uuid="{d3527c39-b25e-4faa-9e51-85bd74aaee7d}" record_timestamp="1462358740220" record_key="wh_copter_grenade">
<doppler_rtpc_name></doppler_rtpc_name>
<fire_only_trigger_once_per_volley>0</fire_only_trigger_once_per_volley>
<fire_start_event></fire_start_event>
<fire_stop_event></fire_stop_event>
<flyby_distance>10</flyby_distance>
<flyby_event></flyby_event>
<group_fire></group_fire>
<group_impact></group_impact>
<group_inflight></group_inflight>
<hit_tree_start_event>Battle_Individual_Projectile_Impact_Tree_Canopy_Large_Play</hit_tree_start_event>
<hit_tree_stop_event>Battle_Individual_Projectile_Impact_Tree_Canopy_Large_Stop</hit_tree_stop_event>
<idle_start_event></idle_start_event>
<idle_stop_event></idle_stop_event>
<impact_blood_event></impact_blood_event>
<impact_event>Battle_Individual_Projectile_Grenade_Explosion</impact_event>
<impact_only_trigger_once_per_volley>0</impact_only_trigger_once_per_volley>
<incoming_event>Battle_Individual_Projectile_Incoming_Shell_Small</incoming_event>
<incoming_time>1</incoming_time>
<inflight_min_speed>10</inflight_min_speed>
<inflight_only_trigger_once_per_volley>0</inflight_only_trigger_once_per_volley>
<inflight_start_event>Battle_Individual_Projectile_Bomb_Cargo_InFlight_Play</inflight_start_event>
<inflight_stop_event>Battle_Individual_Projectile_Bomb_Cargo_InFlight_Stop</inflight_stop_event>
<key>wh_copter_grenade</key>
<max_attenuation_fire>100</max_attenuation_fire>
<max_attenuation_idle>100</max_attenuation_idle>
<max_attenuation_impact>400</max_attenuation_impact>
<max_attenuation_inflight>300</max_attenuation_inflight>
<obstruction_size>0</obstruction_size>
<rtpc_1_assignment>Projectile_Speed</rtpc_1_assignment>
<rtpc_1_name>Battle_Projectile_Speed</rtpc_1_name>
<rtpc_2_assignment></rtpc_2_assignment>
<rtpc_2_name></rtpc_2_name>
<switch_1></switch_1>
<use_reverb>1</use_reverb>
</audio_projectiles>
<audio_projectiles record_uuid="{1ae8f38b-be58-4e6f-a4b0-e7830123f2b7}" record_timestamp="1462358740180" record_key="wh_crossbow_bolt_flaming">
<doppler_rtpc_name></doppler_rtpc_name>
<fire_only_trigger_once_per_volley>0</fire_only_trigger_once_per_volley>
<fire_start_event>Battle_Individual_Projectile_Bolt_Fire_Flaming</fire_start_event>
<fire_stop_event></fire_stop_event>
<flyby_distance>10</flyby_distance>
<flyby_event></flyby_event>
<group_fire></group_fire>
<group_impact>wh_grp_projectile_crossbow_impact</group_impact>
<group_inflight></group_inflight>
<hit_tree_start_event>Battle_Individual_Projectile_Impact_Tree_Canopy_Small_Play</hit_tree_start_event>
<hit_tree_stop_event>Battle_Individual_Projectile_Impact_Tree_Canopy_Small_Stop</hit_tree_stop_event>
<idle_start_event></idle_start_event>
<idle_stop_event></idle_stop_event>
<impact_blood_event></impact_blood_event>
<impact_event>Battle_Individual_Projectile_Bolt_Impact</impact_event>
<impact_only_trigger_once_per_volley>0</impact_only_trigger_once_per_volley>
<incoming_event></incoming_event>
<incoming_time>1</incoming_time>
<inflight_min_speed>22</inflight_min_speed>
<inflight_only_trigger_once_per_volley>0</inflight_only_trigger_once_per_volley>
<inflight_start_event>Battle_Individual_Projectile_Bolt_InFlight_Flaming_Play</inflight_start_event>
<inflight_stop_event>Battle_Individual_Projectile_Bolt_InFlight_Flaming_Stop</inflight_stop_event>
<key>wh_crossbow_bolt_flaming</key>
<max_attenuation_fire>150</max_attenuation_fire>
<max_attenuation_idle>100</max_attenuation_idle>
<max_attenuation_impact>100</max_attenuation_impact>
<max_attenuation_inflight>100</max_attenuation_inflight>
<obstruction_size>0</obstruction_size>
<rtpc_1_assignment></rtpc_1_assignment>
<rtpc_1_name></rtpc_1_name>
<rtpc_2_assignment></rtpc_2_assignment>
<rtpc_2_name></rtpc_2_name>
<switch_1></switch_1>
<use_reverb>0</use_reverb>
</audio_projectiles>
<audio_projectiles record_uuid="{61321ab5-ed57-4ae9-8a94-03956c3074a5}" record_timestamp="1462358740222" record_key="wh_crossbow_bolt_normal">
<doppler_rtpc_name></doppler_rtpc_name>
<fire_only_trigger_once_per_volley>0</fire_only_trigger_once_per_volley>
<fire_start_event>Battle_Individual_Projectile_Bolt_Fire</fire_start_event>
<fire_stop_event></fire_stop_event>
<flyby_distance>10</flyby_distance>
<flyby_event></flyby_event>
<group_fire></group_fire>
<group_impact>wh_grp_projectile_crossbow_impact</group_impact>
<group_inflight></group_inflight>
<hit_tree_start_event>Battle_Individual_Projectile_Impact_Tree_Canopy_Small_Play</hit_tree_start_event>
<hit_tree_stop_event>Battle_Individual_Projectile_Impact_Tree_Canopy_Small_Stop</hit_tree_stop_event>
<idle_start_event></idle_start_event>
<idle_stop_event></idle_stop_event>
<impact_blood_event></impact_blood_event>
<impact_event>Battle_Individual_Projectile_Bolt_Impact</impact_event>
<impact_only_trigger_once_per_volley>0</impact_only_trigger_once_per_volley>
<incoming_event></incoming_event>
<incoming_time>1</incoming_time>
<inflight_min_speed>22</inflight_min_speed>
<inflight_only_trigger_once_per_volley>0</inflight_only_trigger_once_per_volley>
<inflight_start_event>Battle_Individual_Projectile_Bolt_InFlight_Normal_Play</inflight_start_event>
<inflight_stop_event>Battle_Individual_Projectile_Bolt_InFlight_Normal_Stop</inflight_stop_event>
<key>wh_crossbow_bolt_normal</key>
<max_attenuation_fire>150</max_attenuation_fire>
<max_attenuation_idle>100</max_attenuation_idle>
<max_attenuation_impact>100</max_attenuation_impact>
<max_attenuation_inflight>100</max_attenuation_inflight>
<obstruction_size>0</obstruction_size>
<rtpc_1_assignment></rtpc_1_assignment>
<rtpc_1_name></rtpc_1_name>
<rtpc_2_assignment></rtpc_2_assignment>
<rtpc_2_name></rtpc_2_name>
<switch_1></switch_1>
<use_reverb>0</use_reverb>
</audio_projectiles>
<audio_projectiles record_uuid="{a055b15e-251a-48fc-82a1-f51acb1bcc02}" record_timestamp="1462358740215" record_key="wh_death_star">
<doppler_rtpc_name></doppler_rtpc_name>
<fire_only_trigger_once_per_volley>0</fire_only_trigger_once_per_volley>
<fire_start_event></fire_start_event>
<fire_stop_event></fire_stop_event>
<flyby_distance>10</flyby_distance>
<flyby_event></flyby_event>
<group_fire></group_fire>
<group_impact></group_impact>
<group_inflight></group_inflight>
<hit_tree_start_event>Battle_Individual_Projectile_Impact_Tree_Canopy_Small_Play</hit_tree_start_event>
<hit_tree_stop_event>Battle_Individual_Projectile_Impact_Tree_Canopy_Small_Stop</hit_tree_stop_event>
<idle_start_event></idle_start_event>
<idle_stop_event></idle_stop_event>
<impact_blood_event></impact_blood_event>
<impact_event>Battle_Individual_Projectile_Death_Star_Impact</impact_event>
<impact_only_trigger_once_per_volley>0</impact_only_trigger_once_per_volley>
<incoming_event></incoming_event>
<incoming_time>1</incoming_time>
<inflight_min_speed>22</inflight_min_speed>
<inflight_only_trigger_once_per_volley>0</inflight_only_trigger_once_per_volley>
<inflight_start_event>Battle_Individual_Projectile_Death_Star_InFlight_Play</inflight_start_event>
<inflight_stop_event>Battle_Individual_Projectile_Death_Star_InFlight_Stop</inflight_stop_event>
<key>wh_death_star</key>
<max_attenuation_fire>0</max_attenuation_fire>
<max_attenuation_idle>100</max_attenuation_idle>
<max_attenuation_impact>100</max_attenuation_impact>
<max_attenuation_inflight>150</max_attenuation_inflight>
<obstruction_size>0</obstruction_size>
<rtpc_1_assignment></rtpc_1_assignment>
<rtpc_1_name></rtpc_1_name>
<rtpc_2_assignment></rtpc_2_assignment>
<rtpc_2_name></rtpc_2_name>
<switch_1></switch_1>
<use_reverb>0</use_reverb>
</audio_projectiles>
<audio_projectiles record_uuid="{44794a33-f0ed-40f8-b870-a20a3836ef49}" record_timestamp="1459933491851" record_key="wh_doomdiver_goblin">
<doppler_rtpc_name>Battle_Projectile_Doppler</doppler_rtpc_name>
<fire_only_trigger_once_per_volley>0</fire_only_trigger_once_per_volley>
<fire_start_event>Battle_Individual_Projectile_Doom_Diver_Fire</fire_start_event>
<fire_stop_event></fire_stop_event>
<flyby_distance>10</flyby_distance>
<flyby_event></flyby_event>
<group_fire></group_fire>
<group_impact></group_impact>
<group_inflight></group_inflight>
<hit_tree_start_event>Battle_Individual_Projectile_Impact_Tree_Canopy_Large_Play</hit_tree_start_event>
<hit_tree_stop_event>Battle_Individual_Projectile_Impact_Tree_Canopy_Large_Stop</hit_tree_stop_event>
<idle_start_event></idle_start_event>
<idle_stop_event></idle_stop_event>
<impact_blood_event></impact_blood_event>
<impact_event>Battle_Individual_Projectile_Doom_Driver_Impact</impact_event>
<impact_only_trigger_once_per_volley>0</impact_only_trigger_once_per_volley>
<incoming_event>Battle_Individual_Projectile_Doom_Diver_Incoming</incoming_event>
<incoming_time>1.8</incoming_time>
<inflight_min_speed>0</inflight_min_speed>
<inflight_only_trigger_once_per_volley>0</inflight_only_trigger_once_per_volley>
<inflight_start_event>Battle_Individual_Projectile_Doom_Diver_InFlight_Play</inflight_start_event>
<inflight_stop_event>Battle_Individual_Projectile_Doom_Diver_InFlight_Stop</inflight_stop_event>
<key>wh_doomdiver_goblin</key>
<max_attenuation_fire>310</max_attenuation_fire>
<max_attenuation_idle>100</max_attenuation_idle>
<max_attenuation_impact>250</max_attenuation_impact>
<max_attenuation_inflight>310</max_attenuation_inflight>
<obstruction_size>0</obstruction_size>
<rtpc_1_assignment>Projectile_Speed</rtpc_1_assignment>
<rtpc_1_name>Battle_Projectile_Speed</rtpc_1_name>
<rtpc_2_assignment></rtpc_2_assignment>
<rtpc_2_name></rtpc_2_name>
<switch_1></switch_1>
<use_reverb>1</use_reverb>
</audio_projectiles>
<audio_projectiles record_uuid="{f0ae2f9d-9147-4ee9-823f-b55e5469a6be}" record_timestamp="1439822665773" record_key="wh_dragon_breath_flame">
<doppler_rtpc_name></doppler_rtpc_name>
<fire_only_trigger_once_per_volley>0</fire_only_trigger_once_per_volley>
<fire_start_event></fire_start_event>
<fire_stop_event></fire_stop_event>
<flyby_distance>10</flyby_distance>
<flyby_event></flyby_event>
<group_fire></group_fire>
<group_impact></group_impact>
<group_inflight></group_inflight>
<hit_tree_start_event></hit_tree_start_event>
<hit_tree_stop_event></hit_tree_stop_event>
<idle_start_event></idle_start_event>
<idle_stop_event></idle_stop_event>
<impact_blood_event></impact_blood_event>
<impact_event></impact_event>
<impact_only_trigger_once_per_volley>0</impact_only_trigger_once_per_volley>
<incoming_event></incoming_event>
<incoming_time>1</incoming_time>
<inflight_min_speed>10</inflight_min_speed>
<inflight_only_trigger_once_per_volley>0</inflight_only_trigger_once_per_volley>
<inflight_start_event></inflight_start_event>
<inflight_stop_event></inflight_stop_event>
<key>wh_dragon_breath_flame</key>
<max_attenuation_fire>100</max_attenuation_fire>
<max_attenuation_idle>100</max_attenuation_idle>
<max_attenuation_impact>300</max_attenuation_impact>
<max_attenuation_inflight>200</max_attenuation_inflight>
<obstruction_size>0</obstruction_size>
<rtpc_1_assignment></rtpc_1_assignment>
<rtpc_1_name></rtpc_1_name>
<rtpc_2_assignment></rtpc_2_assignment>
<rtpc_2_name></rtpc_2_name>
<switch_1></switch_1>
<use_reverb>0</use_reverb>
</audio_projectiles>
<audio_projectiles record_uuid="{71190d6f-f8fe-4f47-8425-65dacee875c3}" record_timestamp="1455550672853" record_key="wh_drakegun_flame">
<doppler_rtpc_name></doppler_rtpc_name>
<fire_only_trigger_once_per_volley>0</fire_only_trigger_once_per_volley>
<fire_start_event></fire_start_event>
<fire_stop_event></fire_stop_event>
<flyby_distance>10</flyby_distance>
<flyby_event></flyby_event>
<group_fire></group_fire>
<group_impact></group_impact>
<group_inflight>wh_grp_drakegun_loop</group_inflight>
<hit_tree_start_event></hit_tree_start_event>
<hit_tree_stop_event></hit_tree_stop_event>
<idle_start_event></idle_start_event>
<idle_stop_event></idle_stop_event>
<impact_blood_event></impact_blood_event>
<impact_event></impact_event>
<impact_only_trigger_once_per_volley>0</impact_only_trigger_once_per_volley>
<incoming_event></incoming_event>
<incoming_time>1</incoming_time>
<inflight_min_speed>10</inflight_min_speed>
<inflight_only_trigger_once_per_volley>0</inflight_only_trigger_once_per_volley>
<inflight_start_event></inflight_start_event>
<inflight_stop_event></inflight_stop_event>
<key>wh_drakegun_flame</key>
<max_attenuation_fire>100</max_attenuation_fire>
<max_attenuation_idle>100</max_attenuation_idle>
<max_attenuation_impact>40</max_attenuation_impact>
<max_attenuation_inflight>90</max_attenuation_inflight>
<obstruction_size>0</obstruction_size>
<rtpc_1_assignment></rtpc_1_assignment>
<rtpc_1_name></rtpc_1_name>
<rtpc_2_assignment></rtpc_2_assignment>
<rtpc_2_name></rtpc_2_name>
<switch_1></switch_1>
<use_reverb>0</use_reverb>
</audio_projectiles>
<audio_projectiles record_uuid="{48bea264-f2fb-4464-bab0-7849495ade8f}" record_timestamp="1454069197636" record_key="wh_drakegun_troll_hammer">
<doppler_rtpc_name></doppler_rtpc_name>
<fire_only_trigger_once_per_volley>0</fire_only_trigger_once_per_volley>
<fire_start_event></fire_start_event>
<fire_stop_event></fire_stop_event>
<flyby_distance>10</flyby_distance>
<flyby_event></flyby_event>
<group_fire></group_fire>
<group_impact></group_impact>
<group_inflight></group_inflight>
<hit_tree_start_event>Battle_Individual_Projectile_Impact_Tree_Canopy_Large_Play</hit_tree_start_event>
<hit_tree_stop_event>Battle_Individual_Projectile_Impact_Tree_Canopy_Large_Stop</hit_tree_stop_event>
<idle_start_event></idle_start_event>
<idle_stop_event></idle_stop_event>
<impact_blood_event></impact_blood_event>
<impact_event>Battle_Individual_Projectile_Rock_Small_Impact</impact_event>
<impact_only_trigger_once_per_volley>0</impact_only_trigger_once_per_volley>
<incoming_event>Battle_Individual_Projectile_Incoming_Rock_small</incoming_event>
<incoming_time>1</incoming_time>
<inflight_min_speed>10</inflight_min_speed>
<inflight_only_trigger_once_per_volley>0</inflight_only_trigger_once_per_volley>
<inflight_start_event>Battle_Individual_Projectile_Rock_InFlight_Play</inflight_start_event>
<inflight_stop_event>Battle_Individual_Projectile_Rock_InFlight_Stop</inflight_stop_event>
<key>wh_drakegun_troll_hammer</key>
<max_attenuation_fire>250</max_attenuation_fire>
<max_attenuation_idle>100</max_attenuation_idle>
<max_attenuation_impact>500</max_attenuation_impact>
<max_attenuation_inflight>300</max_attenuation_inflight>
<obstruction_size>0</obstruction_size>
<rtpc_1_assignment></rtpc_1_assignment>
<rtpc_1_name></rtpc_1_name>
<rtpc_2_assignment></rtpc_2_assignment>
<rtpc_2_name></rtpc_2_name>
<switch_1></switch_1>
<use_reverb>1</use_reverb>
</audio_projectiles>
<audio_projectiles record_uuid="{d4b4683a-51f4-4c60-8976-ba8b9547ee66}" record_timestamp="1462358740213" record_key="wh_flame_cannon_flame">
<doppler_rtpc_name>Battle_Projectile_Doppler</doppler_rtpc_name>
<fire_only_trigger_once_per_volley>0</fire_only_trigger_once_per_volley>
<fire_start_event></fire_start_event>
<fire_stop_event></fire_stop_event>
<flyby_distance>10</flyby_distance>
<flyby_event></flyby_event>
<group_fire></group_fire>
<group_impact></group_impact>
<group_inflight></group_inflight>
<hit_tree_start_event></hit_tree_start_event>
<hit_tree_stop_event></hit_tree_stop_event>
<idle_start_event></idle_start_event>
<idle_stop_event></idle_stop_event>
<impact_blood_event></impact_blood_event>
<impact_event>Battle_Individual_Projectile_Flameball_Impact</impact_event>
<impact_only_trigger_once_per_volley>0</impact_only_trigger_once_per_volley>
<incoming_event>Battle_Individual_Projectile_Incoming_Fire</incoming_event>
<incoming_time>1.5</incoming_time>
<inflight_min_speed>10</inflight_min_speed>
<inflight_only_trigger_once_per_volley>0</inflight_only_trigger_once_per_volley>
<inflight_start_event>Battle_Individual_Projectile_Flameball_Inflight_Start</inflight_start_event>
<inflight_stop_event>Battle_Individual_Projectile_Flameball_Inflight_Stop</inflight_stop_event>
<key>wh_flame_cannon_flame</key>
<max_attenuation_fire>150</max_attenuation_fire>
<max_attenuation_idle>100</max_attenuation_idle>
<max_attenuation_impact>400</max_attenuation_impact>
<max_attenuation_inflight>300</max_attenuation_inflight>
<obstruction_size>0</obstruction_size>
<rtpc_1_assignment>Projectile_Speed</rtpc_1_assignment>
<rtpc_1_name>Battle_Projectile_Speed</rtpc_1_name>
<rtpc_2_assignment></rtpc_2_assignment>
<rtpc_2_name></rtpc_2_name>
<switch_1></switch_1>
<use_reverb>1</use_reverb>
</audio_projectiles>
<audio_projectiles record_uuid="{e9e5ea17-971b-489d-ad26-e998e2b957c9}" record_timestamp="1462358740219" record_key="wh_grenade">
<doppler_rtpc_name></doppler_rtpc_name>
<fire_only_trigger_once_per_volley>0</fire_only_trigger_once_per_volley>
<fire_start_event></fire_start_event>
<fire_stop_event></fire_stop_event>
<flyby_distance>10</flyby_distance>
<flyby_event></flyby_event>
<group_fire></group_fire>
<group_impact>wh_grp_projectile_grenade_launcher_impact</group_impact>
<group_inflight></group_inflight>
<hit_tree_start_event>Battle_Individual_Projectile_Impact_Tree_Canopy_Small_Play</hit_tree_start_event>
<hit_tree_stop_event>Battle_Individual_Projectile_Impact_Tree_Canopy_Small_Stop</hit_tree_stop_event>
<idle_start_event></idle_start_event>
<idle_stop_event></idle_stop_event>
<impact_blood_event></impact_blood_event>
<impact_event>Battle_Individual_Projectile_Grenade_Impact</impact_event>
<impact_only_trigger_once_per_volley>0</impact_only_trigger_once_per_volley>
<incoming_event></incoming_event>
<incoming_time>1</incoming_time>
<inflight_min_speed>10</inflight_min_speed>
<inflight_only_trigger_once_per_volley>0</inflight_only_trigger_once_per_volley>
<inflight_start_event>Battle_Individual_Projectile_Grenade_InFlight_Play</inflight_start_event>
<inflight_stop_event>Battle_Individual_Projectile_Grenade_InFlight_Stop</inflight_stop_event>
<key>wh_grenade</key>
<max_attenuation_fire>100</max_attenuation_fire>
<max_attenuation_idle>100</max_attenuation_idle>
<max_attenuation_impact>50</max_attenuation_impact>
<max_attenuation_inflight>150</max_attenuation_inflight>
<obstruction_size>0</obstruction_size>
<rtpc_1_assignment></rtpc_1_assignment>
<rtpc_1_name></rtpc_1_name>
<rtpc_2_assignment></rtpc_2_assignment>
<rtpc_2_name></rtpc_2_name>
<switch_1></switch_1>
<use_reverb>0</use_reverb>
</audio_projectiles>
<audio_projectiles record_uuid="{e2bea213-efe8-453c-ad02-71f1e946ed15}" record_timestamp="1464175823745" record_key="wh_hell_cannon_soul">
<doppler_rtpc_name>Battle_Projectile_Doppler</doppler_rtpc_name>
<fire_only_trigger_once_per_volley>0</fire_only_trigger_once_per_volley>
<fire_start_event></fire_start_event>
<fire_stop_event></fire_stop_event>
<flyby_distance>10</flyby_distance>
<flyby_event>Battle_Individual_Projectile_Soul_FlyBy</flyby_event>
<group_fire></group_fire>
<group_impact></group_impact>
<group_inflight></group_inflight>
<hit_tree_start_event>Battle_Individual_Projectile_Impact_Tree_Canopy_Large_Play</hit_tree_start_event>
<hit_tree_stop_event>Battle_Individual_Projectile_Impact_Tree_Canopy_Large_Stop</hit_tree_stop_event>
<idle_start_event></idle_start_event>
<idle_stop_event></idle_stop_event>
<impact_blood_event></impact_blood_event>
<impact_event></impact_event>
<impact_only_trigger_once_per_volley>0</impact_only_trigger_once_per_volley>
<incoming_event>Battle_Individual_Projectile_Incoming_Rock</incoming_event>
<incoming_time>1</incoming_time>
<inflight_min_speed>10</inflight_min_speed>
<inflight_only_trigger_once_per_volley>0</inflight_only_trigger_once_per_volley>
<inflight_start_event>Battle_Individual_Projectile_Soul_InFlight_Play</inflight_start_event>
<inflight_stop_event>Battle_Individual_Projectile_Soul_InFlight_Stop</inflight_stop_event>
<key>wh_hell_cannon_soul</key>
<max_attenuation_fire>250</max_attenuation_fire>
<max_attenuation_idle>100</max_attenuation_idle>
<max_attenuation_impact>610</max_attenuation_impact>
<max_attenuation_inflight>310</max_attenuation_inflight>
<obstruction_size>0</obstruction_size>
<rtpc_1_assignment></rtpc_1_assignment>
<rtpc_1_name></rtpc_1_name>
<rtpc_2_assignment></rtpc_2_assignment>
<rtpc_2_name></rtpc_2_name>
<switch_1></switch_1>
<use_reverb>1</use_reverb>
</audio_projectiles>
<audio_projectiles record_uuid="{9b7de6bc-77cd-4f3e-803a-e6ebcd5825e0}" record_timestamp="1459933049785" record_key="wh_helstorm_rocket">
<doppler_rtpc_name>Battle_Projectile_Doppler</doppler_rtpc_name>
<fire_only_trigger_once_per_volley>0</fire_only_trigger_once_per_volley>
<fire_start_event></fire_start_event>
<fire_stop_event></fire_stop_event>
<flyby_distance>10</flyby_distance>
<flyby_event></flyby_event>
<group_fire></group_fire>
<group_impact>wh_grp_drakegun_loop</group_impact>
<group_inflight></group_inflight>
<hit_tree_start_event>Battle_Individual_Projectile_Impact_Tree_Canopy_Large_Play</hit_tree_start_event>
<hit_tree_stop_event>Battle_Individual_Projectile_Impact_Tree_Canopy_Large_Stop</hit_tree_stop_event>
<idle_start_event></idle_start_event>
<idle_stop_event></idle_stop_event>
<impact_blood_event></impact_blood_event>
<impact_event></impact_event>
<impact_only_trigger_once_per_volley>0</impact_only_trigger_once_per_volley>
<incoming_event>Battle_Individual_Projectile_Incoming_Rocket</incoming_event>
<incoming_time>1</incoming_time>
<inflight_min_speed>10</inflight_min_speed>
<inflight_only_trigger_once_per_volley>0</inflight_only_trigger_once_per_volley>
<inflight_start_event>Battle_Individual_Projectile_Rocket_InFlight_Play</inflight_start_event>
<inflight_stop_event>Battle_Individual_Projectile_Rocket_InFlight_Stop</inflight_stop_event>
<key>wh_helstorm_rocket</key>
<max_attenuation_fire>400</max_attenuation_fire>
<max_attenuation_idle>100</max_attenuation_idle>
<max_attenuation_impact>400.150000002235</max_attenuation_impact>
<max_attenuation_inflight>360</max_attenuation_inflight>
<obstruction_size>0</obstruction_size>
<rtpc_1_assignment>Projectile_Height</rtpc_1_assignment>
<rtpc_1_name>Battle_Projectile_Height</rtpc_1_name>
<rtpc_2_assignment></rtpc_2_assignment>
<rtpc_2_name></rtpc_2_name>
<switch_1></switch_1>
<use_reverb>1</use_reverb>
</audio_projectiles>
<audio_projectiles record_uuid="{f69b11a0-213c-4a2e-b267-9e2b3e5c7979}" record_timestamp="1462358740210" record_key="wh_javelin">
<doppler_rtpc_name></doppler_rtpc_name>
<fire_only_trigger_once_per_volley>0</fire_only_trigger_once_per_volley>
<fire_start_event></fire_start_event>
<fire_stop_event></fire_stop_event>
<flyby_distance>10</flyby_distance>
<flyby_event></flyby_event>
<group_fire></group_fire>
<group_impact></group_impact>
<group_inflight></group_inflight>
<hit_tree_start_event>Battle_Individual_Projectile_Impact_Tree_Canopy_Large_Play</hit_tree_start_event>
<hit_tree_stop_event>Battle_Individual_Projectile_Impact_Tree_Canopy_Large_Stop</hit_tree_stop_event>
<idle_start_event></idle_start_event>
<idle_stop_event></idle_stop_event>
<impact_blood_event></impact_blood_event>
<impact_event>Battle_Individual_Projectile_Arrow_Impact</impact_event>
<impact_only_trigger_once_per_volley>0</impact_only_trigger_once_per_volley>
<incoming_event></incoming_event>
<incoming_time>1</incoming_time>
<inflight_min_speed>10</inflight_min_speed>
<inflight_only_trigger_once_per_volley>0</inflight_only_trigger_once_per_volley>
<inflight_start_event>Battle_Individual_Projectile_Arrow_InFlight_Normal_Play</inflight_start_event>
<inflight_stop_event>Battle_Individual_Projectile_Arrow_InFlight_Normal_Stop</inflight_stop_event>
<key>wh_javelin</key>
<max_attenuation_fire>0</max_attenuation_fire>
<max_attenuation_idle>100</max_attenuation_idle>
<max_attenuation_impact>100</max_attenuation_impact>
<max_attenuation_inflight>300</max_attenuation_inflight>
<obstruction_size>0</obstruction_size>
<rtpc_1_assignment></rtpc_1_assignment>
<rtpc_1_name></rtpc_1_name>
<rtpc_2_assignment></rtpc_2_assignment>
<rtpc_2_name></rtpc_2_name>
<switch_1></switch_1>
<use_reverb>0</use_reverb>
</audio_projectiles>
<audio_projectiles record_uuid="{2769186c-3c8a-4f1d-abd5-7374bdbd2f30}" record_timestamp="1466699714255" record_key="wh_magic_amber_spear">
<doppler_rtpc_name>Battle_Projectile_Doppler</doppler_rtpc_name>
<fire_only_trigger_once_per_volley>0</fire_only_trigger_once_per_volley>
<fire_start_event>Battle_IND_Magic_Beasts_The_Amber_Spear_Launch</fire_start_event>
<fire_stop_event></fire_stop_event>
<flyby_distance>10</flyby_distance>
<flyby_event>Battle_IND_Magic_Beasts_The_Amber_Spear_Flyby</flyby_event>
<group_fire></group_fire>
<group_impact>wh_grp_spell_beasts_amber_spear</group_impact>
<group_inflight></group_inflight>
<hit_tree_start_event></hit_tree_start_event>
<hit_tree_stop_event></hit_tree_stop_event>
<idle_start_event></idle_start_event>
<idle_stop_event></idle_stop_event>
<impact_blood_event></impact_blood_event>
<impact_event></impact_event>
<impact_only_trigger_once_per_volley>0</impact_only_trigger_once_per_volley>
<incoming_event></incoming_event>
<incoming_time>1</incoming_time>
<inflight_min_speed>10</inflight_min_speed>
<inflight_only_trigger_once_per_volley>0</inflight_only_trigger_once_per_volley>
<inflight_start_event>Battle_IND_Magic_Beasts_The_Amber_Spear_Inflight_Start</inflight_start_event>
<inflight_stop_event>Battle_IND_Magic_Beasts_The_Amber_Spear_Inflight_Stop</inflight_stop_event>
<key>wh_magic_amber_spear</key>
<max_attenuation_fire>500</max_attenuation_fire>
<max_attenuation_idle>500</max_attenuation_idle>
<max_attenuation_impact>500</max_attenuation_impact>
<max_attenuation_inflight>500</max_attenuation_inflight>
<obstruction_size>0</obstruction_size>
<rtpc_1_assignment></rtpc_1_assignment>
<rtpc_1_name></rtpc_1_name>
<rtpc_2_assignment></rtpc_2_assignment>
<rtpc_2_name></rtpc_2_name>
<switch_1></switch_1>
<use_reverb>1</use_reverb>
</audio_projectiles>
<audio_projectiles record_uuid="{2530655a-0884-48cd-9948-e665ba8d1849}" record_timestamp="1462358740226" record_key="wh_magic_bolt_of_illumination">
<doppler_rtpc_name></doppler_rtpc_name>
<fire_only_trigger_once_per_volley>0</fire_only_trigger_once_per_volley>
<fire_start_event>Battle_Individual_Magic_Luminark_Fire</fire_start_event>
<fire_stop_event></fire_stop_event>
<flyby_distance>10</flyby_distance>
<flyby_event></flyby_event>
<group_fire></group_fire>
<group_impact></group_impact>
<group_inflight></group_inflight>
<hit_tree_start_event></hit_tree_start_event>
<hit_tree_stop_event></hit_tree_stop_event>
<idle_start_event></idle_start_event>
<idle_stop_event></idle_stop_event>
<impact_blood_event></impact_blood_event>
<impact_event>Battle_Individual_Magic_Luminark_Impact</impact_event>
<impact_only_trigger_once_per_volley>0</impact_only_trigger_once_per_volley>
<incoming_event></incoming_event>
<incoming_time>1</incoming_time>
<inflight_min_speed>0</inflight_min_speed>
<inflight_only_trigger_once_per_volley>0</inflight_only_trigger_once_per_volley>
<inflight_start_event>Battle_Individual_Magic_Bolt_Of_Illumination_Inflight_Start</inflight_start_event>
<inflight_stop_event>Battle_Individual_Magic_Bolt_Of_Illumination_Inflight_Stop</inflight_stop_event>
<key>wh_magic_bolt_of_illumination</key>
<max_attenuation_fire>400</max_attenuation_fire>
<max_attenuation_idle>100</max_attenuation_idle>
<max_attenuation_impact>400</max_attenuation_impact>
<max_attenuation_inflight>400</max_attenuation_inflight>
<obstruction_size>0</obstruction_size>
<rtpc_1_assignment></rtpc_1_assignment>
<rtpc_1_name></rtpc_1_name>
<rtpc_2_assignment></rtpc_2_assignment>
<rtpc_2_name></rtpc_2_name>
<switch_1></switch_1>
<use_reverb>0</use_reverb>
</audio_projectiles>
<audio_projectiles record_uuid="{4a4876d4-1578-45e2-be8d-d043ec80914c}" record_timestamp="1462358731753" record_key="wh_magic_bound_soulfire">
<doppler_rtpc_name></doppler_rtpc_name>
<fire_only_trigger_once_per_volley>0</fire_only_trigger_once_per_volley>
<fire_start_event></fire_start_event>
<fire_stop_event></fire_stop_event>
<flyby_distance>10</flyby_distance>
<flyby_event></flyby_event>
<group_fire></group_fire>
<group_impact>wh_magic_piercing_bolts_of_burning_impact</group_impact>
<group_inflight>wh_magic_piercing_bolts_of_burning_inflight</group_inflight>
<hit_tree_start_event></hit_tree_start_event>
<hit_tree_stop_event></hit_tree_stop_event>
<idle_start_event></idle_start_event>
<idle_stop_event></idle_stop_event>
<impact_blood_event></impact_blood_event>
<impact_event></impact_event>
<impact_only_trigger_once_per_volley>0</impact_only_trigger_once_per_volley>
<incoming_event></incoming_event>
<incoming_time>1</incoming_time>
<inflight_min_speed>10</inflight_min_speed>
<inflight_only_trigger_once_per_volley>1</inflight_only_trigger_once_per_volley>
<inflight_start_event></inflight_start_event>
<inflight_stop_event></inflight_stop_event>
<key>wh_magic_bound_soulfire</key>
<max_attenuation_fire>500</max_attenuation_fire>
<max_attenuation_idle>500</max_attenuation_idle>
<max_attenuation_impact>500</max_attenuation_impact>
<max_attenuation_inflight>360</max_attenuation_inflight>
<obstruction_size>0</obstruction_size>
<rtpc_1_assignment></rtpc_1_assignment>
<rtpc_1_name></rtpc_1_name>
<rtpc_2_assignment></rtpc_2_assignment>
<rtpc_2_name></rtpc_2_name>
<switch_1></switch_1>
<use_reverb>1</use_reverb>
</audio_projectiles>
<audio_projectiles record_uuid="{64db95ed-27b6-4c21-b8b1-7acb09fad482}" record_timestamp="1459932328413" record_key="wh_magic_burning_gaze">
<doppler_rtpc_name></doppler_rtpc_name>
<fire_only_trigger_once_per_volley>1</fire_only_trigger_once_per_volley>
<fire_start_event></fire_start_event>
<fire_stop_event></fire_stop_event>
<flyby_distance>10</flyby_distance>
<flyby_event></flyby_event>
<group_fire>wh_grp_spell_light_burning_gaze_launch</group_fire>
<group_impact>wh_grp_spell_light_burning_gaze_impact</group_impact>
<group_inflight>wh_grp_spell_light_burning_gaze_inflight</group_inflight>
<hit_tree_start_event></hit_tree_start_event>
<hit_tree_stop_event></hit_tree_stop_event>
<idle_start_event></idle_start_event>
<idle_stop_event></idle_stop_event>
<impact_blood_event></impact_blood_event>
<impact_event></impact_event>
<impact_only_trigger_once_per_volley>1</impact_only_trigger_once_per_volley>
<incoming_event>Battle_IND_Magic_Light_Shems_Burning_Gaze_Incoming</incoming_event>
<incoming_time>1</incoming_time>
<inflight_min_speed>10</inflight_min_speed>
<inflight_only_trigger_once_per_volley>1</inflight_only_trigger_once_per_volley>
<inflight_start_event></inflight_start_event>
<inflight_stop_event></inflight_stop_event>
<key>wh_magic_burning_gaze</key>
<max_attenuation_fire>500</max_attenuation_fire>
<max_attenuation_idle>500</max_attenuation_idle>
<max_attenuation_impact>500</max_attenuation_impact>
<max_attenuation_inflight>360</max_attenuation_inflight>
<obstruction_size>0</obstruction_size>
<rtpc_1_assignment></rtpc_1_assignment>
<rtpc_1_name></rtpc_1_name>
<rtpc_2_assignment></rtpc_2_assignment>
<rtpc_2_name></rtpc_2_name>
<switch_1></switch_1>
<use_reverb>1</use_reverb>
</audio_projectiles>
<audio_projectiles record_uuid="{10ea0ebc-f894-4ef8-bd42-c812dc3f722b}" record_timestamp="1459937692211" record_key="wh_magic_comet_of_casandora">
<doppler_rtpc_name></doppler_rtpc_name>
<fire_only_trigger_once_per_volley>0</fire_only_trigger_once_per_volley>
<fire_start_event></fire_start_event>
<fire_stop_event></fire_stop_event>
<flyby_distance>10</flyby_distance>
<flyby_event></flyby_event>
<group_fire></group_fire>
<group_impact></group_impact>
<group_inflight></group_inflight>
<hit_tree_start_event></hit_tree_start_event>
<hit_tree_stop_event></hit_tree_stop_event>
<idle_start_event></idle_start_event>
<idle_stop_event></idle_stop_event>
<impact_blood_event></impact_blood_event>
<impact_event></impact_event>
<impact_only_trigger_once_per_volley>0</impact_only_trigger_once_per_volley>
<incoming_event>Battle_IND_Magic_Heavens_Comet_Incoming</incoming_event>
<incoming_time>1.5</incoming_time>
<inflight_min_speed>0</inflight_min_speed>
<inflight_only_trigger_once_per_volley>0</inflight_only_trigger_once_per_volley>
<inflight_start_event>Battle_IND_Magic_Heavens_Comet_Inflight_Start</inflight_start_event>
<inflight_stop_event>Battle_IND_Magic_Heavens_Comet_Inflight_Stop</inflight_stop_event>
<key>wh_magic_comet_of_casandora</key>
<max_attenuation_fire>0</max_attenuation_fire>
<max_attenuation_idle>100</max_attenuation_idle>
<max_attenuation_impact>1000</max_attenuation_impact>
<max_attenuation_inflight>1000</max_attenuation_inflight>
<obstruction_size>0</obstruction_size>
<rtpc_1_assignment>Projectile_Height</rtpc_1_assignment>
<rtpc_1_name>Battle_Projectile_Height</rtpc_1_name>
<rtpc_2_assignment>Projectile_Time_Till_Impact</rtpc_2_assignment>
<rtpc_2_name>Battle_Projectile_Time_Till_Impact</rtpc_2_name>
<switch_1></switch_1>
<use_reverb>0</use_reverb>
</audio_projectiles>
<audio_projectiles record_uuid="{6d040107-00d1-43b1-95a3-ee27df3b70bb}" record_timestamp="1462358740207" record_key="wh_magic_fireball">
<doppler_rtpc_name></doppler_rtpc_name>
<fire_only_trigger_once_per_volley>0</fire_only_trigger_once_per_volley>
<fire_start_event>Battle_IND_Magic_Fire_Fireball_Launch</fire_start_event>
<fire_stop_event></fire_stop_event>
<flyby_distance>10</flyby_distance>
<flyby_event></flyby_event>
<group_fire></group_fire>
<group_impact>wh_grp_spell_fire_fireball</group_impact>
<group_inflight></group_inflight>
<hit_tree_start_event></hit_tree_start_event>
<hit_tree_stop_event></hit_tree_stop_event>
<idle_start_event></idle_start_event>
<idle_stop_event></idle_stop_event>
<impact_blood_event></impact_blood_event>
<impact_event></impact_event>
<impact_only_trigger_once_per_volley>0</impact_only_trigger_once_per_volley>
<incoming_event>Battle_IND_Magic_Fire_Fireball_Incoming</incoming_event>
<incoming_time>1</incoming_time>
<inflight_min_speed>10</inflight_min_speed>
<inflight_only_trigger_once_per_volley>0</inflight_only_trigger_once_per_volley>
<inflight_start_event>Battle_IND_Magic_Fire_Fireball_Inflight_Start</inflight_start_event>
<inflight_stop_event>Battle_IND_Magic_Fire_Fireball_Inflight_Stop</inflight_stop_event>
<key>wh_magic_fireball</key>
<max_attenuation_fire>500</max_attenuation_fire>
<max_attenuation_idle>500</max_attenuation_idle>
<max_attenuation_impact>500</max_attenuation_impact>
<max_attenuation_inflight>500</max_attenuation_inflight>
<obstruction_size>0</obstruction_size>
<rtpc_1_assignment></rtpc_1_assignment>
<rtpc_1_name></rtpc_1_name>
<rtpc_2_assignment></rtpc_2_assignment>
<rtpc_2_name></rtpc_2_name>
<switch_1></switch_1>
<use_reverb>1</use_reverb>
</audio_projectiles>
<audio_projectiles record_uuid="{e04a90c2-af51-43e2-9bdc-90e90be6522c}" record_timestamp="1459932328382" record_key="wh_magic_gaze_of_mork">
<doppler_rtpc_name></doppler_rtpc_name>
<fire_only_trigger_once_per_volley>1</fire_only_trigger_once_per_volley>
<fire_start_event></fire_start_event>
<fire_stop_event></fire_stop_event>
<flyby_distance>10</flyby_distance>
<flyby_event></flyby_event>
<group_fire>wh_grp_spell_big_waaagh_gaze_of_mork_launch</group_fire>
<group_impact>wh_grp_spell_big_waaagh_gaze_of_mork_Impact</group_impact>
<group_inflight>wh_grp_spell_big_waaagh_gaze_of_mork_inflight</group_inflight>
<hit_tree_start_event></hit_tree_start_event>
<hit_tree_stop_event></hit_tree_stop_event>
<idle_start_event></idle_start_event>
<idle_stop_event></idle_stop_event>
<impact_blood_event></impact_blood_event>
<impact_event></impact_event>
<impact_only_trigger_once_per_volley>1</impact_only_trigger_once_per_volley>
<incoming_event></incoming_event>
<incoming_time>1.5</incoming_time>
<inflight_min_speed>10</inflight_min_speed>
<inflight_only_trigger_once_per_volley>1</inflight_only_trigger_once_per_volley>
<inflight_start_event></inflight_start_event>
<inflight_stop_event></inflight_stop_event>
<key>wh_magic_gaze_of_mork</key>
<max_attenuation_fire>500</max_attenuation_fire>
<max_attenuation_idle>100</max_attenuation_idle>
<max_attenuation_impact>700</max_attenuation_impact>
<max_attenuation_inflight>700</max_attenuation_inflight>
<obstruction_size>0</obstruction_size>
<rtpc_1_assignment>Projectile_Height</rtpc_1_assignment>
<rtpc_1_name>Battle_Projectile_Height</rtpc_1_name>
<rtpc_2_assignment>Projectile_Time_Till_Impact</rtpc_2_assignment>
<rtpc_2_name>Battle_Projectile_Time_Till_Impact</rtpc_2_name>
<switch_1></switch_1>
<use_reverb>0</use_reverb>
</audio_projectiles>
<audio_projectiles record_uuid="{581febf0-5ac2-49d0-bdde-676a2b0edaed}" record_timestamp="1456412030392" record_key="wh_magic_piercing_bolts_of_burning">
<doppler_rtpc_name></doppler_rtpc_name>
<fire_only_trigger_once_per_volley>0</fire_only_trigger_once_per_volley>
<fire_start_event></fire_start_event>
<fire_stop_event></fire_stop_event>
<flyby_distance>10</flyby_distance>
<flyby_event></flyby_event>
<group_fire></group_fire>
<group_impact>wh_magic_piercing_bolts_of_burning_impact</group_impact>
<group_inflight>wh_magic_piercing_bolts_of_burning_inflight</group_inflight>
<hit_tree_start_event></hit_tree_start_event>
<hit_tree_stop_event></hit_tree_stop_event>
<idle_start_event></idle_start_event>
<idle_stop_event></idle_stop_event>
<impact_blood_event></impact_blood_event>
<impact_event></impact_event>
<impact_only_trigger_once_per_volley>0</impact_only_trigger_once_per_volley>
<incoming_event>Battle_IND_Magic_Fire_Piercing_Bolts_of_Burning_Incoming</incoming_event>
<incoming_time>1</incoming_time>
<inflight_min_speed>10</inflight_min_speed>
<inflight_only_trigger_once_per_volley>1</inflight_only_trigger_once_per_volley>
<inflight_start_event></inflight_start_event>
<inflight_stop_event></inflight_stop_event>
<key>wh_magic_piercing_bolts_of_burning</key>
<max_attenuation_fire>500</max_attenuation_fire>
<max_attenuation_idle>500</max_attenuation_idle>
<max_attenuation_impact>500</max_attenuation_impact>
<max_attenuation_inflight>360</max_attenuation_inflight>
<obstruction_size>0</obstruction_size>
<rtpc_1_assignment></rtpc_1_assignment>
<rtpc_1_name></rtpc_1_name>
<rtpc_2_assignment></rtpc_2_assignment>
<rtpc_2_name></rtpc_2_name>
<switch_1></switch_1>
<use_reverb>1</use_reverb>
</audio_projectiles>
<audio_projectiles record_uuid="{3fea1fcf-69bc-48e7-a715-7c856725f298}" record_timestamp="1459947671707" record_key="wh_magic_searing_doom">
<doppler_rtpc_name></doppler_rtpc_name>
<fire_only_trigger_once_per_volley>0</fire_only_trigger_once_per_volley>
<fire_start_event></fire_start_event>
<fire_stop_event></fire_stop_event>
<flyby_distance>10</flyby_distance>
<flyby_event></flyby_event>
<group_fire></group_fire>
<group_impact>wh_magic_searing_doom_impact</group_impact>
<group_inflight>wh_magic_searing_doom_inflight</group_inflight>
<hit_tree_start_event></hit_tree_start_event>
<hit_tree_stop_event></hit_tree_stop_event>
<idle_start_event></idle_start_event>
<idle_stop_event></idle_stop_event>
<impact_blood_event></impact_blood_event>
<impact_event></impact_event>
<impact_only_trigger_once_per_volley>0</impact_only_trigger_once_per_volley>
<incoming_event></incoming_event>
<incoming_time>1</incoming_time>
<inflight_min_speed>10</inflight_min_speed>
<inflight_only_trigger_once_per_volley>0</inflight_only_trigger_once_per_volley>
<inflight_start_event></inflight_start_event>
<inflight_stop_event></inflight_stop_event>
<key>wh_magic_searing_doom</key>
<max_attenuation_fire>500</max_attenuation_fire>
<max_attenuation_idle>500</max_attenuation_idle>
<max_attenuation_impact>500</max_attenuation_impact>
<max_attenuation_inflight>360</max_attenuation_inflight>
<obstruction_size>0</obstruction_size>
<rtpc_1_assignment></rtpc_1_assignment>
<rtpc_1_name></rtpc_1_name>
<rtpc_2_assignment></rtpc_2_assignment>
<rtpc_2_name></rtpc_2_name>
<switch_1></switch_1>
<use_reverb>1</use_reverb>
</audio_projectiles>
<audio_projectiles record_uuid="{d18a26eb-f32a-4fcd-a276-18366994eea7}" record_timestamp="1462358740210" record_key="wh_magic_urannons_thunderbolt">
<doppler_rtpc_name></doppler_rtpc_name>
<fire_only_trigger_once_per_volley>0</fire_only_trigger_once_per_volley>
<fire_start_event></fire_start_event>
<fire_stop_event></fire_stop_event>
<flyby_distance>10</flyby_distance>
<flyby_event></flyby_event>
<group_fire></group_fire>
<group_impact></group_impact>
<group_inflight></group_inflight>
<hit_tree_start_event></hit_tree_start_event>
<hit_tree_stop_event></hit_tree_stop_event>
<idle_start_event></idle_start_event>
<idle_stop_event></idle_stop_event>
<impact_blood_event></impact_blood_event>
<impact_event></impact_event>
<impact_only_trigger_once_per_volley>0</impact_only_trigger_once_per_volley>
<incoming_event>Battle_IND_Magic_Heavens_Urannons_Thunderbolt_Incoming</incoming_event>
<incoming_time>1</incoming_time>
<inflight_min_speed>10</inflight_min_speed>
<inflight_only_trigger_once_per_volley>0</inflight_only_trigger_once_per_volley>
<inflight_start_event>Battle_IND_Magic_Heavens_Urannons_Thunderbolt_Inflight_Start</inflight_start_event>
<inflight_stop_event>Battle_IND_Magic_Heavens_Urannons_Thunderbolt_Inflight_Stop</inflight_stop_event>
<key>wh_magic_urannons_thunderbolt</key>
<max_attenuation_fire>500</max_attenuation_fire>
<max_attenuation_idle>500</max_attenuation_idle>
<max_attenuation_impact>500</max_attenuation_impact>
<max_attenuation_inflight>500</max_attenuation_inflight>
<obstruction_size>0</obstruction_size>
<rtpc_1_assignment></rtpc_1_assignment>
<rtpc_1_name></rtpc_1_name>
<rtpc_2_assignment></rtpc_2_assignment>
<rtpc_2_name></rtpc_2_name>
<switch_1></switch_1>
<use_reverb>1</use_reverb>
</audio_projectiles>
<audio_projectiles record_uuid="{be8a5cff-3ffa-4bf9-b78b-9c3d7c5bf401}" record_timestamp="1462358740217" record_key="wh_magic_vindictive_glare">
<doppler_rtpc_name></doppler_rtpc_name>
<fire_only_trigger_once_per_volley>1</fire_only_trigger_once_per_volley>
<fire_start_event></fire_start_event>
<fire_stop_event></fire_stop_event>
<flyby_distance>10</flyby_distance>
<flyby_event></flyby_event>
<group_fire>wh_grp_spell_lil_waaagh_vindictive_glare_launch</group_fire>
<group_impact>wh_grp_spell_lil_waaagh_vindictive_glare_impact</group_impact>
<group_inflight></group_inflight>
<hit_tree_start_event></hit_tree_start_event>
<hit_tree_stop_event></hit_tree_stop_event>
<idle_start_event></idle_start_event>
<idle_stop_event></idle_stop_event>
<impact_blood_event></impact_blood_event>
<impact_event></impact_event>
<impact_only_trigger_once_per_volley>0</impact_only_trigger_once_per_volley>
<incoming_event></incoming_event>
<incoming_time>1</incoming_time>
<inflight_min_speed>10</inflight_min_speed>
<inflight_only_trigger_once_per_volley>1</inflight_only_trigger_once_per_volley>
<inflight_start_event>Battle_IND_Magic_Lil_Waaagh_Vindictive_Inflight_Start</inflight_start_event>
<inflight_stop_event>Battle_IND_Magic_Lil_Waaagh_Vindictive_Inflight_Stop</inflight_stop_event>
<key>wh_magic_vindictive_glare</key>
<max_attenuation_fire>700</max_attenuation_fire>
<max_attenuation_idle>500</max_attenuation_idle>
<max_attenuation_impact>700</max_attenuation_impact>
<max_attenuation_inflight>300</max_attenuation_inflight>
<obstruction_size>0</obstruction_size>
<rtpc_1_assignment></rtpc_1_assignment>
<rtpc_1_name></rtpc_1_name>
<rtpc_2_assignment></rtpc_2_assignment>
<rtpc_2_name></rtpc_2_name>
<switch_1></switch_1>
<use_reverb>1</use_reverb>
</audio_projectiles>
<audio_projectiles record_uuid="{c5880d9b-dd76-4139-9e1b-a121974d0ba3}" record_timestamp="1456317714277" record_key="wh_main_spell_vampires_gaze_of_nagash">
<doppler_rtpc_name></doppler_rtpc_name>
<fire_only_trigger_once_per_volley>1</fire_only_trigger_once_per_volley>
<fire_start_event></fire_start_event>
<fire_stop_event></fire_stop_event>
<flyby_distance>10</flyby_distance>
<flyby_event>Battle_IND_Magic_Vampire_Gaze_Of_Nagash_Flyby</flyby_event>
<group_fire>wh_grp_spell_vampires_gaze_of_nagash_launch</group_fire>
<group_impact>wh_grp_spell_vampires_gaze_of_nagash_impact</group_impact>
<group_inflight>wh_grp_spell_vampires_gaze_of_nagash_inflight</group_inflight>
<hit_tree_start_event></hit_tree_start_event>
<hit_tree_stop_event></hit_tree_stop_event>
<idle_start_event></idle_start_event>
<idle_stop_event></idle_stop_event>
<impact_blood_event></impact_blood_event>
<impact_event></impact_event>
<impact_only_trigger_once_per_volley>1</impact_only_trigger_once_per_volley>
<incoming_event></incoming_event>
<incoming_time>1</incoming_time>
<inflight_min_speed>10</inflight_min_speed>
<inflight_only_trigger_once_per_volley>1</inflight_only_trigger_once_per_volley>
<inflight_start_event></inflight_start_event>
<inflight_stop_event></inflight_stop_event>
<key>wh_main_spell_vampires_gaze_of_nagash</key>
<max_attenuation_fire>500</max_attenuation_fire>
<max_attenuation_idle>100</max_attenuation_idle>
<max_attenuation_impact>700</max_attenuation_impact>
<max_attenuation_inflight>700</max_attenuation_inflight>
<obstruction_size>0</obstruction_size>
<rtpc_1_assignment></rtpc_1_assignment>
<rtpc_1_name></rtpc_1_name>
<rtpc_2_assignment></rtpc_2_assignment>
<rtpc_2_name></rtpc_2_name>
<switch_1></switch_1>
<use_reverb>1</use_reverb>
</audio_projectiles>
<audio_projectiles record_uuid="{3b9bd83a-ab9e-45dd-9c70-1981f5b5d38d}" record_timestamp="1462358740206" record_key="wh_miners_blasting_charge">
<doppler_rtpc_name></doppler_rtpc_name>
<fire_only_trigger_once_per_volley>0</fire_only_trigger_once_per_volley>
<fire_start_event></fire_start_event>
<fire_stop_event></fire_stop_event>
<flyby_distance>10</flyby_distance>
<flyby_event></flyby_event>
<group_fire></group_fire>
<group_impact></group_impact>
<group_inflight></group_inflight>
<hit_tree_start_event>Battle_Individual_Projectile_Impact_Tree_Canopy_Small_Play</hit_tree_start_event>
<hit_tree_stop_event>Battle_Individual_Projectile_Impact_Tree_Canopy_Small_Stop</hit_tree_stop_event>
<idle_start_event></idle_start_event>
<idle_stop_event></idle_stop_event>
<impact_blood_event></impact_blood_event>
<impact_event></impact_event>
<impact_only_trigger_once_per_volley>0</impact_only_trigger_once_per_volley>
<incoming_event></incoming_event>
<incoming_time>1</incoming_time>
<inflight_min_speed>10</inflight_min_speed>
<inflight_only_trigger_once_per_volley>0</inflight_only_trigger_once_per_volley>
<inflight_start_event>Battle_Individual_Projectile_Blasting_Charge_InFlight_Play</inflight_start_event>
<inflight_stop_event>Battle_Individual_Projectile_Blasting_Charge_InFlight_Stop</inflight_stop_event>
<key>wh_miners_blasting_charge</key>
<max_attenuation_fire>250</max_attenuation_fire>
<max_attenuation_idle>100</max_attenuation_idle>
<max_attenuation_impact>40</max_attenuation_impact>
<max_attenuation_inflight>50</max_attenuation_inflight>
<obstruction_size>0</obstruction_size>
<rtpc_1_assignment></rtpc_1_assignment>
<rtpc_1_name></rtpc_1_name>
<rtpc_2_assignment></rtpc_2_assignment>
<rtpc_2_name></rtpc_2_name>
<switch_1></switch_1>
<use_reverb>0</use_reverb>
</audio_projectiles>
<audio_projectiles record_uuid="{71978788-8986-4eed-a8df-15c483464cac}" record_timestamp="1462358715584" record_key="wh_mortar_cannonball">
<doppler_rtpc_name>Battle_Projectile_Doppler</doppler_rtpc_name>
<fire_only_trigger_once_per_volley>0</fire_only_trigger_once_per_volley>
<fire_start_event></fire_start_event>
<fire_stop_event></fire_stop_event>
<flyby_distance>10</flyby_distance>
<flyby_event></flyby_event>
<group_fire></group_fire>
<group_impact></group_impact>
<group_inflight></group_inflight>
<hit_tree_start_event>Battle_Individual_Projectile_Impact_Tree_Canopy_Large_Play</hit_tree_start_event>
<hit_tree_stop_event>Battle_Individual_Projectile_Impact_Tree_Canopy_Large_Stop</hit_tree_stop_event>
<idle_start_event></idle_start_event>
<idle_stop_event></idle_stop_event>
<impact_blood_event></impact_blood_event>
<impact_event></impact_event>
<impact_only_trigger_once_per_volley>0</impact_only_trigger_once_per_volley>
<incoming_event>Battle_Individual_Projectile_Incoming_Shell</incoming_event>
<incoming_time>1</incoming_time>
<inflight_min_speed>10</inflight_min_speed>
<inflight_only_trigger_once_per_volley>0</inflight_only_trigger_once_per_volley>
<inflight_start_event>Battle_Individual_Projectile_Mortar_InFlight_Play</inflight_start_event>
<inflight_stop_event>Battle_Individual_Projectile_Mortar_InFlight_Stop</inflight_stop_event>
<key>wh_mortar_cannonball</key>
<max_attenuation_fire>250</max_attenuation_fire>
<max_attenuation_idle>100</max_attenuation_idle>
<max_attenuation_impact>300</max_attenuation_impact>
<max_attenuation_inflight>300</max_attenuation_inflight>
<obstruction_size>0</obstruction_size>
<rtpc_1_assignment>Projectile_Speed</rtpc_1_assignment>
<rtpc_1_name>Battle_Projectile_Speed</rtpc_1_name>
<rtpc_2_assignment>Projectile_Height</rtpc_2_assignment>
<rtpc_2_name>Battle_Projectile_Height</rtpc_2_name>
<switch_1></switch_1>
<use_reverb>1</use_reverb>
</audio_projectiles>
<audio_projectiles record_uuid="{a97c65d2-744a-485e-a735-4ad379eb859d}" record_timestamp="1462358740216" record_key="wh_shrapnel_fragment">
<doppler_rtpc_name></doppler_rtpc_name>
<fire_only_trigger_once_per_volley>0</fire_only_trigger_once_per_volley>
<fire_start_event></fire_start_event>
<fire_stop_event></fire_stop_event>
<flyby_distance>10</flyby_distance>
<flyby_event></flyby_event>
<group_fire></group_fire>
<group_impact></group_impact>
<group_inflight></group_inflight>
<hit_tree_start_event>Battle_Individual_Projectile_Impact_Tree_Canopy_Small_Play</hit_tree_start_event>
<hit_tree_stop_event>Battle_Individual_Projectile_Impact_Tree_Canopy_Small_Stop</hit_tree_stop_event>
<idle_start_event></idle_start_event>
<idle_stop_event></idle_stop_event>
<impact_blood_event></impact_blood_event>
<impact_event>Battle_Individual_Projectile_Shrapnel_Fragment_Impact</impact_event>
<impact_only_trigger_once_per_volley>0</impact_only_trigger_once_per_volley>
<incoming_event></incoming_event>
<incoming_time>1</incoming_time>
<inflight_min_speed>10</inflight_min_speed>
<inflight_only_trigger_once_per_volley>0</inflight_only_trigger_once_per_volley>
<inflight_start_event>Battle_Individual_Projectile_Shrapnel_Fragment_Inflight_Play</inflight_start_event>
<inflight_stop_event>Battle_Individual_Projectile_Shrapnel_Fragment_Inflight_Stop</inflight_stop_event>
<key>wh_shrapnel_fragment</key>
<max_attenuation_fire>0</max_attenuation_fire>
<max_attenuation_idle>100</max_attenuation_idle>
<max_attenuation_impact>50</max_attenuation_impact>
<max_attenuation_inflight>100</max_attenuation_inflight>
<obstruction_size>0</obstruction_size>
<rtpc_1_assignment></rtpc_1_assignment>
<rtpc_1_name></rtpc_1_name>
<rtpc_2_assignment></rtpc_2_assignment>
<rtpc_2_name></rtpc_2_name>
<switch_1></switch_1>
<use_reverb>0</use_reverb>
</audio_projectiles>
<audio_projectiles record_uuid="{849c168d-c538-4188-858e-0e05e558afad}" record_timestamp="1433781128964" record_key="wh_steam_gun_steam">
<doppler_rtpc_name></doppler_rtpc_name>
<fire_only_trigger_once_per_volley>0</fire_only_trigger_once_per_volley>
<fire_start_event></fire_start_event>
<fire_stop_event></fire_stop_event>
<flyby_distance>10</flyby_distance>
<flyby_event></flyby_event>
<group_fire></group_fire>
<group_impact></group_impact>
<group_inflight></group_inflight>
<hit_tree_start_event></hit_tree_start_event>
<hit_tree_stop_event></hit_tree_stop_event>
<idle_start_event></idle_start_event>
<idle_stop_event></idle_stop_event>
<impact_blood_event></impact_blood_event>
<impact_event></impact_event>
<impact_only_trigger_once_per_volley>0</impact_only_trigger_once_per_volley>
<incoming_event></incoming_event>
<incoming_time>1</incoming_time>
<inflight_min_speed>10</inflight_min_speed>
<inflight_only_trigger_once_per_volley>0</inflight_only_trigger_once_per_volley>
<inflight_start_event></inflight_start_event>
<inflight_stop_event></inflight_stop_event>
<key>wh_steam_gun_steam</key>
<max_attenuation_fire>100</max_attenuation_fire>
<max_attenuation_idle>100</max_attenuation_idle>
<max_attenuation_impact>100</max_attenuation_impact>
<max_attenuation_inflight>110</max_attenuation_inflight>
<obstruction_size>0</obstruction_size>
<rtpc_1_assignment></rtpc_1_assignment>
<rtpc_1_name></rtpc_1_name>
<rtpc_2_assignment></rtpc_2_assignment>
<rtpc_2_name></rtpc_2_name>
<switch_1></switch_1>
<use_reverb>0</use_reverb>
</audio_projectiles>
<audio_projectiles record_uuid="{3cf288db-e8d7-4309-8167-d4dc709f1523}" record_timestamp="1424281195268" record_key="wh_terrorghiest_shriek">
<doppler_rtpc_name></doppler_rtpc_name>
<fire_only_trigger_once_per_volley>0</fire_only_trigger_once_per_volley>
<fire_start_event></fire_start_event>
<fire_stop_event></fire_stop_event>
<flyby_distance>10</flyby_distance>
<flyby_event></flyby_event>
<group_fire></group_fire>
<group_impact></group_impact>
<group_inflight></group_inflight>
<hit_tree_start_event></hit_tree_start_event>
<hit_tree_stop_event></hit_tree_stop_event>
<idle_start_event></idle_start_event>
<idle_stop_event></idle_stop_event>
<impact_blood_event></impact_blood_event>
<impact_event></impact_event>
<impact_only_trigger_once_per_volley>0</impact_only_trigger_once_per_volley>
<incoming_event></incoming_event>
<incoming_time>1</incoming_time>
<inflight_min_speed>10</inflight_min_speed>
<inflight_only_trigger_once_per_volley>0</inflight_only_trigger_once_per_volley>
<inflight_start_event></inflight_start_event>
<inflight_stop_event></inflight_stop_event>
<key>wh_terrorghiest_shriek</key>
<max_attenuation_fire>250</max_attenuation_fire>
<max_attenuation_idle>100</max_attenuation_idle>
<max_attenuation_impact>300</max_attenuation_impact>
<max_attenuation_inflight>300</max_attenuation_inflight>
<obstruction_size>0</obstruction_size>
<rtpc_1_assignment></rtpc_1_assignment>
<rtpc_1_name></rtpc_1_name>
<rtpc_2_assignment></rtpc_2_assignment>
<rtpc_2_name></rtpc_2_name>
<switch_1></switch_1>
<use_reverb>1</use_reverb>
</audio_projectiles>
<audio_projectiles record_uuid="{ba9e06d2-9fa3-4151-83a0-7507e1ba9762}" record_timestamp="1462358740224" record_key="wh_throwing_axe">
<doppler_rtpc_name></doppler_rtpc_name>
<fire_only_trigger_once_per_volley>0</fire_only_trigger_once_per_volley>
<fire_start_event></fire_start_event>
<fire_stop_event></fire_stop_event>
<flyby_distance>10</flyby_distance>
<flyby_event></flyby_event>
<group_fire></group_fire>
<group_impact></group_impact>
<group_inflight></group_inflight>
<hit_tree_start_event>Battle_Individual_Projectile_Impact_Tree_Canopy_Small_Play</hit_tree_start_event>
<hit_tree_stop_event>Battle_Individual_Projectile_Impact_Tree_Canopy_Small_Stop</hit_tree_stop_event>
<idle_start_event></idle_start_event>
<idle_stop_event></idle_stop_event>
<impact_blood_event></impact_blood_event>
<impact_event>Battle_Individual_Projectile_Throwing_Axe_Impact</impact_event>
<impact_only_trigger_once_per_volley>0</impact_only_trigger_once_per_volley>
<incoming_event></incoming_event>
<incoming_time>1</incoming_time>
<inflight_min_speed>10</inflight_min_speed>
<inflight_only_trigger_once_per_volley>0</inflight_only_trigger_once_per_volley>
<inflight_start_event>Battle_Individual_Projectile_Throwing_Axe_InFlight_Play</inflight_start_event>
<inflight_stop_event>Battle_Individual_Projectile_Throwing_Axe_InFlight_Stop</inflight_stop_event>
<key>wh_throwing_axe</key>
<max_attenuation_fire>0</max_attenuation_fire>
<max_attenuation_idle>100</max_attenuation_idle>
<max_attenuation_impact>50</max_attenuation_impact>
<max_attenuation_inflight>100</max_attenuation_inflight>
<obstruction_size>0</obstruction_size>
<rtpc_1_assignment></rtpc_1_assignment>
<rtpc_1_name></rtpc_1_name>
<rtpc_2_assignment></rtpc_2_assignment>
<rtpc_2_name></rtpc_2_name>
<switch_1></switch_1>
<use_reverb>0</use_reverb>
</audio_projectiles>
<audio_projectiles record_uuid="{101a0904-9aea-4bad-873e-9b167e3f36f4}" record_timestamp="1462358740211" record_key="wh_tower_blessed_stone">
<doppler_rtpc_name></doppler_rtpc_name>
<fire_only_trigger_once_per_volley>0</fire_only_trigger_once_per_volley>
<fire_start_event>Battle_Individual_Projectile_Arrow_Fire_Normal</fire_start_event>
<fire_stop_event></fire_stop_event>
<flyby_distance>10</flyby_distance>
<flyby_event></flyby_event>
<group_fire>wh_grp_projectile_arrow_fire_normal</group_fire>
<group_impact>wh_grp_projectile_arrow_impact</group_impact>
<group_inflight></group_inflight>
<hit_tree_start_event>Battle_Individual_Projectile_Impact_Tree_Canopy_Small_Play</hit_tree_start_event>
<hit_tree_stop_event>Battle_Individual_Projectile_Impact_Tree_Canopy_Small_Stop</hit_tree_stop_event>
<idle_start_event></idle_start_event>
<idle_stop_event></idle_stop_event>
<impact_blood_event></impact_blood_event>
<impact_event>Battle_Individual_Projectile_Rock_Small_Impact</impact_event>
<impact_only_trigger_once_per_volley>0</impact_only_trigger_once_per_volley>
<incoming_event></incoming_event>
<incoming_time>1</incoming_time>
<inflight_min_speed>22</inflight_min_speed>
<inflight_only_trigger_once_per_volley>0</inflight_only_trigger_once_per_volley>
<inflight_start_event>Battle_Individual_Projectile_Arrow_InFlight_Normal_Play</inflight_start_event>
<inflight_stop_event>Battle_Individual_Projectile_Arrow_InFlight_Normal_Stop</inflight_stop_event>
<key>wh_tower_blessed_stone</key>
<max_attenuation_fire>150</max_attenuation_fire>
<max_attenuation_idle>100</max_attenuation_idle>
<max_attenuation_impact>250</max_attenuation_impact>
<max_attenuation_inflight>100</max_attenuation_inflight>
<obstruction_size>0</obstruction_size>
<rtpc_1_assignment></rtpc_1_assignment>
<rtpc_1_name></rtpc_1_name>
<rtpc_2_assignment></rtpc_2_assignment>
<rtpc_2_name></rtpc_2_name>
<switch_1></switch_1>
<use_reverb>0</use_reverb>
</audio_projectiles>
<audio_projectiles record_uuid="{4684b5ff-1e3b-4445-83da-cc319b1a5a81}" record_timestamp="1462358740212" record_key="wh_tower_bones">
<doppler_rtpc_name></doppler_rtpc_name>
<fire_only_trigger_once_per_volley>0</fire_only_trigger_once_per_volley>
<fire_start_event>Battle_Individual_Projectile_Arrow_Fire_Normal</fire_start_event>
<fire_stop_event></fire_stop_event>
<flyby_distance>10</flyby_distance>
<flyby_event></flyby_event>
<group_fire>wh_grp_projectile_arrow_fire_normal</group_fire>
<group_impact>wh_grp_projectile_arrow_impact</group_impact>
<group_inflight></group_inflight>
<hit_tree_start_event>Battle_Individual_Projectile_Impact_Tree_Canopy_Small_Play</hit_tree_start_event>
<hit_tree_stop_event>Battle_Individual_Projectile_Impact_Tree_Canopy_Small_Stop</hit_tree_stop_event>
<idle_start_event></idle_start_event>
<idle_stop_event></idle_stop_event>
<impact_blood_event></impact_blood_event>
<impact_event>Battle_Individual_Projectile_Rock_Small_Impact</impact_event>
<impact_only_trigger_once_per_volley>0</impact_only_trigger_once_per_volley>
<incoming_event></incoming_event>
<incoming_time>1</incoming_time>
<inflight_min_speed>22</inflight_min_speed>
<inflight_only_trigger_once_per_volley>0</inflight_only_trigger_once_per_volley>
<inflight_start_event>Battle_Individual_Projectile_Arrow_InFlight_Normal_Play</inflight_start_event>
<inflight_stop_event>Battle_Individual_Projectile_Arrow_InFlight_Normal_Stop</inflight_stop_event>
<key>wh_tower_bones</key>
<max_attenuation_fire>150</max_attenuation_fire>
<max_attenuation_idle>100</max_attenuation_idle>
<max_attenuation_impact>250</max_attenuation_impact>
<max_attenuation_inflight>100</max_attenuation_inflight>
<obstruction_size>0</obstruction_size>
<rtpc_1_assignment></rtpc_1_assignment>
<rtpc_1_name></rtpc_1_name>
<rtpc_2_assignment></rtpc_2_assignment>
<rtpc_2_name></rtpc_2_name>
<switch_1></switch_1>
<use_reverb>0</use_reverb>
</audio_projectiles>
<audio_projectiles record_uuid="{35199d16-b089-457c-9647-7d5e1b4ff008}" record_timestamp="1462358740192" record_key="wh_tower_caged_bats">
<doppler_rtpc_name></doppler_rtpc_name>
<fire_only_trigger_once_per_volley>0</fire_only_trigger_once_per_volley>
<fire_start_event></fire_start_event>
<fire_stop_event></fire_stop_event>
<flyby_distance>10</flyby_distance>
<flyby_event></flyby_event>
<group_fire></group_fire>
<group_impact></group_impact>
<group_inflight></group_inflight>
<hit_tree_start_event></hit_tree_start_event>
<hit_tree_stop_event></hit_tree_stop_event>
<idle_start_event></idle_start_event>
<idle_stop_event></idle_stop_event>
<impact_blood_event></impact_blood_event>
<impact_event>Battle_Individual_Projectile_Rock_Small_Impact</impact_event>
<impact_only_trigger_once_per_volley>0</impact_only_trigger_once_per_volley>
<incoming_event></incoming_event>
<incoming_time>1</incoming_time>
<inflight_min_speed>10</inflight_min_speed>
<inflight_only_trigger_once_per_volley>0</inflight_only_trigger_once_per_volley>
<inflight_start_event></inflight_start_event>
<inflight_stop_event></inflight_stop_event>
<key>wh_tower_caged_bats</key>
<max_attenuation_fire>100</max_attenuation_fire>
<max_attenuation_idle>100</max_attenuation_idle>
<max_attenuation_impact>250</max_attenuation_impact>
<max_attenuation_inflight>150</max_attenuation_inflight>
<obstruction_size>0</obstruction_size>
<rtpc_1_assignment></rtpc_1_assignment>
<rtpc_1_name></rtpc_1_name>
<rtpc_2_assignment></rtpc_2_assignment>
<rtpc_2_name></rtpc_2_name>
<switch_1></switch_1>
<use_reverb>0</use_reverb>
</audio_projectiles>
<audio_projectiles record_uuid="{ee6b636b-b641-4278-b8a4-dd15421ee850}" record_timestamp="1462358740205" record_key="wh_tower_clockwork_bomb">
<doppler_rtpc_name></doppler_rtpc_name>
<fire_only_trigger_once_per_volley>0</fire_only_trigger_once_per_volley>
<fire_start_event></fire_start_event>
<fire_stop_event></fire_stop_event>
<flyby_distance>10</flyby_distance>
<flyby_event></flyby_event>
<group_fire></group_fire>
<group_impact></group_impact>
<group_inflight></group_inflight>
<hit_tree_start_event>Battle_Individual_Projectile_Impact_Tree_Canopy_Large_Play</hit_tree_start_event>
<hit_tree_stop_event>Battle_Individual_Projectile_Impact_Tree_Canopy_Large_Stop</hit_tree_stop_event>
<idle_start_event></idle_start_event>
<idle_stop_event></idle_stop_event>
<impact_blood_event></impact_blood_event>
<impact_event>Battle_Individual_Projectile_Rock_Small_Impact</impact_event>
<impact_only_trigger_once_per_volley>0</impact_only_trigger_once_per_volley>
<incoming_event>Battle_Individual_Projectile_Incoming_Rock</incoming_event>
<incoming_time>1</incoming_time>
<inflight_min_speed>10</inflight_min_speed>
<inflight_only_trigger_once_per_volley>0</inflight_only_trigger_once_per_volley>
<inflight_start_event>Battle_Individual_Projectile_Cannon_Ball_InFlight_Play</inflight_start_event>
<inflight_stop_event>Battle_Individual_Projectile_Cannon_Ball_InFlight_Stop</inflight_stop_event>
<key>wh_tower_clockwork_bomb</key>
<max_attenuation_fire>400</max_attenuation_fire>
<max_attenuation_idle>100</max_attenuation_idle>
<max_attenuation_impact>250</max_attenuation_impact>
<max_attenuation_inflight>300</max_attenuation_inflight>
<obstruction_size>0</obstruction_size>
<rtpc_1_assignment>Projectile_Speed</rtpc_1_assignment>
<rtpc_1_name>Battle_Projectile_Speed</rtpc_1_name>
<rtpc_2_assignment>Projectile_Height</rtpc_2_assignment>
<rtpc_2_name>Battle_Projectile_Height</rtpc_2_name>
<switch_1></switch_1>
<use_reverb>1</use_reverb>
</audio_projectiles>
<audio_projectiles record_uuid="{f63376e7-5643-48f6-ac51-005f1a254de8}" record_timestamp="1462358740204" record_key="wh_tower_corpse_ball">
<doppler_rtpc_name></doppler_rtpc_name>
<fire_only_trigger_once_per_volley>0</fire_only_trigger_once_per_volley>
<fire_start_event></fire_start_event>
<fire_stop_event></fire_stop_event>
<flyby_distance>10</flyby_distance>
<flyby_event></flyby_event>
<group_fire></group_fire>
<group_impact></group_impact>
<group_inflight></group_inflight>
<hit_tree_start_event>Battle_Individual_Projectile_Impact_Tree_Canopy_Large_Play</hit_tree_start_event>
<hit_tree_stop_event>Battle_Individual_Projectile_Impact_Tree_Canopy_Large_Stop</hit_tree_stop_event>
<idle_start_event></idle_start_event>
<idle_stop_event></idle_stop_event>
<impact_blood_event></impact_blood_event>
<impact_event>Battle_Individual_Projectile_Rock_Small_Impact</impact_event>
<impact_only_trigger_once_per_volley>0</impact_only_trigger_once_per_volley>
<incoming_event>Battle_Individual_Projectile_Incoming_Rock</incoming_event>
<incoming_time>1</incoming_time>
<inflight_min_speed>10</inflight_min_speed>
<inflight_only_trigger_once_per_volley>0</inflight_only_trigger_once_per_volley>
<inflight_start_event>Battle_Individual_Projectile_Cannon_Ball_InFlight_Play</inflight_start_event>
<inflight_stop_event>Battle_Individual_Projectile_Cannon_Ball_InFlight_Stop</inflight_stop_event>
<key>wh_tower_corpse_ball</key>
<max_attenuation_fire>0</max_attenuation_fire>
<max_attenuation_idle>100</max_attenuation_idle>
<max_attenuation_impact>250</max_attenuation_impact>
<max_attenuation_inflight>300</max_attenuation_inflight>
<obstruction_size>0</obstruction_size>
<rtpc_1_assignment>Projectile_Speed</rtpc_1_assignment>
<rtpc_1_name>Battle_Projectile_Speed</rtpc_1_name>
<rtpc_2_assignment></rtpc_2_assignment>
<rtpc_2_name></rtpc_2_name>
<switch_1></switch_1>
<use_reverb>0</use_reverb>
</audio_projectiles>
<audio_projectiles record_uuid="{cba39a09-b3ce-40bd-abba-d39a41e8c902}" record_timestamp="1462358740203" record_key="wh_tower_fused_beer_keg">
<doppler_rtpc_name></doppler_rtpc_name>
<fire_only_trigger_once_per_volley>0</fire_only_trigger_once_per_volley>
<fire_start_event></fire_start_event>
<fire_stop_event></fire_stop_event>
<flyby_distance>10</flyby_distance>
<flyby_event></flyby_event>
<group_fire></group_fire>
<group_impact></group_impact>
<group_inflight></group_inflight>
<hit_tree_start_event>Battle_Individual_Projectile_Impact_Tree_Canopy_Large_Play</hit_tree_start_event>
<hit_tree_stop_event>Battle_Individual_Projectile_Impact_Tree_Canopy_Large_Stop</hit_tree_stop_event>
<idle_start_event></idle_start_event>
<idle_stop_event></idle_stop_event>
<impact_blood_event></impact_blood_event>
<impact_event>Battle_Individual_Projectile_Rock_Small_Impact</impact_event>
<impact_only_trigger_once_per_volley>0</impact_only_trigger_once_per_volley>
<incoming_event>Battle_Individual_Projectile_Incoming_Rock</incoming_event>
<incoming_time>1</incoming_time>
<inflight_min_speed>10</inflight_min_speed>
<inflight_only_trigger_once_per_volley>0</inflight_only_trigger_once_per_volley>
<inflight_start_event>Battle_Individual_Projectile_Cannon_Ball_InFlight_Play</inflight_start_event>
<inflight_stop_event>Battle_Individual_Projectile_Cannon_Ball_InFlight_Stop</inflight_stop_event>
<key>wh_tower_fused_beer_keg</key>
<max_attenuation_fire>400</max_attenuation_fire>
<max_attenuation_idle>100</max_attenuation_idle>
<max_attenuation_impact>250</max_attenuation_impact>
<max_attenuation_inflight>300</max_attenuation_inflight>
<obstruction_size>0</obstruction_size>
<rtpc_1_assignment>Projectile_Speed</rtpc_1_assignment>
<rtpc_1_name>Battle_Projectile_Speed</rtpc_1_name>
<rtpc_2_assignment></rtpc_2_assignment>
<rtpc_2_name></rtpc_2_name>
<switch_1></switch_1>
<use_reverb>1</use_reverb>
</audio_projectiles>
<audio_projectiles record_uuid="{d224e3e8-dfa0-4c87-b916-da073a597ebc}" record_timestamp="1462358740203" record_key="wh_tower_giant_dungball">
<doppler_rtpc_name></doppler_rtpc_name>
<fire_only_trigger_once_per_volley>0</fire_only_trigger_once_per_volley>
<fire_start_event></fire_start_event>
<fire_stop_event></fire_stop_event>
<flyby_distance>10</flyby_distance>
<flyby_event></flyby_event>
<group_fire></group_fire>
<group_impact></group_impact>
<group_inflight></group_inflight>
<hit_tree_start_event>Battle_Individual_Projectile_Impact_Tree_Canopy_Large_Play</hit_tree_start_event>
<hit_tree_stop_event>Battle_Individual_Projectile_Impact_Tree_Canopy_Large_Stop</hit_tree_stop_event>
<idle_start_event></idle_start_event>
<idle_stop_event></idle_stop_event>
<impact_blood_event></impact_blood_event>
<impact_event>Battle_Individual_Projectile_Rock_Small_Impact</impact_event>
<impact_only_trigger_once_per_volley>0</impact_only_trigger_once_per_volley>
<incoming_event>Battle_Individual_Projectile_Incoming_Rock</incoming_event>
<incoming_time>1</incoming_time>
<inflight_min_speed>10</inflight_min_speed>
<inflight_only_trigger_once_per_volley>0</inflight_only_trigger_once_per_volley>
<inflight_start_event>Battle_Individual_Projectile_Cannon_Ball_InFlight_Play</inflight_start_event>
<inflight_stop_event>Battle_Individual_Projectile_Cannon_Ball_InFlight_Stop</inflight_stop_event>
<key>wh_tower_giant_dungball</key>
<max_attenuation_fire>0</max_attenuation_fire>
<max_attenuation_idle>100</max_attenuation_idle>
<max_attenuation_impact>250</max_attenuation_impact>
<max_attenuation_inflight>300</max_attenuation_inflight>
<obstruction_size>0</obstruction_size>
<rtpc_1_assignment>Projectile_Speed</rtpc_1_assignment>
<rtpc_1_name>Battle_Projectile_Speed</rtpc_1_name>
<rtpc_2_assignment></rtpc_2_assignment>
<rtpc_2_name></rtpc_2_name>
<switch_1></switch_1>
<use_reverb>0</use_reverb>
</audio_projectiles>
<audio_projectiles record_uuid="{937f5217-7213-4783-8fff-d51356c0d756}" record_timestamp="1462358740202" record_key="wh_tower_rock_idol">
<doppler_rtpc_name></doppler_rtpc_name>
<fire_only_trigger_once_per_volley>0</fire_only_trigger_once_per_volley>
<fire_start_event></fire_start_event>
<fire_stop_event></fire_stop_event>
<flyby_distance>10</flyby_distance>
<flyby_event></flyby_event>
<group_fire></group_fire>
<group_impact></group_impact>
<group_inflight></group_inflight>
<hit_tree_start_event>Battle_Individual_Projectile_Impact_Tree_Canopy_Large_Play</hit_tree_start_event>
<hit_tree_stop_event>Battle_Individual_Projectile_Impact_Tree_Canopy_Large_Stop</hit_tree_stop_event>
<idle_start_event></idle_start_event>
<idle_stop_event></idle_stop_event>
<impact_blood_event></impact_blood_event>
<impact_event>Battle_Individual_Projectile_Rock_Small_Impact</impact_event>
<impact_only_trigger_once_per_volley>0</impact_only_trigger_once_per_volley>
<incoming_event>Battle_Individual_Projectile_Incoming_Rock</incoming_event>
<incoming_time>1</incoming_time>
<inflight_min_speed>10</inflight_min_speed>
<inflight_only_trigger_once_per_volley>0</inflight_only_trigger_once_per_volley>
<inflight_start_event>Battle_Individual_Projectile_Cannon_Ball_InFlight_Play</inflight_start_event>
<inflight_stop_event>Battle_Individual_Projectile_Cannon_Ball_InFlight_Stop</inflight_stop_event>
<key>wh_tower_rock_idol</key>
<max_attenuation_fire>400</max_attenuation_fire>
<max_attenuation_idle>100</max_attenuation_idle>
<max_attenuation_impact>250</max_attenuation_impact>
<max_attenuation_inflight>300</max_attenuation_inflight>
<obstruction_size>0</obstruction_size>
<rtpc_1_assignment>Projectile_Speed</rtpc_1_assignment>
<rtpc_1_name>Battle_Projectile_Speed</rtpc_1_name>
<rtpc_2_assignment></rtpc_2_assignment>
<rtpc_2_name></rtpc_2_name>
<switch_1></switch_1>
<use_reverb>1</use_reverb>
</audio_projectiles>
<audio_projectiles record_uuid="{02ceecbf-9b24-4e4d-8288-63f4c0c91aa5}" record_timestamp="1411983069679" record_key="wh_vmp_ghostly_howl">
<doppler_rtpc_name></doppler_rtpc_name>
<fire_only_trigger_once_per_volley>0</fire_only_trigger_once_per_volley>
<fire_start_event></fire_start_event>
<fire_stop_event></fire_stop_event>
<flyby_distance>10</flyby_distance>
<flyby_event></flyby_event>
<group_fire></group_fire>
<group_impact></group_impact>
<group_inflight></group_inflight>
<hit_tree_start_event></hit_tree_start_event>
<hit_tree_stop_event></hit_tree_stop_event>
<idle_start_event></idle_start_event>
<idle_stop_event></idle_stop_event>
<impact_blood_event></impact_blood_event>
<impact_event></impact_event>
<impact_only_trigger_once_per_volley>0</impact_only_trigger_once_per_volley>
<incoming_event></incoming_event>
<incoming_time>1</incoming_time>
<inflight_min_speed>10</inflight_min_speed>
<inflight_only_trigger_once_per_volley>0</inflight_only_trigger_once_per_volley>
<inflight_start_event></inflight_start_event>
<inflight_stop_event></inflight_stop_event>
<key>wh_vmp_ghostly_howl</key>
<max_attenuation_fire>250</max_attenuation_fire>
<max_attenuation_idle>100</max_attenuation_idle>
<max_attenuation_impact>300</max_attenuation_impact>
<max_attenuation_inflight>300</max_attenuation_inflight>
<obstruction_size>0</obstruction_size>
<rtpc_1_assignment></rtpc_1_assignment>
<rtpc_1_name></rtpc_1_name>
<rtpc_2_assignment></rtpc_2_assignment>
<rtpc_2_name></rtpc_2_name>
<switch_1></switch_1>
<use_reverb>0</use_reverb>
</audio_projectiles>
<audio_projectiles record_uuid="{1464ddf1-aa0b-4e00-a208-2553d936c7cb}" record_timestamp="1462358740177" record_key="wh_vomit">
<doppler_rtpc_name></doppler_rtpc_name>
<fire_only_trigger_once_per_volley>0</fire_only_trigger_once_per_volley>
<fire_start_event></fire_start_event>
<fire_stop_event></fire_stop_event>
<flyby_distance>10</flyby_distance>
<flyby_event></flyby_event>
<group_fire></group_fire>
<group_impact></group_impact>
<group_inflight></group_inflight>
<hit_tree_start_event></hit_tree_start_event>
<hit_tree_stop_event></hit_tree_stop_event>
<idle_start_event></idle_start_event>
<idle_stop_event></idle_stop_event>
<impact_blood_event></impact_blood_event>
<impact_event>Battle_Individual_Projectile_Vomit_Impact</impact_event>
<impact_only_trigger_once_per_volley>0</impact_only_trigger_once_per_volley>
<incoming_event></incoming_event>
<incoming_time>1</incoming_time>
<inflight_min_speed>10</inflight_min_speed>
<inflight_only_trigger_once_per_volley>0</inflight_only_trigger_once_per_volley>
<inflight_start_event></inflight_start_event>
<inflight_stop_event></inflight_stop_event>
<key>wh_vomit</key>
<max_attenuation_fire>0</max_attenuation_fire>
<max_attenuation_idle>100</max_attenuation_idle>
<max_attenuation_impact>100</max_attenuation_impact>
<max_attenuation_inflight>40</max_attenuation_inflight>
<obstruction_size>0</obstruction_size>
<rtpc_1_assignment></rtpc_1_assignment>
<rtpc_1_name></rtpc_1_name>
<rtpc_2_assignment></rtpc_2_assignment>
<rtpc_2_name></rtpc_2_name>
<switch_1></switch_1>
<use_reverb>0</use_reverb>
</audio_projectiles>
</dataroot>
