<?xml version="1.0" encoding="UTF-8"?>
<dataroot xmlns:od="urn:schemas-microsoft-com:officedata" xmlns:xsi="http://www.w3.org/2001/XMLSchema-instance" xsi:noNamespaceSchemaLocation="audio_battle_environment_loops.xsd" export_time="Wed Aug 17 09:24:39 2016" revision="6" export_branch="T:/branches/warhammer/sigmar/warhammer/binaries.x64" export_user="bob">
<edit_uuid>d2a8ff41-844d-4d3a-a11b-61bedfa71bd9</edit_uuid>
<audio_battle_environment_loops record_uuid="{34147bbf-8dc1-49ff-bfe2-142e465bcaf3}" record_timestamp="1468915116002" record_key="beastmen_ambience">
<always_play>0</always_play>
<can_weather_disable>1</can_weather_disable>
<event_start>Battle_Environment_Beastmen_Ambience_Play</event_start>
<event_stop>Battle_Environment_Beastmen_Ambience_Stop</event_stop>
<height_influence>0</height_influence>
<height_scale>1</height_scale>
<intensity_rtpc></intensity_rtpc>
<make_rtpc_global>0</make_rtpc_global>
<name>beastmen_ambience</name>
<sample_distance>100</sample_distance>
<use_building_height>0</use_building_height>
<use_tree_height>0</use_tree_height>
</audio_battle_environment_loops>
<audio_battle_environment_loops record_uuid="{645472a8-6ef4-42bb-9ac3-93f497fd5e3a}" record_timestamp="1468915116001" record_key="beastmen_forest">
<always_play>0</always_play>
<can_weather_disable>1</can_weather_disable>
<event_start>Battle_Environment_Beastmen_Forest_Play</event_start>
<event_stop>Battle_Environment_Beastmen_Forest_Stop</event_stop>
<height_influence>0</height_influence>
<height_scale>1</height_scale>
<intensity_rtpc>Generic_Forest_Percentage</intensity_rtpc>
<make_rtpc_global>0</make_rtpc_global>
<name>beastmen_forest</name>
<sample_distance>150</sample_distance>
<use_building_height>0</use_building_height>
<use_tree_height>0</use_tree_height>
</audio_battle_environment_loops>
<audio_battle_environment_loops record_uuid="{49ed4e66-60c7-4e18-852a-92e8c472e03e}" record_timestamp="1468915116001" record_key="beastmen_lake">
<always_play>0</always_play>
<can_weather_disable>0</can_weather_disable>
<event_start>Battle_Environment_Element_Water_Lake_Beastmen_Play</event_start>
<event_stop>Battle_Environment_Element_Water_Lake_Beastmen_Stop</event_stop>
<height_influence>0</height_influence>
<height_scale>1</height_scale>
<intensity_rtpc>Generic_Water_Percentage</intensity_rtpc>
<make_rtpc_global>0</make_rtpc_global>
<name>beastmen_lake</name>
<sample_distance>100</sample_distance>
<use_building_height>0</use_building_height>
<use_tree_height>0</use_tree_height>
</audio_battle_environment_loops>
<audio_battle_environment_loops record_uuid="{f1a5bddb-cd20-4ce3-88d7-8bcacc7d926a}" record_timestamp="1468915115999" record_key="cave_ambience">
<always_play>0</always_play>
<can_weather_disable>1</can_weather_disable>
<event_start>Battle_Environment_Cave_Ambience_Play</event_start>
<event_stop>Battle_Environment_Cave_Ambience_Stop</event_stop>
<height_influence>0</height_influence>
<height_scale>1</height_scale>
<intensity_rtpc></intensity_rtpc>
<make_rtpc_global>0</make_rtpc_global>
<name>cave_ambience</name>
<sample_distance>100</sample_distance>
<use_building_height>0</use_building_height>
<use_tree_height>0</use_tree_height>
</audio_battle_environment_loops>
<audio_battle_environment_loops record_uuid="{445455be-0249-4802-864e-e0dd533e8a81}" record_timestamp="1468915115999" record_key="cave_forest">
<always_play>0</always_play>
<can_weather_disable>1</can_weather_disable>
<event_start>Battle_Environment_Cave_Forest_Play</event_start>
<event_stop>Battle_Environment_Cave_Forest_Stop</event_stop>
<height_influence>0</height_influence>
<height_scale>1</height_scale>
<intensity_rtpc>Generic_Forest_Percentage</intensity_rtpc>
<make_rtpc_global>0</make_rtpc_global>
<name>cave_forest</name>
<sample_distance>150</sample_distance>
<use_building_height>0</use_building_height>
<use_tree_height>0</use_tree_height>
</audio_battle_environment_loops>
<audio_battle_environment_loops record_uuid="{f4550b5d-bb5c-4364-86b4-9667169ca489}" record_timestamp="1468915116000" record_key="cave_lake">
<always_play>0</always_play>
<can_weather_disable>0</can_weather_disable>
<event_start>Battle_Environment_Element_Water_Lake_Cave_Play</event_start>
<event_stop>Battle_Environment_Element_Water_Lake_Cave_Stop</event_stop>
<height_influence>0</height_influence>
<height_scale>1</height_scale>
<intensity_rtpc>Generic_Water_Percentage</intensity_rtpc>
<make_rtpc_global>0</make_rtpc_global>
<name>cave_lake</name>
<sample_distance>150</sample_distance>
<use_building_height>0</use_building_height>
<use_tree_height>0</use_tree_height>
</audio_battle_environment_loops>
<audio_battle_environment_loops record_uuid="{04a3c68f-5d52-404b-9acb-8454bff88c1b}" record_timestamp="1471422279640" record_key="cave_wind">
<always_play>1</always_play>
<can_weather_disable>0</can_weather_disable>
<event_start>Battle_Environment_Element_Wind_Cave_Play</event_start>
<event_stop>Battle_Environment_Element_Wind_Cave_Stop</event_stop>
<height_influence>1</height_influence>
<height_scale>166</height_scale>
<intensity_rtpc>Battle_Wind_Intensity</intensity_rtpc>
<make_rtpc_global>0</make_rtpc_global>
<name>cave_wind</name>
<sample_distance>100</sample_distance>
<use_building_height>0</use_building_height>
<use_tree_height>0</use_tree_height>
</audio_battle_environment_loops>
<audio_battle_environment_loops record_uuid="{98811934-ce60-4a45-b90f-6f04c27036ab}" record_timestamp="1468915116000" record_key="chaos_ambience">
<always_play>0</always_play>
<can_weather_disable>1</can_weather_disable>
<event_start>Battle_Environment_chaos_Ambience_Play</event_start>
<event_stop>Battle_Environment_chaos_Ambience_Stop</event_stop>
<height_influence>0</height_influence>
<height_scale>1</height_scale>
<intensity_rtpc></intensity_rtpc>
<make_rtpc_global>0</make_rtpc_global>
<name>chaos_ambience</name>
<sample_distance>100</sample_distance>
<use_building_height>0</use_building_height>
<use_tree_height>0</use_tree_height>
</audio_battle_environment_loops>
<audio_battle_environment_loops record_uuid="{781ccd0e-4189-4951-96c6-4791c8f7d253}" record_timestamp="1468915116000" record_key="chaos_forest">
<always_play>0</always_play>
<can_weather_disable>1</can_weather_disable>
<event_start>Battle_Environment_chaos_Forest_Play</event_start>
<event_stop>Battle_Environment_chaos_Forest_Stop</event_stop>
<height_influence>0</height_influence>
<height_scale>1</height_scale>
<intensity_rtpc>Generic_Forest_Percentage</intensity_rtpc>
<make_rtpc_global>0</make_rtpc_global>
<name>chaos_forest</name>
<sample_distance>150</sample_distance>
<use_building_height>0</use_building_height>
<use_tree_height>0</use_tree_height>
</audio_battle_environment_loops>
<audio_battle_environment_loops record_uuid="{92de7a78-a38b-4724-8b5b-76982ccb14eb}" record_timestamp="1468915116000" record_key="chaos_lake">
<always_play>0</always_play>
<can_weather_disable>0</can_weather_disable>
<event_start>Battle_Environment_Element_Water_Lake_Chaos_Play</event_start>
<event_stop>Battle_Environment_Element_Water_Lake_Chaos_Stop</event_stop>
<height_influence>0</height_influence>
<height_scale>1</height_scale>
<intensity_rtpc>Generic_Water_Percentage</intensity_rtpc>
<make_rtpc_global>0</make_rtpc_global>
<name>chaos_lake</name>
<sample_distance>100</sample_distance>
<use_building_height>0</use_building_height>
<use_tree_height>0</use_tree_height>
</audio_battle_environment_loops>
<audio_battle_environment_loops record_uuid="{6b39fb17-e596-4ca4-8ffb-02352caa64c9}" record_timestamp="1471422279640" record_key="chaos_wind">
<always_play>1</always_play>
<can_weather_disable>0</can_weather_disable>
<event_start>Battle_Environment_Element_Wind_Chaos_Play</event_start>
<event_stop>Battle_Environment_Element_Wind_Chaos_Stop</event_stop>
<height_influence>1</height_influence>
<height_scale>166</height_scale>
<intensity_rtpc>Battle_Wind_Intensity</intensity_rtpc>
<make_rtpc_global>0</make_rtpc_global>
<name>chaos_wind</name>
<sample_distance>100</sample_distance>
<use_building_height>0</use_building_height>
<use_tree_height>0</use_tree_height>
</audio_battle_environment_loops>
<audio_battle_environment_loops record_uuid="{5df0f2f5-077b-44c4-922a-395d380e875e}" record_timestamp="1468915116000" record_key="dwarf_ambience">
<always_play>0</always_play>
<can_weather_disable>1</can_weather_disable>
<event_start>Battle_Environment_Dwarf_Ambience_Play</event_start>
<event_stop>Battle_Environment_Dwarf_Ambience_Stop</event_stop>
<height_influence>0</height_influence>
<height_scale>1</height_scale>
<intensity_rtpc></intensity_rtpc>
<make_rtpc_global>0</make_rtpc_global>
<name>dwarf_ambience</name>
<sample_distance>100</sample_distance>
<use_building_height>0</use_building_height>
<use_tree_height>0</use_tree_height>
</audio_battle_environment_loops>
<audio_battle_environment_loops record_uuid="{badb33da-9ea5-45db-bdb4-20c8101f868e}" record_timestamp="1468915116000" record_key="dwarf_forest">
<always_play>0</always_play>
<can_weather_disable>1</can_weather_disable>
<event_start>Battle_Environment_Dwarf_Forest_Play</event_start>
<event_stop>Battle_Environment_Dwarf_Forest_Stop</event_stop>
<height_influence>0</height_influence>
<height_scale>1</height_scale>
<intensity_rtpc>Generic_Forest_Percentage</intensity_rtpc>
<make_rtpc_global>0</make_rtpc_global>
<name>dwarf_forest</name>
<sample_distance>150</sample_distance>
<use_building_height>0</use_building_height>
<use_tree_height>0</use_tree_height>
</audio_battle_environment_loops>
<audio_battle_environment_loops record_uuid="{cc7ae618-d3bd-4491-b790-ab52edffb649}" record_timestamp="1468915116000" record_key="dwarf_lake">
<always_play>0</always_play>
<can_weather_disable>0</can_weather_disable>
<event_start>Battle_Environment_Element_Water_Lake_Dwarf_Play</event_start>
<event_stop>Battle_Environment_Element_Water_Lake_Dwarf_Stop</event_stop>
<height_influence>0</height_influence>
<height_scale>1</height_scale>
<intensity_rtpc>Generic_Water_Percentage</intensity_rtpc>
<make_rtpc_global>0</make_rtpc_global>
<name>dwarf_lake</name>
<sample_distance>100</sample_distance>
<use_building_height>0</use_building_height>
<use_tree_height>0</use_tree_height>
</audio_battle_environment_loops>
<audio_battle_environment_loops record_uuid="{00f84f0a-3890-4fdc-8c73-75ab48b12749}" record_timestamp="1471422279640" record_key="dwarf_wind">
<always_play>1</always_play>
<can_weather_disable>0</can_weather_disable>
<event_start>Battle_Environment_Element_Wind_Dwarf_Play</event_start>
<event_stop>Battle_Environment_Element_Wind_Dwarf_Stop</event_stop>
<height_influence>1</height_influence>
<height_scale>166</height_scale>
<intensity_rtpc>Battle_Wind_Intensity</intensity_rtpc>
<make_rtpc_global>0</make_rtpc_global>
<name>dwarf_wind</name>
<sample_distance>100</sample_distance>
<use_building_height>0</use_building_height>
<use_tree_height>0</use_tree_height>
</audio_battle_environment_loops>
<audio_battle_environment_loops record_uuid="{95a699c9-d0e1-43b6-b954-3c4fd390b6c1}" record_timestamp="1468329181494" record_key="empire_ambience">
<always_play>0</always_play>
<can_weather_disable>1</can_weather_disable>
<event_start>Battle_Environment_Empire_Ambience_Play</event_start>
<event_stop>Battle_Environment_Empire_Ambience_Stop</event_stop>
<height_influence>0</height_influence>
<height_scale>1</height_scale>
<intensity_rtpc></intensity_rtpc>
<make_rtpc_global>0</make_rtpc_global>
<name>empire_ambience</name>
<sample_distance>100</sample_distance>
<use_building_height>0</use_building_height>
<use_tree_height>0</use_tree_height>
</audio_battle_environment_loops>
<audio_battle_environment_loops record_uuid="{9876bc1b-5304-4065-910e-0247e85a4485}" record_timestamp="1468329181494" record_key="empire_forest">
<always_play>0</always_play>
<can_weather_disable>0</can_weather_disable>
<event_start>Battle_Environment_Empire_Forest_Play</event_start>
<event_stop>Battle_Environment_Empire_Forest_Stop</event_stop>
<height_influence>0</height_influence>
<height_scale>1</height_scale>
<intensity_rtpc>Generic_Forest_Percentage</intensity_rtpc>
<make_rtpc_global>0</make_rtpc_global>
<name>empire_forest</name>
<sample_distance>150</sample_distance>
<use_building_height>0</use_building_height>
<use_tree_height>0</use_tree_height>
</audio_battle_environment_loops>
<audio_battle_environment_loops record_uuid="{d8694e5a-3c33-4176-bbff-ca0b74415074}" record_timestamp="1468329181494" record_key="empire_lake">
<always_play>0</always_play>
<can_weather_disable>0</can_weather_disable>
<event_start>Battle_Environment_Element_Water_Lake_Empire_Play</event_start>
<event_stop>Battle_Environment_Element_Water_Lake_Empire_Stop</event_stop>
<height_influence>0</height_influence>
<height_scale>1</height_scale>
<intensity_rtpc>Generic_Water_Percentage</intensity_rtpc>
<make_rtpc_global>0</make_rtpc_global>
<name>empire_lake</name>
<sample_distance>100</sample_distance>
<use_building_height>0</use_building_height>
<use_tree_height>0</use_tree_height>
</audio_battle_environment_loops>
<audio_battle_environment_loops record_uuid="{a97ce21a-9cc9-4fc1-98e5-04448d8d2d15}" record_timestamp="1468329181494" record_key="generic_river">
<always_play>0</always_play>
<can_weather_disable>0</can_weather_disable>
<event_start>Battle_Environment_Element_Water_River_Play</event_start>
<event_stop>Battle_Environment_Element_Water_River_Stop</event_stop>
<height_influence>0</height_influence>
<height_scale>1</height_scale>
<intensity_rtpc>Generic_Water_Percentage</intensity_rtpc>
<make_rtpc_global>0</make_rtpc_global>
<name>generic_river</name>
<sample_distance>100</sample_distance>
<use_building_height>0</use_building_height>
<use_tree_height>0</use_tree_height>
</audio_battle_environment_loops>
<audio_battle_environment_loops record_uuid="{8345b476-3337-4452-ba51-21a3c0cc1fe5}" record_timestamp="1468329181494" record_key="generic_sea">
<always_play>0</always_play>
<can_weather_disable>0</can_weather_disable>
<event_start>Battle_Environment_Element_Water_Sea_Play</event_start>
<event_stop>Battle_Environment_Element_Water_Sea_Stop</event_stop>
<height_influence>0</height_influence>
<height_scale>1</height_scale>
<intensity_rtpc>Generic_Water_Percentage</intensity_rtpc>
<make_rtpc_global>0</make_rtpc_global>
<name>generic_sea</name>
<sample_distance>180</sample_distance>
<use_building_height>0</use_building_height>
<use_tree_height>0</use_tree_height>
</audio_battle_environment_loops>
<audio_battle_environment_loops record_uuid="{8d60e659-92e6-4b36-a663-7c990a5e6faf}" record_timestamp="1471422279640" record_key="generic_wind">
<always_play>1</always_play>
<can_weather_disable>0</can_weather_disable>
<event_start>Battle_Environment_Element_Wind_Generic_Play</event_start>
<event_stop>Battle_Environment_Element_Wind_Generic_Stop</event_stop>
<height_influence>1</height_influence>
<height_scale>166</height_scale>
<intensity_rtpc>Battle_Wind_Intensity</intensity_rtpc>
<make_rtpc_global>0</make_rtpc_global>
<name>generic_wind</name>
<sample_distance>100</sample_distance>
<use_building_height>0</use_building_height>
<use_tree_height>0</use_tree_height>
</audio_battle_environment_loops>
<audio_battle_environment_loops record_uuid="{3cfd39cd-b140-4a60-844d-5f0ad369990d}" record_timestamp="1468915116001" record_key="greenskin_ambience">
<always_play>0</always_play>
<can_weather_disable>1</can_weather_disable>
<event_start>Battle_Environment_Greenskin_Ambience_Play</event_start>
<event_stop>Battle_Environment_Greenskin_Ambience_Stop</event_stop>
<height_influence>0</height_influence>
<height_scale>1</height_scale>
<intensity_rtpc></intensity_rtpc>
<make_rtpc_global>0</make_rtpc_global>
<name>greenskin_ambience</name>
<sample_distance>100</sample_distance>
<use_building_height>0</use_building_height>
<use_tree_height>0</use_tree_height>
</audio_battle_environment_loops>
<audio_battle_environment_loops record_uuid="{7b3e1e27-0579-44bf-a574-73013e523825}" record_timestamp="1468915116001" record_key="greenskin_forest">
<always_play>0</always_play>
<can_weather_disable>1</can_weather_disable>
<event_start>Battle_Environment_Greenskin_Forest_Play</event_start>
<event_stop>Battle_Environment_Greenskin_Forest_Stop</event_stop>
<height_influence>0</height_influence>
<height_scale>1</height_scale>
<intensity_rtpc>Generic_Forest_Percentage</intensity_rtpc>
<make_rtpc_global>0</make_rtpc_global>
<name>greenskin_forest</name>
<sample_distance>150</sample_distance>
<use_building_height>0</use_building_height>
<use_tree_height>0</use_tree_height>
</audio_battle_environment_loops>
<audio_battle_environment_loops record_uuid="{70ce1860-76a3-4855-ade9-1fd7b787a12c}" record_timestamp="1468915116001" record_key="greenskin_lake">
<always_play>0</always_play>
<can_weather_disable>0</can_weather_disable>
<event_start>Battle_Environment_Element_Water_Lake_Greenskins_Play</event_start>
<event_stop>Battle_Environment_Element_Water_Lake_Greenskins_Stop</event_stop>
<height_influence>0</height_influence>
<height_scale>1</height_scale>
<intensity_rtpc>Generic_Water_Percentage</intensity_rtpc>
<make_rtpc_global>0</make_rtpc_global>
<name>greenskin_lake</name>
<sample_distance>100</sample_distance>
<use_building_height>0</use_building_height>
<use_tree_height>0</use_tree_height>
</audio_battle_environment_loops>
<audio_battle_environment_loops record_uuid="{73aba438-23ec-4c30-a675-dc49e9b8bef4}" record_timestamp="1468915116001" record_key="nordic_ambience">
<always_play>0</always_play>
<can_weather_disable>1</can_weather_disable>
<event_start>Battle_Environment_Nordic_Ambience_Play</event_start>
<event_stop>Battle_Environment_Nordic_Ambience_Stop</event_stop>
<height_influence>0</height_influence>
<height_scale>1</height_scale>
<intensity_rtpc></intensity_rtpc>
<make_rtpc_global>0</make_rtpc_global>
<name>nordic_ambience</name>
<sample_distance>100</sample_distance>
<use_building_height>0</use_building_height>
<use_tree_height>0</use_tree_height>
</audio_battle_environment_loops>
<audio_battle_environment_loops record_uuid="{26c2c9c2-8aad-4de4-80b8-05110b3afdc7}" record_timestamp="1468915116001" record_key="nordic_forest">
<always_play>0</always_play>
<can_weather_disable>1</can_weather_disable>
<event_start>Battle_Environment_Nordic_Forest_Play</event_start>
<event_stop>Battle_Environment_Nordic_Forest_Stop</event_stop>
<height_influence>0</height_influence>
<height_scale>1</height_scale>
<intensity_rtpc>Generic_Forest_Percentage</intensity_rtpc>
<make_rtpc_global>0</make_rtpc_global>
<name>nordic_forest</name>
<sample_distance>150</sample_distance>
<use_building_height>0</use_building_height>
<use_tree_height>0</use_tree_height>
</audio_battle_environment_loops>
<audio_battle_environment_loops record_uuid="{4cc7bafd-b222-4930-af94-d943d893aa7e}" record_timestamp="1468915116001" record_key="nordic_lake">
<always_play>0</always_play>
<can_weather_disable>0</can_weather_disable>
<event_start>Battle_Environment_Element_Water_Lake_Nordic_Play</event_start>
<event_stop>Battle_Environment_Element_Water_Lake_Nordic_Stop</event_stop>
<height_influence>0</height_influence>
<height_scale>1</height_scale>
<intensity_rtpc>Generic_Water_Percentage</intensity_rtpc>
<make_rtpc_global>0</make_rtpc_global>
<name>nordic_lake</name>
<sample_distance>100</sample_distance>
<use_building_height>0</use_building_height>
<use_tree_height>0</use_tree_height>
</audio_battle_environment_loops>
<audio_battle_environment_loops record_uuid="{e349b919-3f66-456e-990e-ea1289b96611}" record_timestamp="1471422279640" record_key="nordic_wind">
<always_play>1</always_play>
<can_weather_disable>0</can_weather_disable>
<event_start>Battle_Environment_Element_Wind_Nordic_Play</event_start>
<event_stop>Battle_Environment_Element_Wind_Nordic_Stop</event_stop>
<height_influence>1</height_influence>
<height_scale>166</height_scale>
<intensity_rtpc>Battle_Wind_Intensity</intensity_rtpc>
<make_rtpc_global>0</make_rtpc_global>
<name>nordic_wind</name>
<sample_distance>100</sample_distance>
<use_building_height>0</use_building_height>
<use_tree_height>0</use_tree_height>
</audio_battle_environment_loops>
<audio_battle_environment_loops record_uuid="{c0e9b5d3-64ae-46b4-a5a3-1b4acdfa7032}" record_timestamp="1468915116001" record_key="vampire_ambience">
<always_play>0</always_play>
<can_weather_disable>1</can_weather_disable>
<event_start>Battle_Environment_Vampire_Ambience_Play</event_start>
<event_stop>Battle_Environment_Vampire_Ambience_Stop</event_stop>
<height_influence>0</height_influence>
<height_scale>1</height_scale>
<intensity_rtpc></intensity_rtpc>
<make_rtpc_global>0</make_rtpc_global>
<name>vampire_ambience</name>
<sample_distance>100</sample_distance>
<use_building_height>0</use_building_height>
<use_tree_height>0</use_tree_height>
</audio_battle_environment_loops>
<audio_battle_environment_loops record_uuid="{1177ccf3-05da-44c5-a46f-c59f2b6f5686}" record_timestamp="1468915116000" record_key="vampire_forest">
<always_play>0</always_play>
<can_weather_disable>1</can_weather_disable>
<event_start>Battle_Environment_Vampire_Forest_Play</event_start>
<event_stop>Battle_Environment_Vampire_Forest_Stop</event_stop>
<height_influence>0</height_influence>
<height_scale>1</height_scale>
<intensity_rtpc>Generic_Forest_Percentage</intensity_rtpc>
<make_rtpc_global>0</make_rtpc_global>
<name>vampire_forest</name>
<sample_distance>150</sample_distance>
<use_building_height>0</use_building_height>
<use_tree_height>0</use_tree_height>
</audio_battle_environment_loops>
<audio_battle_environment_loops record_uuid="{b5ead709-0fd9-4674-8937-354f75fea0d5}" record_timestamp="1468915116002" record_key="vampire_lake">
<always_play>0</always_play>
<can_weather_disable>0</can_weather_disable>
<event_start>Battle_Environment_Element_Water_Lake_Vampire_Play</event_start>
<event_stop>Battle_Environment_Element_Water_Lake_Vampire_Stop</event_stop>
<height_influence>0</height_influence>
<height_scale>1</height_scale>
<intensity_rtpc>Generic_Water_Percentage</intensity_rtpc>
<make_rtpc_global>0</make_rtpc_global>
<name>vampire_lake</name>
<sample_distance>100</sample_distance>
<use_building_height>0</use_building_height>
<use_tree_height>0</use_tree_height>
</audio_battle_environment_loops>
<audio_battle_environment_loops record_uuid="{e62da622-7637-4aee-814a-08547de37810}" record_timestamp="1471422279640" record_key="vampire_wind">
<always_play>1</always_play>
<can_weather_disable>0</can_weather_disable>
<event_start>Battle_Environment_Element_Wind_Vampire_Play</event_start>
<event_stop>Battle_Environment_Element_Wind_Vampire_Stop</event_stop>
<height_influence>1</height_influence>
<height_scale>166</height_scale>
<intensity_rtpc>Battle_Wind_Intensity</intensity_rtpc>
<make_rtpc_global>0</make_rtpc_global>
<name>vampire_wind</name>
<sample_distance>100</sample_distance>
<use_building_height>0</use_building_height>
<use_tree_height>0</use_tree_height>
</audio_battle_environment_loops>
<audio_battle_environment_loops record_uuid="{8715988e-ea45-4a5b-8466-11a8a96bd1fe}" record_timestamp="1468597037620" record_key="weather_rain_heavy">
<always_play>0</always_play>
<can_weather_disable>0</can_weather_disable>
<event_start>Battle_Environment_Element_Rain_Heavy_Play</event_start>
<event_stop>Battle_Environment_Element_Rain_Heavy_Stop</event_stop>
<height_influence>0</height_influence>
<height_scale>1</height_scale>
<intensity_rtpc>Battle_Rain_Intensity</intensity_rtpc>
<make_rtpc_global>0</make_rtpc_global>
<name>weather_rain_heavy</name>
<sample_distance>100</sample_distance>
<use_building_height>0</use_building_height>
<use_tree_height>0</use_tree_height>
</audio_battle_environment_loops>
<audio_battle_environment_loops record_uuid="{df3fc9ae-8e91-4e71-a7b8-5ca5b6359bdc}" record_timestamp="1468915115999" record_key="weather_rain_heavy_on_trees">
<always_play>0</always_play>
<can_weather_disable>0</can_weather_disable>
<event_start>Battle_Environment_Element_Rain_Heavy_On_Tree_Tops_Play</event_start>
<event_stop>Battle_Environment_Element_Rain_Heavy_On_Tree_Tops_Stop</event_stop>
<height_influence>0</height_influence>
<height_scale>1</height_scale>
<intensity_rtpc>Generic_Forest_Percentage</intensity_rtpc>
<make_rtpc_global>0</make_rtpc_global>
<name>weather_rain_heavy_on_trees</name>
<sample_distance>150</sample_distance>
<use_building_height>0</use_building_height>
<use_tree_height>0</use_tree_height>
</audio_battle_environment_loops>
<audio_battle_environment_loops record_uuid="{0c177c29-396e-41da-8029-5cc8248c0e1b}" record_timestamp="1468597037619" record_key="weather_rain_light">
<always_play>0</always_play>
<can_weather_disable>0</can_weather_disable>
<event_start>Battle_Environment_Element_Rain_Light_Play</event_start>
<event_stop>Battle_Environment_Element_Rain_Light_Stop</event_stop>
<height_influence>0</height_influence>
<height_scale>1</height_scale>
<intensity_rtpc>Battle_Rain_Intensity</intensity_rtpc>
<make_rtpc_global>0</make_rtpc_global>
<name>weather_rain_light</name>
<sample_distance>100</sample_distance>
<use_building_height>0</use_building_height>
<use_tree_height>0</use_tree_height>
</audio_battle_environment_loops>
<audio_battle_environment_loops record_uuid="{8db63c36-31fc-44cd-a65b-98bfd860203a}" record_timestamp="1468915116000" record_key="weather_rain_light_on_trees">
<always_play>0</always_play>
<can_weather_disable>0</can_weather_disable>
<event_start>Battle_Environment_Element_Rain_Light_On_Tree_Tops_Play</event_start>
<event_stop>Battle_Environment_Element_Rain_Light_On_Tree_Tops_Stop</event_stop>
<height_influence>0</height_influence>
<height_scale>1</height_scale>
<intensity_rtpc>Generic_Forest_Percentage</intensity_rtpc>
<make_rtpc_global>0</make_rtpc_global>
<name>weather_rain_light_on_trees</name>
<sample_distance>150</sample_distance>
<use_building_height>0</use_building_height>
<use_tree_height>0</use_tree_height>
</audio_battle_environment_loops>
<audio_battle_environment_loops record_uuid="{04501e86-d981-4502-833c-0a806e4292c9}" record_timestamp="1468597037619" record_key="weather_rain_medium">
<always_play>0</always_play>
<can_weather_disable>0</can_weather_disable>
<event_start>Battle_Environment_Element_Rain_Medium_Play</event_start>
<event_stop>Battle_Environment_Element_Rain_Medium_Stop</event_stop>
<height_influence>0</height_influence>
<height_scale>1</height_scale>
<intensity_rtpc>Battle_Rain_Intensity</intensity_rtpc>
<make_rtpc_global>0</make_rtpc_global>
<name>weather_rain_medium</name>
<sample_distance>100</sample_distance>
<use_building_height>0</use_building_height>
<use_tree_height>0</use_tree_height>
</audio_battle_environment_loops>
<audio_battle_environment_loops record_uuid="{574daee6-165d-4985-8a57-6cd5de77e427}" record_timestamp="1468915116000" record_key="weather_rain_medium_on_trees">
<always_play>0</always_play>
<can_weather_disable>0</can_weather_disable>
<event_start>Battle_Environment_Element_Rain_Medium_On_Tree_Tops_Play</event_start>
<event_stop>Battle_Environment_Element_Rain_Medium_On_Tree_Tops_Stop</event_stop>
<height_influence>0</height_influence>
<height_scale>1</height_scale>
<intensity_rtpc>Generic_Forest_Percentage</intensity_rtpc>
<make_rtpc_global>0</make_rtpc_global>
<name>weather_rain_medium_on_trees</name>
<sample_distance>150</sample_distance>
<use_building_height>0</use_building_height>
<use_tree_height>0</use_tree_height>
</audio_battle_environment_loops>
</dataroot>
