<?xml version="1.0" encoding="UTF-8"?>
<dataroot xmlns:od="urn:schemas-microsoft-com:officedata" xmlns:xsi="http://www.w3.org/2001/XMLSchema-instance" xsi:noNamespaceSchemaLocation="audio_campaign_environment_ground_type_sounds.xsd" export_time="Mon Aug 1 14:31:26 2016" revision="1" export_branch="T:/branches/warhammer/sigmar/warhammer/binaries.x64" export_user="bob">
<edit_uuid>e392d468-1625-4415-b530-261573b8cff5</edit_uuid>
<audio_campaign_environment_ground_type_sounds record_uuid="{493b42d2-c9ff-4621-a113-c167c75b75bb}" record_timestamp="1470058285671" record_key="generic_desert">
<grouping_size>3</grouping_size>
<key>generic_desert</key>
<required_intensity>0</required_intensity>
<sample_range>16</sample_range>
</audio_campaign_environment_ground_type_sounds>
<audio_campaign_environment_ground_type_sounds record_uuid="{7183e8cc-6d1c-4d53-a3b5-ab4aa804fa9b}" record_timestamp="1470058285686" record_key="generic_sea">
<grouping_size>3</grouping_size>
<key>generic_sea</key>
<required_intensity>0</required_intensity>
<sample_range>16</sample_range>
</audio_campaign_environment_ground_type_sounds>
</dataroot>
