<?xml version="1.0" encoding="UTF-8"?>
<dataroot xmlns:od="urn:schemas-microsoft-com:officedata" xmlns:xsi="http://www.w3.org/2001/XMLSchema-instance" xsi:noNamespaceSchemaLocation="audio_vo_selected_switches.xsd" export_time="Tue Jul 19 12:25:44 2016" revision="36" export_branch="T:/branches/warhammer/sigmar/warhammer/binaries.x64" export_user="bob">
<edit_uuid>72a97356-39a6-4dda-b60f-0a8609b662d5</edit_uuid>
<audio_vo_selected_switches record_uuid="{7db41663-4ad9-4234-b978-3d5d139cc081}" record_timestamp="1446457374218" record_key="vo_sel_archers">
<key>vo_sel_archers</key>
</audio_vo_selected_switches>
<audio_vo_selected_switches record_uuid="{0b527e60-2629-4ed7-b77f-197725ab0f98}" record_timestamp="1423656163221" record_key="vo_sel_artillery">
<key>vo_sel_artillery</key>
</audio_vo_selected_switches>
<audio_vo_selected_switches record_uuid="{825ac4ee-2dba-4f84-8ecb-79a1ae57146f}" record_timestamp="1456926893852" record_key="vo_sel_beastmen_centigors">
<key>vo_sel_beastmen_centigors</key>
</audio_vo_selected_switches>
<audio_vo_selected_switches record_uuid="{d8f8c082-fa6b-4028-8ff7-bfe125932d48}" record_timestamp="1456926893740" record_key="vo_sel_beastmen_gors">
<key>vo_sel_beastmen_gors</key>
</audio_vo_selected_switches>
<audio_vo_selected_switches record_uuid="{da55e2a7-d3ba-4fca-a371-c7ae172351e7}" record_timestamp="1456926893909" record_key="vo_sel_beastmen_minotaurs">
<key>vo_sel_beastmen_minotaurs</key>
</audio_vo_selected_switches>
<audio_vo_selected_switches record_uuid="{3ae7677c-c5fd-4628-b807-67adf41fa496}" record_timestamp="1456926897749" record_key="vo_sel_beastmen_razorgor">
<key>vo_sel_beastmen_razorgor</key>
</audio_vo_selected_switches>
<audio_vo_selected_switches record_uuid="{719de02e-493d-42b6-ad27-3e6d72c9197e}" record_timestamp="1456926893795" record_key="vo_sel_beastmen_ungors">
<key>vo_sel_beastmen_ungors</key>
</audio_vo_selected_switches>
<audio_vo_selected_switches record_uuid="{56ceda7b-94cb-41fc-beb4-cf8c623b05ec}" record_timestamp="1446457374207" record_key="vo_sel_biguns">
<key>vo_sel_biguns</key>
</audio_vo_selected_switches>
<audio_vo_selected_switches record_uuid="{f4e900e2-3afb-4881-8d7d-92d110c21bd5}" record_timestamp="1446457374154" record_key="vo_sel_black_orcs">
<key>vo_sel_black_orcs</key>
</audio_vo_selected_switches>
<audio_vo_selected_switches record_uuid="{69e2ed31-e4d1-4be5-9069-bddada882bd7}" record_timestamp="1446457374196" record_key="vo_sel_boar_boy_biguns">
<key>vo_sel_boar_boy_biguns</key>
</audio_vo_selected_switches>
<audio_vo_selected_switches record_uuid="{363df00e-d10f-48dc-853f-b43de16dfbcf}" record_timestamp="1446457374186" record_key="vo_sel_boar_boyz">
<key>vo_sel_boar_boyz</key>
</audio_vo_selected_switches>
<audio_vo_selected_switches record_uuid="{d7fdbf35-c44e-4c95-ba2f-bb7044f6fa20}" record_timestamp="1446457374173" record_key="vo_sel_boar_chariot">
<key>vo_sel_boar_chariot</key>
</audio_vo_selected_switches>
<audio_vo_selected_switches record_uuid="{1e1a7b98-83a0-4467-8aef-679732c8a524}" record_timestamp="1446457374124" record_key="vo_sel_boyz">
<key>vo_sel_boyz</key>
</audio_vo_selected_switches>
<audio_vo_selected_switches record_uuid="{0a219913-7284-43cc-af93-1ef8998ab11c}" record_timestamp="1459951150235" record_key="vo_sel_bretonnian_blessed_field_trebuchet">
<key>vo_sel_bretonnian_blessed_field_trebuchet</key>
</audio_vo_selected_switches>
<audio_vo_selected_switches record_uuid="{2038a813-4481-4f2e-84e6-5d00ae69408a}" record_timestamp="1459951150236" record_key="vo_sel_bretonnian_field_trebuchet">
<key>vo_sel_bretonnian_field_trebuchet</key>
</audio_vo_selected_switches>
<audio_vo_selected_switches record_uuid="{1c8730da-4e81-4784-83d8-933fcc39b1cf}" record_timestamp="1459951150242" record_key="vo_sel_bretonnian_grail_knights">
<key>vo_sel_bretonnian_grail_knights</key>
</audio_vo_selected_switches>
<audio_vo_selected_switches record_uuid="{a7e96298-805b-400a-9355-986dfb45152d}" record_timestamp="1455184195748" record_key="vo_sel_bretonnian_knight">
<key>vo_sel_bretonnian_knight</key>
</audio_vo_selected_switches>
<audio_vo_selected_switches record_uuid="{fb189bc4-db73-4ab7-8e26-c5b135ad580e}" record_timestamp="1459951150238" record_key="vo_sel_bretonnian_knights_realm">
<key>vo_sel_bretonnian_knights_realm</key>
</audio_vo_selected_switches>
<audio_vo_selected_switches record_uuid="{6f9dbb81-bceb-4e5a-bfbc-02efd06a7b17}" record_timestamp="1459951150232" record_key="vo_sel_bretonnian_men_at_arms">
<key>vo_sel_bretonnian_men_at_arms</key>
</audio_vo_selected_switches>
<audio_vo_selected_switches record_uuid="{bc0d0707-b453-4b07-95e3-46e4a4f68c02}" record_timestamp="1459951150233" record_key="vo_sel_bretonnian_men_at_arms_poleman">
<key>vo_sel_bretonnian_men_at_arms_poleman</key>
</audio_vo_selected_switches>
<audio_vo_selected_switches record_uuid="{a7b301c8-0052-4bd4-b01d-c75dfa8a23ca}" record_timestamp="1459951150245" record_key="vo_sel_bretonnian_mounted_squire_archers">
<key>vo_sel_bretonnian_mounted_squire_archers</key>
</audio_vo_selected_switches>
<audio_vo_selected_switches record_uuid="{73d18c9b-63e7-4118-9cac-e14a10b4edad}" record_timestamp="1459951150247" record_key="vo_sel_bretonnian_mounted_squires">
<key>vo_sel_bretonnian_mounted_squires</key>
</audio_vo_selected_switches>
<audio_vo_selected_switches record_uuid="{457a642c-93d9-4cdf-816f-c13eaaef7b0d}" record_timestamp="1459951150244" record_key="vo_sel_bretonnian_mounted_yeoman">
<key>vo_sel_bretonnian_mounted_yeoman</key>
</audio_vo_selected_switches>
<audio_vo_selected_switches record_uuid="{e6553c25-984a-4753-baac-ee0f09588186}" record_timestamp="1459951150246" record_key="vo_sel_bretonnian_mounted_yeoman_archers">
<key>vo_sel_bretonnian_mounted_yeoman_archers</key>
</audio_vo_selected_switches>
<audio_vo_selected_switches record_uuid="{e0e798e7-0b26-4e11-a246-e6a5a351c3f3}" record_timestamp="1459951150235" record_key="vo_sel_bretonnian_peasant_bowmen">
<key>vo_sel_bretonnian_peasant_bowmen</key>
</audio_vo_selected_switches>
<audio_vo_selected_switches record_uuid="{f3af130f-1b0c-4c0a-8032-3370beb22c03}" record_timestamp="1459951150239" record_key="vo_sel_bretonnian_pegasus_knights">
<key>vo_sel_bretonnian_pegasus_knights</key>
</audio_vo_selected_switches>
<audio_vo_selected_switches record_uuid="{1321484d-9bc1-4094-a7ae-2b7dc9c0a323}" record_timestamp="1459951150244" record_key="vo_sel_bretonnian_spearmen_at_arms">
<key>vo_sel_bretonnian_spearmen_at_arms</key>
</audio_vo_selected_switches>
<audio_vo_selected_switches record_uuid="{577ec937-e285-403c-b646-3c83807d0005}" record_timestamp="1423656164640" record_key="vo_sel_cannon">
<key>vo_sel_cannon</key>
</audio_vo_selected_switches>
<audio_vo_selected_switches record_uuid="{dd99d9b0-2106-411e-b06e-c39f296bb375}" record_timestamp="1423656163460" record_key="vo_sel_cavalry">
<key>vo_sel_cavalry</key>
</audio_vo_selected_switches>
<audio_vo_selected_switches record_uuid="{20ebdc79-3906-4e9b-82d9-09b6d4617366}" record_timestamp="1447327131134" record_key="vo_sel_chaos_chosen">
<key>vo_sel_chaos_chosen</key>
</audio_vo_selected_switches>
<audio_vo_selected_switches record_uuid="{2aaccdfc-d9a2-4d0c-84c5-88a6cb5402ec}" record_timestamp="1447327131096" record_key="vo_sel_chaos_knights">
<key>vo_sel_chaos_knights</key>
</audio_vo_selected_switches>
<audio_vo_selected_switches record_uuid="{4fced376-90ee-4540-8c46-a0bb8ad945b3}" record_timestamp="1447327131153" record_key="vo_sel_chaos_warriors">
<key>vo_sel_chaos_warriors</key>
</audio_vo_selected_switches>
<audio_vo_selected_switches record_uuid="{1343f459-7e3d-4b5a-91d0-5c69986189dd}" record_timestamp="1447327131115" record_key="vo_sel_chariot">
<key>vo_sel_chariot</key>
</audio_vo_selected_switches>
<audio_vo_selected_switches record_uuid="{d7509422-13e2-4d18-9fac-13f439a13610}" record_timestamp="1424087658651" record_key="vo_sel_crossbowmen">
<key>vo_sel_crossbowmen</key>
</audio_vo_selected_switches>
<audio_vo_selected_switches record_uuid="{fee3e5be-0b84-4c92-bc79-1333bce96ed9}" record_timestamp="1423656163520" record_key="vo_sel_culture">
<key>vo_sel_culture</key>
</audio_vo_selected_switches>
<audio_vo_selected_switches record_uuid="{9436c575-a463-4aa8-a784-d91e16af29d0}" record_timestamp="1423656163042" record_key="vo_sel_default">
<key>vo_sel_default</key>
</audio_vo_selected_switches>
<audio_vo_selected_switches record_uuid="{4d3552a6-8005-4879-bf79-21fb6fd9cf70}" record_timestamp="1423656164699" record_key="vo_sel_demigryph_knights">
<key>vo_sel_demigryph_knights</key>
</audio_vo_selected_switches>
<audio_vo_selected_switches record_uuid="{3a44506b-fb06-450a-937c-7217f6dce3f3}" record_timestamp="1423656164227" record_key="vo_sel_dwarf_warriors">
<key>vo_sel_dwarf_warriors</key>
</audio_vo_selected_switches>
<audio_vo_selected_switches record_uuid="{7629317e-fabb-4997-811f-e3f7c3cfa955}" record_timestamp="1448468677297" record_key="vo_sel_empire_flagellents">
<key>vo_sel_empire_flagellents</key>
</audio_vo_selected_switches>
<audio_vo_selected_switches record_uuid="{8fb5cc18-6834-4300-aea3-a26415aad8ea}" record_timestamp="1448468677353" record_key="vo_sel_empire_free_company">
<key>vo_sel_empire_free_company</key>
</audio_vo_selected_switches>
<audio_vo_selected_switches record_uuid="{de84ca07-c793-45bd-85e2-c9e663ba0c44}" record_timestamp="1468927543861" record_key="vo_sel_empire_free_company_militia">
<key>vo_sel_empire_free_company_militia</key>
</audio_vo_selected_switches>
<audio_vo_selected_switches record_uuid="{21ba78c6-b331-4b7b-81cc-7f37b6191b0c}" record_timestamp="1448468677411" record_key="vo_sel_empire_knights_panther">
<key>vo_sel_empire_knights_panther</key>
</audio_vo_selected_switches>
<audio_vo_selected_switches record_uuid="{f2f61b9f-d66a-4dc5-b4c9-d84e1d064713}" record_timestamp="1448468677382" record_key="vo_sel_empire_knights_white_wolf">
<key>vo_sel_empire_knights_white_wolf</key>
</audio_vo_selected_switches>
<audio_vo_selected_switches record_uuid="{dc3ec0be-3347-4199-8794-60c9a3e17d98}" record_timestamp="1459933417734" record_key="vo_sel_empire_light_wizard">
<key>vo_sel_empire_light_wizard</key>
</audio_vo_selected_switches>
<audio_vo_selected_switches record_uuid="{6b56d6b4-a0df-4764-b9ad-5945a29c3523}" record_timestamp="1459933417735" record_key="vo_sel_empire_luminark">
<key>vo_sel_empire_luminark</key>
</audio_vo_selected_switches>
<audio_vo_selected_switches record_uuid="{f10d436e-f6b2-466f-a61c-b80b53ecd5e1}" record_timestamp="1448468677440" record_key="vo_sel_empire_militia">
<key>vo_sel_empire_militia</key>
</audio_vo_selected_switches>
<audio_vo_selected_switches record_uuid="{1e8256f8-1bf9-44b4-a3fe-4e8740dc258d}" record_timestamp="1468927543883" record_key="vo_sel_empire_stirlands_revenge">
<key>vo_sel_empire_stirlands_revenge</key>
</audio_vo_selected_switches>
<audio_vo_selected_switches record_uuid="{eefc554d-771d-43bb-8d0e-4d33aca85de9}" record_timestamp="1468927543905" record_key="vo_sel_empire_tattersouls">
<key>vo_sel_empire_tattersouls</key>
</audio_vo_selected_switches>
<audio_vo_selected_switches record_uuid="{a64e5040-f486-40ce-b0d4-7cc83300ee78}" record_timestamp="1468927543931" record_key="vo_sel_empire_templehof_luminark">
<key>vo_sel_empire_templehof_luminark</key>
</audio_vo_selected_switches>
<audio_vo_selected_switches record_uuid="{37efa4f2-cebc-45b5-a24b-c57409b425d6}" record_timestamp="1423656164051" record_key="vo_sel_flame_cannon">
<key>vo_sel_flame_cannon</key>
</audio_vo_selected_switches>
<audio_vo_selected_switches record_uuid="{749bb5b8-9083-4174-b6bb-ddf9001e20b8}" record_timestamp="1423656163816" record_key="vo_sel_flying">
<key>vo_sel_flying</key>
</audio_vo_selected_switches>
<audio_vo_selected_switches record_uuid="{24fa40eb-27b3-499e-9c61-8fcaed54078b}" record_timestamp="1423656163874" record_key="vo_sel_flying_short">
<key>vo_sel_flying_short</key>
</audio_vo_selected_switches>
<audio_vo_selected_switches record_uuid="{7538a778-d1b2-4263-b969-05c850f0cbfd}" record_timestamp="1423656163102" record_key="vo_sel_generic">
<key>vo_sel_generic</key>
</audio_vo_selected_switches>
<audio_vo_selected_switches record_uuid="{c241826e-2226-4f05-8dbd-3d74e36d1637}" record_timestamp="1423656163162" record_key="vo_sel_generic_short">
<key>vo_sel_generic_short</key>
</audio_vo_selected_switches>
<audio_vo_selected_switches record_uuid="{98b5f8a6-9fb2-4d73-bd5f-1e07b200f64d}" record_timestamp="1448468677093" record_key="vo_sel_goblin_arachnorak">
<key>vo_sel_goblin_arachnorak</key>
</audio_vo_selected_switches>
<audio_vo_selected_switches record_uuid="{24875dfb-add0-4a6b-9b24-a48bca5fca0b}" record_timestamp="1448468677470" record_key="vo_sel_goblin_doom_diver">
<key>vo_sel_goblin_doom_diver</key>
</audio_vo_selected_switches>
<audio_vo_selected_switches record_uuid="{de6a223b-575d-4805-9a82-8b88820df0d4}" record_timestamp="1448468677324" record_key="vo_sel_goblin_fanatics">
<key>vo_sel_goblin_fanatics</key>
</audio_vo_selected_switches>
<audio_vo_selected_switches record_uuid="{d8d4920d-6ed1-4630-a9df-4861c12a2bc0}" record_timestamp="1448468677141" record_key="vo_sel_goblin_generic">
<key>vo_sel_goblin_generic</key>
</audio_vo_selected_switches>
<audio_vo_selected_switches record_uuid="{52d73c22-d4c9-4674-8c16-0b9aadd59b18}" record_timestamp="1448468677217" record_key="vo_sel_goblin_goblins">
<key>vo_sel_goblin_goblins</key>
</audio_vo_selected_switches>
<audio_vo_selected_switches record_uuid="{62d47473-a4be-4050-b0a5-3b212672572c}" record_timestamp="1448468677270" record_key="vo_sel_goblin_night_goblins">
<key>vo_sel_goblin_night_goblins</key>
</audio_vo_selected_switches>
<audio_vo_selected_switches record_uuid="{6d4cf33f-f915-4dbc-a0db-7dfbefa8504c}" record_timestamp="1448468677165" record_key="vo_sel_goblin_spider_riders">
<key>vo_sel_goblin_spider_riders</key>
</audio_vo_selected_switches>
<audio_vo_selected_switches record_uuid="{9769a4ec-aad5-40c2-8b39-660a1cbf7f01}" record_timestamp="1448468677500" record_key="vo_sel_goblin_wolf_chariot">
<key>vo_sel_goblin_wolf_chariot</key>
</audio_vo_selected_switches>
<audio_vo_selected_switches record_uuid="{4c90264f-57ca-4bfc-9f9c-3d0a2b3b7a0a}" record_timestamp="1448468677243" record_key="vo_sel_goblin_wolf_riders">
<key>vo_sel_goblin_wolf_riders</key>
</audio_vo_selected_switches>
<audio_vo_selected_switches record_uuid="{8c2e8c77-a2aa-4e09-8ae7-46d2fdb59807}" record_timestamp="1424087658692" record_key="vo_sel_great_cannon">
<key>vo_sel_great_cannon</key>
</audio_vo_selected_switches>
<audio_vo_selected_switches record_uuid="{4c7ddb8f-8244-4679-8a61-ec30d7c3d6b1}" record_timestamp="1424087658701" record_key="vo_sel_greatswords">
<key>vo_sel_greatswords</key>
</audio_vo_selected_switches>
<audio_vo_selected_switches record_uuid="{cf6a6e06-73cf-4256-86fd-ba4ffafcb070}" record_timestamp="1423656164109" record_key="vo_sel_grudge_thrower">
<key>vo_sel_grudge_thrower</key>
</audio_vo_selected_switches>
<audio_vo_selected_switches record_uuid="{7c92f7c7-e01c-4030-b0ae-09f13268b009}" record_timestamp="1423656163697" record_key="vo_sel_gyrobomber">
<key>vo_sel_gyrobomber</key>
</audio_vo_selected_switches>
<audio_vo_selected_switches record_uuid="{4b4ba579-5459-4cb5-aee2-21bff68cf458}" record_timestamp="1423656163757" record_key="vo_sel_gyrocopter">
<key>vo_sel_gyrocopter</key>
</audio_vo_selected_switches>
<audio_vo_selected_switches record_uuid="{bb1a3060-def0-44a4-8c1e-9b4a17a1b4e2}" record_timestamp="1424087658638" record_key="vo_sel_halberdiers">
<key>vo_sel_halberdiers</key>
</audio_vo_selected_switches>
<audio_vo_selected_switches record_uuid="{ae71aede-6ce1-4b26-86b4-6133ca45f865}" record_timestamp="1423656164345" record_key="vo_sel_hammerers">
<key>vo_sel_hammerers</key>
</audio_vo_selected_switches>
<audio_vo_selected_switches record_uuid="{aaf9ed8b-5029-4427-be4b-ca07e4b9185b}" record_timestamp="1424087658622" record_key="vo_sel_handgunners">
<key>vo_sel_handgunners</key>
</audio_vo_selected_switches>
<audio_vo_selected_switches record_uuid="{3e93eb41-c540-4477-a91e-35259b3163e4}" record_timestamp="1427388958530" record_key="vo_sel_helblaster">
<key>vo_sel_helblaster</key>
</audio_vo_selected_switches>
<audio_vo_selected_switches record_uuid="{8ef08913-df10-403a-a039-31b5591b7195}" record_timestamp="1434031716755" record_key="vo_sel_hellblaster">
<key>vo_sel_hellblaster</key>
</audio_vo_selected_switches>
<audio_vo_selected_switches record_uuid="{5155b8f6-c0d2-47c3-b18f-1e37e19fc45d}" record_timestamp="1423656163401" record_key="vo_sel_helstorm">
<key>vo_sel_helstorm</key>
</audio_vo_selected_switches>
<audio_vo_selected_switches record_uuid="{5588a874-aa56-4609-a151-48a6cf4ee78f}" record_timestamp="1434104707248" record_key="vo_sel_infantry">
<key>vo_sel_infantry</key>
</audio_vo_selected_switches>
<audio_vo_selected_switches record_uuid="{578c781a-4ff9-4794-bfb2-e602f8d046fd}" record_timestamp="1423656164403" record_key="vo_sel_ironbreakers">
<key>vo_sel_ironbreakers</key>
</audio_vo_selected_switches>
<audio_vo_selected_switches record_uuid="{b14ccb31-8454-4d14-971f-7847b8aaf720}" record_timestamp="1423656164463" record_key="vo_sel_irondrakes">
<key>vo_sel_irondrakes</key>
</audio_vo_selected_switches>
<audio_vo_selected_switches record_uuid="{f94eccd7-c81a-48ee-868c-f7fcf9800792}" record_timestamp="1423656164582" record_key="vo_sel_longbeards">
<key>vo_sel_longbeards</key>
</audio_vo_selected_switches>
<audio_vo_selected_switches record_uuid="{cc51fde1-f234-461c-8188-5d52389d67db}" record_timestamp="1434031716693" record_key="vo_sel_marauder_horsemen">
<key>vo_sel_marauder_horsemen</key>
</audio_vo_selected_switches>
<audio_vo_selected_switches record_uuid="{e26777a5-096b-4edb-977f-1c47bd87a2a2}" record_timestamp="1434031716817" record_key="vo_sel_marauders">
<key>vo_sel_marauders</key>
</audio_vo_selected_switches>
<audio_vo_selected_switches record_uuid="{d8b2b010-2823-4dc9-8d28-fb997a7e679e}" record_timestamp="1434104709803" record_key="vo_sel_melee">
<key>vo_sel_melee</key>
</audio_vo_selected_switches>
<audio_vo_selected_switches record_uuid="{6942bf00-d0c8-4911-be65-f16344445550}" record_timestamp="1423656164522" record_key="vo_sel_miners">
<key>vo_sel_miners</key>
</audio_vo_selected_switches>
<audio_vo_selected_switches record_uuid="{0d2063a3-9599-4a49-a24a-dc12f27c9150}" record_timestamp="1457366189501" record_key="vo_sel_missile">
<key>vo_sel_missile</key>
</audio_vo_selected_switches>
<audio_vo_selected_switches record_uuid="{f03fb05f-7176-4b34-9a2b-24bd4216976d}" record_timestamp="1424087658665" record_key="vo_sel_mortar">
<key>vo_sel_mortar</key>
</audio_vo_selected_switches>
<audio_vo_selected_switches record_uuid="{79a7bde5-60e4-4a37-b54b-7dc9744a1e9d}" record_timestamp="1423656164168" record_key="vo_sel_organ_gun">
<key>vo_sel_organ_gun</key>
</audio_vo_selected_switches>
<audio_vo_selected_switches record_uuid="{063c1ffd-7259-4a8b-a133-420696c63bff}" record_timestamp="1423656164757" record_key="vo_sel_outriders">
<key>vo_sel_outriders</key>
</audio_vo_selected_switches>
<audio_vo_selected_switches record_uuid="{4a9e01f3-cd1a-498a-b3f7-2ef30a23dbc4}" record_timestamp="1423656164815" record_key="vo_sel_pistoliers">
<key>vo_sel_pistoliers</key>
</audio_vo_selected_switches>
<audio_vo_selected_switches record_uuid="{a4119eeb-e339-4eed-aa22-427ef5c0476d}" record_timestamp="1423656163934" record_key="vo_sel_quarrellers">
<key>vo_sel_quarrellers</key>
</audio_vo_selected_switches>
<audio_vo_selected_switches record_uuid="{dddf5dce-ab93-47b2-a58c-9efca819eac3}" record_timestamp="1434104709733" record_key="vo_sel_ranged">
<key>vo_sel_ranged</key>
</audio_vo_selected_switches>
<audio_vo_selected_switches record_uuid="{404a4c1e-b498-4971-aaee-0672f8e81af7}" record_timestamp="1423656164872" record_key="vo_sel_reiksguard">
<key>vo_sel_reiksguard</key>
</audio_vo_selected_switches>
<audio_vo_selected_switches record_uuid="{c1461279-f022-4f5a-a9e6-78ee8c18ce23}" record_timestamp="1423656164930" record_key="vo_sel_reiksguard_knights">
<key>vo_sel_reiksguard_knights</key>
</audio_vo_selected_switches>
<audio_vo_selected_switches record_uuid="{ca017d68-6752-448a-ac87-07511b8adb37}" record_timestamp="1446648187985" record_key="vo_sel_savage_boar_boyz">
<key>vo_sel_savage_boar_boyz</key>
</audio_vo_selected_switches>
<audio_vo_selected_switches record_uuid="{bf83887f-b786-4a82-bd77-a5731c9cc2a1}" record_timestamp="1447327131059" record_key="vo_sel_savage_orcs">
<key>vo_sel_savage_orcs</key>
</audio_vo_selected_switches>
<audio_vo_selected_switches record_uuid="{58983ea2-75b5-4287-9a0a-c2378b618fd8}" record_timestamp="1423656163638" record_key="vo_sel_slayer">
<key>vo_sel_slayer</key>
</audio_vo_selected_switches>
<audio_vo_selected_switches record_uuid="{4741aac5-010a-483c-85c8-8531ff5e692f}" record_timestamp="1423656163579" record_key="vo_sel_slayers">
<key>vo_sel_slayers</key>
</audio_vo_selected_switches>
<audio_vo_selected_switches record_uuid="{2fbf081e-8ccc-482f-8d50-b620463d5c83}" record_timestamp="1424087658675" record_key="vo_sel_spearmen">
<key>vo_sel_spearmen</key>
</audio_vo_selected_switches>
<audio_vo_selected_switches record_uuid="{8929f63a-6fe1-4fa2-a210-d217574c7bd0}" record_timestamp="1461152298784" record_key="vo_sel_steam_tank">
<key>vo_sel_steam_tank</key>
</audio_vo_selected_switches>
<audio_vo_selected_switches record_uuid="{ad3a7f16-1a14-40a4-954c-6ee6abab7df2}" record_timestamp="1424087658683" record_key="vo_sel_swordsmen">
<key>vo_sel_swordsmen</key>
</audio_vo_selected_switches>
<audio_vo_selected_switches record_uuid="{1f2ccae3-adcf-4a7f-bee0-d82edf3ac35f}" record_timestamp="1423656163992" record_key="vo_sel_thunderers">
<key>vo_sel_thunderers</key>
</audio_vo_selected_switches>
<audio_vo_selected_switches record_uuid="{625c5119-0782-428b-826d-ef07c4748c68}" record_timestamp="1459933417735" record_key="vo_sel_vampire_bloodknight">
<key>vo_sel_vampire_bloodknight</key>
</audio_vo_selected_switches>
<audio_vo_selected_switches record_uuid="{53b5be80-5bbe-4c01-ae8f-b5ffaf38ad15}" record_timestamp="1449060245543" record_key="vo_sel_vampire_corpse_cart">
<key>vo_sel_vampire_corpse_cart</key>
</audio_vo_selected_switches>
<audio_vo_selected_switches record_uuid="{d670c943-bbbb-4b59-8bbd-c63cb7b6da15}" record_timestamp="1449060245627" record_key="vo_sel_vampire_corpse_master">
<key>vo_sel_vampire_corpse_master</key>
</audio_vo_selected_switches>
<audio_vo_selected_switches record_uuid="{167c40a1-ca3d-4f0f-8848-1260680daeff}" record_timestamp="1449060245657" record_key="vo_sel_vampire_mortis_engine">
<key>vo_sel_vampire_mortis_engine</key>
</audio_vo_selected_switches>
<audio_vo_selected_switches record_uuid="{a9c9cb71-29b5-409f-887f-65d02716b936}" record_timestamp="1449060245593" record_key="vo_sel_vampire_necromancer">
<key>vo_sel_vampire_necromancer</key>
</audio_vo_selected_switches>
<audio_vo_selected_switches record_uuid="{f230c33d-8346-4bba-b759-ee418f16bcc9}" record_timestamp="1423656164286" record_key="vo_sel_warriors">
<key>vo_sel_warriors</key>
</audio_vo_selected_switches>
</dataroot>
