<?xml version="1.0" encoding="UTF-8"?>
<dataroot xmlns:od="urn:schemas-microsoft-com:officedata" xmlns:xsi="http://www.w3.org/2001/XMLSchema-instance" xsi:noNamespaceSchemaLocation="audio_battle_environment_reverbs.xsd" export_time="Tue Jul 12 14:13:01 2016" revision="2" export_branch="T:/branches/warhammer/sigmar/warhammer/binaries.x64" export_user="bob">
<edit_uuid>a54961d3-c11d-44dd-b6bf-8b935612055e</edit_uuid>
<audio_battle_environment_reverbs record_uuid="{9e457182-f446-41cd-94e1-aced6d928009}" record_timestamp="1468329181493" record_key="forest">
<aux_fl>Battle_Reverb_Forest_FL</aux_fl>
<aux_fr>Battle_Reverb_Forest_FR</aux_fr>
<aux_rl>Battle_Reverb_Forest_RL</aux_rl>
<aux_rr>Battle_Reverb_Forest_RR</aux_rr>
<name>forest</name>
</audio_battle_environment_reverbs>
<audio_battle_environment_reverbs record_uuid="{81a0bf6e-d807-411c-911c-26bdfe356ce0}" record_timestamp="1468329181493" record_key="plains">
<aux_fl>Battle_Reverb_Plains_FL</aux_fl>
<aux_fr>Battle_Reverb_Plains_FR</aux_fr>
<aux_rl>Battle_Reverb_Plains_RL</aux_rl>
<aux_rr>Battle_Reverb_Plains_RR</aux_rr>
<name>plains</name>
</audio_battle_environment_reverbs>
<audio_battle_environment_reverbs record_uuid="{cb1d5ba8-3c31-4158-aec6-74923d4c1f2a}" record_timestamp="1468329181493" record_key="underground">
<aux_fl>Battle_Reverb_Underground_FL</aux_fl>
<aux_fr>Battle_Reverb_Underground_FR</aux_fr>
<aux_rl>Battle_Reverb_Underground_RL</aux_rl>
<aux_rr>Battle_Reverb_Underground_RR</aux_rr>
<name>underground</name>
</audio_battle_environment_reverbs>
<audio_battle_environment_reverbs record_uuid="{205b01ae-21d2-4480-88c5-62d6d17f2486}" record_timestamp="1468329181493" record_key="urban">
<aux_fl>Battle_Reverb_Urban_FL</aux_fl>
<aux_fr>Battle_Reverb_Urban_FR</aux_fr>
<aux_rl>Battle_Reverb_Urban_RL</aux_rl>
<aux_rr>Battle_Reverb_Urban_RR</aux_rr>
<name>urban</name>
</audio_battle_environment_reverbs>
</dataroot>
