<?xml version="1.0" encoding="UTF-8"?>
<dataroot xmlns:od="urn:schemas-microsoft-com:officedata" xmlns:xsi="http://www.w3.org/2001/XMLSchema-instance" xsi:noNamespaceSchemaLocation="audio_campaign_environment_tree_sound_assignments.xsd" export_time="Mon Aug 1 14:31:26 2016" revision="1" export_branch="T:/branches/warhammer/sigmar/warhammer/binaries.x64" export_user="bob">
<edit_uuid>94000ee0-084a-4fdc-b9ea-bc5e1ad7f88c</edit_uuid>
<audio_campaign_environment_tree_sound_assignments record_uuid="{19dcacee-26ff-498f-9d1d-a4a8cf4aa8b4}" record_timestamp="1470058286452" record_key="warhammer_map_1chaos_forest">
<map>warhammer_map_1</map>
<sound>chaos_forest</sound>
</audio_campaign_environment_tree_sound_assignments>
<audio_campaign_environment_tree_sound_assignments record_uuid="{afaa9c94-9530-4b30-9963-836e540bd79b}" record_timestamp="1470058286417" record_key="warhammer_map_1dwarf_forest">
<map>warhammer_map_1</map>
<sound>dwarf_forest</sound>
</audio_campaign_environment_tree_sound_assignments>
<audio_campaign_environment_tree_sound_assignments record_uuid="{61229fb2-ee89-4cd5-b320-23035c211b1c}" record_timestamp="1470058286488" record_key="warhammer_map_1empire_forest">
<map>warhammer_map_1</map>
<sound>empire_forest</sound>
</audio_campaign_environment_tree_sound_assignments>
<audio_campaign_environment_tree_sound_assignments record_uuid="{bb310a4a-3b14-4d45-83b1-96164b857818}" record_timestamp="1470058286470" record_key="warhammer_map_1greenskin_forest">
<map>warhammer_map_1</map>
<sound>greenskin_forest</sound>
</audio_campaign_environment_tree_sound_assignments>
<audio_campaign_environment_tree_sound_assignments record_uuid="{b7f093c0-bd4c-4348-8b22-ee7202420808}" record_timestamp="1470058286505" record_key="warhammer_map_1nordic_forest">
<map>warhammer_map_1</map>
<sound>nordic_forest</sound>
</audio_campaign_environment_tree_sound_assignments>
<audio_campaign_environment_tree_sound_assignments record_uuid="{842c8c12-ad53-4b37-9bef-db5784951bda}" record_timestamp="1470058286434" record_key="warhammer_map_1vampire_forest">
<map>warhammer_map_1</map>
<sound>vampire_forest</sound>
</audio_campaign_environment_tree_sound_assignments>
<audio_campaign_environment_tree_sound_assignments record_uuid="{4e66404c-942d-43a0-a579-e472df38cd00}" record_timestamp="1470058286522" record_key="wh_dlc03_beastmen_map_1beastmen_forest">
<map>wh_dlc03_beastmen_map_1</map>
<sound>beastmen_forest</sound>
</audio_campaign_environment_tree_sound_assignments>
</dataroot>
