<?xml version="1.0" encoding="UTF-8"?>
<dataroot xmlns:od="urn:schemas-microsoft-com:officedata" xmlns:xsi="http://www.w3.org/2001/XMLSchema-instance" xsi:noNamespaceSchemaLocation="audio_campaign_buildings.xsd" export_time="Tue Jul 5 11:23:29 2016" revision="7" export_branch="T:/branches/warhammer/sigmar/warhammer/binaries.x64" export_user="bob">
<edit_uuid>bf2bf4a7-84da-4668-857f-399f5c7cf209</edit_uuid>
<audio_campaign_buildings record_uuid="{1797b8f5-6475-4bf8-aa12-97bbb4ae4922}" record_timestamp="1462358740998" record_key="wh_cam_resource_farming">
<ambience_only_play_if_port>1</ambience_only_play_if_port>
<ambience_only_play_if_primary>1</ambience_only_play_if_primary>
<ambience_start_event></ambience_start_event>
<ambience_stop_event></ambience_stop_event>
<key>wh_cam_resource_farming</key>
<one_shot_event></one_shot_event>
<one_shot_max_time>4</one_shot_max_time>
<one_shot_min_time>2</one_shot_min_time>
<one_shot_only_play_if_port>1</one_shot_only_play_if_port>
<one_shot_only_play_if_primary>1</one_shot_only_play_if_primary>
<selected_event></selected_event>
</audio_campaign_buildings>
<audio_campaign_buildings record_uuid="{f8bde853-24f9-4230-bb93-b203e234513a}" record_timestamp="1462358740998" record_key="wh_cam_resource_lumber_mill">
<ambience_only_play_if_port>1</ambience_only_play_if_port>
<ambience_only_play_if_primary>1</ambience_only_play_if_primary>
<ambience_start_event></ambience_start_event>
<ambience_stop_event></ambience_stop_event>
<key>wh_cam_resource_lumber_mill</key>
<one_shot_event></one_shot_event>
<one_shot_max_time>4</one_shot_max_time>
<one_shot_min_time>2</one_shot_min_time>
<one_shot_only_play_if_port>1</one_shot_only_play_if_port>
<one_shot_only_play_if_primary>1</one_shot_only_play_if_primary>
<selected_event></selected_event>
</audio_campaign_buildings>
<audio_campaign_buildings record_uuid="{6e6045a4-79b5-4dd6-9bf4-b2b2007903fe}" record_timestamp="1462358740999" record_key="wh_cam_resource_mining">
<ambience_only_play_if_port>1</ambience_only_play_if_port>
<ambience_only_play_if_primary>1</ambience_only_play_if_primary>
<ambience_start_event></ambience_start_event>
<ambience_stop_event></ambience_stop_event>
<key>wh_cam_resource_mining</key>
<one_shot_event></one_shot_event>
<one_shot_max_time>4</one_shot_max_time>
<one_shot_min_time>2</one_shot_min_time>
<one_shot_only_play_if_port>1</one_shot_only_play_if_port>
<one_shot_only_play_if_primary>1</one_shot_only_play_if_primary>
<selected_event></selected_event>
</audio_campaign_buildings>
<audio_campaign_buildings record_uuid="{10852781-9608-4b44-a8a4-dc9ca4103049}" record_timestamp="1462358740999" record_key="wh_cam_resource_quarry">
<ambience_only_play_if_port>1</ambience_only_play_if_port>
<ambience_only_play_if_primary>1</ambience_only_play_if_primary>
<ambience_start_event></ambience_start_event>
<ambience_stop_event></ambience_stop_event>
<key>wh_cam_resource_quarry</key>
<one_shot_event></one_shot_event>
<one_shot_max_time>4</one_shot_max_time>
<one_shot_min_time>2</one_shot_min_time>
<one_shot_only_play_if_port>1</one_shot_only_play_if_port>
<one_shot_only_play_if_primary>1</one_shot_only_play_if_primary>
<selected_event></selected_event>
</audio_campaign_buildings>
<audio_campaign_buildings record_uuid="{b44daf25-02f8-4e5e-be45-76f6a2f2e84c}" record_timestamp="1462358740999" record_key="wh_cam_resource_vineyard">
<ambience_only_play_if_port>1</ambience_only_play_if_port>
<ambience_only_play_if_primary>1</ambience_only_play_if_primary>
<ambience_start_event></ambience_start_event>
<ambience_stop_event></ambience_stop_event>
<key>wh_cam_resource_vineyard</key>
<one_shot_event></one_shot_event>
<one_shot_max_time>4</one_shot_max_time>
<one_shot_min_time>2</one_shot_min_time>
<one_shot_only_play_if_port>1</one_shot_only_play_if_port>
<one_shot_only_play_if_primary>1</one_shot_only_play_if_primary>
<selected_event></selected_event>
</audio_campaign_buildings>
<audio_campaign_buildings record_uuid="{67faa515-4812-4138-972e-2be5d08c55c2}" record_timestamp="1462358741000" record_key="wh_cam_resource_worshop">
<ambience_only_play_if_port>1</ambience_only_play_if_port>
<ambience_only_play_if_primary>1</ambience_only_play_if_primary>
<ambience_start_event></ambience_start_event>
<ambience_stop_event></ambience_stop_event>
<key>wh_cam_resource_worshop</key>
<one_shot_event></one_shot_event>
<one_shot_max_time>4</one_shot_max_time>
<one_shot_min_time>2</one_shot_min_time>
<one_shot_only_play_if_port>1</one_shot_only_play_if_port>
<one_shot_only_play_if_primary>1</one_shot_only_play_if_primary>
<selected_event></selected_event>
</audio_campaign_buildings>
<audio_campaign_buildings record_uuid="{67de17bf-4038-4648-a083-f17842f70baf}" record_timestamp="1467714209394" record_key="wh_cam_settlement_capital_chaos">
<ambience_only_play_if_port>1</ambience_only_play_if_port>
<ambience_only_play_if_primary>1</ambience_only_play_if_primary>
<ambience_start_event>Campaign_Environment_Chaos_Settlement_Capital_Play</ambience_start_event>
<ambience_stop_event>Campaign_Environment_Chaos_Settlement_Capital_Stop</ambience_stop_event>
<key>wh_cam_settlement_capital_chaos</key>
<one_shot_event></one_shot_event>
<one_shot_max_time>4</one_shot_max_time>
<one_shot_min_time>2</one_shot_min_time>
<one_shot_only_play_if_port>1</one_shot_only_play_if_port>
<one_shot_only_play_if_primary>1</one_shot_only_play_if_primary>
<selected_event>Campaign_Environment_Beastmen_Settlement_Selection</selected_event>
</audio_campaign_buildings>
<audio_campaign_buildings record_uuid="{96635073-fae1-45d3-bd4c-2be1189dad79}" record_timestamp="1445598530298" record_key="wh_cam_settlement_capital_dwarf">
<ambience_only_play_if_port>1</ambience_only_play_if_port>
<ambience_only_play_if_primary>1</ambience_only_play_if_primary>
<ambience_start_event>Campaign_Environment_Dwarf_Settlement_Capital_Play</ambience_start_event>
<ambience_stop_event>Campaign_Environment_Dwarf_Settlement_Capital_Stop</ambience_stop_event>
<key>wh_cam_settlement_capital_dwarf</key>
<one_shot_event></one_shot_event>
<one_shot_max_time>4</one_shot_max_time>
<one_shot_min_time>2</one_shot_min_time>
<one_shot_only_play_if_port>1</one_shot_only_play_if_port>
<one_shot_only_play_if_primary>1</one_shot_only_play_if_primary>
<selected_event>Campaign_Environment_Dwarf_Settlement_Selection</selected_event>
</audio_campaign_buildings>
<audio_campaign_buildings record_uuid="{9ad584fb-00c6-4a70-90f9-10b1c454d65d}" record_timestamp="1445598530303" record_key="wh_cam_settlement_capital_empire">
<ambience_only_play_if_port>1</ambience_only_play_if_port>
<ambience_only_play_if_primary>1</ambience_only_play_if_primary>
<ambience_start_event>Campaign_Environment_Empire_Settlement_Capital_Play</ambience_start_event>
<ambience_stop_event>Campaign_Environment_Empire_Settlement_Capital_Stop</ambience_stop_event>
<key>wh_cam_settlement_capital_empire</key>
<one_shot_event></one_shot_event>
<one_shot_max_time>4</one_shot_max_time>
<one_shot_min_time>2</one_shot_min_time>
<one_shot_only_play_if_port>1</one_shot_only_play_if_port>
<one_shot_only_play_if_primary>1</one_shot_only_play_if_primary>
<selected_event>Campaign_Environment_Empire_Settlement_Selection</selected_event>
</audio_campaign_buildings>
<audio_campaign_buildings record_uuid="{73de1dfb-94bc-42b8-8349-35d37ae2001d}" record_timestamp="1445598530308" record_key="wh_cam_settlement_capital_greenskin">
<ambience_only_play_if_port>1</ambience_only_play_if_port>
<ambience_only_play_if_primary>1</ambience_only_play_if_primary>
<ambience_start_event>Campaign_Environment_Greenskin_Settlement_Capital_Play</ambience_start_event>
<ambience_stop_event>Campaign_Environment_Greenskin_Settlement_Capital_Stop</ambience_stop_event>
<key>wh_cam_settlement_capital_greenskin</key>
<one_shot_event></one_shot_event>
<one_shot_max_time>4</one_shot_max_time>
<one_shot_min_time>2</one_shot_min_time>
<one_shot_only_play_if_port>1</one_shot_only_play_if_port>
<one_shot_only_play_if_primary>1</one_shot_only_play_if_primary>
<selected_event>Campaign_Environment_Greenskin_Settlement_Selection</selected_event>
</audio_campaign_buildings>
<audio_campaign_buildings record_uuid="{8760ca52-edb6-45a5-b9ff-a3360319a63c}" record_timestamp="1444917933982" record_key="wh_cam_settlement_capital_vampire">
<ambience_only_play_if_port>1</ambience_only_play_if_port>
<ambience_only_play_if_primary>1</ambience_only_play_if_primary>
<ambience_start_event>Campaign_Environment_Vampire_Settlement_Capital_Play</ambience_start_event>
<ambience_stop_event>Campaign_Environment_Vampire_Settlement_Capital_Stop</ambience_stop_event>
<key>wh_cam_settlement_capital_vampire</key>
<one_shot_event></one_shot_event>
<one_shot_max_time>4</one_shot_max_time>
<one_shot_min_time>2</one_shot_min_time>
<one_shot_only_play_if_port>1</one_shot_only_play_if_port>
<one_shot_only_play_if_primary>1</one_shot_only_play_if_primary>
<selected_event>Campaign_Environment_Vampire_Settlement_Selection</selected_event>
</audio_campaign_buildings>
<audio_campaign_buildings record_uuid="{c21063a6-9a0f-4e2c-814d-45658c06a91b}" record_timestamp="1444917946014" record_key="wh_cam_settlement_generic_port">
<ambience_only_play_if_port>1</ambience_only_play_if_port>
<ambience_only_play_if_primary>1</ambience_only_play_if_primary>
<ambience_start_event>Campaign_Environment_Generic_Port_Settlement_Loop_Play</ambience_start_event>
<ambience_stop_event>Campaign_Environment_Generic_Port_Settlement_Loop_Stop</ambience_stop_event>
<key>wh_cam_settlement_generic_port</key>
<one_shot_event></one_shot_event>
<one_shot_max_time>4</one_shot_max_time>
<one_shot_min_time>2</one_shot_min_time>
<one_shot_only_play_if_port>1</one_shot_only_play_if_port>
<one_shot_only_play_if_primary>1</one_shot_only_play_if_primary>
<selected_event>Campaign_Environment_Generic_Port_Settlement_Selection</selected_event>
</audio_campaign_buildings>
<audio_campaign_buildings record_uuid="{a2402d67-dfd5-4af1-92d8-335b610da171}" record_timestamp="1457369801399" record_key="wh_cam_settlement_generic_ruin">
<ambience_only_play_if_port>1</ambience_only_play_if_port>
<ambience_only_play_if_primary>1</ambience_only_play_if_primary>
<ambience_start_event>Campaign_Environment_Generic_Ruin_Settlement_Loop_Play</ambience_start_event>
<ambience_stop_event>Campaign_Environment_Generic_Ruin_Settlement_Loop_Stop</ambience_stop_event>
<key>wh_cam_settlement_generic_ruin</key>
<one_shot_event></one_shot_event>
<one_shot_max_time>4</one_shot_max_time>
<one_shot_min_time>2</one_shot_min_time>
<one_shot_only_play_if_port>1</one_shot_only_play_if_port>
<one_shot_only_play_if_primary>1</one_shot_only_play_if_primary>
<selected_event>Campaign_Environment_Generic_Ruin_Settlement_Selection</selected_event>
</audio_campaign_buildings>
<audio_campaign_buildings record_uuid="{c1eda6b1-b340-4aee-acc2-37f8bf425391}" record_timestamp="1467714209394" record_key="wh_cam_settlement_major_chaos">
<ambience_only_play_if_port>1</ambience_only_play_if_port>
<ambience_only_play_if_primary>1</ambience_only_play_if_primary>
<ambience_start_event>Campaign_Environment_Chaos_Settlement_Major_Play</ambience_start_event>
<ambience_stop_event>Campaign_Environment_Chaos_Settlement_Major_Stop</ambience_stop_event>
<key>wh_cam_settlement_major_chaos</key>
<one_shot_event></one_shot_event>
<one_shot_max_time>4</one_shot_max_time>
<one_shot_min_time>2</one_shot_min_time>
<one_shot_only_play_if_port>1</one_shot_only_play_if_port>
<one_shot_only_play_if_primary>1</one_shot_only_play_if_primary>
<selected_event>Campaign_Environment_Beastmen_Settlement_Selection</selected_event>
</audio_campaign_buildings>
<audio_campaign_buildings record_uuid="{677faed8-8af9-46a6-a09e-1b9dec9ada85}" record_timestamp="1444917932148" record_key="wh_cam_settlement_major_dwarf">
<ambience_only_play_if_port>1</ambience_only_play_if_port>
<ambience_only_play_if_primary>1</ambience_only_play_if_primary>
<ambience_start_event>Campaign_Environment_Dwarf_Settlement_Major_Play</ambience_start_event>
<ambience_stop_event>Campaign_Environment_Dwarf_Settlement_Major_Stop</ambience_stop_event>
<key>wh_cam_settlement_major_dwarf</key>
<one_shot_event></one_shot_event>
<one_shot_max_time>4</one_shot_max_time>
<one_shot_min_time>2</one_shot_min_time>
<one_shot_only_play_if_port>1</one_shot_only_play_if_port>
<one_shot_only_play_if_primary>1</one_shot_only_play_if_primary>
<selected_event>Campaign_Environment_Dwarf_Settlement_Selection</selected_event>
</audio_campaign_buildings>
<audio_campaign_buildings record_uuid="{20c6f758-5197-4c2d-8b1c-551cac17f0c6}" record_timestamp="1444917932315" record_key="wh_cam_settlement_major_empire">
<ambience_only_play_if_port>1</ambience_only_play_if_port>
<ambience_only_play_if_primary>1</ambience_only_play_if_primary>
<ambience_start_event>Campaign_Environment_Empire_Settlement_Major_Play</ambience_start_event>
<ambience_stop_event>Campaign_Environment_Empire_Settlement_Major_Stop</ambience_stop_event>
<key>wh_cam_settlement_major_empire</key>
<one_shot_event></one_shot_event>
<one_shot_max_time>4</one_shot_max_time>
<one_shot_min_time>2</one_shot_min_time>
<one_shot_only_play_if_port>1</one_shot_only_play_if_port>
<one_shot_only_play_if_primary>1</one_shot_only_play_if_primary>
<selected_event>Campaign_Environment_Empire_Settlement_Selection</selected_event>
</audio_campaign_buildings>
<audio_campaign_buildings record_uuid="{5f8f4f2b-cc37-4772-bdb3-0301d068f88b}" record_timestamp="1444917932483" record_key="wh_cam_settlement_major_greenskin">
<ambience_only_play_if_port>1</ambience_only_play_if_port>
<ambience_only_play_if_primary>1</ambience_only_play_if_primary>
<ambience_start_event>Campaign_Environment_Greenskin_Settlement_Major_Play</ambience_start_event>
<ambience_stop_event>Campaign_Environment_Greenskin_Settlement_Major_Stop</ambience_stop_event>
<key>wh_cam_settlement_major_greenskin</key>
<one_shot_event></one_shot_event>
<one_shot_max_time>4</one_shot_max_time>
<one_shot_min_time>2</one_shot_min_time>
<one_shot_only_play_if_port>1</one_shot_only_play_if_port>
<one_shot_only_play_if_primary>1</one_shot_only_play_if_primary>
<selected_event>Campaign_Environment_Greenskin_Settlement_Selection</selected_event>
</audio_campaign_buildings>
<audio_campaign_buildings record_uuid="{fd62acae-cca3-43a7-be65-37fc3825d382}" record_timestamp="1444917944749" record_key="wh_cam_settlement_major_vampire">
<ambience_only_play_if_port>1</ambience_only_play_if_port>
<ambience_only_play_if_primary>1</ambience_only_play_if_primary>
<ambience_start_event>Campaign_Environment_Vampire_Settlement_Major_Play</ambience_start_event>
<ambience_stop_event>Campaign_Environment_Vampire_Settlement_Major_Stop</ambience_stop_event>
<key>wh_cam_settlement_major_vampire</key>
<one_shot_event></one_shot_event>
<one_shot_max_time>4</one_shot_max_time>
<one_shot_min_time>2</one_shot_min_time>
<one_shot_only_play_if_port>1</one_shot_only_play_if_port>
<one_shot_only_play_if_primary>1</one_shot_only_play_if_primary>
<selected_event>Campaign_Environment_Vampire_Settlement_Selection</selected_event>
</audio_campaign_buildings>
<audio_campaign_buildings record_uuid="{373d34c7-4424-4484-a89c-d935c936e05d}" record_timestamp="1467714209395" record_key="wh_cam_settlement_minor_chaos">
<ambience_only_play_if_port>1</ambience_only_play_if_port>
<ambience_only_play_if_primary>1</ambience_only_play_if_primary>
<ambience_start_event>Campaign_Environment_Chaos_Settlement_Minor_Play</ambience_start_event>
<ambience_stop_event>Campaign_Environment_Chaos_Settlement_Minor_Stop</ambience_stop_event>
<key>wh_cam_settlement_minor_chaos</key>
<one_shot_event></one_shot_event>
<one_shot_max_time>4</one_shot_max_time>
<one_shot_min_time>2</one_shot_min_time>
<one_shot_only_play_if_port>1</one_shot_only_play_if_port>
<one_shot_only_play_if_primary>1</one_shot_only_play_if_primary>
<selected_event>Campaign_Environment_Beastmen_Settlement_Selection</selected_event>
</audio_campaign_buildings>
<audio_campaign_buildings record_uuid="{363f107e-0f78-4bd1-a759-c5416f512234}" record_timestamp="1444917944917" record_key="wh_cam_settlement_minor_dwarf">
<ambience_only_play_if_port>1</ambience_only_play_if_port>
<ambience_only_play_if_primary>1</ambience_only_play_if_primary>
<ambience_start_event>Campaign_Environment_Dwarf_Settlement_Minor_Play</ambience_start_event>
<ambience_stop_event>Campaign_Environment_Dwarf_Settlement_Minor_Stop</ambience_stop_event>
<key>wh_cam_settlement_minor_dwarf</key>
<one_shot_event></one_shot_event>
<one_shot_max_time>4</one_shot_max_time>
<one_shot_min_time>2</one_shot_min_time>
<one_shot_only_play_if_port>1</one_shot_only_play_if_port>
<one_shot_only_play_if_primary>1</one_shot_only_play_if_primary>
<selected_event>Campaign_Environment_Dwarf_Settlement_Selection</selected_event>
</audio_campaign_buildings>
<audio_campaign_buildings record_uuid="{01fad678-b74c-4388-ae44-7e597bfb8b0d}" record_timestamp="1444917945002" record_key="wh_cam_settlement_minor_empire">
<ambience_only_play_if_port>1</ambience_only_play_if_port>
<ambience_only_play_if_primary>1</ambience_only_play_if_primary>
<ambience_start_event>Campaign_Environment_Empire_Settlement_Minor_Play</ambience_start_event>
<ambience_stop_event>Campaign_Environment_Empire_Settlement_Minor_Stop</ambience_stop_event>
<key>wh_cam_settlement_minor_empire</key>
<one_shot_event></one_shot_event>
<one_shot_max_time>4</one_shot_max_time>
<one_shot_min_time>2</one_shot_min_time>
<one_shot_only_play_if_port>1</one_shot_only_play_if_port>
<one_shot_only_play_if_primary>1</one_shot_only_play_if_primary>
<selected_event>Campaign_Environment_Empire_Settlement_Selection</selected_event>
</audio_campaign_buildings>
<audio_campaign_buildings record_uuid="{b5d317ba-7a13-40fc-89ca-6c7e0c9c7706}" record_timestamp="1444917945085" record_key="wh_cam_settlement_minor_greenskin">
<ambience_only_play_if_port>1</ambience_only_play_if_port>
<ambience_only_play_if_primary>1</ambience_only_play_if_primary>
<ambience_start_event>Campaign_Environment_Greenskin_Settlement_Minor_Play</ambience_start_event>
<ambience_stop_event>Campaign_Environment_Greenskin_Settlement_Minor_Stop</ambience_stop_event>
<key>wh_cam_settlement_minor_greenskin</key>
<one_shot_event></one_shot_event>
<one_shot_max_time>4</one_shot_max_time>
<one_shot_min_time>2</one_shot_min_time>
<one_shot_only_play_if_port>1</one_shot_only_play_if_port>
<one_shot_only_play_if_primary>1</one_shot_only_play_if_primary>
<selected_event>Campaign_Environment_Greenskin_Settlement_Selection</selected_event>
</audio_campaign_buildings>
<audio_campaign_buildings record_uuid="{87f1dcb1-c3c3-4545-84b8-1460ab212f84}" record_timestamp="1444917945170" record_key="wh_cam_settlement_minor_nordic">
<ambience_only_play_if_port>1</ambience_only_play_if_port>
<ambience_only_play_if_primary>1</ambience_only_play_if_primary>
<ambience_start_event>Campaign_Environment_Nordic_Settlement_Minor_Play</ambience_start_event>
<ambience_stop_event>Campaign_Environment_Nordic_Settlement_Minor_Stop</ambience_stop_event>
<key>wh_cam_settlement_minor_nordic</key>
<one_shot_event></one_shot_event>
<one_shot_max_time>4</one_shot_max_time>
<one_shot_min_time>2</one_shot_min_time>
<one_shot_only_play_if_port>1</one_shot_only_play_if_port>
<one_shot_only_play_if_primary>1</one_shot_only_play_if_primary>
<selected_event>Campaign_Environment_Nordic_Settlement_Selection</selected_event>
</audio_campaign_buildings>
<audio_campaign_buildings record_uuid="{35be7561-b161-4408-b98f-d79295266ffa}" record_timestamp="1444917945338" record_key="wh_cam_settlement_minor_vampire">
<ambience_only_play_if_port>1</ambience_only_play_if_port>
<ambience_only_play_if_primary>1</ambience_only_play_if_primary>
<ambience_start_event>Campaign_Environment_Vampire_Settlement_Minor_Play</ambience_start_event>
<ambience_stop_event>Campaign_Environment_Vampire_Settlement_Minor_Stop</ambience_stop_event>
<key>wh_cam_settlement_minor_vampire</key>
<one_shot_event></one_shot_event>
<one_shot_max_time>4</one_shot_max_time>
<one_shot_min_time>2</one_shot_min_time>
<one_shot_only_play_if_port>1</one_shot_only_play_if_port>
<one_shot_only_play_if_primary>1</one_shot_only_play_if_primary>
<selected_event>Campaign_Environment_Vampire_Settlement_Selection</selected_event>
</audio_campaign_buildings>
</dataroot>
