<?xml version="1.0" encoding="UTF-8"?>
<dataroot xmlns:od="urn:schemas-microsoft-com:officedata" xmlns:xsi="http://www.w3.org/2001/XMLSchema-instance" xsi:noNamespaceSchemaLocation="audio_battle_environment_types.xsd" export_time="Tue Jul 12 14:13:01 2016" revision="2" export_branch="T:/branches/warhammer/sigmar/warhammer/binaries.x64" export_user="bob">
<edit_uuid>9deab5a2-6bd7-4ca4-9851-a4aadb14020d</edit_uuid>
<audio_battle_environment_types record_uuid="{01d714e8-3304-4820-80e3-a717ec0e3129}" record_timestamp="1468329181493" record_key="forest">
<name>forest</name>
</audio_battle_environment_types>
<audio_battle_environment_types record_uuid="{9a8895a7-d7ac-48a1-8683-32c721ac188e}" record_timestamp="1468329181493" record_key="lake">
<name>lake</name>
</audio_battle_environment_types>
<audio_battle_environment_types record_uuid="{e65f1441-abd1-45cd-9e87-42a233b4bbe7}" record_timestamp="1468329181493" record_key="plains">
<name>plains</name>
</audio_battle_environment_types>
<audio_battle_environment_types record_uuid="{0e7b0edf-1d12-496f-b211-8f61498bc4ad}" record_timestamp="1468329181493" record_key="river">
<name>river</name>
</audio_battle_environment_types>
<audio_battle_environment_types record_uuid="{ba3d3a80-6dcf-4c3f-b9b7-f35604769b18}" record_timestamp="1468329181493" record_key="sea">
<name>sea</name>
</audio_battle_environment_types>
<audio_battle_environment_types record_uuid="{e72ac742-d651-415a-847e-c35a77fc6333}" record_timestamp="1468329181493" record_key="static">
<name>static</name>
</audio_battle_environment_types>
<audio_battle_environment_types record_uuid="{9a51d458-4f09-4ab0-8d90-6d8e00d0ebb0}" record_timestamp="1468329181493" record_key="urban">
<name>urban</name>
</audio_battle_environment_types>
<audio_battle_environment_types record_uuid="{baaf895c-c672-4804-a905-0a810f026e1a}" record_timestamp="1468329181493" record_key="wind">
<name>wind</name>
</audio_battle_environment_types>
</dataroot>
