<?xml version="1.0" encoding="UTF-8"?>
<dataroot xmlns:od="urn:schemas-microsoft-com:officedata" xmlns:xsi="http://www.w3.org/2001/XMLSchema-instance" xsi:noNamespaceSchemaLocation="battle_vortex_collision_responses.xsd" export_time="Thu Dec 3 16:03:33 2015" revision="1" export_branch="E:/TW/warhammer/src" export_user="bob">
<edit_uuid>d75bb12c-6320-42a8-a763-67d1779c0340</edit_uuid>
<battle_vortex_collision_responses record_uuid="{a1e6d5b3-1bcd-4e73-adc3-4f7e4180278c}" record_timestamp="1449158613226" record_key="1.ignore">
<description>keep moving as if it wasn't there</description>
<vortex_collision_type>1.ignore</vortex_collision_type>
</battle_vortex_collision_responses>
<battle_vortex_collision_responses record_uuid="{b7b7fb4b-ea28-4226-b21f-dda2a0868808}" record_timestamp="1449158613227" record_key="2.expire">
<description>we finish as this happenes</description>
<vortex_collision_type>2.expire</vortex_collision_type>
</battle_vortex_collision_responses>
</dataroot>
