<?xml version="1.0" encoding="UTF-8"?>
<dataroot xmlns:od="urn:schemas-microsoft-com:officedata" xmlns:xsi="http://www.w3.org/2001/XMLSchema-instance" xsi:noNamespaceSchemaLocation="battle_set_piece_frontend_groups.xsd" export_time="Wed Aug 17 12:39:49 2016" revision="10" export_branch="T:/branches/warhammer/sigmar/warhammer/binaries.x64" export_user="bob">
<edit_uuid>537c7f53-1cc9-4697-bb3f-3a99cdc4eda9</edit_uuid>
<battle_set_piece_frontend_groups record_uuid="{ac65646c-79fd-41dc-9e9b-95d539937a11}" record_timestamp="1469527243789" record_key="wh_dlc01_chs_archaon">
<key>wh_dlc01_chs_archaon</key>
<sort_order>11</sort_order>
</battle_set_piece_frontend_groups>
<battle_set_piece_frontend_groups record_uuid="{07323660-8d0f-4e96-a542-7c2acd927bd4}" record_timestamp="1469527243789" record_key="wh_dlc01_chs_kholek">
<key>wh_dlc01_chs_kholek</key>
<sort_order>13</sort_order>
</battle_set_piece_frontend_groups>
<battle_set_piece_frontend_groups record_uuid="{95f60b64-26ad-4ddb-80d4-ff44de845a13}" record_timestamp="1469527243789" record_key="wh_dlc01_chs_sigvald">
<key>wh_dlc01_chs_sigvald</key>
<sort_order>12</sort_order>
</battle_set_piece_frontend_groups>
<battle_set_piece_frontend_groups record_uuid="{57e3f096-30b1-401d-8f41-747ad9151691}" record_timestamp="1469527243789" record_key="wh_dlc03_bst_khazrak">
<key>wh_dlc03_bst_khazrak</key>
<sort_order>14</sort_order>
</battle_set_piece_frontend_groups>
<battle_set_piece_frontend_groups record_uuid="{dbf17893-15c5-4fb6-878c-3a23c2c60b62}" record_timestamp="1469527243789" record_key="wh_dlc03_bst_malagor">
<key>wh_dlc03_bst_malagor</key>
<sort_order>15</sort_order>
</battle_set_piece_frontend_groups>
<battle_set_piece_frontend_groups record_uuid="{8dbf5602-2497-48f8-afee-794df46875c0}" record_timestamp="1469524660044" record_key="wh_dlc04_emp_volkmar">
<key>wh_dlc04_emp_volkmar</key>
<sort_order>2</sort_order>
</battle_set_piece_frontend_groups>
<battle_set_piece_frontend_groups record_uuid="{7baa7850-ef26-4c10-9193-b645ce59368f}" record_timestamp="1471433989129" record_key="wh_dlc04_vmp_helman">
<key>wh_dlc04_vmp_helman</key>
<sort_order>9</sort_order>
</battle_set_piece_frontend_groups>
<battle_set_piece_frontend_groups record_uuid="{ffde5fd5-5104-46cc-bd35-95b8378d69b6}" record_timestamp="1471433989129" record_key="wh_dlc04_vmp_vlad">
<key>wh_dlc04_vmp_vlad</key>
<sort_order>10</sort_order>
</battle_set_piece_frontend_groups>
<battle_set_piece_frontend_groups record_uuid="{29a6ab58-9640-44f3-9da2-b667e445b3c7}" record_timestamp="1469524659924" record_key="wh_main_dwf_thorgrim">
<key>wh_main_dwf_thorgrim</key>
<sort_order>3</sort_order>
</battle_set_piece_frontend_groups>
<battle_set_piece_frontend_groups record_uuid="{27e6f6a9-34d2-4514-8dc8-6e2ee27ce508}" record_timestamp="1469524659942" record_key="wh_main_dwf_ungrim">
<key>wh_main_dwf_ungrim</key>
<sort_order>4</sort_order>
</battle_set_piece_frontend_groups>
<battle_set_piece_frontend_groups record_uuid="{4ed7b5a7-2421-4b94-8ddd-706e048a610d}" record_timestamp="1459936833307" record_key="wh_main_emp_balthasar">
<key>wh_main_emp_balthasar</key>
<sort_order>1</sort_order>
</battle_set_piece_frontend_groups>
<battle_set_piece_frontend_groups record_uuid="{7b4949fc-f4bc-4eea-a9fc-a20586d2ce94}" record_timestamp="1459936833306" record_key="wh_main_emp_karl">
<key>wh_main_emp_karl</key>
<sort_order>0</sort_order>
</battle_set_piece_frontend_groups>
<battle_set_piece_frontend_groups record_uuid="{45c50cd2-f368-4ea2-b699-d732ed8a683f}" record_timestamp="1469524659968" record_key="wh_main_grn_azhag">
<key>wh_main_grn_azhag</key>
<sort_order>6</sort_order>
</battle_set_piece_frontend_groups>
<battle_set_piece_frontend_groups record_uuid="{599f107d-5687-4b29-a1f1-16588a43053e}" record_timestamp="1469524659954" record_key="wh_main_grn_grimgor">
<key>wh_main_grn_grimgor</key>
<sort_order>5</sort_order>
</battle_set_piece_frontend_groups>
<battle_set_piece_frontend_groups record_uuid="{6fb18829-b16d-4e37-bebe-084e46db23bc}" record_timestamp="1469524659981" record_key="wh_main_vmp_heinrich">
<key>wh_main_vmp_heinrich</key>
<sort_order>8</sort_order>
</battle_set_piece_frontend_groups>
<battle_set_piece_frontend_groups record_uuid="{32b0e032-143d-4027-9f90-2e96b05e5b58}" record_timestamp="1469524659974" record_key="wh_main_vmp_mannfred">
<key>wh_main_vmp_mannfred</key>
<sort_order>7</sort_order>
</battle_set_piece_frontend_groups>
</dataroot>
