<?xml version="1.0" encoding="UTF-8"?>
<dataroot xmlns:od="urn:schemas-microsoft-com:officedata" xmlns:xsi="http://www.w3.org/2001/XMLSchema-instance" xsi:noNamespaceSchemaLocation="battle_entity_effects.xsd" export_time="Fri Jan 29 11:53:51 2016" revision="51" export_branch="E:/warhammer/binaries.x64" export_user="bob">
<edit_uuid>56fdc5ec-65c9-4f66-b650-d5a6634bae4f</edit_uuid>
<battle_entity_effects record_uuid="{af6be977-1b46-4b28-8377-7b2a99ba3ecc}" record_timestamp="1437645733923" record_key="entity_artillery_footstep">
<deep_water>wh_main_terrain_entity_move_large_water</deep_water>
<effect_frequency>1</effect_frequency>
<footstep_camera_shake>wh_main_unit_artillery_footstep</footstep_camera_shake>
<forest>wh_main_terrain_entity_move_large_grass</forest>
<grass>wh_main_terrain_entity_move_large_grass</grass>
<mud>wh_main_terrain_entity_move_large_mud</mud>
<name>entity_artillery_footstep</name>
<road>wh_main_terrain_entity_move_large_rock</road>
<rock>wh_main_terrain_entity_move_large_rock</rock>
<sand>wh_main_terrain_entity_move_large_sand</sand>
<scrub>wh_main_terrain_entity_move_large_grass</scrub>
<shallow_water>wh_main_terrain_entity_move_large_wake</shallow_water>
<snow>wh_main_terrain_entity_move_large_snow</snow>
<wooden_floor>wh_main_terrain_entity_move_large_rock</wooden_floor>
</battle_entity_effects>
<battle_entity_effects record_uuid="{a33e00af-121f-4c31-a421-b564b6c18d10}" record_timestamp="1439977840191" record_key="entity_cavalry_footstep">
<deep_water>wh_main_terrain_entity_move_medium_water</deep_water>
<effect_frequency>0.2</effect_frequency>
<footstep_camera_shake>wh_main_unit_cavalry_footstep</footstep_camera_shake>
<forest>wh_main_terrain_entity_move_medium_grass</forest>
<grass>wh_main_terrain_entity_move_medium_grass</grass>
<mud>wh_main_terrain_entity_move_medium_mud</mud>
<name>entity_cavalry_footstep</name>
<road>wh_main_terrain_entity_move_medium_rock</road>
<rock>wh_main_terrain_entity_move_medium_rock</rock>
<sand>wh_main_terrain_entity_move_medium_sand</sand>
<scrub>wh_main_terrain_entity_move_medium_grass</scrub>
<shallow_water>wh_main_terrain_entity_move_medium_wake</shallow_water>
<snow>wh_main_terrain_entity_move_medium_snow</snow>
<wooden_floor>wh_main_terrain_entity_move_medium_rock</wooden_floor>
</battle_entity_effects>
<battle_entity_effects record_uuid="{58dba050-b4cf-44a1-975b-2c9b86082e91}" record_timestamp="1447080479017" record_key="entity_giant_footstep">
<deep_water>wh_main_terrain_entity_move_large_water</deep_water>
<effect_frequency>1</effect_frequency>
<footstep_camera_shake>wh_main_unit_giant_footstep</footstep_camera_shake>
<forest>wh_main_terrain_entity_move_giant_grass</forest>
<grass>wh_main_terrain_entity_move_giant_grass</grass>
<mud>wh_main_terrain_entity_move_giant_mud</mud>
<name>entity_giant_footstep</name>
<road>wh_main_terrain_entity_move_giant_rock</road>
<rock>wh_main_terrain_entity_move_giant_rock</rock>
<sand>wh_main_terrain_entity_move_giant_sand</sand>
<scrub>wh_main_terrain_entity_move_giant_grass</scrub>
<shallow_water>wh_main_terrain_entity_move_large_water</shallow_water>
<snow>wh_main_terrain_entity_move_giant_snow</snow>
<wooden_floor>wh_main_terrain_entity_move_giant_grass</wooden_floor>
</battle_entity_effects>
<battle_entity_effects record_uuid="{c3b06011-66bb-4758-a9e5-a0942f59268d}" record_timestamp="1439977840152" record_key="entity_infantry_footstep">
<deep_water>wh_main_terrain_entity_move_small_water</deep_water>
<effect_frequency>0.1</effect_frequency>
<footstep_camera_shake>wh_main_unit_infantry_footstep</footstep_camera_shake>
<forest>wh_main_terrain_entity_move_small_grass</forest>
<grass>wh_main_terrain_entity_move_small_grass</grass>
<mud>wh_main_terrain_entity_move_small_mud</mud>
<name>entity_infantry_footstep</name>
<road>wh_main_terrain_entity_move_small_rock</road>
<rock>wh_main_terrain_entity_move_small_rock</rock>
<sand>wh_main_terrain_entity_move_small_sand</sand>
<scrub>wh_main_terrain_entity_move_small_grass</scrub>
<shallow_water>wh_main_terrain_entity_move_small_wake</shallow_water>
<snow>wh_main_terrain_entity_move_small_snow</snow>
<wooden_floor>wh_main_terrain_entity_move_small_rock</wooden_floor>
</battle_entity_effects>
<battle_entity_effects record_uuid="{8d975c80-8de0-4bf5-a6fb-059c5ee24913}" record_timestamp="1437645734179" record_key="entity_war_beast_footstep">
<deep_water>wh_main_terrain_entity_move_large_water</deep_water>
<effect_frequency>1</effect_frequency>
<footstep_camera_shake>wh_main_unit_monster_footstep</footstep_camera_shake>
<forest>wh_main_terrain_entity_move_large_grass</forest>
<grass>wh_main_terrain_entity_move_large_grass</grass>
<mud>wh_main_terrain_entity_move_large_mud</mud>
<name>entity_war_beast_footstep</name>
<road>wh_main_terrain_entity_move_large_rock</road>
<rock>wh_main_terrain_entity_move_large_rock</rock>
<sand>wh_main_terrain_entity_move_large_sand</sand>
<scrub>wh_main_terrain_entity_move_large_grass</scrub>
<shallow_water>wh_main_terrain_entity_move_large_wake</shallow_water>
<snow>wh_main_terrain_entity_move_large_snow</snow>
<wooden_floor>wh_main_terrain_entity_move_large_rock</wooden_floor>
</battle_entity_effects>
<battle_entity_effects record_uuid="{84c2d57d-268c-4d3a-b1f3-64555771d501}" record_timestamp="1430906373238" record_key="unit_artillery_combat">
<deep_water>wh_main_terrain_unit_move_large_water</deep_water>
<effect_frequency>0</effect_frequency>
<footstep_camera_shake></footstep_camera_shake>
<forest>wh_main_terrain_unit_move_large_grass</forest>
<grass>wh_main_terrain_unit_move_large_grass</grass>
<mud>wh_main_terrain_unit_move_large_mud</mud>
<name>unit_artillery_combat</name>
<road>wh_main_terrain_unit_move_large_rock</road>
<rock>wh_main_terrain_unit_move_large_rock</rock>
<sand>wh_main_terrain_unit_move_large_sand</sand>
<scrub>wh_main_terrain_unit_move_large_grass</scrub>
<shallow_water>wh_main_terrain_unit_move_large_wake</shallow_water>
<snow>wh_main_terrain_unit_move_large_snow</snow>
<wooden_floor>wh_main_terrain_unit_move_large_rock</wooden_floor>
</battle_entity_effects>
<battle_entity_effects record_uuid="{7435827d-ac0c-4d1b-8e9d-3b34791708c8}" record_timestamp="1430906373736" record_key="unit_artillery_running">
<deep_water>wh_main_terrain_unit_move_large_water</deep_water>
<effect_frequency>0.2</effect_frequency>
<footstep_camera_shake></footstep_camera_shake>
<forest>wh_main_terrain_unit_move_large_grass</forest>
<grass>wh_main_terrain_unit_move_large_grass</grass>
<mud>wh_main_terrain_unit_move_large_mud</mud>
<name>unit_artillery_running</name>
<road>wh_main_terrain_unit_move_large_rock</road>
<rock>wh_main_terrain_unit_move_large_rock</rock>
<sand>wh_main_terrain_unit_move_large_sand</sand>
<scrub>wh_main_terrain_unit_move_large_grass</scrub>
<shallow_water>wh_main_terrain_unit_move_large_wake</shallow_water>
<snow>wh_main_terrain_unit_move_large_snow</snow>
<wooden_floor>wh_main_terrain_unit_move_large_rock</wooden_floor>
</battle_entity_effects>
<battle_entity_effects record_uuid="{e9c2d050-88de-46f9-96d1-9d225483805e}" record_timestamp="1436513884234" record_key="unit_artillery_walking">
<deep_water>wh_main_terrain_unit_move_large_water</deep_water>
<effect_frequency>0.1</effect_frequency>
<footstep_camera_shake></footstep_camera_shake>
<forest>wh_main_terrain_unit_move_large_grass</forest>
<grass>wh_main_terrain_unit_move_large_grass</grass>
<mud>wh_main_terrain_unit_move_large_mud</mud>
<name>unit_artillery_walking</name>
<road>wh_main_terrain_unit_move_large_rock</road>
<rock>wh_main_terrain_unit_move_large_rock</rock>
<sand>wh_main_terrain_unit_move_large_sand</sand>
<scrub>wh_main_terrain_unit_move_large_grass</scrub>
<shallow_water>wh_main_terrain_unit_move_large_wake</shallow_water>
<snow>wh_main_terrain_unit_move_large_snow</snow>
<wooden_floor>wh_main_terrain_unit_move_large_rock</wooden_floor>
</battle_entity_effects>
<battle_entity_effects record_uuid="{cdf51026-34b8-4bdc-9ac5-f1fca90db751}" record_timestamp="1430906373389" record_key="unit_cavalry_combat">
<deep_water>wh_main_terrain_unit_move_medium_water</deep_water>
<effect_frequency>0</effect_frequency>
<footstep_camera_shake></footstep_camera_shake>
<forest>wh_main_terrain_unit_move_medium_grass</forest>
<grass>wh_main_terrain_unit_move_medium_grass</grass>
<mud>wh_main_terrain_unit_move_medium_mud</mud>
<name>unit_cavalry_combat</name>
<road>wh_main_terrain_unit_move_medium_rock</road>
<rock>wh_main_terrain_unit_move_medium_rock</rock>
<sand>wh_main_terrain_unit_move_medium_sand</sand>
<scrub>wh_main_terrain_unit_move_medium_grass</scrub>
<shallow_water>wh_main_terrain_unit_move_medium_wake</shallow_water>
<snow>wh_main_terrain_unit_move_medium_snow</snow>
<wooden_floor>wh_main_terrain_unit_move_medium_rock</wooden_floor>
</battle_entity_effects>
<battle_entity_effects record_uuid="{41c9d9e0-2ee7-409d-99f2-c5028c497c12}" record_timestamp="1440430543509" record_key="unit_cavalry_impact">
<deep_water>wh_main_terrain_unit_impact_medium_water</deep_water>
<effect_frequency>1</effect_frequency>
<footstep_camera_shake></footstep_camera_shake>
<forest>wh_main_terrain_unit_impact_medium_grass</forest>
<grass>wh_main_terrain_unit_impact_medium_grass</grass>
<mud>wh_main_terrain_unit_impact_medium_mud</mud>
<name>unit_cavalry_impact</name>
<road>wh_main_terrain_unit_impact_medium_rock</road>
<rock>wh_main_terrain_unit_impact_medium_rock</rock>
<sand>wh_main_terrain_unit_impact_medium_sand</sand>
<scrub>wh_main_terrain_unit_impact_medium_grass</scrub>
<shallow_water>wh_main_terrain_unit_impact_medium_water</shallow_water>
<snow>wh_main_terrain_unit_impact_medium_snow</snow>
<wooden_floor>wh_main_terrain_unit_impact_medium_rock</wooden_floor>
</battle_entity_effects>
<battle_entity_effects record_uuid="{b5be9714-171f-44cf-a3b4-a05b1dc86ef4}" record_timestamp="1439977840478" record_key="unit_cavalry_running">
<deep_water>wh_main_terrain_unit_move_medium_water</deep_water>
<effect_frequency>0.2</effect_frequency>
<footstep_camera_shake></footstep_camera_shake>
<forest>wh_main_terrain_unit_move_medium_grass</forest>
<grass>wh_main_terrain_unit_move_medium_grass</grass>
<mud>wh_main_terrain_unit_move_medium_mud</mud>
<name>unit_cavalry_running</name>
<road>wh_main_terrain_unit_move_medium_rock</road>
<rock>wh_main_terrain_unit_move_medium_rock</rock>
<sand>wh_main_terrain_unit_move_medium_sand</sand>
<scrub>wh_main_terrain_unit_move_medium_grass</scrub>
<shallow_water>wh_main_terrain_unit_move_medium_wake</shallow_water>
<snow>wh_main_terrain_unit_move_medium_snow</snow>
<wooden_floor>wh_main_terrain_unit_move_medium_rock</wooden_floor>
</battle_entity_effects>
<battle_entity_effects record_uuid="{36e9a5f5-009d-4cfd-8965-05ed71565326}" record_timestamp="1439977840516" record_key="unit_cavalry_walking">
<deep_water>wh_main_terrain_unit_move_medium_water</deep_water>
<effect_frequency>0.1</effect_frequency>
<footstep_camera_shake></footstep_camera_shake>
<forest>wh_main_terrain_unit_move_medium_grass</forest>
<grass>wh_main_terrain_unit_move_medium_grass</grass>
<mud>wh_main_terrain_unit_move_medium_mud</mud>
<name>unit_cavalry_walking</name>
<road>wh_main_terrain_unit_move_medium_rock</road>
<rock>wh_main_terrain_unit_move_medium_rock</rock>
<sand>wh_main_terrain_unit_move_medium_sand</sand>
<scrub>wh_main_terrain_unit_move_medium_grass</scrub>
<shallow_water>wh_main_terrain_unit_move_medium_wake</shallow_water>
<snow>wh_main_terrain_unit_move_medium_snow</snow>
<wooden_floor>wh_main_terrain_unit_move_medium_rock</wooden_floor>
</battle_entity_effects>
<battle_entity_effects record_uuid="{08621e40-57e4-48a4-a9e5-5a5b9cccd785}" record_timestamp="1432279485508" record_key="unit_giant_combat">
<deep_water>wh_main_terrain_unit_move_large_water</deep_water>
<effect_frequency>0.5</effect_frequency>
<footstep_camera_shake></footstep_camera_shake>
<forest>wh_main_terrain_unit_move_large_grass</forest>
<grass>wh_main_terrain_unit_move_large_grass</grass>
<mud>wh_main_terrain_unit_move_large_mud</mud>
<name>unit_giant_combat</name>
<road>wh_main_terrain_unit_move_large_rock</road>
<rock>wh_main_terrain_unit_move_large_rock</rock>
<sand>wh_main_terrain_unit_move_large_sand</sand>
<scrub>wh_main_terrain_unit_move_large_grass</scrub>
<shallow_water>wh_main_terrain_unit_move_large_wake</shallow_water>
<snow>wh_main_terrain_unit_move_large_snow</snow>
<wooden_floor>wh_main_terrain_unit_move_large_rock</wooden_floor>
</battle_entity_effects>
<battle_entity_effects record_uuid="{384d886f-7871-4c52-91f3-a28ae782312a}" record_timestamp="1440430544214" record_key="unit_giant_impact">
<deep_water>wh_main_terrain_unit_impact_large_water</deep_water>
<effect_frequency>1</effect_frequency>
<footstep_camera_shake></footstep_camera_shake>
<forest>wh_main_terrain_unit_impact_large_grass</forest>
<grass>wh_main_terrain_unit_impact_large_grass</grass>
<mud>wh_main_terrain_unit_impact_large_mud</mud>
<name>unit_giant_impact</name>
<road>wh_main_terrain_unit_impact_large_rock</road>
<rock>wh_main_terrain_unit_impact_large_rock</rock>
<sand>wh_main_terrain_unit_impact_large_sand</sand>
<scrub>wh_main_terrain_unit_impact_large_grass</scrub>
<shallow_water>wh_main_terrain_unit_impact_large_water</shallow_water>
<snow>wh_main_terrain_unit_impact_large_snow</snow>
<wooden_floor>wh_main_terrain_unit_impact_large_rock</wooden_floor>
</battle_entity_effects>
<battle_entity_effects record_uuid="{775a9249-2569-4e65-8be2-277b40820330}" record_timestamp="1432279485551" record_key="unit_giant_running">
<deep_water>wh_main_terrain_unit_move_large_water</deep_water>
<effect_frequency>0.5</effect_frequency>
<footstep_camera_shake></footstep_camera_shake>
<forest>wh_main_terrain_unit_move_large_grass</forest>
<grass>wh_main_terrain_unit_move_large_grass</grass>
<mud>wh_main_terrain_unit_move_large_mud</mud>
<name>unit_giant_running</name>
<road>wh_main_terrain_unit_move_large_rock</road>
<rock>wh_main_terrain_unit_move_large_rock</rock>
<sand>wh_main_terrain_unit_move_large_sand</sand>
<scrub>wh_main_terrain_unit_move_large_grass</scrub>
<shallow_water>wh_main_terrain_unit_move_large_wake</shallow_water>
<snow>wh_main_terrain_unit_move_large_snow</snow>
<wooden_floor>wh_main_terrain_unit_move_large_rock</wooden_floor>
</battle_entity_effects>
<battle_entity_effects record_uuid="{76a95d6d-faf9-4b59-b73c-6e38f5aaf4b1}" record_timestamp="1436513884237" record_key="unit_giant_walking">
<deep_water>wh_main_terrain_unit_move_large_water</deep_water>
<effect_frequency>0.5</effect_frequency>
<footstep_camera_shake></footstep_camera_shake>
<forest>wh_main_terrain_unit_move_large_grass</forest>
<grass>wh_main_terrain_unit_move_large_grass</grass>
<mud>wh_main_terrain_unit_move_large_mud</mud>
<name>unit_giant_walking</name>
<road>wh_main_terrain_unit_move_large_rock</road>
<rock>wh_main_terrain_unit_move_large_rock</rock>
<sand>wh_main_terrain_unit_move_large_sand</sand>
<scrub>wh_main_terrain_unit_move_large_grass</scrub>
<shallow_water>wh_main_terrain_unit_move_large_wake</shallow_water>
<snow>wh_main_terrain_unit_move_large_snow</snow>
<wooden_floor>wh_main_terrain_unit_move_large_rock</wooden_floor>
</battle_entity_effects>
<battle_entity_effects record_uuid="{2bee08e8-1a6d-45c6-aef2-c98ba4da5260}" record_timestamp="1430906373557" record_key="unit_infantry_combat">
<deep_water>wh_main_terrain_unit_move_small_water</deep_water>
<effect_frequency>0</effect_frequency>
<footstep_camera_shake></footstep_camera_shake>
<forest>wh_main_terrain_unit_move_small_grass</forest>
<grass>wh_main_terrain_unit_move_small_grass</grass>
<mud>wh_main_terrain_unit_move_small_mud</mud>
<name>unit_infantry_combat</name>
<road>wh_main_terrain_unit_move_small_rock</road>
<rock>wh_main_terrain_unit_move_small_rock</rock>
<sand>wh_main_terrain_unit_move_small_sand</sand>
<scrub>wh_main_terrain_unit_move_small_grass</scrub>
<shallow_water>wh_main_terrain_unit_move_small_wake</shallow_water>
<snow>wh_main_terrain_unit_move_small_snow</snow>
<wooden_floor>wh_main_terrain_unit_move_small_rock</wooden_floor>
</battle_entity_effects>
<battle_entity_effects record_uuid="{dcf59d75-de3d-4fd3-bb1a-72f938f6e11a}" record_timestamp="1440430545165" record_key="unit_infantry_impact">
<deep_water>wh_main_terrain_unit_impact_small_water</deep_water>
<effect_frequency>1</effect_frequency>
<footstep_camera_shake></footstep_camera_shake>
<forest>wh_main_terrain_unit_impact_small_grass</forest>
<grass>wh_main_terrain_unit_impact_small_grass</grass>
<mud>wh_main_terrain_unit_impact_small_mud</mud>
<name>unit_infantry_impact</name>
<road>wh_main_terrain_unit_impact_small_rock</road>
<rock>wh_main_terrain_unit_impact_small_rock</rock>
<sand>wh_main_terrain_unit_impact_small_sand</sand>
<scrub>wh_main_terrain_unit_impact_small_grass</scrub>
<shallow_water>wh_main_terrain_unit_impact_small_water</shallow_water>
<snow>wh_main_terrain_unit_impact_small_snow</snow>
<wooden_floor>wh_main_terrain_unit_impact_small_rock</wooden_floor>
</battle_entity_effects>
<battle_entity_effects record_uuid="{0b1896bf-5ac7-4628-9326-445f67d210ca}" record_timestamp="1440430545568" record_key="unit_infantry_light_imapct">
<deep_water>wh_main_terrain_unit_impact_small_water</deep_water>
<effect_frequency>1</effect_frequency>
<footstep_camera_shake></footstep_camera_shake>
<forest>wh_main_terrain_unit_impact_small_grass</forest>
<grass>wh_main_terrain_unit_impact_small_grass</grass>
<mud>wh_main_terrain_unit_impact_small_mud</mud>
<name>unit_infantry_light_imapct</name>
<road>wh_main_terrain_unit_impact_small_rock</road>
<rock>wh_main_terrain_unit_impact_small_rock</rock>
<sand>wh_main_terrain_unit_impact_small_sand</sand>
<scrub>wh_main_terrain_unit_impact_small_grass</scrub>
<shallow_water>wh_main_terrain_unit_impact_small_water</shallow_water>
<snow>wh_main_terrain_unit_impact_small_snow</snow>
<wooden_floor>wh_main_terrain_unit_impact_small_rock</wooden_floor>
</battle_entity_effects>
<battle_entity_effects record_uuid="{37462c3f-c821-4c25-a532-fcbd41088854}" record_timestamp="1439977840408" record_key="unit_infantry_running">
<deep_water>wh_main_terrain_unit_move_small_water</deep_water>
<effect_frequency>0.12</effect_frequency>
<footstep_camera_shake></footstep_camera_shake>
<forest>wh_main_terrain_unit_move_small_grass</forest>
<grass>wh_main_terrain_unit_move_small_grass</grass>
<mud>wh_main_terrain_unit_move_small_mud</mud>
<name>unit_infantry_running</name>
<road>wh_main_terrain_unit_move_small_rock</road>
<rock>wh_main_terrain_unit_move_small_rock</rock>
<sand>wh_main_terrain_unit_move_small_sand</sand>
<scrub>wh_main_terrain_unit_move_small_grass</scrub>
<shallow_water>wh_main_terrain_unit_move_small_wake</shallow_water>
<snow>wh_main_terrain_unit_move_small_snow</snow>
<wooden_floor>wh_main_terrain_unit_move_small_rock</wooden_floor>
</battle_entity_effects>
<battle_entity_effects record_uuid="{60490d89-20a8-4fb6-a975-f643961b9bf0}" record_timestamp="1439977840443" record_key="unit_infantry_walking">
<deep_water>wh_main_terrain_unit_move_small_water</deep_water>
<effect_frequency>0.06</effect_frequency>
<footstep_camera_shake></footstep_camera_shake>
<forest>wh_main_terrain_unit_move_small_grass</forest>
<grass>wh_main_terrain_unit_move_small_grass</grass>
<mud>wh_main_terrain_unit_move_small_mud</mud>
<name>unit_infantry_walking</name>
<road>wh_main_terrain_unit_move_small_rock</road>
<rock>wh_main_terrain_unit_move_small_rock</rock>
<sand>wh_main_terrain_unit_move_small_sand</sand>
<scrub>wh_main_terrain_unit_move_small_grass</scrub>
<shallow_water>wh_main_terrain_unit_move_small_wake</shallow_water>
<snow>wh_main_terrain_unit_move_small_snow</snow>
<wooden_floor>wh_main_terrain_unit_move_small_rock</wooden_floor>
</battle_entity_effects>
<battle_entity_effects record_uuid="{4d34e112-16ae-4e36-9b43-f12480f5b34f}" record_timestamp="1454068416499" record_key="unit_monstrous_infantry_impact">
<deep_water>wh_main_terrain_unit_impact_medium_water</deep_water>
<effect_frequency>1</effect_frequency>
<footstep_camera_shake></footstep_camera_shake>
<forest>wh_main_terrain_unit_impact_medium_grass</forest>
<grass>wh_main_terrain_unit_impact_medium_grass</grass>
<mud>wh_main_terrain_unit_impact_medium_mud</mud>
<name>unit_monstrous_infantry_impact</name>
<road>wh_main_terrain_unit_impact_medium_rock</road>
<rock>wh_main_terrain_unit_impact_medium_rock</rock>
<sand>wh_main_terrain_unit_impact_medium_sand</sand>
<scrub>wh_main_terrain_unit_impact_medium_grass</scrub>
<shallow_water>wh_main_terrain_unit_impact_medium_water</shallow_water>
<snow>wh_main_terrain_unit_impact_medium_snow</snow>
<wooden_floor>wh_main_terrain_unit_impact_medium_rock</wooden_floor>
</battle_entity_effects>
<battle_entity_effects record_uuid="{1add015e-f404-45c1-aae4-24069bcf9284}" record_timestamp="1430906374619" record_key="unit_war_beast_combat">
<deep_water>wh_main_terrain_unit_move_large_water</deep_water>
<effect_frequency>0.15</effect_frequency>
<footstep_camera_shake></footstep_camera_shake>
<forest>wh_main_terrain_unit_move_large_grass</forest>
<grass>wh_main_terrain_unit_move_large_grass</grass>
<mud>wh_main_terrain_unit_move_large_mud</mud>
<name>unit_war_beast_combat</name>
<road>wh_main_terrain_unit_move_large_rock</road>
<rock>wh_main_terrain_unit_move_large_rock</rock>
<sand>wh_main_terrain_unit_move_large_sand</sand>
<scrub>wh_main_terrain_unit_move_large_grass</scrub>
<shallow_water>wh_main_terrain_unit_move_large_wake</shallow_water>
<snow>wh_main_terrain_unit_move_large_snow</snow>
<wooden_floor>wh_main_terrain_unit_move_large_rock</wooden_floor>
</battle_entity_effects>
<battle_entity_effects record_uuid="{21f5b291-e920-4cbf-b47d-fb0cf45df501}" record_timestamp="1440430545988" record_key="unit_war_beast_impact">
<deep_water>wh_main_terrain_unit_impact_large_water</deep_water>
<effect_frequency>1</effect_frequency>
<footstep_camera_shake></footstep_camera_shake>
<forest>wh_main_terrain_unit_impact_large_grass</forest>
<grass>wh_main_terrain_unit_impact_large_grass</grass>
<mud>wh_main_terrain_unit_impact_large_mud</mud>
<name>unit_war_beast_impact</name>
<road>wh_main_terrain_unit_impact_large_rock</road>
<rock>wh_main_terrain_unit_impact_large_rock</rock>
<sand>wh_main_terrain_unit_impact_large_sand</sand>
<scrub>wh_main_terrain_unit_impact_large_grass</scrub>
<shallow_water>wh_main_terrain_unit_impact_large_water</shallow_water>
<snow>wh_main_terrain_unit_impact_large_snow</snow>
<wooden_floor>wh_main_terrain_unit_impact_large_rock</wooden_floor>
</battle_entity_effects>
<battle_entity_effects record_uuid="{28b261c4-a742-43d2-a8b2-8f81dbbed056}" record_timestamp="1430906374881" record_key="unit_war_beast_running">
<deep_water>wh_main_terrain_unit_move_large_water</deep_water>
<effect_frequency>0.45</effect_frequency>
<footstep_camera_shake></footstep_camera_shake>
<forest>wh_main_terrain_unit_move_large_grass</forest>
<grass>wh_main_terrain_unit_move_large_grass</grass>
<mud>wh_main_terrain_unit_move_large_mud</mud>
<name>unit_war_beast_running</name>
<road>wh_main_terrain_unit_move_large_rock</road>
<rock>wh_main_terrain_unit_move_large_rock</rock>
<sand>wh_main_terrain_unit_move_large_sand</sand>
<scrub>wh_main_terrain_unit_move_large_grass</scrub>
<shallow_water>wh_main_terrain_unit_move_large_wake</shallow_water>
<snow>wh_main_terrain_unit_move_large_snow</snow>
<wooden_floor>wh_main_terrain_unit_move_large_rock</wooden_floor>
</battle_entity_effects>
<battle_entity_effects record_uuid="{c28a1831-1152-4d82-9af7-80a082758f13}" record_timestamp="1430906375157" record_key="unit_war_beast_walking">
<deep_water>wh_main_terrain_unit_move_large_water</deep_water>
<effect_frequency>0.2</effect_frequency>
<footstep_camera_shake></footstep_camera_shake>
<forest>wh_main_terrain_unit_move_large_grass</forest>
<grass>wh_main_terrain_unit_move_large_grass</grass>
<mud>wh_main_terrain_unit_move_large_mud</mud>
<name>unit_war_beast_walking</name>
<road>wh_main_terrain_unit_move_large_rock</road>
<rock>wh_main_terrain_unit_move_large_rock</rock>
<sand>wh_main_terrain_unit_move_large_sand</sand>
<scrub>wh_main_terrain_unit_move_large_grass</scrub>
<shallow_water>wh_main_terrain_unit_move_large_wake</shallow_water>
<snow>wh_main_terrain_unit_move_large_snow</snow>
<wooden_floor>wh_main_terrain_unit_move_large_rock</wooden_floor>
</battle_entity_effects>
<battle_entity_effects record_uuid="{22677c7a-fe27-45d1-938d-c64656ac9d5f}" record_timestamp="1433921950120" record_key="wh_main_impact_large">
<deep_water>wh_main_impact_large_water</deep_water>
<effect_frequency>0</effect_frequency>
<footstep_camera_shake></footstep_camera_shake>
<forest>wh_main_impact_large_wood</forest>
<grass>wh_main_impact_large_grass</grass>
<mud>wh_main_impact_large_mud</mud>
<name>wh_main_impact_large</name>
<road>wh_main_impact_large_rock</road>
<rock>wh_main_impact_large_rock</rock>
<sand>wh_main_impact_large_sand</sand>
<scrub>wh_main_impact_large_grass</scrub>
<shallow_water>wh_main_impact_large_water</shallow_water>
<snow>wh_main_impact_large_snow</snow>
<wooden_floor>wh_main_impact_large_rock</wooden_floor>
</battle_entity_effects>
<battle_entity_effects record_uuid="{ba3ada6c-aaf6-48ca-82ad-0db00779d5db}" record_timestamp="1433921950119" record_key="wh_main_impact_medium">
<deep_water>wh_main_impact_medium_water</deep_water>
<effect_frequency>0</effect_frequency>
<footstep_camera_shake></footstep_camera_shake>
<forest>wh_main_impact_medium_wood</forest>
<grass>wh_main_impact_medium_grass</grass>
<mud>wh_main_impact_medium_mud</mud>
<name>wh_main_impact_medium</name>
<road>wh_main_impact_medium_rock</road>
<rock>wh_main_impact_medium_rock</rock>
<sand>wh_main_impact_medium_sand</sand>
<scrub>wh_main_impact_medium_grass</scrub>
<shallow_water>wh_main_impact_medium_water</shallow_water>
<snow>wh_main_impact_medium_snow</snow>
<wooden_floor>wh_main_impact_medium_rock</wooden_floor>
</battle_entity_effects>
<battle_entity_effects record_uuid="{af8374ea-49b6-429e-b03f-db7c92758eac}" record_timestamp="1433921950119" record_key="wh_main_impact_small">
<deep_water>wh_main_impact_small_water</deep_water>
<effect_frequency>0</effect_frequency>
<footstep_camera_shake></footstep_camera_shake>
<forest>wh_main_impact_small_wood</forest>
<grass>wh_main_impact_small_grass</grass>
<mud>wh_main_impact_small_mud</mud>
<name>wh_main_impact_small</name>
<road>wh_main_impact_small_rock</road>
<rock>wh_main_impact_small_rock</rock>
<sand>wh_main_impact_small_sand</sand>
<scrub>wh_main_impact_small_grass</scrub>
<shallow_water>wh_main_impact_small_water</shallow_water>
<snow>wh_main_impact_small_snow</snow>
<wooden_floor>wh_main_impact_small_rock</wooden_floor>
</battle_entity_effects>
<battle_entity_effects record_uuid="{aff8ce37-8ea5-45d7-bad4-cc9a27fce091}" record_timestamp="1433921950121" record_key="wh_main_impact_vlarge">
<deep_water>wh_main_impact_vlarge_water</deep_water>
<effect_frequency>0</effect_frequency>
<footstep_camera_shake></footstep_camera_shake>
<forest>wh_main_impact_vlarge_wood</forest>
<grass>wh_main_impact_vlarge_grass</grass>
<mud>wh_main_impact_vlarge_mud</mud>
<name>wh_main_impact_vlarge</name>
<road>wh_main_impact_vlarge_rock</road>
<rock>wh_main_impact_vlarge_rock</rock>
<sand>wh_main_impact_vlarge_sand</sand>
<scrub>wh_main_impact_vlarge_grass</scrub>
<shallow_water>wh_main_impact_vlarge_water</shallow_water>
<snow>wh_main_impact_vlarge_snow</snow>
<wooden_floor>wh_main_impact_vlarge_rock</wooden_floor>
</battle_entity_effects>
<battle_entity_effects record_uuid="{5dd0fc2c-2d32-420f-85eb-84b544a695ca}" record_timestamp="1433921950119" record_key="wh_main_impact_vsmall">
<deep_water>wh_main_impact_vsmall_water</deep_water>
<effect_frequency>0</effect_frequency>
<footstep_camera_shake></footstep_camera_shake>
<forest>wh_main_impact_vsmall_wood</forest>
<grass>wh_main_impact_vsmall_grass</grass>
<mud>wh_main_impact_vsmall_mud</mud>
<name>wh_main_impact_vsmall</name>
<road>wh_main_impact_vsmall_rock</road>
<rock>wh_main_impact_vsmall_rock</rock>
<sand>wh_main_impact_vsmall_sand</sand>
<scrub>wh_main_impact_vsmall_grass</scrub>
<shallow_water>wh_main_impact_vsmall_water</shallow_water>
<snow>wh_main_impact_vsmall_snow</snow>
<wooden_floor>wh_main_impact_vsmall_rock</wooden_floor>
</battle_entity_effects>
<battle_entity_effects record_uuid="{aa3fbea1-aa86-4dff-b509-acd8f45c11e4}" record_timestamp="1442316896246" record_key="wh_main_terrain_entity_raise_dead">
<deep_water>wh_main_terrain_entity_raise_dead_water</deep_water>
<effect_frequency>1</effect_frequency>
<footstep_camera_shake>wh_main_unit_infantry_footstep</footstep_camera_shake>
<forest>wh_main_terrain_entity_raise_dead_grass</forest>
<grass>wh_main_terrain_entity_raise_dead_grass</grass>
<mud>wh_main_terrain_entity_raise_dead_mud</mud>
<name>wh_main_terrain_entity_raise_dead</name>
<road>wh_main_terrain_entity_raise_dead_rock</road>
<rock>wh_main_terrain_entity_raise_dead_rock</rock>
<sand>wh_main_terrain_entity_raise_dead_sand</sand>
<scrub>wh_main_terrain_entity_raise_dead_grass</scrub>
<shallow_water>wh_main_terrain_entity_raise_dead_water</shallow_water>
<snow>wh_main_terrain_entity_raise_dead_snow</snow>
<wooden_floor>wh_main_terrain_entity_raise_dead_rock</wooden_floor>
</battle_entity_effects>
<battle_entity_effects record_uuid="{31cc59ac-153f-430b-b53c-53a937e0700e}" record_timestamp="1445441048923" record_key="wh_main_terrain_unit_impact_large">
<deep_water>wh_main_terrain_unit_impact_large_water</deep_water>
<effect_frequency>0</effect_frequency>
<footstep_camera_shake></footstep_camera_shake>
<forest>wh_main_terrain_unit_impact_large_grass</forest>
<grass>wh_main_terrain_unit_impact_large_grass</grass>
<mud>wh_main_terrain_unit_impact_large_mud</mud>
<name>wh_main_terrain_unit_impact_large</name>
<road>wh_main_terrain_unit_impact_large_rock</road>
<rock>wh_main_terrain_unit_impact_large_rock</rock>
<sand>wh_main_terrain_unit_impact_large_sand</sand>
<scrub>wh_main_terrain_unit_impact_large_grass</scrub>
<shallow_water>wh_main_terrain_unit_impact_large_water</shallow_water>
<snow>wh_main_terrain_unit_impact_large_snow</snow>
<wooden_floor>wh_main_terrain_unit_impact_large_rock</wooden_floor>
</battle_entity_effects>
<battle_entity_effects record_uuid="{7f188e67-97dc-4927-8651-001b7237df26}" record_timestamp="1445441048898" record_key="wh_main_terrain_unit_impact_medium">
<deep_water>wh_main_terrain_unit_impact_medium_water</deep_water>
<effect_frequency>0</effect_frequency>
<footstep_camera_shake></footstep_camera_shake>
<forest>wh_main_terrain_unit_impact_medium_grass</forest>
<grass>wh_main_terrain_unit_impact_medium_grass</grass>
<mud>wh_main_terrain_unit_impact_medium_mud</mud>
<name>wh_main_terrain_unit_impact_medium</name>
<road>wh_main_terrain_unit_impact_medium_rock</road>
<rock>wh_main_terrain_unit_impact_medium_rock</rock>
<sand>wh_main_terrain_unit_impact_medium_sand</sand>
<scrub>wh_main_terrain_unit_impact_medium_grass</scrub>
<shallow_water>wh_main_terrain_unit_impact_medium_water</shallow_water>
<snow>wh_main_terrain_unit_impact_medium_snow</snow>
<wooden_floor>wh_main_terrain_unit_impact_medium_rock</wooden_floor>
</battle_entity_effects>
<battle_entity_effects record_uuid="{e73ce0a9-63c1-45bb-9e45-a1d066014151}" record_timestamp="1445441048948" record_key="wh_main_terrain_unit_impact_small">
<deep_water>wh_main_terrain_unit_impact_small_water</deep_water>
<effect_frequency>0</effect_frequency>
<footstep_camera_shake></footstep_camera_shake>
<forest>wh_main_terrain_unit_impact_small_grass</forest>
<grass>wh_main_terrain_unit_impact_small_grass</grass>
<mud>wh_main_terrain_unit_impact_small_mud</mud>
<name>wh_main_terrain_unit_impact_small</name>
<road>wh_main_terrain_unit_impact_small_rock</road>
<rock>wh_main_terrain_unit_impact_small_rock</rock>
<sand>wh_main_terrain_unit_impact_small_sand</sand>
<scrub>wh_main_terrain_unit_impact_small_grass</scrub>
<shallow_water>wh_main_terrain_unit_impact_small_water</shallow_water>
<snow>wh_main_terrain_unit_impact_small_snow</snow>
<wooden_floor>wh_main_terrain_unit_impact_small_rock</wooden_floor>
</battle_entity_effects>
</dataroot>
