<?xml version="1.0" encoding="UTF-8"?>
<dataroot xmlns:od="urn:schemas-microsoft-com:officedata" xmlns:xsi="http://www.w3.org/2001/XMLSchema-instance" xsi:noNamespaceSchemaLocation="battlefield_deployable_siege_items.xsd" export_time="Mon Jun 20 15:11:53 2016" revision="20" export_branch="T:/branches/warhammer/beastmen/warhammer/binaries.x64" export_user="bob">
<edit_uuid>421c86f0-27f8-459c-8502-e39c721358f5</edit_uuid>
<battlefield_deployable_siege_items record_uuid="{161057f0-43a5-4b20-b1d3-9fcd71a4a5ae}" record_timestamp="1442823124136" record_key="brt_batteringram">
<battlefield_siege_vehicle>brt_battering_ram</battlefield_siege_vehicle>
<key>brt_batteringram</key>
<level>0</level>
<siege_effort_cost>6</siege_effort_cost>
<type>battering_rams</type>
</battlefield_deployable_siege_items>
<battlefield_deployable_siege_items record_uuid="{878a9612-1d4c-46de-8315-018e6ba7487c}" record_timestamp="1442823124245" record_key="brt_siege_tower">
<battlefield_siege_vehicle>brt_siege_tower_15m</battlefield_siege_vehicle>
<key>brt_siege_tower</key>
<level>0</level>
<siege_effort_cost>10</siege_effort_cost>
<type>15m_siege _towers</type>
</battlefield_deployable_siege_items>
<battlefield_deployable_siege_items record_uuid="{2965114b-7c0c-49b7-920f-4e5e231e586b}" record_timestamp="1455876358077" record_key="bst_batteringram">
<battlefield_siege_vehicle>bst_battering_ram</battlefield_siege_vehicle>
<key>bst_batteringram</key>
<level>0</level>
<siege_effort_cost>6</siege_effort_cost>
<type>battering_rams</type>
</battlefield_deployable_siege_items>
<battlefield_deployable_siege_items record_uuid="{ef7da60a-a677-4a35-b23c-bfce7f966968}" record_timestamp="1455876358101" record_key="bst_siege_tower">
<battlefield_siege_vehicle>bst_siege_tower_15m</battlefield_siege_vehicle>
<key>bst_siege_tower</key>
<level>0</level>
<siege_effort_cost>10</siege_effort_cost>
<type>15m_siege _towers</type>
</battlefield_deployable_siege_items>
<battlefield_deployable_siege_items record_uuid="{cf3efe7e-7240-48de-a575-a1e5834f45e9}" record_timestamp="1442823124151" record_key="chs_batteringram">
<battlefield_siege_vehicle>chs_battering_ram</battlefield_siege_vehicle>
<key>chs_batteringram</key>
<level>0</level>
<siege_effort_cost>6</siege_effort_cost>
<type>battering_rams</type>
</battlefield_deployable_siege_items>
<battlefield_deployable_siege_items record_uuid="{b9ab8fdb-cb76-463e-93d4-36f86e0df788}" record_timestamp="1442823124268" record_key="chs_siege_tower">
<battlefield_siege_vehicle>chs_siege_tower_15m</battlefield_siege_vehicle>
<key>chs_siege_tower</key>
<level>0</level>
<siege_effort_cost>10</siege_effort_cost>
<type>15m_siege _towers</type>
</battlefield_deployable_siege_items>
<battlefield_deployable_siege_items record_uuid="{5afffb6d-63d0-489c-b13c-c83f80e0e7bf}" record_timestamp="1442823124157" record_key="dwf_batteringram">
<battlefield_siege_vehicle>dwf_battering_ram</battlefield_siege_vehicle>
<key>dwf_batteringram</key>
<level>0</level>
<siege_effort_cost>6</siege_effort_cost>
<type>battering_rams</type>
</battlefield_deployable_siege_items>
<battlefield_deployable_siege_items record_uuid="{fc15702e-930d-49b3-a2cc-055b2183c740}" record_timestamp="1442823124278" record_key="dwf_siege_tower">
<battlefield_siege_vehicle>dwf_siege_tower_15m</battlefield_siege_vehicle>
<key>dwf_siege_tower</key>
<level>0</level>
<siege_effort_cost>10</siege_effort_cost>
<type>15m_siege _towers</type>
</battlefield_deployable_siege_items>
<battlefield_deployable_siege_items record_uuid="{0cabbeb0-6c63-4714-8268-91c80bbbecfd}" record_timestamp="1442823124164" record_key="emp_batteringram">
<battlefield_siege_vehicle>emp_battering_ram</battlefield_siege_vehicle>
<key>emp_batteringram</key>
<level>0</level>
<siege_effort_cost>6</siege_effort_cost>
<type>battering_rams</type>
</battlefield_deployable_siege_items>
<battlefield_deployable_siege_items record_uuid="{06d68767-7679-4860-870a-01bb96bbe059}" record_timestamp="1442823124292" record_key="emp_siege_tower">
<battlefield_siege_vehicle>emp_siege_tower_15m</battlefield_siege_vehicle>
<key>emp_siege_tower</key>
<level>0</level>
<siege_effort_cost>10</siege_effort_cost>
<type>15m_siege _towers</type>
</battlefield_deployable_siege_items>
<battlefield_deployable_siege_items record_uuid="{6e2edbf3-6ac8-49f2-a83c-272942c0845b}" record_timestamp="1442823124172" record_key="grn_batteringram">
<battlefield_siege_vehicle>grn_battering_ram</battlefield_siege_vehicle>
<key>grn_batteringram</key>
<level>0</level>
<siege_effort_cost>6</siege_effort_cost>
<type>battering_rams</type>
</battlefield_deployable_siege_items>
<battlefield_deployable_siege_items record_uuid="{67576ae9-e340-46b8-8001-b1769cc17927}" record_timestamp="1442823124303" record_key="grn_siege_tower">
<battlefield_siege_vehicle>grn_siege_tower_15m</battlefield_siege_vehicle>
<key>grn_siege_tower</key>
<level>0</level>
<siege_effort_cost>10</siege_effort_cost>
<type>15m_siege _towers</type>
</battlefield_deployable_siege_items>
<battlefield_deployable_siege_items record_uuid="{2c10b933-5f81-46fe-90c4-c2d69b0ff32e}" record_timestamp="1442823124180" record_key="vmp_batteringram">
<battlefield_siege_vehicle>vmp_battering_ram</battlefield_siege_vehicle>
<key>vmp_batteringram</key>
<level>0</level>
<siege_effort_cost>6</siege_effort_cost>
<type>battering_rams</type>
</battlefield_deployable_siege_items>
<battlefield_deployable_siege_items record_uuid="{be199bad-461f-4563-ae3d-1050beda787a}" record_timestamp="1442823124315" record_key="vmp_siege_tower">
<battlefield_siege_vehicle>vmp_siege_tower_15m</battlefield_siege_vehicle>
<key>vmp_siege_tower</key>
<level>0</level>
<siege_effort_cost>10</siege_effort_cost>
<type>15m_siege _towers</type>
</battlefield_deployable_siege_items>
</dataroot>
