<?xml version="1.0" encoding="UTF-8"?>
<dataroot xmlns:od="urn:schemas-microsoft-com:officedata" xmlns:xsi="http://www.w3.org/2001/XMLSchema-instance" xsi:noNamespaceSchemaLocation="battle_set_piece_frontend_groups_to_characters.xsd" export_time="Tue Jul 26 10:18:21 2016" revision="20" export_branch="T:/" export_user="bob">
<edit_uuid>44bb3731-73c1-4e91-94d4-1f00a913165e</edit_uuid>
<battle_set_piece_frontend_groups_to_characters record_uuid="{eb3a780b-36d9-48a0-9074-b5b62de12390}" record_timestamp="1441792116872" record_key="wh_dlc01_chs_archaonwh_dlc01_qb_chs_archaon_armour_of_morkar_stage_3_player">
<character>wh_dlc01_qb_chs_archaon_armour_of_morkar_stage_3_player</character>
<frontend_group>wh_dlc01_chs_archaon</frontend_group>
</battle_set_piece_frontend_groups_to_characters>
<battle_set_piece_frontend_groups_to_characters record_uuid="{e51d78df-5971-47c7-a7e1-05438c949a50}" record_timestamp="1441792117137" record_key="wh_dlc01_chs_archaonwh_dlc01_qb_chs_archaon_crown_of_command_stage_2_player">
<character>wh_dlc01_qb_chs_archaon_crown_of_command_stage_2_player</character>
<frontend_group>wh_dlc01_chs_archaon</frontend_group>
</battle_set_piece_frontend_groups_to_characters>
<battle_set_piece_frontend_groups_to_characters record_uuid="{f8269540-7ac5-44fb-853b-f1c7cf50a87a}" record_timestamp="1441792117948" record_key="wh_dlc01_chs_archaonwh_dlc01_qb_chs_archaon_eye_of_sheerian_stage_3_player">
<character>wh_dlc01_qb_chs_archaon_eye_of_sheerian_stage_3_player</character>
<frontend_group>wh_dlc01_chs_archaon</frontend_group>
</battle_set_piece_frontend_groups_to_characters>
<battle_set_piece_frontend_groups_to_characters record_uuid="{c972c6e8-8f7e-4020-93ce-540765fdbcde}" record_timestamp="1441792118494" record_key="wh_dlc01_chs_archaonwh_dlc01_qb_chs_archaon_slayer_of_kings_stage_3_player">
<character>wh_dlc01_qb_chs_archaon_slayer_of_kings_stage_3_player</character>
<frontend_group>wh_dlc01_chs_archaon</frontend_group>
</battle_set_piece_frontend_groups_to_characters>
<battle_set_piece_frontend_groups_to_characters record_uuid="{a8a24052-0324-4ac4-8f2b-8b09b9e0923f}" record_timestamp="1441792121489" record_key="wh_dlc01_chs_kholekwh_dlc01_qb_chs_kholek_suneater_starcrusher_stage_3_player">
<character>wh_dlc01_qb_chs_kholek_suneater_starcrusher_stage_3_player</character>
<frontend_group>wh_dlc01_chs_kholek</frontend_group>
</battle_set_piece_frontend_groups_to_characters>
<battle_set_piece_frontend_groups_to_characters record_uuid="{7b8e1c59-cb6a-4b8d-a614-09a7251dfa7c}" record_timestamp="1441792121770" record_key="wh_dlc01_chs_sigvaldwh_dlc01_qb_chs_prince_sigvald_auric_armour_stage_3_player">
<character>wh_dlc01_qb_chs_prince_sigvald_auric_armour_stage_3_player</character>
<frontend_group>wh_dlc01_chs_sigvald</frontend_group>
</battle_set_piece_frontend_groups_to_characters>
<battle_set_piece_frontend_groups_to_characters record_uuid="{d3d8d795-b324-4ff7-b963-f32e35e87ff9}" record_timestamp="1441792122035" record_key="wh_dlc01_chs_sigvaldwh_dlc01_qb_chs_prince_sigvald_sliverslash_stage_4_player">
<character>wh_dlc01_qb_chs_prince_sigvald_sliverslash_stage_4_player</character>
<frontend_group>wh_dlc01_chs_sigvald</frontend_group>
</battle_set_piece_frontend_groups_to_characters>
<battle_set_piece_frontend_groups_to_characters record_uuid="{610ee3b4-e97c-4f1d-8086-e210082a189e}" record_timestamp="1461596555883" record_key="wh_dlc03_bst_khazrakwh_dlc03_qb_bst_khazrak_one_eye_scourge_stage_4_player_grandcampaign">
<character>wh_dlc03_qb_bst_khazrak_one_eye_scourge_stage_4_player_grandcampaign</character>
<frontend_group>wh_dlc03_bst_khazrak</frontend_group>
</battle_set_piece_frontend_groups_to_characters>
<battle_set_piece_frontend_groups_to_characters record_uuid="{5947f66e-43d1-42f2-ae4e-1fb7550adda4}" record_timestamp="1461596558434" record_key="wh_dlc03_bst_khazrakwh_dlc03_qb_bst_khazrak_one_eye_the_dark_mail_stage_5_player_grandcampaign">
<character>wh_dlc03_qb_bst_khazrak_one_eye_the_dark_mail_stage_5_player_grandcampaign</character>
<frontend_group>wh_dlc03_bst_khazrak</frontend_group>
</battle_set_piece_frontend_groups_to_characters>
<battle_set_piece_frontend_groups_to_characters record_uuid="{36c609a2-4fbf-4be9-9c00-dd167fa6dcc6}" record_timestamp="1461596558481" record_key="wh_dlc03_bst_malagorwh_dlc03_qb_bst_malagor_the_dark_omen_the_icons_of_vilification_stage_3_player_grandcampaign">
<character>wh_dlc03_qb_bst_malagor_the_dark_omen_the_icons_of_vilification_stage_3_player_grandcampaign</character>
<frontend_group>wh_dlc03_bst_malagor</frontend_group>
</battle_set_piece_frontend_groups_to_characters>
<battle_set_piece_frontend_groups_to_characters record_uuid="{8e5a9893-3c3c-4a3c-96e5-d964eb688dcf}" record_timestamp="1461596558530" record_key="wh_dlc03_bst_malagorwh_dlc03_qb_bst_malagor_the_dark_omen_the_icons_of_vilification_stage_5_player_grandcampaign">
<character>wh_dlc03_qb_bst_malagor_the_dark_omen_the_icons_of_vilification_stage_5_player_grandcampaign</character>
<frontend_group>wh_dlc03_bst_malagor</frontend_group>
</battle_set_piece_frontend_groups_to_characters>
<battle_set_piece_frontend_groups_to_characters record_uuid="{a870f00e-b6d9-46a9-b655-c41c8173917f}" record_timestamp="1469524701621" record_key="wh_dlc04_emp_volkmarwh_dlc04_qb_emp_volkmar_the_grim_jade_griffon_stage_4_player">
<character>wh_dlc04_qb_emp_volkmar_the_grim_jade_griffon_stage_4_player</character>
<frontend_group>wh_dlc04_emp_volkmar</frontend_group>
</battle_set_piece_frontend_groups_to_characters>
<battle_set_piece_frontend_groups_to_characters record_uuid="{ecd0b642-d610-4d8a-8803-f1c455f87f2a}" record_timestamp="1469524701593" record_key="wh_dlc04_emp_volkmarwh_dlc04_qb_emp_volkmar_the_grim_staff_of_command_stage_4_player">
<character>wh_dlc04_qb_emp_volkmar_the_grim_staff_of_command_stage_4_player</character>
<frontend_group>wh_dlc04_emp_volkmar</frontend_group>
</battle_set_piece_frontend_groups_to_characters>
<battle_set_piece_frontend_groups_to_characters record_uuid="{ce7484f1-2c39-4b23-b181-05a5bf6f439c}" record_timestamp="1469524701641" record_key="wh_dlc04_vmp_helmanwh_dlc04_qb_vmp_helman_ghorst_liber_noctus_stage_4_player">
<character>wh_dlc04_qb_vmp_helman_ghorst_liber_noctus_stage_4_player</character>
<frontend_group>wh_dlc04_vmp_helman</frontend_group>
</battle_set_piece_frontend_groups_to_characters>
<battle_set_piece_frontend_groups_to_characters record_uuid="{d5b6dd5f-250e-44be-b09f-48969aaa7e1f}" record_timestamp="1469524701660" record_key="wh_dlc04_vmp_vladwh_dlc04_qb_vmp_vlad_von_carstein_the_von_carstein_ring_stage_4_player">
<character>wh_dlc04_qb_vmp_vlad_von_carstein_the_von_carstein_ring_stage_4_player</character>
<frontend_group>wh_dlc04_vmp_vlad</frontend_group>
</battle_set_piece_frontend_groups_to_characters>
<battle_set_piece_frontend_groups_to_characters record_uuid="{716095c1-5869-4b61-b1f8-2ca9283cc228}" record_timestamp="1469524701650" record_key="wh_dlc04_vmp_vladwh_dlc04_qb_vmp_vlad_von_cartein_blood_drinker_stage_4_player">
<character>wh_dlc04_qb_vmp_vlad_von_cartein_blood_drinker_stage_4_player</character>
<frontend_group>wh_dlc04_vmp_vlad</frontend_group>
</battle_set_piece_frontend_groups_to_characters>
<battle_set_piece_frontend_groups_to_characters record_uuid="{517a8b2e-7c3c-4683-9367-797277d2a492}" record_timestamp="1441279658021" record_key="wh_main_dwf_thorgrimwh_main_qb_dwf_thorgrim_grudgebearer_armour_of_skaldour_stage_4_player">
<character>wh_main_qb_dwf_thorgrim_grudgebearer_armour_of_skaldour_stage_4_player</character>
<frontend_group>wh_main_dwf_thorgrim</frontend_group>
</battle_set_piece_frontend_groups_to_characters>
<battle_set_piece_frontend_groups_to_characters record_uuid="{96f6b60d-078b-4bb5-abc5-dd6b66b14acd}" record_timestamp="1441279659004" record_key="wh_main_dwf_thorgrimwh_main_qb_dwf_thorgrim_grudgebearer_axe_of_grimnir_stage_3_player">
<character>wh_main_qb_dwf_thorgrim_grudgebearer_axe_of_grimnir_stage_3_player</character>
<frontend_group>wh_main_dwf_thorgrim</frontend_group>
</battle_set_piece_frontend_groups_to_characters>
<battle_set_piece_frontend_groups_to_characters record_uuid="{b4741e13-dbfd-43bb-97b5-1170a4e137da}" record_timestamp="1441279659078" record_key="wh_main_dwf_thorgrimwh_main_qb_dwf_thorgrim_grudgebearer_book_of_grudges_stage_3_player">
<character>wh_main_qb_dwf_thorgrim_grudgebearer_book_of_grudges_stage_3_player</character>
<frontend_group>wh_main_dwf_thorgrim</frontend_group>
</battle_set_piece_frontend_groups_to_characters>
<battle_set_piece_frontend_groups_to_characters record_uuid="{29ca54b8-cb39-4798-a478-73ca7a01fce8}" record_timestamp="1447424640955" record_key="wh_main_dwf_thorgrimwh_main_qb_dwf_thorgrim_grudgebearer_dragon_crown_of_karaz_stage_3_black_fire_pass_player_1_general">
<character>wh_main_qb_dwf_thorgrim_grudgebearer_dragon_crown_of_karaz_stage_3_black_fire_pass_player_1_general</character>
<frontend_group>wh_main_dwf_thorgrim</frontend_group>
</battle_set_piece_frontend_groups_to_characters>
<battle_set_piece_frontend_groups_to_characters record_uuid="{606aaf0e-989b-4508-9754-a3222ad3fb5c}" record_timestamp="1441279658701" record_key="wh_main_dwf_thorgrimwh_main_qb_dwf_thorgrim_grudgebearer_intro_subterranean_player">
<character>wh_main_qb_dwf_thorgrim_grudgebearer_intro_subterranean_player</character>
<frontend_group>wh_main_dwf_thorgrim</frontend_group>
</battle_set_piece_frontend_groups_to_characters>
<battle_set_piece_frontend_groups_to_characters record_uuid="{84df66fd-423c-468a-9832-14850ce5f1b0}" record_timestamp="1441279658778" record_key="wh_main_dwf_ungrimwh_main_qb_dwf_ungrim_ironfist_axe_of_dargo_stage_4_player">
<character>wh_main_qb_dwf_ungrim_ironfist_axe_of_dargo_stage_4_player</character>
<frontend_group>wh_main_dwf_ungrim</frontend_group>
</battle_set_piece_frontend_groups_to_characters>
<battle_set_piece_frontend_groups_to_characters record_uuid="{582c4e79-8bba-428a-acc6-c1d039abf1f1}" record_timestamp="1441279658550" record_key="wh_main_dwf_ungrimwh_main_qb_dwf_ungrim_ironfist_dragon_cloak_of_fyrskar_stage_3_player">
<character>wh_main_qb_dwf_ungrim_ironfist_dragon_cloak_of_fyrskar_stage_3_player</character>
<frontend_group>wh_main_dwf_ungrim</frontend_group>
</battle_set_piece_frontend_groups_to_characters>
<battle_set_piece_frontend_groups_to_characters record_uuid="{646480b6-385b-43ad-a86a-96a65813d99d}" record_timestamp="1441279658625" record_key="wh_main_dwf_ungrimwh_main_qb_dwf_ungrim_ironfist_dragon_cloak_of_fyrskar_stage_4_player">
<character>wh_main_qb_dwf_ungrim_ironfist_dragon_cloak_of_fyrskar_stage_4_player</character>
<frontend_group>wh_main_dwf_ungrim</frontend_group>
</battle_set_piece_frontend_groups_to_characters>
<battle_set_piece_frontend_groups_to_characters record_uuid="{77011412-b5a1-442e-b3ec-5d7de8acd392}" record_timestamp="1441279659606" record_key="wh_main_dwf_ungrimwh_main_qb_dwf_ungrim_ironfist_slayer_crown_stage_4_player">
<character>wh_main_qb_dwf_ungrim_ironfist_slayer_crown_stage_4_player</character>
<frontend_group>wh_main_dwf_ungrim</frontend_group>
</battle_set_piece_frontend_groups_to_characters>
<battle_set_piece_frontend_groups_to_characters record_uuid="{6c6ebb00-bd56-491c-8f28-7a4bce9ca7e9}" record_timestamp="1441279656437" record_key="wh_main_dwf_ungrimwh_main_qb_dwf_ungrim_ironfist_slayer_crown_stage_5_player">
<character>wh_main_qb_dwf_ungrim_ironfist_slayer_crown_stage_5_player</character>
<frontend_group>wh_main_dwf_ungrim</frontend_group>
</battle_set_piece_frontend_groups_to_characters>
<battle_set_piece_frontend_groups_to_characters record_uuid="{18ff11bc-13b2-4945-a70b-db190f244377}" record_timestamp="1441279659456" record_key="wh_main_emp_balthasarwh_main_qb_emp_balthasar_gelt_amulet_of_sea_gold_stage_4_player">
<character>wh_main_qb_emp_balthasar_gelt_amulet_of_sea_gold_stage_4_player</character>
<frontend_group>wh_main_emp_balthasar</frontend_group>
</battle_set_piece_frontend_groups_to_characters>
<battle_set_piece_frontend_groups_to_characters record_uuid="{6f68276c-2820-4836-8cd6-d332573bbbff}" record_timestamp="1441279659532" record_key="wh_main_emp_balthasarwh_main_qb_emp_balthasar_gelt_cloak_of_molten_metal_stage_3_player">
<character>wh_main_qb_emp_balthasar_gelt_cloak_of_molten_metal_stage_3_player</character>
<frontend_group>wh_main_emp_balthasar</frontend_group>
</battle_set_piece_frontend_groups_to_characters>
<battle_set_piece_frontend_groups_to_characters record_uuid="{eccfc8fa-5371-45cc-9ce9-50b6be2144ae}" record_timestamp="1441279659303" record_key="wh_main_emp_balthasarwh_main_qb_emp_balthasar_gelt_cloak_of_molten_metal_stage_5_player">
<character>wh_main_qb_emp_balthasar_gelt_cloak_of_molten_metal_stage_5_player</character>
<frontend_group>wh_main_emp_balthasar</frontend_group>
</battle_set_piece_frontend_groups_to_characters>
<battle_set_piece_frontend_groups_to_characters record_uuid="{6fbe3b7a-4d6e-4dc2-bee7-2bdd16b3ad4e}" record_timestamp="1441279659378" record_key="wh_main_emp_balthasarwh_main_qb_emp_balthasar_gelt_staff_of_volans_stage_2_player">
<character>wh_main_qb_emp_balthasar_gelt_staff_of_volans_stage_2_player</character>
<frontend_group>wh_main_emp_balthasar</frontend_group>
</battle_set_piece_frontend_groups_to_characters>
<battle_set_piece_frontend_groups_to_characters record_uuid="{02092695-1af8-46dc-ab4f-a5d5e0e23797}" record_timestamp="1441279659152" record_key="wh_main_emp_balthasarwh_main_qb_emp_balthasar_gelt_staff_of_volans_stage_3_player">
<character>wh_main_qb_emp_balthasar_gelt_staff_of_volans_stage_3_player</character>
<frontend_group>wh_main_emp_balthasar</frontend_group>
</battle_set_piece_frontend_groups_to_characters>
<battle_set_piece_frontend_groups_to_characters record_uuid="{e22351fb-ac71-4482-95a7-1fd2ad7ab16c}" record_timestamp="1447424645032" record_key="wh_main_emp_karlwh_main_qb_emp_karl_franz_ghal_maraz_stage_4_black_fire_pass_player_1_general">
<character>wh_main_qb_emp_karl_franz_ghal_maraz_stage_4_black_fire_pass_player_1_general</character>
<frontend_group>wh_main_emp_karl</frontend_group>
</battle_set_piece_frontend_groups_to_characters>
<battle_set_piece_frontend_groups_to_characters record_uuid="{cad365fe-f262-4170-8e64-7f5da3338a6e}" record_timestamp="1441279656963" record_key="wh_main_emp_karlwh_main_qb_emp_karl_franz_intro_battle_of_bloodpine_woods_player">
<character>wh_main_qb_emp_karl_franz_intro_battle_of_bloodpine_woods_player</character>
<frontend_group>wh_main_emp_karl</frontend_group>
</battle_set_piece_frontend_groups_to_characters>
<battle_set_piece_frontend_groups_to_characters record_uuid="{d45d59d5-a7d6-440b-aea6-af880dfda69d}" record_timestamp="1441279657039" record_key="wh_main_emp_karlwh_main_qb_emp_karl_franz_reikland_runefang_stage_3_player">
<character>wh_main_qb_emp_karl_franz_reikland_runefang_stage_3_player</character>
<frontend_group>wh_main_emp_karl</frontend_group>
</battle_set_piece_frontend_groups_to_characters>
<battle_set_piece_frontend_groups_to_characters record_uuid="{09499545-d576-413a-a331-2aec68b01213}" record_timestamp="1441279656813" record_key="wh_main_emp_karlwh_main_qb_emp_karl_franz_silver_seal_stage_3_player">
<character>wh_main_qb_emp_karl_franz_silver_seal_stage_3_player</character>
<frontend_group>wh_main_emp_karl</frontend_group>
</battle_set_piece_frontend_groups_to_characters>
<battle_set_piece_frontend_groups_to_characters record_uuid="{12649dcd-2561-4f30-bf4b-5733697269b5}" record_timestamp="1441279656888" record_key="wh_main_grn_azhagwh_main_qb_grn_azhag_the_slaughterer_azhags_ard_armour_stage_4_player">
<character>wh_main_qb_grn_azhag_the_slaughterer_azhags_ard_armour_stage_4_player</character>
<frontend_group>wh_main_grn_azhag</frontend_group>
</battle_set_piece_frontend_groups_to_characters>
<battle_set_piece_frontend_groups_to_characters record_uuid="{0709b4e5-218b-481d-bc8c-f03cfa9310a7}" record_timestamp="1441279656662" record_key="wh_main_grn_azhagwh_main_qb_grn_azhag_the_slaughterer_crown_of_sorcery_stage_3_player">
<character>wh_main_qb_grn_azhag_the_slaughterer_crown_of_sorcery_stage_3_player</character>
<frontend_group>wh_main_grn_azhag</frontend_group>
</battle_set_piece_frontend_groups_to_characters>
<battle_set_piece_frontend_groups_to_characters record_uuid="{1f5e11b5-4e6b-4be9-96fb-6fc2a77cde17}" record_timestamp="1441279656738" record_key="wh_main_grn_azhagwh_main_qb_grn_azhag_the_slaughterer_slaggas_slashas_stage_2_player">
<character>wh_main_qb_grn_azhag_the_slaughterer_slaggas_slashas_stage_2_player</character>
<frontend_group>wh_main_grn_azhag</frontend_group>
</battle_set_piece_frontend_groups_to_characters>
<battle_set_piece_frontend_groups_to_characters record_uuid="{895a9cbc-e3c9-44a8-bf3e-32d50079d1d7}" record_timestamp="1441279656512" record_key="wh_main_grn_azhagwh_main_qb_grn_azhag_the_slaughterer_slaggas_slashas_stage_4_player">
<character>wh_main_qb_grn_azhag_the_slaughterer_slaggas_slashas_stage_4_player</character>
<frontend_group>wh_main_grn_azhag</frontend_group>
</battle_set_piece_frontend_groups_to_characters>
<battle_set_piece_frontend_groups_to_characters record_uuid="{c9888128-8d4e-42bd-ab94-97af49d3f0f3}" record_timestamp="1441279656588" record_key="wh_main_grn_grimgorwh_main_qb_grn_grimgor_ironhide_blood_forged_armour_stage_2_player">
<character>wh_main_qb_grn_grimgor_ironhide_blood_forged_armour_stage_2_player</character>
<frontend_group>wh_main_grn_grimgor</frontend_group>
</battle_set_piece_frontend_groups_to_characters>
<battle_set_piece_frontend_groups_to_characters record_uuid="{5d8d4452-57cc-45a8-9a7f-c28493f87fb9}" record_timestamp="1441279657491" record_key="wh_main_grn_grimgorwh_main_qb_grn_grimgor_ironhide_blood_forged_armour_stage_4_player">
<character>wh_main_qb_grn_grimgor_ironhide_blood_forged_armour_stage_4_player</character>
<frontend_group>wh_main_grn_grimgor</frontend_group>
</battle_set_piece_frontend_groups_to_characters>
<battle_set_piece_frontend_groups_to_characters record_uuid="{5a0f60d5-b92e-4f31-acb0-2d9fab612fc4}" record_timestamp="1447424644106" record_key="wh_main_grn_grimgorwh_main_qb_grn_grimgor_ironhide_gitsnik_stage_4_black_fire_pass_player_1_general">
<character>wh_main_qb_grn_grimgor_ironhide_gitsnik_stage_4_black_fire_pass_player_1_general</character>
<frontend_group>wh_main_grn_grimgor</frontend_group>
</battle_set_piece_frontend_groups_to_characters>
<battle_set_piece_frontend_groups_to_characters record_uuid="{e866a9d5-06bc-4f95-b05d-9aeac6723a79}" record_timestamp="1441279657340" record_key="wh_main_grn_grimgorwh_main_qb_grn_grimgor_ironhide_intro_subterranean_player">
<character>wh_main_qb_grn_grimgor_ironhide_intro_subterranean_player</character>
<frontend_group>wh_main_grn_grimgor</frontend_group>
</battle_set_piece_frontend_groups_to_characters>
<battle_set_piece_frontend_groups_to_characters record_uuid="{a7d96269-6957-496c-995e-773719534078}" record_timestamp="1441279657264" record_key="wh_main_vmp_heinrichwh_main_qb_vmp_heinrich_kemmler_chaos_tomb_blade_stage_4_player">
<character>wh_main_qb_vmp_heinrich_kemmler_chaos_tomb_blade_stage_4_player</character>
<frontend_group>wh_main_vmp_heinrich</frontend_group>
</battle_set_piece_frontend_groups_to_characters>
<battle_set_piece_frontend_groups_to_characters record_uuid="{166b9889-3cab-45cb-a21d-61964ac3615d}" record_timestamp="1441279657115" record_key="wh_main_vmp_heinrichwh_main_qb_vmp_heinrich_kemmler_cloak_of_mists_stage_3_player">
<character>wh_main_qb_vmp_heinrich_kemmler_cloak_of_mists_stage_3_player</character>
<frontend_group>wh_main_vmp_heinrich</frontend_group>
</battle_set_piece_frontend_groups_to_characters>
<battle_set_piece_frontend_groups_to_characters record_uuid="{44f8095d-247e-4fb1-8841-ea15f8fe6f7a}" record_timestamp="1441279657190" record_key="wh_main_vmp_heinrichwh_main_qb_vmp_heinrich_kemmler_skull_staff_stage_3_player">
<character>wh_main_qb_vmp_heinrich_kemmler_skull_staff_stage_3_player</character>
<frontend_group>wh_main_vmp_heinrich</frontend_group>
</battle_set_piece_frontend_groups_to_characters>
<battle_set_piece_frontend_groups_to_characters record_uuid="{d58c617b-fb00-4956-8e04-b5c397ceb497}" record_timestamp="1441279657798" record_key="wh_main_vmp_mannfredwh_main_qb_vmp_mannfred_von_carstein_armour_of_templehof_stage_3_player">
<character>wh_main_qb_vmp_mannfred_von_carstein_armour_of_templehof_stage_3_player</character>
<frontend_group>wh_main_vmp_mannfred</frontend_group>
</battle_set_piece_frontend_groups_to_characters>
<battle_set_piece_frontend_groups_to_characters record_uuid="{d76bcbf3-ab1c-4cd9-a5eb-aa1799ac26ab}" record_timestamp="1441279657872" record_key="wh_main_vmp_mannfredwh_main_qb_vmp_mannfred_von_carstein_armour_of_templehof_stage_6_player">
<character>wh_main_qb_vmp_mannfred_von_carstein_armour_of_templehof_stage_6_player</character>
<frontend_group>wh_main_vmp_mannfred</frontend_group>
</battle_set_piece_frontend_groups_to_characters>
<battle_set_piece_frontend_groups_to_characters record_uuid="{6227979c-4591-4057-bc93-b81aeb8a3df5}" record_timestamp="1441279657645" record_key="wh_main_vmp_mannfredwh_main_qb_vmp_mannfred_von_carstein_intro_battle_of_hel_fenn_player">
<character>wh_main_qb_vmp_mannfred_von_carstein_intro_battle_of_hel_fenn_player</character>
<frontend_group>wh_main_vmp_mannfred</frontend_group>
</battle_set_piece_frontend_groups_to_characters>
<battle_set_piece_frontend_groups_to_characters record_uuid="{5940f536-4bd6-4423-a2d2-2dc0ed8197a7}" record_timestamp="1441279657722" record_key="wh_main_vmp_mannfredwh_main_qb_vmp_mannfred_von_carstein_sword_of_unholy_power_stage_4_player">
<character>wh_main_qb_vmp_mannfred_von_carstein_sword_of_unholy_power_stage_4_player</character>
<frontend_group>wh_main_vmp_mannfred</frontend_group>
</battle_set_piece_frontend_groups_to_characters>
</dataroot>
