<?xml version="1.0" encoding="UTF-8"?>
<dataroot xmlns:od="urn:schemas-microsoft-com:officedata" xmlns:xsi="http://www.w3.org/2001/XMLSchema-instance" xsi:noNamespaceSchemaLocation="battle_camera_shake_parameters.xsd" export_time="Wed May 4 11:51:23 2016" revision="17" export_branch="T:/branches/warhammer/beastmen/warhammer/binaries.x64" export_user="bob">
<edit_uuid>c0679fe9-e4c5-42f3-ae60-5e022f336a13</edit_uuid>
<battle_camera_shake_parameters record_uuid="{820a5c5d-8e04-4e78-a62d-c87afa52585f}" record_timestamp="1438963413114" record_key="wh_main_unit_artillery_footstep">
<attack>0.1</attack>
<decay>0.1</decay>
<fall_off_distance>10</fall_off_distance>
<horizontal_amplitude>0.05</horizontal_amplitude>
<horizontal_frequency>5</horizontal_frequency>
<key>wh_main_unit_artillery_footstep</key>
<octave_amplitude_multiplier>1</octave_amplitude_multiplier>
<octave_frequency_multiplier>1</octave_frequency_multiplier>
<octaves>1</octaves>
<pitch_amplitude>0.1</pitch_amplitude>
<pitch_frequency>2</pitch_frequency>
<release>0.1</release>
<roll_amplitude>0.1</roll_amplitude>
<roll_frequency>2</roll_frequency>
<sustain>0.1</sustain>
<sustain_multiplier>0.5</sustain_multiplier>
<vertical_amplitude>0.05</vertical_amplitude>
<vertical_frequency>5</vertical_frequency>
<yaw_amplitude>0.1</yaw_amplitude>
<yaw_frequency>3</yaw_frequency>
</battle_camera_shake_parameters>
<battle_camera_shake_parameters record_uuid="{cb005069-6730-4a31-b2c3-8371b6bca90e}" record_timestamp="1438963413097" record_key="wh_main_unit_cavalry_footstep">
<attack>0.1</attack>
<decay>0.1</decay>
<fall_off_distance>20</fall_off_distance>
<horizontal_amplitude>0.05</horizontal_amplitude>
<horizontal_frequency>6</horizontal_frequency>
<key>wh_main_unit_cavalry_footstep</key>
<octave_amplitude_multiplier>1</octave_amplitude_multiplier>
<octave_frequency_multiplier>1</octave_frequency_multiplier>
<octaves>1</octaves>
<pitch_amplitude>0.1</pitch_amplitude>
<pitch_frequency>3</pitch_frequency>
<release>0.1</release>
<roll_amplitude>0.1</roll_amplitude>
<roll_frequency>3</roll_frequency>
<sustain>0.1</sustain>
<sustain_multiplier>0.5</sustain_multiplier>
<vertical_amplitude>0.05</vertical_amplitude>
<vertical_frequency>6</vertical_frequency>
<yaw_amplitude>0.1</yaw_amplitude>
<yaw_frequency>4</yaw_frequency>
</battle_camera_shake_parameters>
<battle_camera_shake_parameters record_uuid="{d5f2586d-27d4-44d7-b95e-eb87dd414dde}" record_timestamp="1462358717718" record_key="wh_main_unit_combat">
<attack>0.1</attack>
<decay>0.05</decay>
<fall_off_distance>20</fall_off_distance>
<horizontal_amplitude>0</horizontal_amplitude>
<horizontal_frequency>5</horizontal_frequency>
<key>wh_main_unit_combat</key>
<octave_amplitude_multiplier>1</octave_amplitude_multiplier>
<octave_frequency_multiplier>1</octave_frequency_multiplier>
<octaves>2</octaves>
<pitch_amplitude>2</pitch_amplitude>
<pitch_frequency>15</pitch_frequency>
<release>0.2</release>
<roll_amplitude>2</roll_amplitude>
<roll_frequency>15</roll_frequency>
<sustain>0.4</sustain>
<sustain_multiplier>0.5</sustain_multiplier>
<vertical_amplitude>0</vertical_amplitude>
<vertical_frequency>5</vertical_frequency>
<yaw_amplitude>2</yaw_amplitude>
<yaw_frequency>15</yaw_frequency>
</battle_camera_shake_parameters>
<battle_camera_shake_parameters record_uuid="{e534659e-ad59-4e46-8f65-9bda88d99c1f}" record_timestamp="1439220637280" record_key="wh_main_unit_explosion_heavy">
<attack>0.2</attack>
<decay>0.1</decay>
<fall_off_distance>30</fall_off_distance>
<horizontal_amplitude>0.3</horizontal_amplitude>
<horizontal_frequency>6</horizontal_frequency>
<key>wh_main_unit_explosion_heavy</key>
<octave_amplitude_multiplier>1</octave_amplitude_multiplier>
<octave_frequency_multiplier>1</octave_frequency_multiplier>
<octaves>1</octaves>
<pitch_amplitude>0.1</pitch_amplitude>
<pitch_frequency>3</pitch_frequency>
<release>0.2</release>
<roll_amplitude>0.1</roll_amplitude>
<roll_frequency>3</roll_frequency>
<sustain>0.1</sustain>
<sustain_multiplier>0.5</sustain_multiplier>
<vertical_amplitude>0.4</vertical_amplitude>
<vertical_frequency>8</vertical_frequency>
<yaw_amplitude>0.1</yaw_amplitude>
<yaw_frequency>3</yaw_frequency>
</battle_camera_shake_parameters>
<battle_camera_shake_parameters record_uuid="{c667e2cb-dad8-488e-b8d3-b0d659d48816}" record_timestamp="1439220637220" record_key="wh_main_unit_explosion_light">
<attack>0.2</attack>
<decay>0.1</decay>
<fall_off_distance>10</fall_off_distance>
<horizontal_amplitude>0.15</horizontal_amplitude>
<horizontal_frequency>8</horizontal_frequency>
<key>wh_main_unit_explosion_light</key>
<octave_amplitude_multiplier>1</octave_amplitude_multiplier>
<octave_frequency_multiplier>1</octave_frequency_multiplier>
<octaves>1</octaves>
<pitch_amplitude>0.1</pitch_amplitude>
<pitch_frequency>3</pitch_frequency>
<release>0.2</release>
<roll_amplitude>0.1</roll_amplitude>
<roll_frequency>3</roll_frequency>
<sustain>0.1</sustain>
<sustain_multiplier>0.5</sustain_multiplier>
<vertical_amplitude>0.1</vertical_amplitude>
<vertical_frequency>4</vertical_frequency>
<yaw_amplitude>0.1</yaw_amplitude>
<yaw_frequency>3</yaw_frequency>
</battle_camera_shake_parameters>
<battle_camera_shake_parameters record_uuid="{1fcd17a2-5452-4299-944b-1ca214c0d8a9}" record_timestamp="1439220637161" record_key="wh_main_unit_explosion_medium">
<attack>0.2</attack>
<decay>0.1</decay>
<fall_off_distance>20</fall_off_distance>
<horizontal_amplitude>0.3</horizontal_amplitude>
<horizontal_frequency>10</horizontal_frequency>
<key>wh_main_unit_explosion_medium</key>
<octave_amplitude_multiplier>1</octave_amplitude_multiplier>
<octave_frequency_multiplier>1</octave_frequency_multiplier>
<octaves>1</octaves>
<pitch_amplitude>0.1</pitch_amplitude>
<pitch_frequency>3</pitch_frequency>
<release>0.2</release>
<roll_amplitude>0.1</roll_amplitude>
<roll_frequency>3</roll_frequency>
<sustain>0.1</sustain>
<sustain_multiplier>0.5</sustain_multiplier>
<vertical_amplitude>0.2</vertical_amplitude>
<vertical_frequency>6</vertical_frequency>
<yaw_amplitude>0.1</yaw_amplitude>
<yaw_frequency>3</yaw_frequency>
</battle_camera_shake_parameters>
<battle_camera_shake_parameters record_uuid="{6523186c-facf-4715-99c4-49b9722b40da}" record_timestamp="1438947746604" record_key="wh_main_unit_giant_footstep">
<attack>0.4</attack>
<decay>0.2</decay>
<fall_off_distance>40</fall_off_distance>
<horizontal_amplitude>0.1</horizontal_amplitude>
<horizontal_frequency>8</horizontal_frequency>
<key>wh_main_unit_giant_footstep</key>
<octave_amplitude_multiplier>1.1</octave_amplitude_multiplier>
<octave_frequency_multiplier>1.1</octave_frequency_multiplier>
<octaves>2</octaves>
<pitch_amplitude>0.1</pitch_amplitude>
<pitch_frequency>4</pitch_frequency>
<release>0.2</release>
<roll_amplitude>0.1</roll_amplitude>
<roll_frequency>4</roll_frequency>
<sustain>0.1</sustain>
<sustain_multiplier>1</sustain_multiplier>
<vertical_amplitude>0.2</vertical_amplitude>
<vertical_frequency>10</vertical_frequency>
<yaw_amplitude>0.1</yaw_amplitude>
<yaw_frequency>4</yaw_frequency>
</battle_camera_shake_parameters>
<battle_camera_shake_parameters record_uuid="{1d038e85-f187-47bf-805f-3c3be8b43a07}" record_timestamp="1439220640619" record_key="wh_main_unit_impact_heavy">
<attack>0.15</attack>
<decay>0.1</decay>
<fall_off_distance>20</fall_off_distance>
<horizontal_amplitude>0.2</horizontal_amplitude>
<horizontal_frequency>8</horizontal_frequency>
<key>wh_main_unit_impact_heavy</key>
<octave_amplitude_multiplier>1</octave_amplitude_multiplier>
<octave_frequency_multiplier>1</octave_frequency_multiplier>
<octaves>1</octaves>
<pitch_amplitude>0.1</pitch_amplitude>
<pitch_frequency>3</pitch_frequency>
<release>0.1</release>
<roll_amplitude>0.1</roll_amplitude>
<roll_frequency>3</roll_frequency>
<sustain>0.1</sustain>
<sustain_multiplier>0.5</sustain_multiplier>
<vertical_amplitude>0.12</vertical_amplitude>
<vertical_frequency>4</vertical_frequency>
<yaw_amplitude>0.1</yaw_amplitude>
<yaw_frequency>3</yaw_frequency>
</battle_camera_shake_parameters>
<battle_camera_shake_parameters record_uuid="{8b5fa54b-8e89-4079-a3ff-a22deee916de}" record_timestamp="1439220640548" record_key="wh_main_unit_impact_light">
<attack>0.1</attack>
<decay>0.05</decay>
<fall_off_distance>10</fall_off_distance>
<horizontal_amplitude>0.05</horizontal_amplitude>
<horizontal_frequency>8</horizontal_frequency>
<key>wh_main_unit_impact_light</key>
<octave_amplitude_multiplier>1</octave_amplitude_multiplier>
<octave_frequency_multiplier>1</octave_frequency_multiplier>
<octaves>1</octaves>
<pitch_amplitude>0.1</pitch_amplitude>
<pitch_frequency>3</pitch_frequency>
<release>0.05</release>
<roll_amplitude>0.1</roll_amplitude>
<roll_frequency>3</roll_frequency>
<sustain>0.05</sustain>
<sustain_multiplier>0.5</sustain_multiplier>
<vertical_amplitude>0.08</vertical_amplitude>
<vertical_frequency>4</vertical_frequency>
<yaw_amplitude>0.1</yaw_amplitude>
<yaw_frequency>3</yaw_frequency>
</battle_camera_shake_parameters>
<battle_camera_shake_parameters record_uuid="{2614354e-19a6-4854-a8a1-921abe0e9802}" record_timestamp="1439220640479" record_key="wh_main_unit_impact_medium">
<attack>0.1</attack>
<decay>0.05</decay>
<fall_off_distance>15</fall_off_distance>
<horizontal_amplitude>0.15</horizontal_amplitude>
<horizontal_frequency>8</horizontal_frequency>
<key>wh_main_unit_impact_medium</key>
<octave_amplitude_multiplier>1</octave_amplitude_multiplier>
<octave_frequency_multiplier>1</octave_frequency_multiplier>
<octaves>1</octaves>
<pitch_amplitude>0.1</pitch_amplitude>
<pitch_frequency>3</pitch_frequency>
<release>0.1</release>
<roll_amplitude>0.1</roll_amplitude>
<roll_frequency>3</roll_frequency>
<sustain>0.05</sustain>
<sustain_multiplier>0.5</sustain_multiplier>
<vertical_amplitude>0.1</vertical_amplitude>
<vertical_frequency>4</vertical_frequency>
<yaw_amplitude>0.1</yaw_amplitude>
<yaw_frequency>3</yaw_frequency>
</battle_camera_shake_parameters>
<battle_camera_shake_parameters record_uuid="{5395aba5-9c8c-402e-b5dc-a4a5f8398b06}" record_timestamp="1439220635678" record_key="wh_main_unit_infantry_footstep">
<attack>0.1</attack>
<decay>0.05</decay>
<fall_off_distance>10</fall_off_distance>
<horizontal_amplitude>0.015</horizontal_amplitude>
<horizontal_frequency>5</horizontal_frequency>
<key>wh_main_unit_infantry_footstep</key>
<octave_amplitude_multiplier>1</octave_amplitude_multiplier>
<octave_frequency_multiplier>1</octave_frequency_multiplier>
<octaves>1</octaves>
<pitch_amplitude>0.05</pitch_amplitude>
<pitch_frequency>5</pitch_frequency>
<release>0.05</release>
<roll_amplitude>0.05</roll_amplitude>
<roll_frequency>5</roll_frequency>
<sustain>0.05</sustain>
<sustain_multiplier>0.5</sustain_multiplier>
<vertical_amplitude>0.015</vertical_amplitude>
<vertical_frequency>5</vertical_frequency>
<yaw_amplitude>0.05</yaw_amplitude>
<yaw_frequency>5</yaw_frequency>
</battle_camera_shake_parameters>
<battle_camera_shake_parameters record_uuid="{697f94e3-a36e-42e2-866d-72b0066afdf3}" record_timestamp="1439220642738" record_key="wh_main_unit_launch_heavy">
<attack>0.1</attack>
<decay>0.1</decay>
<fall_off_distance>20</fall_off_distance>
<horizontal_amplitude>0.2</horizontal_amplitude>
<horizontal_frequency>10</horizontal_frequency>
<key>wh_main_unit_launch_heavy</key>
<octave_amplitude_multiplier>1</octave_amplitude_multiplier>
<octave_frequency_multiplier>1</octave_frequency_multiplier>
<octaves>1</octaves>
<pitch_amplitude>0.1</pitch_amplitude>
<pitch_frequency>6</pitch_frequency>
<release>0.5</release>
<roll_amplitude>0.1</roll_amplitude>
<roll_frequency>6</roll_frequency>
<sustain>0.3</sustain>
<sustain_multiplier>0.5</sustain_multiplier>
<vertical_amplitude>0.2</vertical_amplitude>
<vertical_frequency>10</vertical_frequency>
<yaw_amplitude>0.1</yaw_amplitude>
<yaw_frequency>6</yaw_frequency>
</battle_camera_shake_parameters>
<battle_camera_shake_parameters record_uuid="{7d1a9a46-ef7b-4706-b5dc-1e28e75294cc}" record_timestamp="1439220642669" record_key="wh_main_unit_launch_light">
<attack>0.1</attack>
<decay>0.1</decay>
<fall_off_distance>10</fall_off_distance>
<horizontal_amplitude>0.15</horizontal_amplitude>
<horizontal_frequency>6</horizontal_frequency>
<key>wh_main_unit_launch_light</key>
<octave_amplitude_multiplier>1</octave_amplitude_multiplier>
<octave_frequency_multiplier>1</octave_frequency_multiplier>
<octaves>1</octaves>
<pitch_amplitude>0.1</pitch_amplitude>
<pitch_frequency>3</pitch_frequency>
<release>0.5</release>
<roll_amplitude>0.1</roll_amplitude>
<roll_frequency>3</roll_frequency>
<sustain>0.3</sustain>
<sustain_multiplier>0.5</sustain_multiplier>
<vertical_amplitude>0.15</vertical_amplitude>
<vertical_frequency>6</vertical_frequency>
<yaw_amplitude>0.1</yaw_amplitude>
<yaw_frequency>3</yaw_frequency>
</battle_camera_shake_parameters>
<battle_camera_shake_parameters record_uuid="{d712de64-2f1a-462f-af38-99fae4b10599}" record_timestamp="1439220642600" record_key="wh_main_unit_launch_medium">
<attack>0.1</attack>
<decay>0.1</decay>
<fall_off_distance>15</fall_off_distance>
<horizontal_amplitude>0.18</horizontal_amplitude>
<horizontal_frequency>8</horizontal_frequency>
<key>wh_main_unit_launch_medium</key>
<octave_amplitude_multiplier>1</octave_amplitude_multiplier>
<octave_frequency_multiplier>1</octave_frequency_multiplier>
<octaves>1</octaves>
<pitch_amplitude>0.1</pitch_amplitude>
<pitch_frequency>4</pitch_frequency>
<release>0.5</release>
<roll_amplitude>0.1</roll_amplitude>
<roll_frequency>4</roll_frequency>
<sustain>0.3</sustain>
<sustain_multiplier>0.5</sustain_multiplier>
<vertical_amplitude>0.18</vertical_amplitude>
<vertical_frequency>8</vertical_frequency>
<yaw_amplitude>0.1</yaw_amplitude>
<yaw_frequency>6</yaw_frequency>
</battle_camera_shake_parameters>
<battle_camera_shake_parameters record_uuid="{08724a86-88a7-4a54-b707-09ac0f7735f0}" record_timestamp="1439220635229" record_key="wh_main_unit_light_cannon_launch">
<attack>0.1</attack>
<decay>0.1</decay>
<fall_off_distance>15</fall_off_distance>
<horizontal_amplitude>0.15</horizontal_amplitude>
<horizontal_frequency>6</horizontal_frequency>
<key>wh_main_unit_light_cannon_launch</key>
<octave_amplitude_multiplier>1</octave_amplitude_multiplier>
<octave_frequency_multiplier>1</octave_frequency_multiplier>
<octaves>1</octaves>
<pitch_amplitude>0.1</pitch_amplitude>
<pitch_frequency>3</pitch_frequency>
<release>0.5</release>
<roll_amplitude>0.1</roll_amplitude>
<roll_frequency>3</roll_frequency>
<sustain>0.3</sustain>
<sustain_multiplier>0.5</sustain_multiplier>
<vertical_amplitude>0.15</vertical_amplitude>
<vertical_frequency>6</vertical_frequency>
<yaw_amplitude>0.1</yaw_amplitude>
<yaw_frequency>3</yaw_frequency>
</battle_camera_shake_parameters>
<battle_camera_shake_parameters record_uuid="{7963907b-56c8-4e28-baa4-ce138e488ded}" record_timestamp="1438947746578" record_key="wh_main_unit_machine_footstep">
<attack>0.2</attack>
<decay>0.8</decay>
<fall_off_distance>20</fall_off_distance>
<horizontal_amplitude>0.05</horizontal_amplitude>
<horizontal_frequency>10</horizontal_frequency>
<key>wh_main_unit_machine_footstep</key>
<octave_amplitude_multiplier>0.5</octave_amplitude_multiplier>
<octave_frequency_multiplier>2</octave_frequency_multiplier>
<octaves>2</octaves>
<pitch_amplitude>0.1</pitch_amplitude>
<pitch_frequency>1</pitch_frequency>
<release>1</release>
<roll_amplitude>0.1</roll_amplitude>
<roll_frequency>1</roll_frequency>
<sustain>0.5</sustain>
<sustain_multiplier>0.5</sustain_multiplier>
<vertical_amplitude>0.05</vertical_amplitude>
<vertical_frequency>10</vertical_frequency>
<yaw_amplitude>0.1</yaw_amplitude>
<yaw_frequency>1</yaw_frequency>
</battle_camera_shake_parameters>
<battle_camera_shake_parameters record_uuid="{b22db74f-72fa-4ba5-8b87-35e9f84c76e4}" record_timestamp="1438963413133" record_key="wh_main_unit_monster_footstep">
<attack>0.1</attack>
<decay>0.1</decay>
<fall_off_distance>15</fall_off_distance>
<horizontal_amplitude>0.05</horizontal_amplitude>
<horizontal_frequency>6</horizontal_frequency>
<key>wh_main_unit_monster_footstep</key>
<octave_amplitude_multiplier>1</octave_amplitude_multiplier>
<octave_frequency_multiplier>1</octave_frequency_multiplier>
<octaves>1</octaves>
<pitch_amplitude>0.1</pitch_amplitude>
<pitch_frequency>3</pitch_frequency>
<release>0.1</release>
<roll_amplitude>0.1</roll_amplitude>
<roll_frequency>3</roll_frequency>
<sustain>0.1</sustain>
<sustain_multiplier>0.5</sustain_multiplier>
<vertical_amplitude>0.05</vertical_amplitude>
<vertical_frequency>6</vertical_frequency>
<yaw_amplitude>0.1</yaw_amplitude>
<yaw_frequency>4</yaw_frequency>
</battle_camera_shake_parameters>
</dataroot>
