<?xml version="1.0" encoding="UTF-8"?>
<dataroot xmlns:od="urn:schemas-microsoft-com:officedata" xmlns:xsi="http://www.w3.org/2001/XMLSchema-instance" xsi:noNamespaceSchemaLocation="battle_types.xsd" export_time="Wed Apr 20 12:44:41 2016" revision="43" export_branch="T:/branches/warhammer/beastmen/warhammer/binaries.x64" export_user="bob">
<edit_uuid>0e9f2065-e0b0-48eb-b3c5-4291500e4768</edit_uuid>
<battle_types record_uuid="{1cdebde4-d0ac-4925-b2be-5daa8733b95a}" record_key="Tutorial">
<defender_funds_ratio>1</defender_funds_ratio>
<max_teamsize>4</max_teamsize>
<onscreen state="APPROVED" last_approved_text="Tutorial" last_edit_user="bob">Tutorial</onscreen>
<sort_order>-1</sort_order>
<type>Tutorial</type>
</battle_types>
<battle_types record_uuid="{c4faa0dc-86ba-4175-bc9c-2ffb71e170bd}" record_timestamp="1459933466746" record_key="ambush">
<defender_funds_ratio>1</defender_funds_ratio>
<max_teamsize>1</max_teamsize>
<onscreen state="APPROVED" last_approved_text="Ambush Battle" last_edit_user="bob">Ambush Battle</onscreen>
<sort_order>2</sort_order>
<type>ambush</type>
</battle_types>
<battle_types record_uuid="{a7fb1a9f-424c-43ad-a4f2-e5c3771d9211}" record_key="campaign_battle">
<defender_funds_ratio>1</defender_funds_ratio>
<max_teamsize>4</max_teamsize>
<onscreen state="APPROVED" last_approved_text="Campaign Battle" last_edit_user="bob">Campaign Battle</onscreen>
<sort_order>-1</sort_order>
<type>campaign_battle</type>
</battle_types>
<battle_types record_uuid="{6ae328ab-f539-4a77-a0c8-c5fd554fbde3}" record_timestamp="1443523367809" record_key="capture_point">
<defender_funds_ratio>1</defender_funds_ratio>
<max_teamsize>2</max_teamsize>
<onscreen state="APPROVED" last_approved_text="Capture Point Battle" last_edit_user="bob">Capture Point Battle</onscreen>
<sort_order>-1</sort_order>
<type>capture_point</type>
</battle_types>
<battle_types record_uuid="{fc73134d-30ce-406b-9659-df8b482d85c0}" record_timestamp="1460469299644" record_key="classic">
<defender_funds_ratio>1</defender_funds_ratio>
<max_teamsize>4</max_teamsize>
<onscreen state="APPROVED" last_approved_text="Land Battle" last_edit_user="bob">Land Battle</onscreen>
<sort_order>0</sort_order>
<type>classic</type>
</battle_types>
<battle_types record_uuid="{26d12651-e59b-4767-99ce-aebff731c401}" record_timestamp="1443523367780" record_key="coastal_battle">
<defender_funds_ratio>0.9</defender_funds_ratio>
<max_teamsize>2</max_teamsize>
<onscreen state="APPROVED" last_approved_text="Coastal Battle" last_edit_user="bob">Coastal Battle</onscreen>
<sort_order>-1</sort_order>
<type>coastal_battle</type>
</battle_types>
<battle_types record_uuid="{d5c8138a-eb12-4eea-b242-78c7c61be780}" record_timestamp="1366894959969" record_key="limes">
<defender_funds_ratio>1</defender_funds_ratio>
<max_teamsize>4</max_teamsize>
<onscreen state="APPROVED" last_approved_text="Limes" last_edit_user="bob">Limes</onscreen>
<sort_order>-1</sort_order>
<type>limes</type>
</battle_types>
<battle_types record_uuid="{bb3658cb-a5b5-44ce-a7d9-e5cb8afba309}" record_key="napoleon_historic">
<defender_funds_ratio>1</defender_funds_ratio>
<max_teamsize>4</max_teamsize>
<onscreen state="IGNORED" last_approved_text="text_rejected" last_edit_user="bob">text_rejected</onscreen>
<sort_order>-1</sort_order>
<type>napoleon_historic</type>
</battle_types>
<battle_types record_uuid="{49072222-1232-43ba-a35a-251462623aab}" record_timestamp="1443523367757" record_key="naval">
<defender_funds_ratio>1</defender_funds_ratio>
<max_teamsize>2</max_teamsize>
<onscreen state="APPROVED" last_approved_text="Naval Battle" last_edit_user="bob">Naval Battle</onscreen>
<sort_order>-1</sort_order>
<type>naval</type>
</battle_types>
<battle_types record_uuid="{0777de61-5535-4bb6-8319-f060ff2d857b}" record_timestamp="1443523367735" record_key="naval_siege">
<defender_funds_ratio>0.9</defender_funds_ratio>
<max_teamsize>2</max_teamsize>
<onscreen state="APPROVED" last_approved_text="Port Assault" last_edit_user="bob">Port Assault</onscreen>
<sort_order>-1</sort_order>
<type>naval_siege</type>
</battle_types>
<battle_types record_uuid="{35239492-4ce2-4d12-bf06-28c8b848d098}" record_timestamp="1443597937356" record_key="river_crossing_battle">
<defender_funds_ratio>0.9</defender_funds_ratio>
<max_teamsize>2</max_teamsize>
<onscreen state="APPROVED" last_approved_text="River Battle" last_edit_user="bob">River Battle</onscreen>
<sort_order>-1</sort_order>
<type>river_crossing_battle</type>
</battle_types>
<battle_types record_uuid="{a52cb4f1-a730-43f0-a3f8-b980d9e6e2ba}" record_timestamp="1460469299702" record_key="siege">
<defender_funds_ratio>0.7</defender_funds_ratio>
<max_teamsize>4</max_teamsize>
<onscreen state="APPROVED" last_approved_text="Siege Battle" last_edit_user="bob">Siege Battle</onscreen>
<sort_order>1</sort_order>
<type>siege</type>
</battle_types>
<battle_types record_uuid="{ada1690a-5a4d-4d41-b21d-7a7865cbf3df}" record_timestamp="1460469299750" record_key="underground_intercept">
<defender_funds_ratio>1</defender_funds_ratio>
<max_teamsize>1</max_teamsize>
<onscreen state="APPROVED" last_approved_text="Subterranean Battle" last_edit_user="bob">Subterranean Battle</onscreen>
<sort_order>5</sort_order>
<type>underground_intercept</type>
</battle_types>
<battle_types record_uuid="{4e42d912-31f8-4bae-9a9e-6d02acd8633b}" record_timestamp="1443523367680" record_key="unfortified_port">
<defender_funds_ratio>0.9</defender_funds_ratio>
<max_teamsize>2</max_teamsize>
<onscreen state="APPROVED" last_approved_text="Unfortified Port Assault" last_edit_user="bob">Unfortified Port Assault</onscreen>
<sort_order>-1</sort_order>
<type>unfortified_port</type>
</battle_types>
<battle_types record_uuid="{06be0504-8f70-447b-aedb-9348aefb368d}" record_timestamp="1461152296731" record_key="unfortified_settlement">
<defender_funds_ratio>0.9</defender_funds_ratio>
<max_teamsize>2</max_teamsize>
<onscreen state="APPROVED" last_approved_text="Unfortified Town Assault" last_edit_user="bob">Unfortified Town Assault</onscreen>
<sort_order>-1</sort_order>
<type>unfortified_settlement</type>
</battle_types>
</dataroot>
