<?xml version="1.0" encoding="UTF-8"?>
<dataroot xmlns:od="urn:schemas-microsoft-com:officedata" xmlns:xsi="http://www.w3.org/2001/XMLSchema-instance" xsi:noNamespaceSchemaLocation="battle_personalities.xsd" export_time="Mon Aug 22 16:46:02 2016" revision="199" export_branch="T:/branches/warhammer/sigmar/warhammer/binaries.x64" export_user="bob">
<edit_uuid>aa052337-45fc-44d8-b9e8-b928a6056e78</edit_uuid>
<battle_personalities record_uuid="{004d8f27-9584-4c5c-9180-8952bd0eae8f}" record_timestamp="1471358642496" record_key="wh_dlc03_bst_razorgor_chariot_rider1">
<battle_entity>wh_main_infantry_rider</battle_entity>
<battle_entity_stats></battle_entity_stats>
<game_expansion_key>tentpole</game_expansion_key>
<key>wh_dlc03_bst_razorgor_chariot_rider1</key>
<man_animations_table>hu6_gor_wm_razorgor_chariot_whip</man_animations_table>
<missile_type></missile_type>
<rider_attachment_point>ap_crewposition_0</rider_attachment_point>
<type>autonomous_rider</type>
<variant>wh_dlc03_bst_gors</variant>
</battle_personalities>
<battle_personalities record_uuid="{d538b21e-6265-4b2d-bd82-950add725884}" record_timestamp="1471358642543" record_key="wh_dlc03_bst_razorgor_chariot_rider2">
<battle_entity>wh_main_infantry_rider</battle_entity>
<battle_entity_stats></battle_entity_stats>
<game_expansion_key>tentpole</game_expansion_key>
<key>wh_dlc03_bst_razorgor_chariot_rider2</key>
<man_animations_table>hu6_gor_wm_razorgor_chariot_spear</man_animations_table>
<missile_type></missile_type>
<rider_attachment_point>ap_crewposition_1</rider_attachment_point>
<type>autonomous_rider</type>
<variant>wh_dlc03_bst_bestigors</variant>
</battle_personalities>
<battle_personalities record_uuid="{83f2289f-7f17-4af1-a93c-77e68c42307c}" record_timestamp="1471358642590" record_key="wh_dlc03_bst_razorgor_khazrak_chariot_rider2">
<battle_entity>wh_main_infantry_standard_hero_blood</battle_entity>
<battle_entity_stats></battle_entity_stats>
<game_expansion_key>tentpole</game_expansion_key>
<key>wh_dlc03_bst_razorgor_khazrak_chariot_rider2</key>
<man_animations_table>hu6_gor_wm_razorgor_chariot_sword_and_whip</man_animations_table>
<missile_type></missile_type>
<rider_attachment_point>ap_crewposition_1</rider_attachment_point>
<type>autonomous_rider</type>
<variant>wh_dlc03_bst_ch_khazrak</variant>
</battle_personalities>
<battle_personalities record_uuid="{31ce1300-cbb5-49a9-a237-de6a617d1df5}" record_timestamp="1471358642637" record_key="wh_dlc03_bst_razorgor_lord_chariot_rider2">
<battle_entity>wh_main_infantry_standard_hero_blood</battle_entity>
<battle_entity_stats></battle_entity_stats>
<game_expansion_key>tentpole</game_expansion_key>
<key>wh_dlc03_bst_razorgor_lord_chariot_rider2</key>
<man_animations_table>hu6_gor_wm_razorgor_chariot_dual_axe</man_animations_table>
<missile_type></missile_type>
<rider_attachment_point>ap_crewposition_1</rider_attachment_point>
<type>autonomous_rider</type>
<variant>wh_dlc03_bst_ch_beastlords</variant>
</battle_personalities>
<battle_personalities record_uuid="{2a2a4e38-1bfa-4217-9c33-cc0bccfad0d3}" record_timestamp="1471358642685" record_key="wh_dlc03_bst_razorgor_shaman_chariot_rider2">
<battle_entity>wh_main_infantry_standard_hero_blood</battle_entity>
<battle_entity_stats></battle_entity_stats>
<game_expansion_key>tentpole</game_expansion_key>
<key>wh_dlc03_bst_razorgor_shaman_chariot_rider2</key>
<man_animations_table>hu6_gor_wm_razorgor_chariot_staff_and_sword</man_animations_table>
<missile_type></missile_type>
<rider_attachment_point>ap_crewposition_1</rider_attachment_point>
<type>autonomous_rider</type>
<variant>wh_dlc03_bst_ch_bray_shaman</variant>
</battle_personalities>
<battle_personalities record_uuid="{41215cd6-57b9-4622-8342-4648b610256b}" record_timestamp="1471880762509" record_key="wh_dlc04_emp_war_altar_rider_0">
<battle_entity>wh_main_infantry_rider</battle_entity>
<battle_entity_stats></battle_entity_stats>
<game_expansion_key>lord_and_units_1_everyone</game_expansion_key>
<key>wh_dlc04_emp_war_altar_rider_0</key>
<man_animations_table>hu1_volkmar_staff_and_hammer</man_animations_table>
<missile_type></missile_type>
<rider_attachment_point>ap_crewposition_1</rider_attachment_point>
<type>autonomous_rider</type>
<variant>wh_dlc04_emp_ch_volkmar</variant>
</battle_personalities>
<battle_personalities record_uuid="{0510a1c3-0566-4a6e-a0dc-90c49e1f72b1}" record_timestamp="1471880762515" record_key="wh_dlc04_emp_war_altar_rider_1">
<battle_entity>wh_main_infantry_rider</battle_entity>
<battle_entity_stats></battle_entity_stats>
<game_expansion_key>lord_and_units_1_everyone</game_expansion_key>
<key>wh_dlc04_emp_war_altar_rider_1</key>
<man_animations_table>hu1_empire_hammer_and_book</man_animations_table>
<missile_type></missile_type>
<rider_attachment_point>ap_crewposition_0</rider_attachment_point>
<type>autonomous_rider</type>
<variant>wh_emp_ch_warrior_priest</variant>
</battle_personalities>
<battle_personalities record_uuid="{4ff87937-a33e-4e50-a5c7-440647e66369}" record_timestamp="1470934535341" record_key="wh_dlc04_vmp_claw_of_nagash_banshee1">
<battle_entity>wh_main_infantry_rider</battle_entity>
<battle_entity_stats></battle_entity_stats>
<game_expansion_key>lord_and_units_1_everyone</game_expansion_key>
<key>wh_dlc04_vmp_claw_of_nagash_banshee1</key>
<man_animations_table>gh1_banshee_mortisengine_nagash</man_animations_table>
<missile_type></missile_type>
<rider_attachment_point>ap_banshee_0</rider_attachment_point>
<type>autonomous_rider</type>
<variant>wh_vmp_ch_banshee_nagash</variant>
</battle_personalities>
<battle_personalities record_uuid="{7b8771c4-2a7f-45b1-8116-a77de1e66788}" record_timestamp="1470934535341" record_key="wh_dlc04_vmp_claw_of_nagash_banshee2">
<battle_entity>wh_main_infantry_rider</battle_entity>
<battle_entity_stats></battle_entity_stats>
<game_expansion_key>lord_and_units_1_everyone</game_expansion_key>
<key>wh_dlc04_vmp_claw_of_nagash_banshee2</key>
<man_animations_table>gh1_banshee_mortisengine_nagash</man_animations_table>
<missile_type></missile_type>
<rider_attachment_point>ap_banshee_1</rider_attachment_point>
<type>autonomous_rider</type>
<variant>wh_vmp_ch_banshee_nagash</variant>
</battle_personalities>
<battle_personalities record_uuid="{13d004f1-ea80-446a-9a9b-77139010b7b4}" record_timestamp="1470934535341" record_key="wh_dlc04_vmp_claw_of_nagash_banshee3">
<battle_entity>wh_main_infantry_rider</battle_entity>
<battle_entity_stats></battle_entity_stats>
<game_expansion_key>lord_and_units_1_everyone</game_expansion_key>
<key>wh_dlc04_vmp_claw_of_nagash_banshee3</key>
<man_animations_table>gh1_banshee_mortisengine_nagash</man_animations_table>
<missile_type></missile_type>
<rider_attachment_point>ap_banshee_2</rider_attachment_point>
<type>autonomous_rider</type>
<variant>wh_vmp_ch_banshee_nagash</variant>
</battle_personalities>
<battle_personalities record_uuid="{486ea828-dd90-4bde-a492-6d5155d79477}" record_timestamp="1470934535341" record_key="wh_dlc04_vmp_claw_of_nagash_cairn_wraith1">
<battle_entity>wh_main_infantry_rider</battle_entity>
<battle_entity_stats></battle_entity_stats>
<game_expansion_key>lord_and_units_1_everyone</game_expansion_key>
<key>wh_dlc04_vmp_claw_of_nagash_cairn_wraith1</key>
<man_animations_table>gh1_cairn_wraith_nagash</man_animations_table>
<missile_type></missile_type>
<rider_attachment_point>ap_cairn_wraith_0</rider_attachment_point>
<type>autonomous_rider</type>
<variant>wh_vmp_ghost_cairnwraith_nagash</variant>
</battle_personalities>
<battle_personalities record_uuid="{65d2d6d0-8277-4176-bd1e-de032488630e}" record_timestamp="1470934535341" record_key="wh_dlc04_vmp_claw_of_nagash_cairn_wraith2">
<battle_entity>wh_main_infantry_rider</battle_entity>
<battle_entity_stats></battle_entity_stats>
<game_expansion_key>lord_and_units_1_everyone</game_expansion_key>
<key>wh_dlc04_vmp_claw_of_nagash_cairn_wraith2</key>
<man_animations_table>gh1_cairn_wraith_nagash</man_animations_table>
<missile_type></missile_type>
<rider_attachment_point>ap_cairn_wraith_1</rider_attachment_point>
<type>autonomous_rider</type>
<variant>wh_vmp_ghost_cairnwraith_nagash</variant>
</battle_personalities>
<battle_personalities record_uuid="{cc1ed348-0bb0-4bfe-b708-43b665fbdfb8}" record_timestamp="1470406556300" record_key="wh_dlc04_vmp_claw_of_nagash_horse1">
<battle_entity>wh_main_infantry_rider</battle_entity>
<battle_entity_stats></battle_entity_stats>
<game_expansion_key>lord_and_units_1_everyone</game_expansion_key>
<key>wh_dlc04_vmp_claw_of_nagash_horse1</key>
<man_animations_table>hr1_vmp_skeletal_steed_mortisengine</man_animations_table>
<missile_type></missile_type>
<rider_attachment_point>ap_draughtposition_0</rider_attachment_point>
<type>autonomous_rider</type>
<variant>wh_vmp_barded_skeletal_steed_nagash</variant>
</battle_personalities>
<battle_personalities record_uuid="{d07ef266-01c3-48cb-a80c-b803244ba658}" record_timestamp="1470406556552" record_key="wh_dlc04_vmp_claw_of_nagash_horse2">
<battle_entity>wh_main_infantry_rider</battle_entity>
<battle_entity_stats></battle_entity_stats>
<game_expansion_key>lord_and_units_1_everyone</game_expansion_key>
<key>wh_dlc04_vmp_claw_of_nagash_horse2</key>
<man_animations_table>hr1_vmp_skeletal_steed_mortisengine</man_animations_table>
<missile_type></missile_type>
<rider_attachment_point>ap_draughtposition_1</rider_attachment_point>
<type>autonomous_rider</type>
<variant>wh_vmp_barded_skeletal_steed_nagash</variant>
</battle_personalities>
<battle_personalities record_uuid="{ed3478fe-284f-46e7-a8d6-f8383c7ff248}" record_timestamp="1470406556536" record_key="wh_dlc04_vmp_claw_of_nagash_horse3">
<battle_entity>wh_main_infantry_rider</battle_entity>
<battle_entity_stats></battle_entity_stats>
<game_expansion_key>lord_and_units_1_everyone</game_expansion_key>
<key>wh_dlc04_vmp_claw_of_nagash_horse3</key>
<man_animations_table>hr1_vmp_skeletal_steed_mortisengine</man_animations_table>
<missile_type></missile_type>
<rider_attachment_point>ap_draughtposition_2</rider_attachment_point>
<type>autonomous_rider</type>
<variant>wh_vmp_barded_skeletal_steed_nagash</variant>
</battle_personalities>
<battle_personalities record_uuid="{e7bf5277-ab47-41d8-ade4-c863df0ba307}" record_timestamp="1470406556519" record_key="wh_dlc04_vmp_claw_of_nagash_knight01">
<battle_entity>wh_main_infantry_rider</battle_entity>
<battle_entity_stats></battle_entity_stats>
<game_expansion_key>lord_and_units_1_everyone</game_expansion_key>
<key>wh_dlc04_vmp_claw_of_nagash_knight01</key>
<man_animations_table>hu1_skeleton_hr1_skeletal_steed_mortis_engine</man_animations_table>
<missile_type></missile_type>
<rider_attachment_point>ap_riderposition_0</rider_attachment_point>
<type>autonomous_rider</type>
<variant>wh_vmp_black_knight_lance_nagash</variant>
</battle_personalities>
<battle_personalities record_uuid="{9676759c-8324-43fc-a0e6-3289895b3058}" record_timestamp="1470406556502" record_key="wh_dlc04_vmp_claw_of_nagash_knight02">
<battle_entity>wh_main_infantry_rider</battle_entity>
<battle_entity_stats></battle_entity_stats>
<game_expansion_key>lord_and_units_1_everyone</game_expansion_key>
<key>wh_dlc04_vmp_claw_of_nagash_knight02</key>
<man_animations_table>hu1_skeleton_hr1_skeletal_steed_mortis_engine</man_animations_table>
<missile_type></missile_type>
<rider_attachment_point>ap_riderposition_1</rider_attachment_point>
<type>autonomous_rider</type>
<variant>wh_vmp_black_knight_lance_nagash</variant>
</battle_personalities>
<battle_personalities record_uuid="{6932923d-f6a1-40d2-b563-3a005608f401}" record_timestamp="1470406556487" record_key="wh_dlc04_vmp_claw_of_nagash_knight03">
<battle_entity>wh_main_infantry_rider</battle_entity>
<battle_entity_stats></battle_entity_stats>
<game_expansion_key>lord_and_units_1_everyone</game_expansion_key>
<key>wh_dlc04_vmp_claw_of_nagash_knight03</key>
<man_animations_table>hu1_skeleton_hr1_skeletal_steed_mortis_engine</man_animations_table>
<missile_type></missile_type>
<rider_attachment_point>ap_riderposition_2</rider_attachment_point>
<type>autonomous_rider</type>
<variant>wh_vmp_black_knight_lance_nagash</variant>
</battle_personalities>
<battle_personalities record_uuid="{c23a76de-d9bb-43f8-b7ac-937286e9922f}" record_timestamp="1471339533688" record_key="wh_dlc04_vmp_claw_of_nagash_rider1">
<battle_entity>wh_main_infantry_rider</battle_entity>
<battle_entity_stats></battle_entity_stats>
<game_expansion_key>lord_and_units_1_everyone</game_expansion_key>
<key>wh_dlc04_vmp_claw_of_nagash_rider1</key>
<man_animations_table>hu1_empire_staff_and_sword</man_animations_table>
<missile_type></missile_type>
<rider_attachment_point>ap_crewposition_0</rider_attachment_point>
<type>autonomous_rider</type>
<variant>wh_dlc04_vmp_necromancer_corpsemaster</variant>
</battle_personalities>
<battle_personalities record_uuid="{485f3b8a-16d0-4bd7-b4ca-fb39d2dbd93b}" record_timestamp="1470406556471" record_key="wh_dlc04_vmp_claw_of_nagash_skeleton1">
<battle_entity>wh_main_infantry_rider</battle_entity>
<battle_entity_stats></battle_entity_stats>
<game_expansion_key>lord_and_units_1_everyone</game_expansion_key>
<key>wh_dlc04_vmp_claw_of_nagash_skeleton1</key>
<man_animations_table>hu1_sk_mortisengine_left_00</man_animations_table>
<missile_type></missile_type>
<rider_attachment_point>ap_skeleton_0</rider_attachment_point>
<type>autonomous_rider</type>
<variant>wh_vmp_skeleton_spearmen_nagash</variant>
</battle_personalities>
<battle_personalities record_uuid="{0fef6d8f-b67f-490b-a2df-42439372e230}" record_timestamp="1470406556453" record_key="wh_dlc04_vmp_claw_of_nagash_skeleton2">
<battle_entity>wh_main_infantry_rider</battle_entity>
<battle_entity_stats></battle_entity_stats>
<game_expansion_key>lord_and_units_1_everyone</game_expansion_key>
<key>wh_dlc04_vmp_claw_of_nagash_skeleton2</key>
<man_animations_table>hu1_sk_mortisengine_left_01</man_animations_table>
<missile_type></missile_type>
<rider_attachment_point>ap_skeleton_1</rider_attachment_point>
<type>autonomous_rider</type>
<variant>wh_vmp_skeleton_nagash</variant>
</battle_personalities>
<battle_personalities record_uuid="{a7c2eada-5ceb-4e7c-b6f9-532352c85641}" record_timestamp="1470406556438" record_key="wh_dlc04_vmp_claw_of_nagash_skeleton3">
<battle_entity>wh_main_infantry_rider</battle_entity>
<battle_entity_stats></battle_entity_stats>
<game_expansion_key>lord_and_units_1_everyone</game_expansion_key>
<key>wh_dlc04_vmp_claw_of_nagash_skeleton3</key>
<man_animations_table>hu1_sk_mortisengine_left_02</man_animations_table>
<missile_type></missile_type>
<rider_attachment_point>ap_skeleton_2</rider_attachment_point>
<type>autonomous_rider</type>
<variant>wh_vmp_skeleton_nagash</variant>
</battle_personalities>
<battle_personalities record_uuid="{183e1cda-e011-4653-9b02-6c9756705dcc}" record_timestamp="1470406556423" record_key="wh_dlc04_vmp_claw_of_nagash_skeleton4">
<battle_entity>wh_main_infantry_rider</battle_entity>
<battle_entity_stats></battle_entity_stats>
<game_expansion_key>lord_and_units_1_everyone</game_expansion_key>
<key>wh_dlc04_vmp_claw_of_nagash_skeleton4</key>
<man_animations_table>hu1_sk_mortisengine_right_00</man_animations_table>
<missile_type></missile_type>
<rider_attachment_point>ap_skeleton_3</rider_attachment_point>
<type>autonomous_rider</type>
<variant>wh_vmp_skeleton_spearmen_nagash</variant>
</battle_personalities>
<battle_personalities record_uuid="{633e0f04-2506-41e9-b33b-a338c17f18ec}" record_timestamp="1470406556406" record_key="wh_dlc04_vmp_claw_of_nagash_skeleton5">
<battle_entity>wh_main_infantry_rider</battle_entity>
<battle_entity_stats></battle_entity_stats>
<game_expansion_key>lord_and_units_1_everyone</game_expansion_key>
<key>wh_dlc04_vmp_claw_of_nagash_skeleton5</key>
<man_animations_table>hu1_sk_mortisengine_right_01</man_animations_table>
<missile_type></missile_type>
<rider_attachment_point>ap_skeleton_4</rider_attachment_point>
<type>autonomous_rider</type>
<variant>wh_vmp_skeleton_nagash</variant>
</battle_personalities>
<battle_personalities record_uuid="{d05d0c67-bc19-4e7f-9442-bacbcefd90ce}" record_timestamp="1470406556392" record_key="wh_dlc04_vmp_claw_of_nagash_skeleton6">
<battle_entity>wh_main_infantry_rider</battle_entity>
<battle_entity_stats></battle_entity_stats>
<game_expansion_key>lord_and_units_1_everyone</game_expansion_key>
<key>wh_dlc04_vmp_claw_of_nagash_skeleton6</key>
<man_animations_table>hu1_sk_mortisengine_right_02</man_animations_table>
<missile_type></missile_type>
<rider_attachment_point>ap_skeleton_5</rider_attachment_point>
<type>autonomous_rider</type>
<variant>wh_vmp_skeleton_nagash</variant>
</battle_personalities>
<battle_personalities record_uuid="{4cf749ca-222d-429d-9392-8e8817d2f8d5}" record_timestamp="1455790806396" record_key="wh_dlc04_vmp_corpse_cart_rider1">
<battle_entity>wh_main_infantry_rider</battle_entity>
<battle_entity_stats></battle_entity_stats>
<game_expansion_key>lord_and_units_1_everyone</game_expansion_key>
<key>wh_dlc04_vmp_corpse_cart_rider1</key>
<man_animations_table>hu1_vampire_wm_corpse_cart_whip</man_animations_table>
<missile_type></missile_type>
<rider_attachment_point>ap_crewposition_0</rider_attachment_point>
<type>autonomous_rider</type>
<variant>wh_dlc04_vmp_necromancer_corpsemaster</variant>
</battle_personalities>
<battle_personalities record_uuid="{128895d6-4e1d-4caa-a223-a73414c9018b}" record_timestamp="1470645282075" record_key="wh_dlc04_vmp_corpse_cart_rider1_helman">
<battle_entity>wh_main_infantry_rider</battle_entity>
<battle_entity_stats></battle_entity_stats>
<game_expansion_key>lord_and_units_1_everyone</game_expansion_key>
<key>wh_dlc04_vmp_corpse_cart_rider1_helman</key>
<man_animations_table>hu1_vampire_wm_corpse_cart_staff_and_sword</man_animations_table>
<missile_type></missile_type>
<rider_attachment_point>ap_crewposition_0</rider_attachment_point>
<type>autonomous_rider</type>
<variant>wh_dlc04_vmp_ch_master_necromancer_helman</variant>
</battle_personalities>
<battle_personalities record_uuid="{7cfdd5d3-4a42-457a-9a6e-2a36c1eb5ffa}" record_timestamp="1470645282075" record_key="wh_dlc04_vmp_corpse_cart_rider1_master_necromancer">
<battle_entity>wh_main_infantry_rider</battle_entity>
<battle_entity_stats></battle_entity_stats>
<game_expansion_key>lord_and_units_1_everyone</game_expansion_key>
<key>wh_dlc04_vmp_corpse_cart_rider1_master_necromancer</key>
<man_animations_table>hu1_vampire_wm_corpse_cart_staff_and_sword</man_animations_table>
<missile_type></missile_type>
<rider_attachment_point>ap_crewposition_0</rider_attachment_point>
<type>autonomous_rider</type>
<variant>wh_vmp_ch_master_necromancer</variant>
</battle_personalities>
<battle_personalities record_uuid="{2ec3de8f-e455-40b6-a7ed-a43d102a84d1}" record_timestamp="1470645282075" record_key="wh_dlc04_vmp_corpse_cart_rider1_necromancer">
<battle_entity>wh_main_infantry_rider</battle_entity>
<battle_entity_stats></battle_entity_stats>
<game_expansion_key>lord_and_units_1_everyone</game_expansion_key>
<key>wh_dlc04_vmp_corpse_cart_rider1_necromancer</key>
<man_animations_table>hu1_vampire_wm_corpse_cart_staff_and_sword</man_animations_table>
<missile_type></missile_type>
<rider_attachment_point>ap_crewposition_0</rider_attachment_point>
<type>autonomous_rider</type>
<variant>wh_vmp_ch_necromancer</variant>
</battle_personalities>
<battle_personalities record_uuid="{4adbe749-473f-41f7-a67e-3f61d372f285}" record_timestamp="1455193079740" record_key="wh_dlc04_vmp_mortis_engine_banshee1">
<battle_entity>wh_main_infantry_rider</battle_entity>
<battle_entity_stats></battle_entity_stats>
<game_expansion_key>lord_and_units_1_everyone</game_expansion_key>
<key>wh_dlc04_vmp_mortis_engine_banshee1</key>
<man_animations_table>gh1_banshee_mortisengine</man_animations_table>
<missile_type></missile_type>
<rider_attachment_point>ap_banshee_0</rider_attachment_point>
<type>autonomous_rider</type>
<variant>wh_vmp_ch_banshee</variant>
</battle_personalities>
<battle_personalities record_uuid="{f37e5ae8-179c-4e84-bbc6-60bd48389783}" record_timestamp="1455193079740" record_key="wh_dlc04_vmp_mortis_engine_banshee2">
<battle_entity>wh_main_infantry_rider</battle_entity>
<battle_entity_stats></battle_entity_stats>
<game_expansion_key>lord_and_units_1_everyone</game_expansion_key>
<key>wh_dlc04_vmp_mortis_engine_banshee2</key>
<man_animations_table>gh1_banshee_mortisengine</man_animations_table>
<missile_type></missile_type>
<rider_attachment_point>ap_banshee_1</rider_attachment_point>
<type>autonomous_rider</type>
<variant>wh_vmp_ch_banshee</variant>
</battle_personalities>
<battle_personalities record_uuid="{3aa326c1-4ad9-4fe0-bf18-0883aa9074b5}" record_timestamp="1455193079741" record_key="wh_dlc04_vmp_mortis_engine_banshee3">
<battle_entity>wh_main_infantry_rider</battle_entity>
<battle_entity_stats></battle_entity_stats>
<game_expansion_key>lord_and_units_1_everyone</game_expansion_key>
<key>wh_dlc04_vmp_mortis_engine_banshee3</key>
<man_animations_table>gh1_banshee_mortisengine</man_animations_table>
<missile_type></missile_type>
<rider_attachment_point>ap_banshee_2</rider_attachment_point>
<type>autonomous_rider</type>
<variant>wh_vmp_ch_banshee</variant>
</battle_personalities>
<battle_personalities record_uuid="{3e9b479d-60e0-4b24-88fe-20df17306974}" record_timestamp="1469015037095" record_key="wh_dlc04_vmp_mortis_engine_cairn_wraith1">
<battle_entity>wh_main_infantry_rider</battle_entity>
<battle_entity_stats></battle_entity_stats>
<game_expansion_key>lord_and_units_1_everyone</game_expansion_key>
<key>wh_dlc04_vmp_mortis_engine_cairn_wraith1</key>
<man_animations_table>gh1_cairn_wraith</man_animations_table>
<missile_type></missile_type>
<rider_attachment_point>ap_cairn_wraith_0</rider_attachment_point>
<type>autonomous_rider</type>
<variant>wh_vmp_ghost_cairnwraith_mortis</variant>
</battle_personalities>
<battle_personalities record_uuid="{b2bd2c5a-2064-4594-b078-e6430cc7ac6e}" record_timestamp="1469015037095" record_key="wh_dlc04_vmp_mortis_engine_cairn_wraith2">
<battle_entity>wh_main_infantry_rider</battle_entity>
<battle_entity_stats></battle_entity_stats>
<game_expansion_key>lord_and_units_1_everyone</game_expansion_key>
<key>wh_dlc04_vmp_mortis_engine_cairn_wraith2</key>
<man_animations_table>gh1_cairn_wraith</man_animations_table>
<missile_type></missile_type>
<rider_attachment_point>ap_cairn_wraith_1</rider_attachment_point>
<type>autonomous_rider</type>
<variant>wh_vmp_ghost_cairnwraith_mortis</variant>
</battle_personalities>
<battle_personalities record_uuid="{6994ff44-6acb-45d4-88b5-6cf450b6b3ae}" record_timestamp="1469015037094" record_key="wh_dlc04_vmp_mortis_engine_horse1">
<battle_entity>wh_main_infantry_rider</battle_entity>
<battle_entity_stats></battle_entity_stats>
<game_expansion_key>lord_and_units_1_everyone</game_expansion_key>
<key>wh_dlc04_vmp_mortis_engine_horse1</key>
<man_animations_table>hr1_vmp_skeletal_steed_mortisengine</man_animations_table>
<missile_type></missile_type>
<rider_attachment_point>ap_draughtposition_0</rider_attachment_point>
<type>autonomous_rider</type>
<variant>wh_vmp_barded_skeletal_steed_mortis</variant>
</battle_personalities>
<battle_personalities record_uuid="{19522ab5-9bf0-4182-86ce-0ff8b27c09cc}" record_timestamp="1469015037094" record_key="wh_dlc04_vmp_mortis_engine_horse2">
<battle_entity>wh_main_infantry_rider</battle_entity>
<battle_entity_stats></battle_entity_stats>
<game_expansion_key>lord_and_units_1_everyone</game_expansion_key>
<key>wh_dlc04_vmp_mortis_engine_horse2</key>
<man_animations_table>hr1_vmp_skeletal_steed_mortisengine</man_animations_table>
<missile_type></missile_type>
<rider_attachment_point>ap_draughtposition_1</rider_attachment_point>
<type>autonomous_rider</type>
<variant>wh_vmp_barded_skeletal_steed_mortis</variant>
</battle_personalities>
<battle_personalities record_uuid="{68dbf97c-1b41-4cfe-8429-92ba76d921fe}" record_timestamp="1469015037094" record_key="wh_dlc04_vmp_mortis_engine_horse3">
<battle_entity>wh_main_infantry_rider</battle_entity>
<battle_entity_stats></battle_entity_stats>
<game_expansion_key>lord_and_units_1_everyone</game_expansion_key>
<key>wh_dlc04_vmp_mortis_engine_horse3</key>
<man_animations_table>hr1_vmp_skeletal_steed_mortisengine</man_animations_table>
<missile_type></missile_type>
<rider_attachment_point>ap_draughtposition_2</rider_attachment_point>
<type>autonomous_rider</type>
<variant>wh_vmp_barded_skeletal_steed_mortis</variant>
</battle_personalities>
<battle_personalities record_uuid="{5955736c-24ee-4913-a0e0-a94588125783}" record_timestamp="1469020193665" record_key="wh_dlc04_vmp_mortis_engine_knight01">
<battle_entity>wh_main_infantry_rider</battle_entity>
<battle_entity_stats></battle_entity_stats>
<game_expansion_key>lord_and_units_1_everyone</game_expansion_key>
<key>wh_dlc04_vmp_mortis_engine_knight01</key>
<man_animations_table>hu1_skeleton_hr1_skeletal_steed_mortis_engine</man_animations_table>
<missile_type></missile_type>
<rider_attachment_point>ap_riderposition_0</rider_attachment_point>
<type>autonomous_rider</type>
<variant>wh_vmp_black_knight_lance_mortis</variant>
</battle_personalities>
<battle_personalities record_uuid="{b9d24d02-047b-4a72-a8b5-e31ff452fc6a}" record_timestamp="1469020193682" record_key="wh_dlc04_vmp_mortis_engine_knight02">
<battle_entity>wh_main_infantry_rider</battle_entity>
<battle_entity_stats></battle_entity_stats>
<game_expansion_key>lord_and_units_1_everyone</game_expansion_key>
<key>wh_dlc04_vmp_mortis_engine_knight02</key>
<man_animations_table>hu1_skeleton_hr1_skeletal_steed_mortis_engine</man_animations_table>
<missile_type></missile_type>
<rider_attachment_point>ap_riderposition_1</rider_attachment_point>
<type>autonomous_rider</type>
<variant>wh_vmp_black_knight_lance_mortis</variant>
</battle_personalities>
<battle_personalities record_uuid="{6a1b4367-b257-46c1-ae27-49c2b2dc31c8}" record_timestamp="1469020193701" record_key="wh_dlc04_vmp_mortis_engine_knight03">
<battle_entity>wh_main_infantry_rider</battle_entity>
<battle_entity_stats></battle_entity_stats>
<game_expansion_key>lord_and_units_1_everyone</game_expansion_key>
<key>wh_dlc04_vmp_mortis_engine_knight03</key>
<man_animations_table>hu1_skeleton_hr1_skeletal_steed_mortis_engine</man_animations_table>
<missile_type></missile_type>
<rider_attachment_point>ap_riderposition_2</rider_attachment_point>
<type>autonomous_rider</type>
<variant>wh_vmp_black_knight_lance_mortis</variant>
</battle_personalities>
<battle_personalities record_uuid="{8475cf3c-2ce6-48a1-b39a-fcd6f4bdacdd}" record_timestamp="1455193079744" record_key="wh_dlc04_vmp_mortis_engine_rider1">
<battle_entity>wh_main_infantry_rider</battle_entity>
<battle_entity_stats></battle_entity_stats>
<game_expansion_key>lord_and_units_1_everyone</game_expansion_key>
<key>wh_dlc04_vmp_mortis_engine_rider1</key>
<man_animations_table>hu1_empire_staff_and_sword</man_animations_table>
<missile_type></missile_type>
<rider_attachment_point>ap_crewposition_0</rider_attachment_point>
<type>autonomous_rider</type>
<variant>wh_dlc04_vmp_necromancer_corpsemaster</variant>
</battle_personalities>
<battle_personalities record_uuid="{7fa9ae6c-b112-4541-92da-bc43c0cb3ce4}" record_timestamp="1469020193732" record_key="wh_dlc04_vmp_mortis_engine_skeleton1">
<battle_entity>wh_main_infantry_rider</battle_entity>
<battle_entity_stats></battle_entity_stats>
<game_expansion_key>lord_and_units_1_everyone</game_expansion_key>
<key>wh_dlc04_vmp_mortis_engine_skeleton1</key>
<man_animations_table>hu1_sk_mortisengine_left_00</man_animations_table>
<missile_type></missile_type>
<rider_attachment_point>ap_skeleton_0</rider_attachment_point>
<type>autonomous_rider</type>
<variant>wh_vmp_skeleton_spearmen_mortis</variant>
</battle_personalities>
<battle_personalities record_uuid="{29e59368-6158-4508-983f-398dbb97eaca}" record_timestamp="1469020571739" record_key="wh_dlc04_vmp_mortis_engine_skeleton2">
<battle_entity>wh_main_infantry_rider</battle_entity>
<battle_entity_stats></battle_entity_stats>
<game_expansion_key>lord_and_units_1_everyone</game_expansion_key>
<key>wh_dlc04_vmp_mortis_engine_skeleton2</key>
<man_animations_table>hu1_sk_mortisengine_left_01</man_animations_table>
<missile_type></missile_type>
<rider_attachment_point>ap_skeleton_1</rider_attachment_point>
<type>autonomous_rider</type>
<variant>wh_vmp_skeleton_mortis</variant>
</battle_personalities>
<battle_personalities record_uuid="{4feb14ad-af8a-48dd-a4b7-c659f3111b68}" record_timestamp="1469020571720" record_key="wh_dlc04_vmp_mortis_engine_skeleton3">
<battle_entity>wh_main_infantry_rider</battle_entity>
<battle_entity_stats></battle_entity_stats>
<game_expansion_key>lord_and_units_1_everyone</game_expansion_key>
<key>wh_dlc04_vmp_mortis_engine_skeleton3</key>
<man_animations_table>hu1_sk_mortisengine_left_02</man_animations_table>
<missile_type></missile_type>
<rider_attachment_point>ap_skeleton_2</rider_attachment_point>
<type>autonomous_rider</type>
<variant>wh_vmp_skeleton_mortis</variant>
</battle_personalities>
<battle_personalities record_uuid="{d61b4fbf-12d4-4144-b3a4-1ae20475a13c}" record_timestamp="1469020193722" record_key="wh_dlc04_vmp_mortis_engine_skeleton4">
<battle_entity>wh_main_infantry_rider</battle_entity>
<battle_entity_stats></battle_entity_stats>
<game_expansion_key>lord_and_units_1_everyone</game_expansion_key>
<key>wh_dlc04_vmp_mortis_engine_skeleton4</key>
<man_animations_table>hu1_sk_mortisengine_right_00</man_animations_table>
<missile_type></missile_type>
<rider_attachment_point>ap_skeleton_3</rider_attachment_point>
<type>autonomous_rider</type>
<variant>wh_vmp_skeleton_spearmen_mortis</variant>
</battle_personalities>
<battle_personalities record_uuid="{d53fc690-b047-44d2-ba97-915d97be93ae}" record_timestamp="1469020571749" record_key="wh_dlc04_vmp_mortis_engine_skeleton5">
<battle_entity>wh_main_infantry_rider</battle_entity>
<battle_entity_stats></battle_entity_stats>
<game_expansion_key>lord_and_units_1_everyone</game_expansion_key>
<key>wh_dlc04_vmp_mortis_engine_skeleton5</key>
<man_animations_table>hu1_sk_mortisengine_right_01</man_animations_table>
<missile_type></missile_type>
<rider_attachment_point>ap_skeleton_4</rider_attachment_point>
<type>autonomous_rider</type>
<variant>wh_vmp_skeleton_mortis</variant>
</battle_personalities>
<battle_personalities record_uuid="{32bcd0d8-d00b-4888-a8bb-14eff2372a37}" record_timestamp="1469020571701" record_key="wh_dlc04_vmp_mortis_engine_skeleton6">
<battle_entity>wh_main_infantry_rider</battle_entity>
<battle_entity_stats></battle_entity_stats>
<game_expansion_key>lord_and_units_1_everyone</game_expansion_key>
<key>wh_dlc04_vmp_mortis_engine_skeleton6</key>
<man_animations_table>hu1_sk_mortisengine_right_02</man_animations_table>
<missile_type></missile_type>
<rider_attachment_point>ap_skeleton_5</rider_attachment_point>
<type>autonomous_rider</type>
<variant>wh_vmp_skeleton_mortis</variant>
</battle_personalities>
<battle_personalities record_uuid="{c4fd0449-57f2-4cf7-b755-17ded720425d}" record_timestamp="1459946756714" record_key="wh_main_brt_artillery_commander">
<battle_entity>wh_main_infantry_standard</battle_entity>
<battle_entity_stats></battle_entity_stats>
<game_expansion_key>tentpole</game_expansion_key>
<key>wh_main_brt_artillery_commander</key>
<man_animations_table>hu1_empire_sword</man_animations_table>
<missile_type></missile_type>
<rider_attachment_point></rider_attachment_point>
<type>officer</type>
<variant>wh_brt_artillery_crew</variant>
</battle_personalities>
<battle_personalities record_uuid="{fd50b5c6-5f7b-4101-a047-7a088a3cb6ea}" record_timestamp="1463570232569" record_key="wh_main_brt_king_louen_leoncoeur_rider1">
<battle_entity>wh_main_infantry_standard_large_blood</battle_entity>
<battle_entity_stats></battle_entity_stats>
<game_expansion_key>tentpole</game_expansion_key>
<key>wh_main_brt_king_louen_leoncoeur_rider1</key>
<man_animations_table>hu1_bretonnian_bc2b_hippogryph_wb_sword_shield</man_animations_table>
<missile_type></missile_type>
<rider_attachment_point></rider_attachment_point>
<type>autonomous_rider</type>
<variant>wh_brt_ch_king_louen_leoncoeur</variant>
</battle_personalities>
<battle_personalities record_uuid="{8a403e98-56ab-4bce-8f04-e22cde00c68b}" record_timestamp="1463570232569" record_key="wh_main_brt_lords_rider1">
<battle_entity>wh_main_infantry_standard_large_blood</battle_entity>
<battle_entity_stats></battle_entity_stats>
<game_expansion_key>tentpole</game_expansion_key>
<key>wh_main_brt_lords_rider1</key>
<man_animations_table>hu1_bretonnian_bc2b_hippogryph_wb_lance_sword_shield</man_animations_table>
<missile_type></missile_type>
<rider_attachment_point></rider_attachment_point>
<type>autonomous_rider</type>
<variant>wh_brt_ch_lords_lance</variant>
</battle_personalities>
<battle_personalities record_uuid="{b5ddb90c-69ea-413b-9bcf-6a2f3b0df1f1}" record_timestamp="1463570232536" record_key="wh_main_chs_cha_archaon_1">
<battle_entity>wh_main_infantry_standard_hero_blood</battle_entity>
<battle_entity_stats>wh_main_chs_cha_archaon_1</battle_entity_stats>
<game_expansion_key>tentpole</game_expansion_key>
<key>wh_main_chs_cha_archaon_1</key>
<man_animations_table>hu1c_chaos_sword_and_shield</man_animations_table>
<missile_type></missile_type>
<rider_attachment_point></rider_attachment_point>
<type>officer</type>
<variant>wh_chs_ch_archaon</variant>
</battle_personalities>
<battle_personalities record_uuid="{b3ba2282-d384-4c5d-9ee9-ec8263c60e74}" record_timestamp="1459946756754" record_key="wh_main_chs_chariot_rider1">
<battle_entity></battle_entity>
<battle_entity_stats></battle_entity_stats>
<game_expansion_key>tentpole</game_expansion_key>
<key>wh_main_chs_chariot_rider1</key>
<man_animations_table>hu1c_chaos_wm_chariot_whip</man_animations_table>
<missile_type></missile_type>
<rider_attachment_point>ap_crewposition_0</rider_attachment_point>
<type>autonomous_rider</type>
<variant>wh_chs_charioteer</variant>
</battle_personalities>
<battle_personalities record_uuid="{f7c654b5-1c8d-4256-9361-a1f3d32f3191}" record_timestamp="1459946756755" record_key="wh_main_chs_chariot_rider2">
<battle_entity></battle_entity>
<battle_entity_stats></battle_entity_stats>
<game_expansion_key>tentpole</game_expansion_key>
<key>wh_main_chs_chariot_rider2</key>
<man_animations_table>hu1c_chaos_wm_chariot_halberd</man_animations_table>
<missile_type></missile_type>
<rider_attachment_point>ap_crewposition_1</rider_attachment_point>
<type>autonomous_rider</type>
<variant>wh_chs_charioteer_halberd</variant>
</battle_personalities>
<battle_personalities record_uuid="{6cd57cf6-c484-4703-88fe-e02b07909baf}" record_timestamp="1459946756756" record_key="wh_main_chs_dwarf_artillery_commander">
<battle_entity>wh_main_infantry_slow</battle_entity>
<battle_entity_stats></battle_entity_stats>
<game_expansion_key>tentpole</game_expansion_key>
<key>wh_main_chs_dwarf_artillery_commander</key>
<man_animations_table>hu3_dwarf_hammer</man_animations_table>
<missile_type></missile_type>
<rider_attachment_point></rider_attachment_point>
<type>officer</type>
<variant>wh_chs_chaos_dwarf_artillery_crew</variant>
</battle_personalities>
<battle_personalities record_uuid="{32cdde6b-6a2b-4ab5-b554-7cb03552393e}" record_timestamp="1459946756769" record_key="wh_main_dwf_artillery_commander">
<battle_entity>wh_main_infantry_slow</battle_entity>
<battle_entity_stats></battle_entity_stats>
<game_expansion_key>tentpole</game_expansion_key>
<key>wh_main_dwf_artillery_commander</key>
<man_animations_table>hu3_dwarf_hammer</man_animations_table>
<missile_type></missile_type>
<rider_attachment_point></rider_attachment_point>
<type>officer</type>
<variant>wh_dwf_artillerymen</variant>
</battle_personalities>
<battle_personalities record_uuid="{2d759ca8-85f3-4979-bebf-f6d07873ec77}" record_timestamp="1463570232100" record_key="wh_main_dwf_master_engineer_officer">
<battle_entity>wh_main_dwf_cha_dwarf_master_engineer_blood_dismembers</battle_entity>
<battle_entity_stats>wh_main_dwf_master_engineer</battle_entity_stats>
<game_expansion_key>tentpole</game_expansion_key>
<key>wh_main_dwf_master_engineer_officer</key>
<man_animations_table>hu3_dwarf_2handed_hammer_and_rifle</man_animations_table>
<missile_type></missile_type>
<rider_attachment_point></rider_attachment_point>
<type>officer</type>
<variant>wh_dwf_ch_master_engineer</variant>
</battle_personalities>
<battle_personalities record_uuid="{7bbc678d-35d6-4f9f-b1f3-1adb1dd28d4b}" record_timestamp="1459946756775" record_key="wh_main_dwf_thorgrim">
<battle_entity></battle_entity>
<battle_entity_stats></battle_entity_stats>
<game_expansion_key>tentpole</game_expansion_key>
<key>wh_main_dwf_thorgrim</key>
<man_animations_table>th1_dwarf_throneofpower</man_animations_table>
<missile_type></missile_type>
<rider_attachment_point></rider_attachment_point>
<type>officer</type>
<variant>wh_dwf_ch_thorgrim</variant>
</battle_personalities>
<battle_personalities record_uuid="{c15b6372-30d7-421a-906b-10cf2e543d38}" record_timestamp="1459946756776" record_key="wh_main_emp_artillery_commander">
<battle_entity>wh_main_infantry_standard</battle_entity>
<battle_entity_stats></battle_entity_stats>
<game_expansion_key>tentpole</game_expansion_key>
<key>wh_main_emp_artillery_commander</key>
<man_animations_table>hu1_empire_sword</man_animations_table>
<missile_type></missile_type>
<rider_attachment_point></rider_attachment_point>
<type>officer</type>
<variant>wh_emp_artillery_crew</variant>
</battle_personalities>
<battle_personalities record_uuid="{fcc25e75-b3f2-4649-b924-64111aa7b366}" record_timestamp="1459946756787" record_key="wh_main_emp_cha_karl_franz_4">
<battle_entity>wh_main_infantry_standard</battle_entity>
<battle_entity_stats>wh_main_emp_cha_karl_franz_4</battle_entity_stats>
<game_expansion_key>tentpole</game_expansion_key>
<key>wh_main_emp_cha_karl_franz_4</key>
<man_animations_table>hu1_empire_hr1_warhorse_hammer</man_animations_table>
<missile_type></missile_type>
<rider_attachment_point></rider_attachment_point>
<type>officer</type>
<variant>wh_emp_ch_karl</variant>
</battle_personalities>
<battle_personalities record_uuid="{27392297-45c1-46a8-be09-e88d607f2d28}" record_timestamp="1459946756793" record_key="wh_main_emp_cha_karl_franz_5">
<battle_entity>wh_main_infantry_standard</battle_entity>
<battle_entity_stats>wh_main_emp_cha_karl_franz_4</battle_entity_stats>
<game_expansion_key>tentpole</game_expansion_key>
<key>wh_main_emp_cha_karl_franz_5</key>
<man_animations_table>hu1_empire_hr1_warhorse_hammer</man_animations_table>
<missile_type></missile_type>
<rider_attachment_point></rider_attachment_point>
<type>officer</type>
<variant>wh_emp_ch_karl</variant>
</battle_personalities>
<battle_personalities record_uuid="{5dfeec06-155a-496c-abd2-afe572a9c9d4}" record_timestamp="1463570232569" record_key="wh_main_emp_karl_franz_rider1">
<battle_entity>wh_main_infantry_standard_large_blood</battle_entity>
<battle_entity_stats></battle_entity_stats>
<game_expansion_key>tentpole</game_expansion_key>
<key>wh_main_emp_karl_franz_rider1</key>
<man_animations_table>hu1_empire_bc2_griffon_wb_hammer</man_animations_table>
<missile_type></missile_type>
<rider_attachment_point></rider_attachment_point>
<type>autonomous_rider</type>
<variant>wh_emp_ch_karl</variant>
</battle_personalities>
<battle_personalities record_uuid="{87623f75-aa40-486f-90ad-acdfdb3b6f0c}" record_timestamp="1459946756795" record_key="wh_main_emp_luminark_acolyte_rider_0">
<battle_entity>wh_main_infantry_rider</battle_entity>
<battle_entity_stats>wh_main_emp_cha_luminark_acolyte_rider</battle_entity_stats>
<game_expansion_key>tentpole</game_expansion_key>
<key>wh_main_emp_luminark_acolyte_rider_0</key>
<man_animations_table>hu1_wm_luminark_of_hysh_staff_and_crystal_ball</man_animations_table>
<missile_type></missile_type>
<rider_attachment_point>ap_crewposition_0</rider_attachment_point>
<type>autonomous_rider</type>
<variant>wh_emp_acolyte_staff_ball</variant>
</battle_personalities>
<battle_personalities record_uuid="{7e2ad8fe-0df8-4aaa-9caa-314ad4783e8c}" record_timestamp="1459946756796" record_key="wh_main_emp_luminark_acolyte_rider_1">
<battle_entity>wh_main_infantry_rider</battle_entity>
<battle_entity_stats></battle_entity_stats>
<game_expansion_key>tentpole</game_expansion_key>
<key>wh_main_emp_luminark_acolyte_rider_1</key>
<man_animations_table>hu1_wm_luminark_of_hysh_scroll_and_candle</man_animations_table>
<missile_type></missile_type>
<rider_attachment_point>ap_crewposition_1</rider_attachment_point>
<type>autonomous_rider</type>
<variant>wh_emp_acolyte</variant>
</battle_personalities>
<battle_personalities record_uuid="{6120b6b3-980e-4906-958f-58240cf3bce8}" record_timestamp="1459946756795" record_key="wh_main_emp_steamtank_turret">
<battle_entity>wh_main_vehicle_steam_turret</battle_entity>
<battle_entity_stats>wh_main_emp_steam_tank_turret</battle_entity_stats>
<game_expansion_key>tentpole</game_expansion_key>
<key>wh_main_emp_steamtank_turret</key>
<man_animations_table>wm_steam_tank_turret01</man_animations_table>
<missile_type></missile_type>
<rider_attachment_point>ap_turretposition_01</rider_attachment_point>
<type>autonomous_rider</type>
<variant>wh_emp_steam_tank_turret</variant>
</battle_personalities>
<battle_personalities record_uuid="{8bee7a3d-0309-4db8-9747-061b1f8650de}" record_timestamp="1459946756797" record_key="wh_main_grn_azhag_the_slaughterer_rider1">
<battle_entity></battle_entity>
<battle_entity_stats></battle_entity_stats>
<game_expansion_key>tentpole</game_expansion_key>
<key>wh_main_grn_azhag_the_slaughterer_rider1</key>
<man_animations_table>hu2_orc_bi2_wyvern_wb_sword_and_axe</man_animations_table>
<missile_type></missile_type>
<rider_attachment_point></rider_attachment_point>
<type>autonomous_rider</type>
<variant>wh_grn_ch_azhag</variant>
</battle_personalities>
<battle_personalities record_uuid="{77f3ee1c-aec3-434a-82cb-dfdc66fb9038}" record_timestamp="1459946756798" record_key="wh_main_grn_boar_charioteer_1">
<battle_entity></battle_entity>
<battle_entity_stats></battle_entity_stats>
<game_expansion_key>tentpole</game_expansion_key>
<key>wh_main_grn_boar_charioteer_1</key>
<man_animations_table>hu2_orc_wm_warboar_chariot01_whip_and_spear</man_animations_table>
<missile_type></missile_type>
<rider_attachment_point>ap_crewposition_0</rider_attachment_point>
<type>autonomous_rider</type>
<variant>wh_grn_boar_chariot_orc_driver</variant>
</battle_personalities>
<battle_personalities record_uuid="{a276e6b0-0936-47db-a546-2921eabd2de9}" record_timestamp="1463570232506" record_key="wh_main_grn_cha_grimgor_ironhide_officer">
<battle_entity>wh_main_grn_cha_orc_hero_grimgor_blood</battle_entity>
<battle_entity_stats>wh_main_grn_grimgor_officer</battle_entity_stats>
<game_expansion_key>tentpole</game_expansion_key>
<key>wh_main_grn_cha_grimgor_ironhide_officer</key>
<man_animations_table>hu2_orc_2handed_axe</man_animations_table>
<missile_type></missile_type>
<rider_attachment_point></rider_attachment_point>
<type>officer</type>
<variant>wh_grn_ch_grimgor</variant>
</battle_personalities>
<battle_personalities record_uuid="{2fc36570-add4-42db-b6a5-a1ed766db1c0}" record_timestamp="1459946756800" record_key="wh_main_grn_goblin_artillery_commander">
<battle_entity>wh_main_infantry_standard</battle_entity>
<battle_entity_stats></battle_entity_stats>
<game_expansion_key>tentpole</game_expansion_key>
<key>wh_main_grn_goblin_artillery_commander</key>
<man_animations_table>hu5_goblin_sword</man_animations_table>
<missile_type></missile_type>
<rider_attachment_point></rider_attachment_point>
<type>officer</type>
<variant>grn_goblin_artillery_crew_sword</variant>
</battle_personalities>
<battle_personalities record_uuid="{4075c799-20e2-4f96-b683-e3560c14de08}" record_timestamp="1459946756737" record_key="wh_main_grn_inf_officer_night_goblin_fanatic">
<battle_entity></battle_entity>
<battle_entity_stats></battle_entity_stats>
<game_expansion_key>tentpole</game_expansion_key>
<key>wh_main_grn_inf_officer_night_goblin_fanatic</key>
<man_animations_table>hu5_goblin_ball_and_chain</man_animations_table>
<missile_type></missile_type>
<rider_attachment_point></rider_attachment_point>
<type>officer</type>
<variant>wh_grn_nightgoblin_fanatics</variant>
</battle_personalities>
<battle_personalities record_uuid="{9b6d2bfc-fe09-4343-bde2-50f7ba88a3e7}" record_timestamp="1463570232493" record_key="wh_main_grn_mon_arachnarok_spider_rider_0">
<battle_entity>wh_main_grn_arachnarok_rider_360_blood</battle_entity>
<battle_entity_stats></battle_entity_stats>
<game_expansion_key>tentpole</game_expansion_key>
<key>wh_main_grn_mon_arachnarok_spider_rider_0</key>
<man_animations_table>hu5_goblin_sp1_arachnarok_wb_spear</man_animations_table>
<missile_type></missile_type>
<rider_attachment_point>ap_platform_rider_00</rider_attachment_point>
<type>autonomous_rider</type>
<variant>wh_grn_arachnarok_forest_goblin_spearman</variant>
</battle_personalities>
<battle_personalities record_uuid="{5c2c549f-9708-4f66-94b6-168cd3cf251b}" record_timestamp="1463570232494" record_key="wh_main_grn_mon_arachnarok_spider_rider_1">
<battle_entity>wh_main_grn_arachnarok_rider_360_blood</battle_entity>
<battle_entity_stats>wh_main_grn_mon_arachnarok_spider_rider</battle_entity_stats>
<game_expansion_key>tentpole</game_expansion_key>
<key>wh_main_grn_mon_arachnarok_spider_rider_1</key>
<man_animations_table>hu5_goblin_sp1_arachnarok_wb_bow</man_animations_table>
<missile_type></missile_type>
<rider_attachment_point>ap_platform_rider_01</rider_attachment_point>
<type>autonomous_rider</type>
<variant>wh_grn_arachnarok_forest_goblin_archer</variant>
</battle_personalities>
<battle_personalities record_uuid="{a80af8aa-a941-408f-9ca5-dd7903484e77}" record_timestamp="1463570232493" record_key="wh_main_grn_mon_arachnarok_spider_rider_2">
<battle_entity>wh_main_grn_arachnarok_rider_360_blood</battle_entity>
<battle_entity_stats>wh_main_grn_mon_arachnarok_spider_rider</battle_entity_stats>
<game_expansion_key>tentpole</game_expansion_key>
<key>wh_main_grn_mon_arachnarok_spider_rider_2</key>
<man_animations_table>hu5_goblin_sp1_arachnarok_wb_bow</man_animations_table>
<missile_type></missile_type>
<rider_attachment_point>ap_platform_rider_02</rider_attachment_point>
<type>autonomous_rider</type>
<variant>wh_grn_arachnarok_forest_goblin_archer</variant>
</battle_personalities>
<battle_personalities record_uuid="{e8998b4d-5b23-4026-852e-a0ab97e91948}" record_timestamp="1463570232495" record_key="wh_main_grn_mon_arachnarok_spider_rider_3">
<battle_entity>wh_main_grn_arachnarok_rider_360_blood</battle_entity>
<battle_entity_stats>wh_main_grn_mon_arachnarok_spider_rider</battle_entity_stats>
<game_expansion_key>tentpole</game_expansion_key>
<key>wh_main_grn_mon_arachnarok_spider_rider_3</key>
<man_animations_table>hu5_goblin_sp1_arachnarok_wb_bow</man_animations_table>
<missile_type></missile_type>
<rider_attachment_point>ap_platform_rider_03</rider_attachment_point>
<type>autonomous_rider</type>
<variant>wh_grn_arachnarok_forest_goblin_archer</variant>
</battle_personalities>
<battle_personalities record_uuid="{761c97a4-d545-4049-ae93-7937df4c7208}" record_timestamp="1463570232494" record_key="wh_main_grn_mon_arachnarok_spider_rider_4">
<battle_entity>wh_main_grn_arachnarok_rider_360_blood</battle_entity>
<battle_entity_stats>wh_main_grn_mon_arachnarok_spider_rider</battle_entity_stats>
<game_expansion_key>tentpole</game_expansion_key>
<key>wh_main_grn_mon_arachnarok_spider_rider_4</key>
<man_animations_table>hu5_goblin_sp1_arachnarok_wb_bow</man_animations_table>
<missile_type></missile_type>
<rider_attachment_point>ap_platform_rider_04</rider_attachment_point>
<type>autonomous_rider</type>
<variant>wh_grn_arachnarok_forest_goblin_archer</variant>
</battle_personalities>
<battle_personalities record_uuid="{08701cb4-37e8-4e80-b90a-63838c1191ce}" record_timestamp="1463570232494" record_key="wh_main_grn_mon_arachnarok_spider_rider_5">
<battle_entity>wh_main_grn_arachnarok_rider_360_blood</battle_entity>
<battle_entity_stats>wh_main_grn_mon_arachnarok_spider_rider</battle_entity_stats>
<game_expansion_key>tentpole</game_expansion_key>
<key>wh_main_grn_mon_arachnarok_spider_rider_5</key>
<man_animations_table>hu5_goblin_sp1_arachnarok_wb_bow</man_animations_table>
<missile_type></missile_type>
<rider_attachment_point>ap_platform_rider_05</rider_attachment_point>
<type>autonomous_rider</type>
<variant>wh_grn_arachnarok_forest_goblin_archer</variant>
</battle_personalities>
<battle_personalities record_uuid="{9a7f1058-e932-4561-b345-d6c1b2296d9e}" record_timestamp="1463570232494" record_key="wh_main_grn_mon_arachnarok_spider_rider_6">
<battle_entity>wh_main_grn_arachnarok_rider_360_blood</battle_entity>
<battle_entity_stats>wh_main_grn_mon_arachnarok_spider_rider</battle_entity_stats>
<game_expansion_key>tentpole</game_expansion_key>
<key>wh_main_grn_mon_arachnarok_spider_rider_6</key>
<man_animations_table>hu5_goblin_sp1_arachnarok_wb_bow</man_animations_table>
<missile_type></missile_type>
<rider_attachment_point>ap_platform_rider_06</rider_attachment_point>
<type>autonomous_rider</type>
<variant>wh_grn_arachnarok_forest_goblin_archer</variant>
</battle_personalities>
<battle_personalities record_uuid="{8355e0a9-1189-489b-b789-c8a717dbdf41}" record_timestamp="1463570232493" record_key="wh_main_grn_mon_arachnarok_spider_rider_7">
<battle_entity>wh_main_grn_arachnarok_rider_360_blood</battle_entity>
<battle_entity_stats>wh_main_grn_mon_arachnarok_spider_rider</battle_entity_stats>
<game_expansion_key>tentpole</game_expansion_key>
<key>wh_main_grn_mon_arachnarok_spider_rider_7</key>
<man_animations_table>hu5_goblin_sp1_arachnarok_wb_bow</man_animations_table>
<missile_type></missile_type>
<rider_attachment_point>ap_platform_rider_07</rider_attachment_point>
<type>autonomous_rider</type>
<variant>wh_grn_arachnarok_forest_goblin_archer</variant>
</battle_personalities>
<battle_personalities record_uuid="{d3475862-d603-4239-91a4-097901d884f8}" record_timestamp="1459946756815" record_key="wh_main_grn_wolf_chariot_rider1">
<battle_entity>wh_main_infantry_rider</battle_entity>
<battle_entity_stats></battle_entity_stats>
<game_expansion_key>tentpole</game_expansion_key>
<key>wh_main_grn_wolf_chariot_rider1</key>
<man_animations_table>hu5_goblin_wm_wolf_chariot01_whip</man_animations_table>
<missile_type></missile_type>
<rider_attachment_point>ap_crewposition_0</rider_attachment_point>
<type>autonomous_rider</type>
<variant>wh_grn_goblins</variant>
</battle_personalities>
<battle_personalities record_uuid="{71e81a76-7134-4741-84d0-eb8da5f9f95f}" record_timestamp="1459946756816" record_key="wh_main_grn_wolf_chariot_rider2">
<battle_entity>wh_main_grn_chariot_rider_bow_180</battle_entity>
<battle_entity_stats>wh_main_grn_wolf_chariot01_bow</battle_entity_stats>
<game_expansion_key>tentpole</game_expansion_key>
<key>wh_main_grn_wolf_chariot_rider2</key>
<man_animations_table>hu5_goblin_wm_wolf_chariot01_bow</man_animations_table>
<missile_type></missile_type>
<rider_attachment_point>ap_crewposition_1</rider_attachment_point>
<type>autonomous_rider</type>
<variant>wh_grn_goblin_bowmen</variant>
</battle_personalities>
<battle_personalities record_uuid="{bf223090-5dd9-4a3b-b315-0f62ed3479f6}" record_timestamp="1459946756817" record_key="wh_main_grn_wolf_chariot_rider3">
<battle_entity>wh_main_grn_chariot_rider_bow_180</battle_entity>
<battle_entity_stats>wh_main_grn_wolf_chariot01_bow</battle_entity_stats>
<game_expansion_key>tentpole</game_expansion_key>
<key>wh_main_grn_wolf_chariot_rider3</key>
<man_animations_table>hu5_goblin_wm_wolf_chariot01_bow2</man_animations_table>
<missile_type></missile_type>
<rider_attachment_point>ap_crewposition_2</rider_attachment_point>
<type>autonomous_rider</type>
<variant>wh_grn_goblin_bowmen</variant>
</battle_personalities>
<battle_personalities record_uuid="{7b0a4e9d-998d-49de-b9a7-a0611a5874db}" record_timestamp="1459946756817" record_key="wh_main_nor_chariot_rider1">
<battle_entity>wh_main_infantry_rider</battle_entity>
<battle_entity_stats></battle_entity_stats>
<game_expansion_key>tentpole</game_expansion_key>
<key>wh_main_nor_chariot_rider1</key>
<man_animations_table>hu1c_chaos_wm_chariot_whip</man_animations_table>
<missile_type></missile_type>
<rider_attachment_point>ap_crewposition_0</rider_attachment_point>
<type>autonomous_rider</type>
<variant>wh_nor_charioteer</variant>
</battle_personalities>
<battle_personalities record_uuid="{19f1000c-208b-49fe-9434-3a945d223b0f}" record_timestamp="1459946756818" record_key="wh_main_nor_chariot_rider2">
<battle_entity></battle_entity>
<battle_entity_stats></battle_entity_stats>
<game_expansion_key>tentpole</game_expansion_key>
<key>wh_main_nor_chariot_rider2</key>
<man_animations_table>hu1c_chaos_wm_chariot_halberd</man_animations_table>
<missile_type></missile_type>
<rider_attachment_point>ap_crewposition_1</rider_attachment_point>
<type>autonomous_rider</type>
<variant>wh_nor_charioteer_halberd</variant>
</battle_personalities>
<battle_personalities record_uuid="{86632f80-a5d6-43ea-a166-906157db451c}" record_timestamp="1459946756717" record_key="wh_main_vmp_black_coach_rider1">
<battle_entity>wh_main_infantry_rider</battle_entity>
<battle_entity_stats></battle_entity_stats>
<game_expansion_key>tentpole</game_expansion_key>
<key>wh_main_vmp_black_coach_rider1</key>
<man_animations_table>gh1_cairn_wraith_wm_carriage01</man_animations_table>
<missile_type></missile_type>
<rider_attachment_point>ap_crewposition_0</rider_attachment_point>
<type>autonomous_rider</type>
<variant>wh_vmp_ghost_cairnwraith</variant>
</battle_personalities>
</dataroot>
