<?xml version="1.0" encoding="UTF-8"?>
<dataroot xmlns:od="urn:schemas-microsoft-com:officedata" xmlns:xsi="http://www.w3.org/2001/XMLSchema-instance" xsi:noNamespaceSchemaLocation="battle_types_to_victory_conditions.xsd" export_time="Fri Oct 9 08:18:04 2015" revision="27" export_branch="E:/TW/warhammer/binaries" export_user="bob">
<edit_uuid>08b5c6f7-3d26-400c-94c7-d758454246f6</edit_uuid>
<battle_types_to_victory_conditions record_uuid="{5f0dbf84-d2c9-44d6-a02f-c675ab8bdd23}" record_timestamp="1369382697714" record_key="ambushBATTLE_SETUP_VICTORY_CONDITION_KILL_OR_ROUT_ENEMYBATTLE_SETUP_VICTORY_CONDITION_KILL_OR_ROUT_ENEMY">
<attacker_victory_condition>BATTLE_SETUP_VICTORY_CONDITION_KILL_OR_ROUT_ENEMY</attacker_victory_condition>
<battle_type>ambush</battle_type>
<defender_victory_condition>BATTLE_SETUP_VICTORY_CONDITION_KILL_OR_ROUT_ENEMY</defender_victory_condition>
</battle_types_to_victory_conditions>
<battle_types_to_victory_conditions record_uuid="{d873d118-6ae0-458c-9bba-21e73e0c649e}" record_key="capture_pointBATTLE_SETUP_VICTORY_CONDITION_CAPTURE_ALL_KEY_LOCATIONSBATTLE_SETUP_VICTORY_CONDITION_CAPTURE_ALL_KEY_LOCATIONS">
<attacker_victory_condition>BATTLE_SETUP_VICTORY_CONDITION_CAPTURE_ALL_KEY_LOCATIONS</attacker_victory_condition>
<battle_type>capture_point</battle_type>
<defender_victory_condition>BATTLE_SETUP_VICTORY_CONDITION_CAPTURE_ALL_KEY_LOCATIONS</defender_victory_condition>
</battle_types_to_victory_conditions>
<battle_types_to_victory_conditions record_uuid="{cb7db88a-3e4d-4f4f-844a-c0a121b409cb}" record_timestamp="1355311905395" record_key="classicBATTLE_SETUP_VICTORY_CONDITION_KILL_OR_ROUT_ENEMYBATTLE_SETUP_VICTORY_CONDITION_KILL_OR_ROUT_ENEMY">
<attacker_victory_condition>BATTLE_SETUP_VICTORY_CONDITION_KILL_OR_ROUT_ENEMY</attacker_victory_condition>
<battle_type>classic</battle_type>
<defender_victory_condition>BATTLE_SETUP_VICTORY_CONDITION_KILL_OR_ROUT_ENEMY</defender_victory_condition>
</battle_types_to_victory_conditions>
<battle_types_to_victory_conditions record_uuid="{4a6876b7-392c-4a2f-8a79-fb8f4db6048c}" record_timestamp="1374247253103" record_key="coastal_battleBATTLE_SETUP_VICTORY_CONDITION_CAPTURE_BAGGAGE_TRAINBATTLE_SETUP_VICTORY_CONDITION_KILL_OR_ROUT_ENEMY">
<attacker_victory_condition>BATTLE_SETUP_VICTORY_CONDITION_CAPTURE_BAGGAGE_TRAIN</attacker_victory_condition>
<battle_type>coastal_battle</battle_type>
<defender_victory_condition>BATTLE_SETUP_VICTORY_CONDITION_KILL_OR_ROUT_ENEMY</defender_victory_condition>
</battle_types_to_victory_conditions>
<battle_types_to_victory_conditions record_uuid="{9fb365d8-dec9-48af-9df7-1704452b4270}" record_timestamp="1371062701994" record_key="coastal_battleBATTLE_SETUP_VICTORY_CONDITION_KILL_OR_ROUT_ENEMYBATTLE_SETUP_VICTORY_CONDITION_KILL_OR_ROUT_ENEMY">
<attacker_victory_condition>BATTLE_SETUP_VICTORY_CONDITION_KILL_OR_ROUT_ENEMY</attacker_victory_condition>
<battle_type>coastal_battle</battle_type>
<defender_victory_condition>BATTLE_SETUP_VICTORY_CONDITION_KILL_OR_ROUT_ENEMY</defender_victory_condition>
</battle_types_to_victory_conditions>
<battle_types_to_victory_conditions record_uuid="{33482884-a85d-420e-bd6c-50d65bfc7e5f}" record_key="limesBATTLE_SETUP_VICTORY_CONDITION_CAPTURE_LOCATIONSBATTLE_SETUP_VICTORY_CONDITION_KILL_OR_ROUT_ENEMY">
<attacker_victory_condition>BATTLE_SETUP_VICTORY_CONDITION_CAPTURE_LOCATIONS</attacker_victory_condition>
<battle_type>limes</battle_type>
<defender_victory_condition>BATTLE_SETUP_VICTORY_CONDITION_KILL_OR_ROUT_ENEMY</defender_victory_condition>
</battle_types_to_victory_conditions>
<battle_types_to_victory_conditions record_uuid="{b4080127-b7ab-4d93-9bd1-d58a368e864a}" record_key="limesBATTLE_SETUP_VICTORY_CONDITION_KILL_OR_ROUT_ENEMYBATTLE_SETUP_VICTORY_CONDITION_KILL_OR_ROUT_ENEMY">
<attacker_victory_condition>BATTLE_SETUP_VICTORY_CONDITION_KILL_OR_ROUT_ENEMY</attacker_victory_condition>
<battle_type>limes</battle_type>
<defender_victory_condition>BATTLE_SETUP_VICTORY_CONDITION_KILL_OR_ROUT_ENEMY</defender_victory_condition>
</battle_types_to_victory_conditions>
<battle_types_to_victory_conditions record_uuid="{a487c40c-cac7-4da6-97e3-6503d41832ed}" record_key="navalBATTLE_SETUP_VICTORY_CONDITION_KILL_OR_ROUT_ENEMYBATTLE_SETUP_VICTORY_CONDITION_KILL_OR_ROUT_ENEMY">
<attacker_victory_condition>BATTLE_SETUP_VICTORY_CONDITION_KILL_OR_ROUT_ENEMY</attacker_victory_condition>
<battle_type>naval</battle_type>
<defender_victory_condition>BATTLE_SETUP_VICTORY_CONDITION_KILL_OR_ROUT_ENEMY</defender_victory_condition>
</battle_types_to_victory_conditions>
<battle_types_to_victory_conditions record_uuid="{5603e6be-34d5-4a4c-ac37-5cb885d4ae20}" record_timestamp="1359631792374" record_key="naval_siegeBATTLE_SETUP_VICTORY_CONDITION_CAPTURE_SETTLEMENTBATTLE_SETUP_VICTORY_CONDITION_KILL_OR_ROUT_ENEMY">
<attacker_victory_condition>BATTLE_SETUP_VICTORY_CONDITION_CAPTURE_SETTLEMENT</attacker_victory_condition>
<battle_type>naval_siege</battle_type>
<defender_victory_condition>BATTLE_SETUP_VICTORY_CONDITION_KILL_OR_ROUT_ENEMY</defender_victory_condition>
</battle_types_to_victory_conditions>
<battle_types_to_victory_conditions record_uuid="{6c2be06d-6261-4ff9-8085-4533943990ea}" record_key="naval_siegeBATTLE_SETUP_VICTORY_CONDITION_KILL_OR_ROUT_ENEMYBATTLE_SETUP_VICTORY_CONDITION_KILL_OR_ROUT_ENEMY">
<attacker_victory_condition>BATTLE_SETUP_VICTORY_CONDITION_KILL_OR_ROUT_ENEMY</attacker_victory_condition>
<battle_type>naval_siege</battle_type>
<defender_victory_condition>BATTLE_SETUP_VICTORY_CONDITION_KILL_OR_ROUT_ENEMY</defender_victory_condition>
</battle_types_to_victory_conditions>
<battle_types_to_victory_conditions record_uuid="{980ce13b-ce3f-4c40-a168-60c6d12cc0c5}" record_key="river_crossing_battleBATTLE_SETUP_VICTORY_CONDITION_CAPTURE_LOCATIONSBATTLE_SETUP_VICTORY_CONDITION_KILL_OR_ROUT_ENEMY">
<attacker_victory_condition>BATTLE_SETUP_VICTORY_CONDITION_CAPTURE_LOCATIONS</attacker_victory_condition>
<battle_type>river_crossing_battle</battle_type>
<defender_victory_condition>BATTLE_SETUP_VICTORY_CONDITION_KILL_OR_ROUT_ENEMY</defender_victory_condition>
</battle_types_to_victory_conditions>
<battle_types_to_victory_conditions record_uuid="{d58b7cb8-9338-4ae6-a44f-ce7516ca8c1c}" record_key="river_crossing_battleBATTLE_SETUP_VICTORY_CONDITION_KILL_OR_ROUT_ENEMYBATTLE_SETUP_VICTORY_CONDITION_KILL_OR_ROUT_ENEMY">
<attacker_victory_condition>BATTLE_SETUP_VICTORY_CONDITION_KILL_OR_ROUT_ENEMY</attacker_victory_condition>
<battle_type>river_crossing_battle</battle_type>
<defender_victory_condition>BATTLE_SETUP_VICTORY_CONDITION_KILL_OR_ROUT_ENEMY</defender_victory_condition>
</battle_types_to_victory_conditions>
<battle_types_to_victory_conditions record_uuid="{646fde9d-e551-431e-acbc-3c9965057260}" record_timestamp="1359631792363" record_key="siegeBATTLE_SETUP_VICTORY_CONDITION_CAPTURE_SETTLEMENTBATTLE_SETUP_VICTORY_CONDITION_KILL_OR_ROUT_ENEMY">
<attacker_victory_condition>BATTLE_SETUP_VICTORY_CONDITION_CAPTURE_SETTLEMENT</attacker_victory_condition>
<battle_type>siege</battle_type>
<defender_victory_condition>BATTLE_SETUP_VICTORY_CONDITION_KILL_OR_ROUT_ENEMY</defender_victory_condition>
</battle_types_to_victory_conditions>
<battle_types_to_victory_conditions record_uuid="{6b433848-c82f-4a04-a990-65d01102d648}" record_key="siegeBATTLE_SETUP_VICTORY_CONDITION_KILL_OR_ROUT_ENEMYBATTLE_SETUP_VICTORY_CONDITION_KILL_OR_ROUT_ENEMY">
<attacker_victory_condition>BATTLE_SETUP_VICTORY_CONDITION_KILL_OR_ROUT_ENEMY</attacker_victory_condition>
<battle_type>siege</battle_type>
<defender_victory_condition>BATTLE_SETUP_VICTORY_CONDITION_KILL_OR_ROUT_ENEMY</defender_victory_condition>
</battle_types_to_victory_conditions>
<battle_types_to_victory_conditions record_uuid="{3980832f-4718-4185-bd70-62a49b059996}" record_timestamp="1430142325422" record_key="underground_interceptBATTLE_SETUP_VICTORY_CONDITION_KILL_OR_ROUT_ENEMYBATTLE_SETUP_VICTORY_CONDITION_KILL_OR_ROUT_ENEMY">
<attacker_victory_condition>BATTLE_SETUP_VICTORY_CONDITION_KILL_OR_ROUT_ENEMY</attacker_victory_condition>
<battle_type>underground_intercept</battle_type>
<defender_victory_condition>BATTLE_SETUP_VICTORY_CONDITION_KILL_OR_ROUT_ENEMY</defender_victory_condition>
</battle_types_to_victory_conditions>
<battle_types_to_victory_conditions record_uuid="{daa99c95-4acc-4f8b-bce2-e4b0d4e06c63}" record_timestamp="1374065275215" record_key="unfortified_portBATTLE_SETUP_VICTORY_CONDITION_KILL_OR_ROUT_ENEMYBATTLE_SETUP_VICTORY_CONDITION_KILL_OR_ROUT_ENEMY">
<attacker_victory_condition>BATTLE_SETUP_VICTORY_CONDITION_KILL_OR_ROUT_ENEMY</attacker_victory_condition>
<battle_type>unfortified_port</battle_type>
<defender_victory_condition>BATTLE_SETUP_VICTORY_CONDITION_KILL_OR_ROUT_ENEMY</defender_victory_condition>
</battle_types_to_victory_conditions>
<battle_types_to_victory_conditions record_uuid="{1b67844f-9342-42c0-bfc3-55b728a740ce}" record_timestamp="1371811632174" record_key="unfortified_settlementBATTLE_SETUP_VICTORY_CONDITION_KILL_OR_ROUT_ENEMYBATTLE_SETUP_VICTORY_CONDITION_KILL_OR_ROUT_ENEMY">
<attacker_victory_condition>BATTLE_SETUP_VICTORY_CONDITION_KILL_OR_ROUT_ENEMY</attacker_victory_condition>
<battle_type>unfortified_settlement</battle_type>
<defender_victory_condition>BATTLE_SETUP_VICTORY_CONDITION_KILL_OR_ROUT_ENEMY</defender_victory_condition>
</battle_types_to_victory_conditions>
</dataroot>
