<?xml version="1.0" encoding="UTF-8"?>
<dataroot xmlns:od="urn:schemas-microsoft-com:officedata" xmlns:xsi="http://www.w3.org/2001/XMLSchema-instance" xsi:noNamespaceSchemaLocation="battle_entities_types_enum.xsd" export_time="Wed Jan 6 11:35:06 2016" revision="21" export_branch="E:/TW/warhammer/src" export_user="bob">
<edit_uuid>6113a4ed-304d-43cf-b9fb-9e35176cf967</edit_uuid>
<battle_entities_types_enum record_uuid="{ff3eb2d7-299c-43b9-9a49-77ef784a3e77}" record_key="ammo_caisson">
<key>ammo_caisson</key>
</battle_entities_types_enum>
<battle_entities_types_enum record_uuid="{bdd4ca4b-be92-4bfa-9a56-2f20f415c3c6}" record_key="artillery">
<key>artillery</key>
</battle_entities_types_enum>
<battle_entities_types_enum record_uuid="{02142d31-dab3-4b69-a5d6-1888b85437b3}" record_key="camel">
<key>camel</key>
</battle_entities_types_enum>
<battle_entities_types_enum record_uuid="{061a8728-06be-4278-b880-9976d171bebc}" record_timestamp="1452080106558" record_key="chariot">
<key>chariot</key>
</battle_entities_types_enum>
<battle_entities_types_enum record_uuid="{c39a1d1c-03e7-4575-bdff-d1ff807119ea}" record_timestamp="1429712542582" record_key="fauna">
<key>fauna</key>
</battle_entities_types_enum>
<battle_entities_types_enum record_uuid="{a2985676-7a8f-4a53-93c9-aaa8c7137e12}" record_key="giant">
<key>giant</key>
</battle_entities_types_enum>
<battle_entities_types_enum record_uuid="{c77e027b-170f-40fa-8cd7-0104f3ee65d3}" record_key="horse">
<key>horse</key>
</battle_entities_types_enum>
<battle_entities_types_enum record_uuid="{cf57e658-6ac2-4105-b9b9-6fe69e9afce5}" record_key="man">
<key>man</key>
</battle_entities_types_enum>
<battle_entities_types_enum record_uuid="{443eb3a6-75b3-40e4-b7ca-8f6a4fa148db}" record_timestamp="1366213868539" record_key="ship">
<key>ship</key>
</battle_entities_types_enum>
<battle_entities_types_enum record_uuid="{46d7edc1-d3d2-422a-b86d-fd5fc3e7352a}" record_timestamp="1428488888058" record_key="turret">
<key>turret</key>
</battle_entities_types_enum>
</dataroot>
