<?xml version="1.0" encoding="UTF-8"?>
<dataroot xmlns:od="urn:schemas-microsoft-com:officedata" xmlns:xsi="http://www.w3.org/2001/XMLSchema-instance" xsi:noNamespaceSchemaLocation="battle_siege_vehicle_permissions.xsd" export_time="Tue Jul 5 11:49:03 2016" revision="20" export_branch="T:/branches/warhammer/sigmar/warhammer/binaries.x64" export_user="bob">
<edit_uuid>7546f8f5-3e19-4800-85aa-67e230333fa9</edit_uuid>
<battle_siege_vehicle_permissions record_uuid="{ffca73c7-50e6-4219-b8bd-45db2baf3fe2}" record_timestamp="1420628838101" record_key="brt_battering_ramwh_main_brt_bretonnia">
<faction>wh_main_brt_bretonnia</faction>
<vehicle>brt_battering_ram</vehicle>
</battle_siege_vehicle_permissions>
<battle_siege_vehicle_permissions record_uuid="{ee160497-e8d2-4060-8419-ddf011eacde6}" record_timestamp="1420628838091" record_key="brt_siege_tower_15mwh_main_brt_bretonnia">
<faction>wh_main_brt_bretonnia</faction>
<vehicle>brt_siege_tower_15m</vehicle>
</battle_siege_vehicle_permissions>
<battle_siege_vehicle_permissions record_uuid="{7fd9b02d-0314-4c61-9ea1-a22a109cbea4}" record_timestamp="1455876357984" record_key="bst_battering_ramwh_dlc03_bst_beastmen">
<faction>wh_dlc03_bst_beastmen</faction>
<vehicle>bst_battering_ram</vehicle>
</battle_siege_vehicle_permissions>
<battle_siege_vehicle_permissions record_uuid="{d553dc78-19ff-4ef8-bb13-3a47f406f237}" record_timestamp="1463136506558" record_key="bst_battering_ramwh_dlc03_bst_beastmen_chaos">
<faction>wh_dlc03_bst_beastmen_chaos</faction>
<vehicle>bst_battering_ram</vehicle>
</battle_siege_vehicle_permissions>
<battle_siege_vehicle_permissions record_uuid="{ee272b6c-04a5-41f5-96f4-627b5581e9e7}" record_timestamp="1463136506587" record_key="bst_battering_ramwh_dlc03_bst_beastmen_chaos_brayherd">
<faction>wh_dlc03_bst_beastmen_chaos_brayherd</faction>
<vehicle>bst_battering_ram</vehicle>
</battle_siege_vehicle_permissions>
<battle_siege_vehicle_permissions record_uuid="{4ec71f4f-50b7-4964-a1b4-464491065661}" record_timestamp="1467715741895" record_key="bst_battering_ramwh_dlc03_bst_jagged_horn">
<faction>wh_dlc03_bst_jagged_horn</faction>
<vehicle>bst_battering_ram</vehicle>
</battle_siege_vehicle_permissions>
<battle_siege_vehicle_permissions record_uuid="{33f15c4d-d182-456e-bcac-e77d1c0eb90b}" record_timestamp="1467715741896" record_key="bst_battering_ramwh_dlc03_bst_jagged_horn_brayherd">
<faction>wh_dlc03_bst_jagged_horn_brayherd</faction>
<vehicle>bst_battering_ram</vehicle>
</battle_siege_vehicle_permissions>
<battle_siege_vehicle_permissions record_uuid="{777c782c-3874-426f-8cee-d4a29cfa1735}" record_timestamp="1455876358030" record_key="bst_battering_ramwh_dlc03_bst_mini_khazrak_herd">
<faction>wh_dlc03_bst_mini_khazrak_herd</faction>
<vehicle>bst_battering_ram</vehicle>
</battle_siege_vehicle_permissions>
<battle_siege_vehicle_permissions record_uuid="{1ae014a4-9bb1-49f2-a1c7-773175806454}" record_timestamp="1463136523417" record_key="bst_battering_ramwh_dlc03_bst_redhorn">
<faction>wh_dlc03_bst_redhorn</faction>
<vehicle>bst_battering_ram</vehicle>
</battle_siege_vehicle_permissions>
<battle_siege_vehicle_permissions record_uuid="{a4eb1c4b-d018-4ca0-9b93-6c901567e1bd}" record_timestamp="1463136525490" record_key="bst_battering_ramwh_dlc03_bst_redhorn_brayherd">
<faction>wh_dlc03_bst_redhorn_brayherd</faction>
<vehicle>bst_battering_ram</vehicle>
</battle_siege_vehicle_permissions>
<battle_siege_vehicle_permissions record_uuid="{52b707f1-e37a-4667-939a-e813dd487afb}" record_timestamp="1455876358007" record_key="bst_siege_tower_15mwh_dlc03_bst_beastmen">
<faction>wh_dlc03_bst_beastmen</faction>
<vehicle>bst_siege_tower_15m</vehicle>
</battle_siege_vehicle_permissions>
<battle_siege_vehicle_permissions record_uuid="{bdaee2cd-46a5-434b-bbeb-0cf8a7182cc7}" record_timestamp="1463136506443" record_key="bst_siege_tower_15mwh_dlc03_bst_beastmen_chaos">
<faction>wh_dlc03_bst_beastmen_chaos</faction>
<vehicle>bst_siege_tower_15m</vehicle>
</battle_siege_vehicle_permissions>
<battle_siege_vehicle_permissions record_uuid="{73049d7d-46b6-4eb0-8975-1e2b642907e7}" record_timestamp="1463136506471" record_key="bst_siege_tower_15mwh_dlc03_bst_beastmen_chaos_brayherd">
<faction>wh_dlc03_bst_beastmen_chaos_brayherd</faction>
<vehicle>bst_siege_tower_15m</vehicle>
</battle_siege_vehicle_permissions>
<battle_siege_vehicle_permissions record_uuid="{fc33235f-400f-4d30-b37f-9e02ad4f77e8}" record_timestamp="1467715741897" record_key="bst_siege_tower_15mwh_dlc03_bst_jagged_horn">
<faction>wh_dlc03_bst_jagged_horn</faction>
<vehicle>bst_siege_tower_15m</vehicle>
</battle_siege_vehicle_permissions>
<battle_siege_vehicle_permissions record_uuid="{e645e9c4-4eb5-4d8f-8128-fa472bfd2059}" record_timestamp="1467715741896" record_key="bst_siege_tower_15mwh_dlc03_bst_jagged_horn_brayherd">
<faction>wh_dlc03_bst_jagged_horn_brayherd</faction>
<vehicle>bst_siege_tower_15m</vehicle>
</battle_siege_vehicle_permissions>
<battle_siege_vehicle_permissions record_uuid="{4df964ab-8bad-4c62-9236-5568622c9b49}" record_timestamp="1455876358053" record_key="bst_siege_tower_15mwh_dlc03_bst_mini_khazrak_herd">
<faction>wh_dlc03_bst_mini_khazrak_herd</faction>
<vehicle>bst_siege_tower_15m</vehicle>
</battle_siege_vehicle_permissions>
<battle_siege_vehicle_permissions record_uuid="{184e6198-9faf-419f-a9b8-d59d6beb106f}" record_timestamp="1463136523372" record_key="bst_siege_tower_15mwh_dlc03_bst_redhorn">
<faction>wh_dlc03_bst_redhorn</faction>
<vehicle>bst_siege_tower_15m</vehicle>
</battle_siege_vehicle_permissions>
<battle_siege_vehicle_permissions record_uuid="{4f327567-a8dd-44d1-8dfe-930bace72842}" record_timestamp="1463136525443" record_key="bst_siege_tower_15mwh_dlc03_bst_redhorn_brayherd">
<faction>wh_dlc03_bst_redhorn_brayherd</faction>
<vehicle>bst_siege_tower_15m</vehicle>
</battle_siege_vehicle_permissions>
<battle_siege_vehicle_permissions record_uuid="{00b82782-7af3-4891-8d7b-d97b1c40e258}" record_timestamp="1420628840481" record_key="chs_battering_ramwh_main_chs_chaos">
<faction>wh_main_chs_chaos</faction>
<vehicle>chs_battering_ram</vehicle>
</battle_siege_vehicle_permissions>
<battle_siege_vehicle_permissions record_uuid="{55b4b178-9fe4-4dd4-8108-6ede70bc79f7}" record_timestamp="1438771036316" record_key="chs_battering_ramwh_main_nor_varg">
<faction>wh_main_nor_varg</faction>
<vehicle>chs_battering_ram</vehicle>
</battle_siege_vehicle_permissions>
<battle_siege_vehicle_permissions record_uuid="{9407cedd-16b8-4497-8b7a-9387576edf09}" record_timestamp="1420628840501" record_key="chs_siege_tower_15mwh_main_chs_chaos">
<faction>wh_main_chs_chaos</faction>
<vehicle>chs_siege_tower_15m</vehicle>
</battle_siege_vehicle_permissions>
<battle_siege_vehicle_permissions record_uuid="{a7cfa7a9-5134-4b4a-98bf-c1347c5e3634}" record_timestamp="1438771036316" record_key="chs_siege_tower_15mwh_main_nor_varg">
<faction>wh_main_nor_varg</faction>
<vehicle>chs_siege_tower_15m</vehicle>
</battle_siege_vehicle_permissions>
<battle_siege_vehicle_permissions record_uuid="{e81118e4-3460-4d61-a258-d801e7bbeaa6}" record_timestamp="1420628844121" record_key="dwf_battering_ramwh_main_dwf_dwarfs">
<faction>wh_main_dwf_dwarfs</faction>
<vehicle>dwf_battering_ram</vehicle>
</battle_siege_vehicle_permissions>
<battle_siege_vehicle_permissions record_uuid="{bb331ae6-732b-4a54-baa6-3317ba849b7a}" record_timestamp="1420628844086" record_key="dwf_siege_tower_15mwh_main_dwf_dwarfs">
<faction>wh_main_dwf_dwarfs</faction>
<vehicle>dwf_siege_tower_15m</vehicle>
</battle_siege_vehicle_permissions>
<battle_siege_vehicle_permissions record_uuid="{dac10dd9-30ec-4462-924a-01bb7af9b2cf}" record_timestamp="1420628852235" record_key="emp_battering_ramwh_main_emp_empire">
<faction>wh_main_emp_empire</faction>
<vehicle>emp_battering_ram</vehicle>
</battle_siege_vehicle_permissions>
<battle_siege_vehicle_permissions record_uuid="{fa1848b9-7e41-4ba9-a885-49ff6a45a089}" record_timestamp="1420628879280" record_key="emp_battering_ramwh_main_ksl_kislev">
<faction>wh_main_ksl_kislev</faction>
<vehicle>emp_battering_ram</vehicle>
</battle_siege_vehicle_permissions>
<battle_siege_vehicle_permissions record_uuid="{1453e86f-7306-4cba-8354-97bff37eb3ee}" record_timestamp="1420628887890" record_key="emp_battering_ramwh_main_teb_border_princes">
<faction>wh_main_teb_border_princes</faction>
<vehicle>emp_battering_ram</vehicle>
</battle_siege_vehicle_permissions>
<battle_siege_vehicle_permissions record_uuid="{f830bf5f-ca14-4759-8d5d-3e0a17c28fa8}" record_timestamp="1420628892659" record_key="emp_battering_ramwh_main_teb_estalia">
<faction>wh_main_teb_estalia</faction>
<vehicle>emp_battering_ram</vehicle>
</battle_siege_vehicle_permissions>
<battle_siege_vehicle_permissions record_uuid="{31308bcc-337b-4e4f-ae12-a1e59325f464}" record_timestamp="1420628897304" record_key="emp_battering_ramwh_main_teb_tilea">
<faction>wh_main_teb_tilea</faction>
<vehicle>emp_battering_ram</vehicle>
</battle_siege_vehicle_permissions>
<battle_siege_vehicle_permissions record_uuid="{10ec18ed-bae9-4537-b938-e8bf7a5ed782}" record_timestamp="1420628852182" record_key="emp_siege_tower_15mwh_main_emp_empire">
<faction>wh_main_emp_empire</faction>
<vehicle>emp_siege_tower_15m</vehicle>
</battle_siege_vehicle_permissions>
<battle_siege_vehicle_permissions record_uuid="{5779b3e0-ef70-4bbe-8bf0-b8244778f7af}" record_timestamp="1420628879220" record_key="emp_siege_tower_15mwh_main_ksl_kislev">
<faction>wh_main_ksl_kislev</faction>
<vehicle>emp_siege_tower_15m</vehicle>
</battle_siege_vehicle_permissions>
<battle_siege_vehicle_permissions record_uuid="{fd070e52-ac1e-4688-ae64-d73b624c3d76}" record_timestamp="1420628887830" record_key="emp_siege_tower_15mwh_main_teb_border_princes">
<faction>wh_main_teb_border_princes</faction>
<vehicle>emp_siege_tower_15m</vehicle>
</battle_siege_vehicle_permissions>
<battle_siege_vehicle_permissions record_uuid="{99aca189-e2a2-4266-b8df-8ef460a1ac60}" record_timestamp="1420628892714" record_key="emp_siege_tower_15mwh_main_teb_estalia">
<faction>wh_main_teb_estalia</faction>
<vehicle>emp_siege_tower_15m</vehicle>
</battle_siege_vehicle_permissions>
<battle_siege_vehicle_permissions record_uuid="{b5b93a5d-5032-48a6-8dea-e0e530805c36}" record_timestamp="1420628897249" record_key="emp_siege_tower_15mwh_main_teb_tilea">
<faction>wh_main_teb_tilea</faction>
<vehicle>emp_siege_tower_15m</vehicle>
</battle_siege_vehicle_permissions>
<battle_siege_vehicle_permissions record_uuid="{cf995ef3-f4be-4d0d-b6d4-115a773357f2}" record_timestamp="1420628868267" record_key="grn_battering_ramwh_main_grn_greenskins">
<faction>wh_main_grn_greenskins</faction>
<vehicle>grn_battering_ram</vehicle>
</battle_siege_vehicle_permissions>
<battle_siege_vehicle_permissions record_uuid="{92c6fcc1-efed-4cc6-b9b0-5ce8d235277a}" record_timestamp="1420628868207" record_key="grn_siege_tower_15mwh_main_grn_greenskins">
<faction>wh_main_grn_greenskins</faction>
<vehicle>grn_siege_tower_15m</vehicle>
</battle_siege_vehicle_permissions>
<battle_siege_vehicle_permissions record_uuid="{70e8738a-41b4-4adf-b73f-309b27ad9049}" record_timestamp="1420628903539" record_key="vmp_battering_ramwh_main_vmp_vampire_counts">
<faction>wh_main_vmp_vampire_counts</faction>
<vehicle>vmp_battering_ram</vehicle>
</battle_siege_vehicle_permissions>
<battle_siege_vehicle_permissions record_uuid="{0beb7025-3b55-4921-bbdc-b039a8c9b983}" record_timestamp="1420628903484" record_key="vmp_siege_tower_15mwh_main_vmp_vampire_counts">
<faction>wh_main_vmp_vampire_counts</faction>
<vehicle>vmp_siege_tower_15m</vehicle>
</battle_siege_vehicle_permissions>
</dataroot>
