<?xml version="1.0" encoding="UTF-8"?>
<dataroot xmlns:od="urn:schemas-microsoft-com:officedata" xmlns:xsi="http://www.w3.org/2001/XMLSchema-instance" xsi:noNamespaceSchemaLocation="battle_set_piece_armies_characters_skillsets.xsd" export_time="Thu Aug 18 14:57:41 2016" revision="8" export_branch="T:/branches/warhammer/sigmar/warhammer/binaries.x64" export_user="bob">
<edit_uuid>f7636d77-0bb2-4ab9-a9cc-d774a62ca306</edit_uuid>
<battle_set_piece_armies_characters_skillsets record_uuid="{675e70b8-d2f0-45dc-9c0c-d439cdda0e8d}" record_timestamp="1466095056445" record_key="wh_dlc03_skill_node_set_bst_beastlord">
<key>wh_dlc03_skill_node_set_bst_beastlord</key>
</battle_set_piece_armies_characters_skillsets>
<battle_set_piece_armies_characters_skillsets record_uuid="{0feeeaf9-c5df-44ee-b04d-4bafd1c612e1}" record_timestamp="1454694570335" record_key="wh_dlc03_skill_node_set_bst_malagor">
<key>wh_dlc03_skill_node_set_bst_malagor</key>
</battle_set_piece_armies_characters_skillsets>
<battle_set_piece_armies_characters_skillsets record_uuid="{66d70851-fbeb-42b4-b7f8-107e6df9b207}" record_timestamp="1471528661694" record_key="wh_dlc04_skill_node_set_vmp_helman">
<key>wh_dlc04_skill_node_set_vmp_helman</key>
</battle_set_piece_armies_characters_skillsets>
<battle_set_piece_armies_characters_skillsets record_uuid="{b722d47d-0029-4d58-ad13-d5cbd62492dd}" record_timestamp="1466667020059" record_key="wh_main_all_cha_potions">
<key>wh_main_all_cha_potions</key>
</battle_set_piece_armies_characters_skillsets>
<battle_set_piece_armies_characters_skillsets record_uuid="{a7bf855a-bbdc-4f80-92d7-95897b75223b}" record_timestamp="1453310837923" record_key="wh_main_skill_node_set_all_champion">
<key>wh_main_skill_node_set_all_champion</key>
</battle_set_piece_armies_characters_skillsets>
<battle_set_piece_armies_characters_skillsets record_uuid="{24793cd7-8c47-47e4-8cf4-d8b3014cef68}" record_timestamp="1453310837923" record_key="wh_main_skill_node_set_all_dignitary">
<key>wh_main_skill_node_set_all_dignitary</key>
</battle_set_piece_armies_characters_skillsets>
<battle_set_piece_armies_characters_skillsets record_uuid="{d9dcb752-be12-4228-be45-a2d2d4350a3b}" record_timestamp="1453310837923" record_key="wh_main_skill_node_set_all_engineer">
<key>wh_main_skill_node_set_all_engineer</key>
</battle_set_piece_armies_characters_skillsets>
<battle_set_piece_armies_characters_skillsets record_uuid="{76714e64-1de7-496f-a731-38926e568719}" record_timestamp="1453310837923" record_key="wh_main_skill_node_set_all_runesmith">
<key>wh_main_skill_node_set_all_runesmith</key>
</battle_set_piece_armies_characters_skillsets>
<battle_set_piece_armies_characters_skillsets record_uuid="{543194c5-7efc-4037-bc72-f2d093b62426}" record_timestamp="1453310837923" record_key="wh_main_skill_node_set_all_spy">
<key>wh_main_skill_node_set_all_spy</key>
</battle_set_piece_armies_characters_skillsets>
<battle_set_piece_armies_characters_skillsets record_uuid="{09a588af-ed4c-4b78-a450-310dca8e9c7e}" record_timestamp="1453310837923" record_key="wh_main_skill_node_set_brt_damsel">
<key>wh_main_skill_node_set_brt_damsel</key>
</battle_set_piece_armies_characters_skillsets>
<battle_set_piece_armies_characters_skillsets record_uuid="{f91ae24b-e0b4-40da-b052-804a5a6cd184}" record_timestamp="1453310837923" record_key="wh_main_skill_node_set_brt_lord">
<key>wh_main_skill_node_set_brt_lord</key>
</battle_set_piece_armies_characters_skillsets>
<battle_set_piece_armies_characters_skillsets record_uuid="{c2d1b38d-f12c-4bc7-a1cd-3afa53be07e2}" record_timestamp="1453310837923" record_key="wh_main_skill_node_set_brt_louen">
<key>wh_main_skill_node_set_brt_louen</key>
</battle_set_piece_armies_characters_skillsets>
<battle_set_piece_armies_characters_skillsets record_uuid="{3289858b-7455-40c0-9841-cd3bc57f169d}" record_timestamp="1453310837923" record_key="wh_main_skill_node_set_chs_archaon">
<key>wh_main_skill_node_set_chs_archaon</key>
</battle_set_piece_armies_characters_skillsets>
<battle_set_piece_armies_characters_skillsets record_uuid="{11783671-5bf5-477c-819e-b8cef1ca41dc}" record_timestamp="1453310837923" record_key="wh_main_skill_node_set_chs_chaos_sorcerer_death">
<key>wh_main_skill_node_set_chs_chaos_sorcerer_death</key>
</battle_set_piece_armies_characters_skillsets>
<battle_set_piece_armies_characters_skillsets record_uuid="{87cbf6af-c9f0-41cc-a325-6377d1048697}" record_timestamp="1453310837923" record_key="wh_main_skill_node_set_chs_chaos_sorcerer_fire">
<key>wh_main_skill_node_set_chs_chaos_sorcerer_fire</key>
</battle_set_piece_armies_characters_skillsets>
<battle_set_piece_armies_characters_skillsets record_uuid="{bb7a3abc-8888-4d0d-81eb-8e78b7dd719d}" record_timestamp="1453310837923" record_key="wh_main_skill_node_set_chs_chaos_sorcerer_metal">
<key>wh_main_skill_node_set_chs_chaos_sorcerer_metal</key>
</battle_set_piece_armies_characters_skillsets>
<battle_set_piece_armies_characters_skillsets record_uuid="{6abcec4b-8871-41fb-9e1e-29cfb05f1dfb}" record_timestamp="1453310837923" record_key="wh_main_skill_node_set_chs_kholek">
<key>wh_main_skill_node_set_chs_kholek</key>
</battle_set_piece_armies_characters_skillsets>
<battle_set_piece_armies_characters_skillsets record_uuid="{99308924-8fc7-48f8-92ef-4b889c023704}" record_timestamp="1453310837923" record_key="wh_main_skill_node_set_chs_lord">
<key>wh_main_skill_node_set_chs_lord</key>
</battle_set_piece_armies_characters_skillsets>
<battle_set_piece_armies_characters_skillsets record_uuid="{684d676e-dbfa-4ac7-81bf-1fe37d3893e4}" record_timestamp="1453310837923" record_key="wh_main_skill_node_set_chs_lord_of_change">
<key>wh_main_skill_node_set_chs_lord_of_change</key>
</battle_set_piece_armies_characters_skillsets>
<battle_set_piece_armies_characters_skillsets record_uuid="{d0fa26f8-c3c9-4023-b2d5-8441b792f1fa}" record_timestamp="1453310837923" record_key="wh_main_skill_node_set_chs_sigvald">
<key>wh_main_skill_node_set_chs_sigvald</key>
</battle_set_piece_armies_characters_skillsets>
<battle_set_piece_armies_characters_skillsets record_uuid="{9e736b29-7826-4e82-9117-4568b8a1e00a}" record_timestamp="1453310837923" record_key="wh_main_skill_node_set_chs_sorcerer_lord_death">
<key>wh_main_skill_node_set_chs_sorcerer_lord_death</key>
</battle_set_piece_armies_characters_skillsets>
<battle_set_piece_armies_characters_skillsets record_uuid="{31794e9a-df8b-433f-b77a-2ea479077d6f}" record_timestamp="1453310837923" record_key="wh_main_skill_node_set_chs_sorcerer_lord_fire">
<key>wh_main_skill_node_set_chs_sorcerer_lord_fire</key>
</battle_set_piece_armies_characters_skillsets>
<battle_set_piece_armies_characters_skillsets record_uuid="{271d8923-1ef8-4fe0-8b8d-5b4bcd1e310e}" record_timestamp="1453310837923" record_key="wh_main_skill_node_set_chs_sorcerer_lord_metal">
<key>wh_main_skill_node_set_chs_sorcerer_lord_metal</key>
</battle_set_piece_armies_characters_skillsets>
<battle_set_piece_armies_characters_skillsets record_uuid="{0caa7338-1d6a-481f-aeee-547a7bbf409d}" record_timestamp="1453310837923" record_key="wh_main_skill_node_set_dwf_lord">
<key>wh_main_skill_node_set_dwf_lord</key>
</battle_set_piece_armies_characters_skillsets>
<battle_set_piece_armies_characters_skillsets record_uuid="{46437d82-698b-4bdc-a07e-74bf49c321c4}" record_timestamp="1453310837923" record_key="wh_main_skill_node_set_dwf_thorgrim">
<key>wh_main_skill_node_set_dwf_thorgrim</key>
</battle_set_piece_armies_characters_skillsets>
<battle_set_piece_armies_characters_skillsets record_uuid="{e12223a5-eb96-46c4-bc32-b14cc2c1cf7e}" record_timestamp="1453310837923" record_key="wh_main_skill_node_set_dwf_ungrim">
<key>wh_main_skill_node_set_dwf_ungrim</key>
</battle_set_piece_armies_characters_skillsets>
<battle_set_piece_armies_characters_skillsets record_uuid="{5697b7ce-09c2-4e2a-a683-7f33f093d180}" record_timestamp="1453310837923" record_key="wh_main_skill_node_set_emp_balthasar">
<key>wh_main_skill_node_set_emp_balthasar</key>
</battle_set_piece_armies_characters_skillsets>
<battle_set_piece_armies_characters_skillsets record_uuid="{5c3f3eab-38a4-484a-802d-5b4b13a60145}" record_timestamp="1453310837923" record_key="wh_main_skill_node_set_emp_bright_wizard">
<key>wh_main_skill_node_set_emp_bright_wizard</key>
</battle_set_piece_armies_characters_skillsets>
<battle_set_piece_armies_characters_skillsets record_uuid="{0e9c6960-bf56-4f9a-abdb-662183ac2d4b}" record_timestamp="1453310837923" record_key="wh_main_skill_node_set_emp_celestial_wizard">
<key>wh_main_skill_node_set_emp_celestial_wizard</key>
</battle_set_piece_armies_characters_skillsets>
<battle_set_piece_armies_characters_skillsets record_uuid="{7980fc74-fe4a-47ba-9727-5889e91d83a4}" record_timestamp="1453310837923" record_key="wh_main_skill_node_set_emp_general">
<key>wh_main_skill_node_set_emp_general</key>
</battle_set_piece_armies_characters_skillsets>
<battle_set_piece_armies_characters_skillsets record_uuid="{0b0d0df6-839c-4d6f-83a6-d5f4cbed27c8}" record_timestamp="1453310837923" record_key="wh_main_skill_node_set_emp_karl_franz">
<key>wh_main_skill_node_set_emp_karl_franz</key>
</battle_set_piece_armies_characters_skillsets>
<battle_set_piece_armies_characters_skillsets record_uuid="{96f65b5b-26b7-4eac-9fe8-7ef7911e8095}" record_timestamp="1453310837923" record_key="wh_main_skill_node_set_emp_light_wizard">
<key>wh_main_skill_node_set_emp_light_wizard</key>
</battle_set_piece_armies_characters_skillsets>
<battle_set_piece_armies_characters_skillsets record_uuid="{b1d627ac-6ad1-4cad-a9a5-7b2e219f33c6}" record_timestamp="1453310837923" record_key="wh_main_skill_node_set_grn_azhag">
<key>wh_main_skill_node_set_grn_azhag</key>
</battle_set_piece_armies_characters_skillsets>
<battle_set_piece_armies_characters_skillsets record_uuid="{ba9e7374-4f0c-4ae3-b232-7ef0e09b3f85}" record_timestamp="1453310837923" record_key="wh_main_skill_node_set_grn_goblin_great_shaman">
<key>wh_main_skill_node_set_grn_goblin_great_shaman</key>
</battle_set_piece_armies_characters_skillsets>
<battle_set_piece_armies_characters_skillsets record_uuid="{3d4d9f98-b636-4333-84c5-53860af4b4d5}" record_timestamp="1453310837923" record_key="wh_main_skill_node_set_grn_grimgor">
<key>wh_main_skill_node_set_grn_grimgor</key>
</battle_set_piece_armies_characters_skillsets>
<battle_set_piece_armies_characters_skillsets record_uuid="{ea66372b-7f3c-4e0f-bc86-10d60dc89c9e}" record_timestamp="1453310837923" record_key="wh_main_skill_node_set_grn_night_goblin_shaman">
<key>wh_main_skill_node_set_grn_night_goblin_shaman</key>
</battle_set_piece_armies_characters_skillsets>
<battle_set_piece_armies_characters_skillsets record_uuid="{1f02ca85-02ea-40cb-9f0d-50feaa03fae7}" record_timestamp="1453310837923" record_key="wh_main_skill_node_set_grn_orc_shaman">
<key>wh_main_skill_node_set_grn_orc_shaman</key>
</battle_set_piece_armies_characters_skillsets>
<battle_set_piece_armies_characters_skillsets record_uuid="{762e8e62-43f1-41b7-a90e-3dd814de57ac}" record_timestamp="1453310837923" record_key="wh_main_skill_node_set_grn_orc_warboss">
<key>wh_main_skill_node_set_grn_orc_warboss</key>
</battle_set_piece_armies_characters_skillsets>
<battle_set_piece_armies_characters_skillsets record_uuid="{fe624b35-2f93-47b4-b60a-50545a022b64}" record_timestamp="1453310837923" record_key="wh_main_skill_node_set_ksl_celestial_wizard">
<key>wh_main_skill_node_set_ksl_celestial_wizard</key>
</battle_set_piece_armies_characters_skillsets>
<battle_set_piece_armies_characters_skillsets record_uuid="{e2b8689e-ea06-4e47-b58a-d8f710f7715a}" record_timestamp="1453310837923" record_key="wh_main_skill_node_set_ksl_general">
<key>wh_main_skill_node_set_ksl_general</key>
</battle_set_piece_armies_characters_skillsets>
<battle_set_piece_armies_characters_skillsets record_uuid="{0597ab30-e8a5-4228-a3d6-d08f00aa3dcf}" record_timestamp="1453310837923" record_key="wh_main_skill_node_set_nor_chaos_sorcerer_metal">
<key>wh_main_skill_node_set_nor_chaos_sorcerer_metal</key>
</battle_set_piece_armies_characters_skillsets>
<battle_set_piece_armies_characters_skillsets record_uuid="{ec5b5ded-bcf9-4dc2-bf8d-cac26635a169}" record_timestamp="1453310837923" record_key="wh_main_skill_node_set_nor_lord">
<key>wh_main_skill_node_set_nor_lord</key>
</battle_set_piece_armies_characters_skillsets>
<battle_set_piece_armies_characters_skillsets record_uuid="{586bf211-ae9f-4f86-8941-73cbdf3081d0}" record_timestamp="1453310837923" record_key="wh_main_skill_node_set_nor_sorcerer_lord_metal">
<key>wh_main_skill_node_set_nor_sorcerer_lord_metal</key>
</battle_set_piece_armies_characters_skillsets>
<battle_set_piece_armies_characters_skillsets record_uuid="{43346407-128b-4566-bbf0-79fb6a846cb0}" record_timestamp="1453310837923" record_key="wh_main_skill_node_set_teb_bright_wizard">
<key>wh_main_skill_node_set_teb_bright_wizard</key>
</battle_set_piece_armies_characters_skillsets>
<battle_set_piece_armies_characters_skillsets record_uuid="{b5542039-f872-442b-a37b-0e1aa0eb4568}" record_timestamp="1453310837923" record_key="wh_main_skill_node_set_teb_general">
<key>wh_main_skill_node_set_teb_general</key>
</battle_set_piece_armies_characters_skillsets>
<battle_set_piece_armies_characters_skillsets record_uuid="{af78ab87-f32d-4889-8403-f2ccb115c811}" record_timestamp="1453310837923" record_key="wh_main_skill_node_set_vmp_heinrich">
<key>wh_main_skill_node_set_vmp_heinrich</key>
</battle_set_piece_armies_characters_skillsets>
<battle_set_piece_armies_characters_skillsets record_uuid="{97bc7164-ac4e-4352-bcef-f1d291f5f89f}" record_timestamp="1453310837923" record_key="wh_main_skill_node_set_vmp_lord">
<key>wh_main_skill_node_set_vmp_lord</key>
</battle_set_piece_armies_characters_skillsets>
<battle_set_piece_armies_characters_skillsets record_uuid="{edccee1c-8e1f-46ea-bc42-b66a78ca4f34}" record_timestamp="1453310837923" record_key="wh_main_skill_node_set_vmp_mannfred">
<key>wh_main_skill_node_set_vmp_mannfred</key>
</battle_set_piece_armies_characters_skillsets>
<battle_set_piece_armies_characters_skillsets record_uuid="{fa377aec-5b88-47c0-ae35-575cdb70437d}" record_timestamp="1453310837924" record_key="wh_main_skill_node_set_vmp_master_necromancer">
<key>wh_main_skill_node_set_vmp_master_necromancer</key>
</battle_set_piece_armies_characters_skillsets>
<battle_set_piece_armies_characters_skillsets record_uuid="{369639ae-37f0-4067-be5b-34d27e5e931d}" record_timestamp="1453310837923" record_key="wh_main_skill_node_set_vmp_necromancer">
<key>wh_main_skill_node_set_vmp_necromancer</key>
</battle_set_piece_armies_characters_skillsets>
<battle_set_piece_armies_characters_skillsets record_uuid="{325c3450-ea72-440d-b9e6-55135295ed48}" record_timestamp="1453310837923" record_key="wh_main_skill_node_set_vmp_vampire">
<key>wh_main_skill_node_set_vmp_vampire</key>
</battle_set_piece_armies_characters_skillsets>
</dataroot>
