<?xml version="1.0" encoding="UTF-8"?>
<dataroot xmlns:od="urn:schemas-microsoft-com:officedata" xmlns:xsi="http://www.w3.org/2001/XMLSchema-instance" xsi:noNamespaceSchemaLocation="battle_skeletons_locomotion_enums.xsd" export_time="Mon Aug 24 09:57:42 2015" revision="7" export_branch="C:/fetch_c/warhammer/binaries" export_user="bob">
<edit_uuid>dc335918-d2b0-486d-b821-5c6ed31e2dcd</edit_uuid>
<battle_skeletons_locomotion_enums record_uuid="{0708d5a6-234f-4343-98e6-efa9220de4e7}" record_timestamp="1391428876276" record_key="biped">
<key>biped</key>
</battle_skeletons_locomotion_enums>
<battle_skeletons_locomotion_enums record_uuid="{17787cae-5bd3-4348-a975-d71faa06fa57}" record_timestamp="1391428876302" record_key="quadruped">
<key>quadruped</key>
</battle_skeletons_locomotion_enums>
<battle_skeletons_locomotion_enums record_uuid="{4e81acb8-52a1-4e9d-96da-77b8d378f3e0}" record_timestamp="1395241959927" record_key="static">
<key>static</key>
</battle_skeletons_locomotion_enums>
<battle_skeletons_locomotion_enums record_uuid="{27858488-9b38-4324-82e3-8409189d946e}" record_timestamp="1391428876391" record_key="unclassified">
<key>unclassified</key>
</battle_skeletons_locomotion_enums>
<battle_skeletons_locomotion_enums record_uuid="{bbd1374a-c988-4c64-a8c8-40c4d4bdbda1}" record_timestamp="1391428876315" record_key="wheeled">
<key>wheeled</key>
</battle_skeletons_locomotion_enums>
<battle_skeletons_locomotion_enums record_uuid="{e1d4dffd-6a21-4d6d-97fb-0bcb414af239}" record_timestamp="1391428876329" record_key="winged">
<key>winged</key>
</battle_skeletons_locomotion_enums>
<battle_skeletons_locomotion_enums record_uuid="{09a283f8-28ed-4beb-af7b-a54d041346af}" record_timestamp="1391429009434" record_key="winged_biped">
<key>winged_biped</key>
</battle_skeletons_locomotion_enums>
<battle_skeletons_locomotion_enums record_uuid="{aaed133b-968a-4fb2-853e-aa10de857fbb}" record_timestamp="1438194279669" record_key="winged_helicopter">
<key>winged_helicopter</key>
</battle_skeletons_locomotion_enums>
<battle_skeletons_locomotion_enums record_uuid="{976986ac-4be8-4d97-9e63-1e391d00644e}" record_timestamp="1391429009493" record_key="winged_quadruped">
<key>winged_quadruped</key>
</battle_skeletons_locomotion_enums>
<battle_skeletons_locomotion_enums record_uuid="{2d9e0a60-693d-4246-b50f-a3b219d3a696}" record_timestamp="1391429009513" record_key="winged_wheeled">
<key>winged_wheeled</key>
</battle_skeletons_locomotion_enums>
</dataroot>
