<?xml version="1.0" encoding="UTF-8"?>
<dataroot xmlns:od="urn:schemas-microsoft-com:officedata" xmlns:xsi="http://www.w3.org/2001/XMLSchema-instance" xsi:noNamespaceSchemaLocation="battlefield_buildings_names.xsd" export_time="Mon Aug 24 09:57:44 2015" revision="30" export_branch="C:/fetch_c/warhammer/binaries" export_user="bob">
<edit_uuid>b56e8443-3820-40cd-a2db-fad8b49c9a5b</edit_uuid>
<battlefield_buildings_names record_uuid="{be37ec9b-b549-4d68-8d82-72fa3e8bc133}" record_timestamp="1366125119264" record_key="arrow_tower">
<global_effects_description></global_effects_description>
<key>arrow_tower</key>
<local_effects_description state="APPROVED" last_approved_text="Fires arrows on nearby enemies" last_edit_user="bob">Fires arrows on nearby enemies</local_effects_description>
<onscreen_name state="APPROVED" last_approved_text="Arrow Tower" last_edit_user="bob">Arrow Tower</onscreen_name>
</battlefield_buildings_names>
<battlefield_buildings_names record_uuid="{04f342ad-f380-4aff-b186-f3e04a3d5594}" record_timestamp="1372165218676" record_key="bridge">
<global_effects_description></global_effects_description>
<key>bridge</key>
<local_effects_description></local_effects_description>
<onscreen_name state="APPROVED" last_approved_text="Bridge" last_edit_user="bob">Bridge</onscreen_name>
</battlefield_buildings_names>
<battlefield_buildings_names record_uuid="{598c8c30-0e19-4fb5-bbad-cc82a68bc2fc}" record_key="building">
<global_effects_description></global_effects_description>
<key>building</key>
<local_effects_description></local_effects_description>
<onscreen_name state="APPROVED" last_approved_text="Building" last_edit_user="bob">Building</onscreen_name>
</battlefield_buildings_names>
<battlefield_buildings_names record_uuid="{17eb673b-4cb2-458c-bb3b-7698ab739146}" record_timestamp="1380892795301" record_key="explosive_tower">
<global_effects_description></global_effects_description>
<key>explosive_tower</key>
<local_effects_description state="APPROVED" last_approved_text="Short range, high damage, reasonable firing rate &amp; accuracy" last_edit_user="bob">Short range, high damage, reasonable firing rate &amp; accuracy</local_effects_description>
<onscreen_name state="APPROVED" last_approved_text="Explosive Tower" last_edit_user="bob">Explosive Tower</onscreen_name>
</battlefield_buildings_names>
<battlefield_buildings_names record_uuid="{0d92bde0-9ad1-4d2b-aaa6-60e546e168c4}" record_key="fort_tower">
<global_effects_description></global_effects_description>
<key>fort_tower</key>
<local_effects_description state="APPROVED" last_approved_text="Fires on nearby enemies" last_edit_user="bob">Fires on nearby enemies</local_effects_description>
<onscreen_name state="APPROVED" last_approved_text="Fort Tower" last_edit_user="bob">Fort Tower</onscreen_name>
</battlefield_buildings_names>
<battlefield_buildings_names record_uuid="{372d0bef-9085-447e-8ac9-0df74d1619ed}" record_key="fort_wall">
<global_effects_description></global_effects_description>
<key>fort_wall</key>
<local_effects_description></local_effects_description>
<onscreen_name state="APPROVED" last_approved_text="Fort Wall" last_edit_user="bob">Fort Wall</onscreen_name>
</battlefield_buildings_names>
<battlefield_buildings_names record_uuid="{2513b792-34a6-4451-b7d9-1b57d3380eea}" record_timestamp="1373530979772" record_key="gate">
<global_effects_description></global_effects_description>
<key>gate</key>
<local_effects_description state="APPROVED" last_approved_text="Allows passage to and from the settlement" last_edit_user="bob">Allows passage to and from the settlement</local_effects_description>
<onscreen_name state="APPROVED" last_approved_text="Gatehouse" last_edit_user="bob">Gatehouse</onscreen_name>
</battlefield_buildings_names>
<battlefield_buildings_names record_uuid="{13a26495-4260-4954-89ad-403e520e13cd}" record_timestamp="1373530979779" record_key="gate_oil">
<global_effects_description></global_effects_description>
<key>gate_oil</key>
<local_effects_description state="APPROVED" last_approved_text="Pours boiling oil onto nearby enemies" last_edit_user="bob">Pours boiling oil onto nearby enemies</local_effects_description>
<onscreen_name state="APPROVED" last_approved_text="Boiling Oil Gatehouse" last_edit_user="bob">Boiling Oil Gatehouse</onscreen_name>
</battlefield_buildings_names>
<battlefield_buildings_names record_uuid="{38ed1e3b-ad24-468b-a4ad-6645bf11bd49}" record_key="house">
<global_effects_description></global_effects_description>
<key>house</key>
<local_effects_description></local_effects_description>
<onscreen_name state="APPROVED" last_approved_text="House" last_edit_user="bob">House</onscreen_name>
</battlefield_buildings_names>
<battlefield_buildings_names record_uuid="{209ef9a7-ba54-4dfa-9188-ff6ed8f26029}" record_timestamp="1380892795258" record_key="magic_tower">
<global_effects_description></global_effects_description>
<key>magic_tower</key>
<local_effects_description state="APPROVED" last_approved_text="Slow firing rate, low damage, reasonable accuracy" last_edit_user="bob">Slow firing rate, low damage, reasonable accuracy</local_effects_description>
<onscreen_name state="APPROVED" last_approved_text="Magic Tower" last_edit_user="bob">Magic Tower</onscreen_name>
</battlefield_buildings_names>
<battlefield_buildings_names record_uuid="{53e3b2da-e840-4ee5-ba4f-64d1527cdc71}" record_timestamp="1433173142742" record_key="rapid_tower">
<global_effects_description></global_effects_description>
<key>rapid_tower</key>
<local_effects_description state="APPROVED" last_approved_text="Fast firing rate, low damage, reasonable accuracy" last_edit_user="bob">Fast firing rate, low damage, reasonable accuracy</local_effects_description>
<onscreen_name state="APPROVED" last_approved_text="Rapid-Firing Tower" last_edit_user="bob">Rapid-Firing Tower</onscreen_name>
</battlefield_buildings_names>
<battlefield_buildings_names record_uuid="{bf91c075-3680-411a-990f-d733cf2e5df0}" record_key="ruin">
<global_effects_description></global_effects_description>
<key>ruin</key>
<local_effects_description></local_effects_description>
<onscreen_name state="APPROVED" last_approved_text="Ruin" last_edit_user="bob">Ruin</onscreen_name>
</battlefield_buildings_names>
<battlefield_buildings_names record_uuid="{9846b2fe-b746-41c3-bb57-56c909687317}" record_timestamp="1373530979786" record_key="scorpio_tower">
<global_effects_description></global_effects_description>
<key>scorpio_tower</key>
<local_effects_description state="APPROVED" last_approved_text="Fires bolts on nearby enemies" last_edit_user="bob">Fires bolts on nearby enemies</local_effects_description>
<onscreen_name state="APPROVED" last_approved_text="Scorpion Tower" last_edit_user="bob">Scorpion Tower</onscreen_name>
</battlefield_buildings_names>
<battlefield_buildings_names record_uuid="{fca3a83c-7c2e-4fc6-95a3-29f68ee005fb}" record_timestamp="1380892795290" record_key="sniper_tower">
<global_effects_description></global_effects_description>
<key>sniper_tower</key>
<local_effects_description state="APPROVED" last_approved_text="Slow firing rate, high damage, high accuracy" last_edit_user="bob">Slow firing rate, high damage, high accuracy</local_effects_description>
<onscreen_name state="APPROVED" last_approved_text="Sniper Tower" last_edit_user="bob">Sniper Tower</onscreen_name>
</battlefield_buildings_names>
<battlefield_buildings_names record_uuid="{cabf8c17-994d-4805-b096-53b710c8fa73}" record_timestamp="1366125119244" record_key="watchtower">
<global_effects_description></global_effects_description>
<key>watchtower</key>
<local_effects_description state="APPROVED" last_approved_text="Fires rubble on nearby enemies" last_edit_user="bob">Fires rubble on nearby enemies</local_effects_description>
<onscreen_name state="APPROVED" last_approved_text="Watchtower" last_edit_user="bob">Watchtower</onscreen_name>
</battlefield_buildings_names>
</dataroot>
