<?xml version="1.0" encoding="UTF-8"?>
<dataroot xmlns:od="urn:schemas-microsoft-com:officedata" xmlns:xsi="http://www.w3.org/2001/XMLSchema-instance" xsi:noNamespaceSchemaLocation="building_chain_availabilities.xsd" export_time="Thu Apr 7 12:43:23 2016" revision="70" export_branch="T:/branches/warhammer/beastmen/warhammer/binaries.x64" export_user="bob">
<edit_uuid>836f7b7e-2158-44e4-b746-e352e53c6a7a</edit_uuid>
<building_chain_availabilities record_uuid="{81382124-986f-41d1-94af-3bac01c138d7}" record_timestamp="1459787852768" record_key="5866">
<campaign>main_warhammer</campaign>
<culture>wh_main_grn_greenskins</culture>
<faction></faction>
<id>5866</id>
<set_id>wh_main_bas_grn</set_id>
<sub_culture>wh_main_sc_grn_greenskins</sub_culture>
</building_chain_availabilities>
<building_chain_availabilities record_uuid="{f6616d7c-b4e4-4892-b592-5bfcc23f657f}" record_timestamp="1423212059449" record_key="5889">
<campaign>main_warhammer</campaign>
<culture>wh_main_emp_empire</culture>
<faction></faction>
<id>5889</id>
<set_id>wh_main_bas_emp</set_id>
<sub_culture>wh_main_sc_emp_empire</sub_culture>
</building_chain_availabilities>
<building_chain_availabilities record_uuid="{982b4340-77ad-4749-bca4-1628b3ed9c39}" record_timestamp="1423212059496" record_key="5918">
<campaign>main_warhammer</campaign>
<culture>wh_main_dwf_dwarfs</culture>
<faction></faction>
<id>5918</id>
<set_id>wh_main_bas_dwf</set_id>
<sub_culture>wh_main_sc_dwf_dwarfs</sub_culture>
</building_chain_availabilities>
<building_chain_availabilities record_uuid="{4cde1d42-e38c-45de-97eb-c81b4666f906}" record_timestamp="1423212059527" record_key="5949">
<campaign>main_warhammer</campaign>
<culture>wh_main_chs_chaos</culture>
<faction></faction>
<id>5949</id>
<set_id>wh_main_bas_chs</set_id>
<sub_culture>wh_main_sc_chs_chaos</sub_culture>
</building_chain_availabilities>
<building_chain_availabilities record_uuid="{fd990183-d8fe-4622-9bfa-684cbbaa8ed6}" record_timestamp="1459787852766" record_key="5980">
<campaign>main_warhammer</campaign>
<culture>wh_main_vmp_vampire_counts</culture>
<faction></faction>
<id>5980</id>
<set_id>wh_main_bas_vmp</set_id>
<sub_culture>wh_main_sc_vmp_vampire_counts</sub_culture>
</building_chain_availabilities>
<building_chain_availabilities record_uuid="{ba8d3faf-02a2-4487-b9d9-c5b0d9a91dac}" record_timestamp="1423212059355" record_key="6014">
<campaign>main_warhammer</campaign>
<culture>wh_main_chs_chaos</culture>
<faction></faction>
<id>6014</id>
<set_id>wh_main_bas_nor</set_id>
<sub_culture>wh_main_sc_nor_norsca</sub_culture>
</building_chain_availabilities>
<building_chain_availabilities record_uuid="{af599e69-4a89-4244-a188-d7f9dd7c67b6}" record_timestamp="1423737478468" record_key="6042">
<campaign>main_warhammer</campaign>
<culture>wh_main_emp_empire</culture>
<faction></faction>
<id>6042</id>
<set_id>wh_main_bas_teb</set_id>
<sub_culture>wh_main_sc_teb_teb</sub_culture>
</building_chain_availabilities>
<building_chain_availabilities record_uuid="{6919a60e-4857-48c9-bd4c-0cf72759ed13}" record_timestamp="1423212059574" record_key="6066">
<campaign>main_warhammer</campaign>
<culture>wh_main_brt_bretonnia</culture>
<faction></faction>
<id>6066</id>
<set_id>wh_main_bas_brt</set_id>
<sub_culture>wh_main_sc_brt_bretonnia</sub_culture>
</building_chain_availabilities>
<building_chain_availabilities record_uuid="{580aaf2a-d7b3-48f2-9898-a9572b91535f}" record_timestamp="1423737478484" record_key="6067">
<campaign>main_warhammer</campaign>
<culture>wh_main_emp_empire</culture>
<faction></faction>
<id>6067</id>
<set_id>wh_main_bas_ksl</set_id>
<sub_culture>wh_main_sc_ksl_kislev</sub_culture>
</building_chain_availabilities>
<building_chain_availabilities record_uuid="{00ddecc2-629b-4114-b458-45221a8823dd}" record_timestamp="1429182293557" record_key="6072">
<campaign>main_warhammer</campaign>
<culture>wh_main_grn_greenskins</culture>
<faction></faction>
<id>6072</id>
<set_id>wh_main_bas_orc</set_id>
<sub_culture>wh_main_sc_grn_greenskins</sub_culture>
</building_chain_availabilities>
<building_chain_availabilities record_uuid="{da643362-75c2-4a9b-90a2-ab68df3e00e1}" record_timestamp="1429182293657" record_key="6077">
<campaign>main_warhammer</campaign>
<culture>wh_main_grn_greenskins</culture>
<faction></faction>
<id>6077</id>
<set_id>wh_main_bas_gob</set_id>
<sub_culture>wh_main_sc_grn_greenskins</sub_culture>
</building_chain_availabilities>
<building_chain_availabilities record_uuid="{b14521f0-7284-4ece-b42d-0ef708fad24b}" record_timestamp="1430938602519" record_key="6081">
<campaign>main_warhammer</campaign>
<culture>wh_main_grn_greenskins</culture>
<faction></faction>
<id>6081</id>
<set_id>wh_main_bas_savorc</set_id>
<sub_culture>wh_main_sc_grn_savage_orcs</sub_culture>
</building_chain_availabilities>
<building_chain_availabilities record_uuid="{9fbb0828-451d-4f43-8ab1-2c041abfa4dc}" record_timestamp="1437478392154" record_key="6091">
<campaign>main_warhammer</campaign>
<culture>wh_dlc03_bst_beastmen</culture>
<faction></faction>
<id>6091</id>
<set_id>wh_dlc03_bas_bst</set_id>
<sub_culture>wh_dlc03_sc_bst_beastmen</sub_culture>
</building_chain_availabilities>
<building_chain_availabilities record_uuid="{7edd7559-6a20-42af-91c1-cb8bc921bbcc}" record_timestamp="1437478392154" record_key="6094">
<campaign>wh_dlc03_beastmen</campaign>
<culture>wh_dlc03_bst_beastmen</culture>
<faction></faction>
<id>6094</id>
<set_id>wh_dlc03_bas_bst</set_id>
<sub_culture>wh_dlc03_sc_bst_beastmen</sub_culture>
</building_chain_availabilities>
<building_chain_availabilities record_uuid="{cb62eb32-ffa1-4c9d-9b3b-e72442352b32}" record_timestamp="1437723641888" record_key="6100">
<campaign>wh_dlc03_beastmen</campaign>
<culture>wh_main_emp_empire</culture>
<faction></faction>
<id>6100</id>
<set_id>wh_main_bas_emp</set_id>
<sub_culture>wh_main_sc_emp_empire</sub_culture>
</building_chain_availabilities>
<building_chain_availabilities record_uuid="{96077871-9b04-49ac-8a3d-48e80ccec138}" record_timestamp="1437478392157" record_key="6110">
<campaign>wh_dlc03_beastmen</campaign>
<culture>wh_main_grn_greenskins</culture>
<faction></faction>
<id>6110</id>
<set_id>wh_main_bas_grn</set_id>
<sub_culture>wh_main_sc_grn_greenskins</sub_culture>
</building_chain_availabilities>
<building_chain_availabilities record_uuid="{e2f15497-3bb8-4318-a275-09bf6aa06e87}" record_timestamp="1437478392158" record_key="6114">
<campaign>wh_dlc03_beastmen</campaign>
<culture>wh_main_grn_greenskins</culture>
<faction></faction>
<id>6114</id>
<set_id>wh_main_bas_orc</set_id>
<sub_culture>wh_main_sc_grn_greenskins</sub_culture>
</building_chain_availabilities>
<building_chain_availabilities record_uuid="{bd16b2b1-fb19-4d08-8ccf-4b85a95636cd}" record_timestamp="1437478392157" record_key="6120">
<campaign>wh_dlc03_beastmen</campaign>
<culture>wh_main_grn_greenskins</culture>
<faction></faction>
<id>6120</id>
<set_id>wh_main_bas_gob</set_id>
<sub_culture>wh_main_sc_grn_greenskins</sub_culture>
</building_chain_availabilities>
<building_chain_availabilities record_uuid="{4218e4b5-a9e2-443d-a25e-4599ad46e310}" record_timestamp="1437478392158" record_key="6122">
<campaign>wh_dlc03_beastmen</campaign>
<culture>wh_main_grn_greenskins</culture>
<faction></faction>
<id>6122</id>
<set_id>wh_main_bas_savorc</set_id>
<sub_culture>wh_main_sc_grn_savage_orcs</sub_culture>
</building_chain_availabilities>
</dataroot>
