<?xml version="1.0" encoding="UTF-8"?>
<dataroot xmlns:od="urn:schemas-microsoft-com:officedata" xmlns:xsi="http://www.w3.org/2001/XMLSchema-instance" xsi:noNamespaceSchemaLocation="building_downgrade_junctions.xsd" export_time="Tue Jul 5 12:41:10 2016" revision="45" export_branch="T:/branches/warhammer/sigmar/warhammer/binaries.x64" export_user="bob">
<edit_uuid>5abf9175-1a19-451f-8511-c187dd68a085</edit_uuid>
<building_downgrade_junctions record_uuid="{8f54d2c1-ff5d-4bba-8038-981b0a52dcdb}" record_timestamp="1467718868745" record_key="wh_dlc03_GRN-DWF_settlement_major_beastmenruin">
<from>wh_dlc03_GRN-DWF_settlement_major_beastmenruin</from>
<to>wh_dlc03_GRN-DWF_settlement_major_beastmenruin</to>
</building_downgrade_junctions>
<building_downgrade_junctions record_uuid="{5fef1789-d7f7-458d-9465-7431b5ed469d}" record_timestamp="1467718868744" record_key="wh_dlc03_GRN-DWF_settlement_major_beastmenruin_coast">
<from>wh_dlc03_GRN-DWF_settlement_major_beastmenruin_coast</from>
<to>wh_dlc03_GRN-DWF_settlement_major_beastmenruin_coast</to>
</building_downgrade_junctions>
<building_downgrade_junctions record_uuid="{1692e0a7-f746-4075-9aed-359b5f3a4807}" record_timestamp="1467718868743" record_key="wh_dlc03_GRN-DWF_settlement_minor_beastmenruin">
<from>wh_dlc03_GRN-DWF_settlement_minor_beastmenruin</from>
<to>wh_dlc03_GRN-DWF_settlement_minor_beastmenruin</to>
</building_downgrade_junctions>
<building_downgrade_junctions record_uuid="{08d36efd-095b-42f6-9a59-3ae4746387c8}" record_timestamp="1467718868746" record_key="wh_dlc03_GRN-DWF_settlement_minor_beastmenruin_coast">
<from>wh_dlc03_GRN-DWF_settlement_minor_beastmenruin_coast</from>
<to>wh_dlc03_GRN-DWF_settlement_minor_beastmenruin_coast</to>
</building_downgrade_junctions>
<building_downgrade_junctions record_uuid="{4d7c25b0-6313-4517-b6fd-531905222a64}" record_timestamp="1453398067426" record_key="wh_dlc03_HUMAN_settlement_major_beastmenruin">
<from>wh_dlc03_HUMAN_settlement_major_beastmenruin</from>
<to>wh_dlc03_HUMAN_settlement_major_beastmenruin</to>
</building_downgrade_junctions>
<building_downgrade_junctions record_uuid="{52791195-9c0b-47c9-8f76-a8a93cad8106}" record_timestamp="1466009123626" record_key="wh_dlc03_HUMAN_settlement_major_beastmenruin_coast">
<from>wh_dlc03_HUMAN_settlement_major_beastmenruin_coast</from>
<to>wh_dlc03_HUMAN_settlement_major_beastmenruin_coast</to>
</building_downgrade_junctions>
<building_downgrade_junctions record_uuid="{56a24896-8efe-4db9-81a1-00a5d5a1821e}" record_timestamp="1453398067004" record_key="wh_dlc03_HUMAN_settlement_minor_beastmenruin">
<from>wh_dlc03_HUMAN_settlement_minor_beastmenruin</from>
<to>wh_dlc03_HUMAN_settlement_minor_beastmenruin</to>
</building_downgrade_junctions>
<building_downgrade_junctions record_uuid="{34dbfe58-94a8-46d1-b734-4e29ad62f036}" record_timestamp="1466009123645" record_key="wh_dlc03_HUMAN_settlement_minor_beastmenruin_coast">
<from>wh_dlc03_HUMAN_settlement_minor_beastmenruin_coast</from>
<to>wh_dlc03_HUMAN_settlement_minor_beastmenruin_coast</to>
</building_downgrade_junctions>
<building_downgrade_junctions record_uuid="{8a33454e-7dc1-4039-af2a-05ed469f0fbb}" record_timestamp="1438851296202" record_key="wh_dlc03_horde_beastmen_herd_1">
<from>wh_dlc03_horde_beastmen_herd_1</from>
<to>wh_dlc03_horde_beastmen_herd_1</to>
</building_downgrade_junctions>
<building_downgrade_junctions record_uuid="{c81b0269-cff8-4b9f-80a3-2ccbfcd67f78}" record_timestamp="1438851295983" record_key="wh_dlc03_horde_beastmen_herd_2">
<from>wh_dlc03_horde_beastmen_herd_2</from>
<to>wh_dlc03_horde_beastmen_herd_2</to>
</building_downgrade_junctions>
<building_downgrade_junctions record_uuid="{7cd0f595-11c7-416d-a48b-84186c7bb808}" record_timestamp="1438851296051" record_key="wh_dlc03_horde_beastmen_herd_3">
<from>wh_dlc03_horde_beastmen_herd_3</from>
<to>wh_dlc03_horde_beastmen_herd_3</to>
</building_downgrade_junctions>
<building_downgrade_junctions record_uuid="{f237ff33-3a67-4ea1-a2cf-3ba095b8e2f0}" record_timestamp="1438851296093" record_key="wh_dlc03_horde_beastmen_herd_4">
<from>wh_dlc03_horde_beastmen_herd_4</from>
<to>wh_dlc03_horde_beastmen_herd_4</to>
</building_downgrade_junctions>
<building_downgrade_junctions record_uuid="{fda810bf-37d8-46b1-99a2-2ca95d5e31cc}" record_timestamp="1438851296160" record_key="wh_dlc03_horde_beastmen_herd_5">
<from>wh_dlc03_horde_beastmen_herd_5</from>
<to>wh_dlc03_horde_beastmen_herd_5</to>
</building_downgrade_junctions>
<building_downgrade_junctions record_uuid="{9ef271e4-569e-4eac-8f84-56f8c9cb8dd6}" record_timestamp="1443719305648" record_key="wh_main_HUMAN_settlement_minor_chaosruin">
<from>wh_main_HUMAN_settlement_minor_chaosruin</from>
<to>wh_main_HUMAN_settlement_minor_chaosruin</to>
</building_downgrade_junctions>
<building_downgrade_junctions record_uuid="{9419829a-7b3d-46c3-830e-b290afc127b9}" record_timestamp="1444057069331" record_key="wh_main_HUMAN_settlement_minor_vampireruin">
<from>wh_main_HUMAN_settlement_minor_vampireruin</from>
<to>wh_main_HUMAN_settlement_minor_vampireruin</to>
</building_downgrade_junctions>
<building_downgrade_junctions record_uuid="{d2bf049b-d9ee-4f33-816c-0b6def6fcc29}" record_timestamp="1438710285386" record_key="wh_main_brt_port_1">
<from>wh_main_brt_port_1</from>
<to>wh_main_brt_port_1</to>
</building_downgrade_junctions>
<building_downgrade_junctions record_uuid="{3b9ea60c-5c20-4105-9663-4b78e0636146}" record_timestamp="1438710285458" record_key="wh_main_brt_port_2">
<from>wh_main_brt_port_2</from>
<to>wh_main_brt_port_2</to>
</building_downgrade_junctions>
<building_downgrade_junctions record_uuid="{53bc3d98-ed60-45e2-891b-e1936c00f7bd}" record_timestamp="1438710285252" record_key="wh_main_brt_port_3">
<from>wh_main_brt_port_3</from>
<to>wh_main_brt_port_3</to>
</building_downgrade_junctions>
<building_downgrade_junctions record_uuid="{ef9f2590-f6f6-4cfa-9b3b-cce8f9838cd6}" record_timestamp="1446746148189" record_key="wh_main_brt_port_ruin">
<from>wh_main_brt_port_ruin</from>
<to>wh_main_brt_port_ruin</to>
</building_downgrade_junctions>
<building_downgrade_junctions record_uuid="{201d80dd-b7ba-4f8f-9eac-3d8bae7b9768}" record_timestamp="1422618024333" record_key="wh_main_brt_settlement_major_1">
<from>wh_main_brt_settlement_major_1</from>
<to>wh_main_brt_settlement_major_1</to>
</building_downgrade_junctions>
<building_downgrade_junctions record_uuid="{f22f27e3-c07a-4ce2-86a9-8bc4f3842e75}" record_timestamp="1429890857693" record_key="wh_main_brt_settlement_major_1_coast">
<from>wh_main_brt_settlement_major_1_coast</from>
<to>wh_main_brt_settlement_major_1_coast</to>
</building_downgrade_junctions>
<building_downgrade_junctions record_uuid="{19921d18-d1fa-47b7-98ba-9d2b50516b7a}" record_timestamp="1422547164901" record_key="wh_main_brt_settlement_major_2">
<from>wh_main_brt_settlement_major_2</from>
<to>wh_main_brt_settlement_major_1</to>
</building_downgrade_junctions>
<building_downgrade_junctions record_uuid="{01174ec4-b333-4b63-905a-53b6ae1681e9}" record_timestamp="1429890857848" record_key="wh_main_brt_settlement_major_2_coast">
<from>wh_main_brt_settlement_major_2_coast</from>
<to>wh_main_brt_settlement_major_2_coast</to>
</building_downgrade_junctions>
<building_downgrade_junctions record_uuid="{98fe8be8-617c-4711-a094-34c38a6fe8a5}" record_timestamp="1422547164951" record_key="wh_main_brt_settlement_major_3">
<from>wh_main_brt_settlement_major_3</from>
<to>wh_main_brt_settlement_major_2</to>
</building_downgrade_junctions>
<building_downgrade_junctions record_uuid="{409d2dda-9325-4e68-bbed-1b669d59adb3}" record_timestamp="1429890858004" record_key="wh_main_brt_settlement_major_3_coast">
<from>wh_main_brt_settlement_major_3_coast</from>
<to>wh_main_brt_settlement_major_3_coast</to>
</building_downgrade_junctions>
<building_downgrade_junctions record_uuid="{2f442049-b84f-4518-b207-b98d59f85caf}" record_timestamp="1422547165001" record_key="wh_main_brt_settlement_major_4">
<from>wh_main_brt_settlement_major_4</from>
<to>wh_main_brt_settlement_major_3</to>
</building_downgrade_junctions>
<building_downgrade_junctions record_uuid="{665196ef-5f00-473c-997b-e091239c0e04}" record_timestamp="1429890859561" record_key="wh_main_brt_settlement_major_4_coast">
<from>wh_main_brt_settlement_major_4_coast</from>
<to>wh_main_brt_settlement_major_4_coast</to>
</building_downgrade_junctions>
<building_downgrade_junctions record_uuid="{2a2c2041-52f1-4da0-b6ff-f00d435ce244}" record_timestamp="1422547165051" record_key="wh_main_brt_settlement_major_5">
<from>wh_main_brt_settlement_major_5</from>
<to>wh_main_brt_settlement_major_4</to>
</building_downgrade_junctions>
<building_downgrade_junctions record_uuid="{3f589e91-e13c-4112-810e-fa20112501c1}" record_timestamp="1429890859717" record_key="wh_main_brt_settlement_major_5_coast">
<from>wh_main_brt_settlement_major_5_coast</from>
<to>wh_main_brt_settlement_major_5_coast</to>
</building_downgrade_junctions>
<building_downgrade_junctions record_uuid="{52b4dfb3-434f-41b2-9aa3-302970b69063}" record_timestamp="1422618024333" record_key="wh_main_brt_settlement_minor_1">
<from>wh_main_brt_settlement_minor_1</from>
<to>wh_main_brt_settlement_minor_1</to>
</building_downgrade_junctions>
<building_downgrade_junctions record_uuid="{3c9ccaef-4a86-4d14-a618-2871b51c82fa}" record_timestamp="1429890859872" record_key="wh_main_brt_settlement_minor_1_coast">
<from>wh_main_brt_settlement_minor_1_coast</from>
<to>wh_main_brt_settlement_minor_1_coast</to>
</building_downgrade_junctions>
<building_downgrade_junctions record_uuid="{8c8125ef-15b7-427b-bea2-23da8e2889b6}" record_timestamp="1422547165111" record_key="wh_main_brt_settlement_minor_2">
<from>wh_main_brt_settlement_minor_2</from>
<to>wh_main_brt_settlement_minor_1</to>
</building_downgrade_junctions>
<building_downgrade_junctions record_uuid="{57b15a0a-d534-4168-9b99-e46b5114148c}" record_timestamp="1429890860028" record_key="wh_main_brt_settlement_minor_2_coast">
<from>wh_main_brt_settlement_minor_2_coast</from>
<to>wh_main_brt_settlement_minor_2_coast</to>
</building_downgrade_junctions>
<building_downgrade_junctions record_uuid="{fd5fd5ec-5fd8-4ab5-a5d6-798d9093b91f}" record_timestamp="1422547165161" record_key="wh_main_brt_settlement_minor_3">
<from>wh_main_brt_settlement_minor_3</from>
<to>wh_main_brt_settlement_minor_2</to>
</building_downgrade_junctions>
<building_downgrade_junctions record_uuid="{afaa5684-e2ff-4d3c-8d09-119d49113d30}" record_timestamp="1429890858468" record_key="wh_main_brt_settlement_minor_3_coast">
<from>wh_main_brt_settlement_minor_3_coast</from>
<to>wh_main_brt_settlement_minor_3_coast</to>
</building_downgrade_junctions>
<building_downgrade_junctions record_uuid="{8319f55e-c88f-47cd-9f5c-8145419685c7}" record_timestamp="1446746218340" record_key="wh_main_brt_settlement_ruin_major">
<from>wh_main_brt_settlement_ruin_major</from>
<to>wh_main_brt_settlement_ruin_major</to>
</building_downgrade_junctions>
<building_downgrade_junctions record_uuid="{76997076-0052-4678-9d4f-35042a5e686a}" record_timestamp="1446746218155" record_key="wh_main_brt_settlement_ruin_major_coast">
<from>wh_main_brt_settlement_ruin_major_coast</from>
<to>wh_main_brt_settlement_ruin_major_coast</to>
</building_downgrade_junctions>
<building_downgrade_junctions record_uuid="{4f37d832-35b2-4d7b-bc44-b9f03db6f1c0}" record_timestamp="1446746218728" record_key="wh_main_brt_settlement_ruin_minor">
<from>wh_main_brt_settlement_ruin_minor</from>
<to>wh_main_brt_settlement_ruin_minor</to>
</building_downgrade_junctions>
<building_downgrade_junctions record_uuid="{af34adb7-f539-4c5b-afe1-aec6943a5449}" record_timestamp="1446746218545" record_key="wh_main_brt_settlement_ruin_minor_coast">
<from>wh_main_brt_settlement_ruin_minor_coast</from>
<to>wh_main_brt_settlement_ruin_minor_coast</to>
</building_downgrade_junctions>
<building_downgrade_junctions record_uuid="{896b0119-a3c0-4f08-b8e7-b76db5a8a7f3}" record_timestamp="1422618343972" record_key="wh_main_chs_port">
<from>wh_main_chs_port</from>
<to>wh_main_chs_port</to>
</building_downgrade_junctions>
<building_downgrade_junctions record_uuid="{1ee59a73-5347-4cd2-9d8f-bbaa664b3a78}" record_timestamp="1438710285321" record_key="wh_main_dwf_port_1">
<from>wh_main_dwf_port_1</from>
<to>wh_main_dwf_port_1</to>
</building_downgrade_junctions>
<building_downgrade_junctions record_uuid="{04c98604-6825-4f42-a3b9-f1d386b08a73}" record_timestamp="1438710285113" record_key="wh_main_dwf_port_2">
<from>wh_main_dwf_port_2</from>
<to>wh_main_dwf_port_2</to>
</building_downgrade_junctions>
<building_downgrade_junctions record_uuid="{0290bc21-000c-42ae-bdf7-9eb0aebf3161}" record_timestamp="1438710285180" record_key="wh_main_dwf_port_3">
<from>wh_main_dwf_port_3</from>
<to>wh_main_dwf_port_3</to>
</building_downgrade_junctions>
<building_downgrade_junctions record_uuid="{ebbe8ab2-40a2-4c65-a2a0-94b1e43b1587}" record_timestamp="1429279485299" record_key="wh_main_dwf_settlement_major_1">
<from>wh_main_dwf_settlement_major_1</from>
<to>wh_main_dwf_settlement_major_1</to>
</building_downgrade_junctions>
<building_downgrade_junctions record_uuid="{5094fdbc-ffe7-47c4-bac5-671a53745b00}" record_timestamp="1429890859404" record_key="wh_main_dwf_settlement_major_1_coast">
<from>wh_main_dwf_settlement_major_1_coast</from>
<to>wh_main_dwf_settlement_major_1_coast</to>
</building_downgrade_junctions>
<building_downgrade_junctions record_uuid="{d3b35f18-bd02-465f-af56-c515bf5da9d9}" record_timestamp="1429811824858" record_key="wh_main_dwf_settlement_major_2">
<from>wh_main_dwf_settlement_major_2</from>
<to>wh_main_dwf_settlement_major_2</to>
</building_downgrade_junctions>
<building_downgrade_junctions record_uuid="{e78569bb-0370-43dc-9349-4cd0af4c7854}" record_timestamp="1429890860965" record_key="wh_main_dwf_settlement_major_2_coast">
<from>wh_main_dwf_settlement_major_2_coast</from>
<to>wh_main_dwf_settlement_major_2_coast</to>
</building_downgrade_junctions>
<building_downgrade_junctions record_uuid="{176a9062-507d-4753-8991-67e8608a62b9}" record_timestamp="1429811824954" record_key="wh_main_dwf_settlement_major_3">
<from>wh_main_dwf_settlement_major_3</from>
<to>wh_main_dwf_settlement_major_3</to>
</building_downgrade_junctions>
<building_downgrade_junctions record_uuid="{70b80a45-700c-4b20-853b-8cebc45df06f}" record_timestamp="1429890861277" record_key="wh_main_dwf_settlement_major_3_coast">
<from>wh_main_dwf_settlement_major_3_coast</from>
<to>wh_main_dwf_settlement_major_3_coast</to>
</building_downgrade_junctions>
<building_downgrade_junctions record_uuid="{e43085ca-e778-4d06-b8e2-5cddee786c72}" record_timestamp="1429811825038" record_key="wh_main_dwf_settlement_major_4">
<from>wh_main_dwf_settlement_major_4</from>
<to>wh_main_dwf_settlement_major_4</to>
</building_downgrade_junctions>
<building_downgrade_junctions record_uuid="{044fd696-1cf5-49d0-a0bb-50d0aa89acfd}" record_timestamp="1429890860340" record_key="wh_main_dwf_settlement_major_4_coast">
<from>wh_main_dwf_settlement_major_4_coast</from>
<to>wh_main_dwf_settlement_major_4_coast</to>
</building_downgrade_junctions>
<building_downgrade_junctions record_uuid="{b1138d35-ff07-4422-aa4f-02d8d5d8651e}" record_timestamp="1429811825123" record_key="wh_main_dwf_settlement_major_5">
<from>wh_main_dwf_settlement_major_5</from>
<to>wh_main_dwf_settlement_major_5</to>
</building_downgrade_junctions>
<building_downgrade_junctions record_uuid="{5f207c0b-310f-4a4d-be1d-d941c5f02c28}" record_timestamp="1429890860653" record_key="wh_main_dwf_settlement_major_5_coast">
<from>wh_main_dwf_settlement_major_5_coast</from>
<to>wh_main_dwf_settlement_major_5_coast</to>
</building_downgrade_junctions>
<building_downgrade_junctions record_uuid="{a8d6dc47-e4dc-4486-a06d-4defb0f9e5d0}" record_timestamp="1429279494831" record_key="wh_main_dwf_settlement_minor_1">
<from>wh_main_dwf_settlement_minor_1</from>
<to>wh_main_dwf_settlement_minor_1</to>
</building_downgrade_junctions>
<building_downgrade_junctions record_uuid="{e12f7223-48e5-4c6a-b4b7-22964b19741f}" record_timestamp="1429890862217" record_key="wh_main_dwf_settlement_minor_1_coast">
<from>wh_main_dwf_settlement_minor_1_coast</from>
<to>wh_main_dwf_settlement_minor_1_coast</to>
</building_downgrade_junctions>
<building_downgrade_junctions record_uuid="{b980fded-7c97-4d5b-b7c0-46f47653eb05}" record_timestamp="1429811825215" record_key="wh_main_dwf_settlement_minor_2">
<from>wh_main_dwf_settlement_minor_2</from>
<to>wh_main_dwf_settlement_minor_2</to>
</building_downgrade_junctions>
<building_downgrade_junctions record_uuid="{0d9bd65b-b3db-4f2e-b454-ae2e93b8558e}" record_timestamp="1429890862529" record_key="wh_main_dwf_settlement_minor_2_coast">
<from>wh_main_dwf_settlement_minor_2_coast</from>
<to>wh_main_dwf_settlement_minor_2_coast</to>
</building_downgrade_junctions>
<building_downgrade_junctions record_uuid="{3f66e775-e834-4158-839c-fe2b296f4206}" record_timestamp="1429811825298" record_key="wh_main_dwf_settlement_minor_3">
<from>wh_main_dwf_settlement_minor_3</from>
<to>wh_main_dwf_settlement_minor_3</to>
</building_downgrade_junctions>
<building_downgrade_junctions record_uuid="{a0ff7f91-d688-4e6c-a589-00f032db28f3}" record_timestamp="1429890861591" record_key="wh_main_dwf_settlement_minor_3_coast">
<from>wh_main_dwf_settlement_minor_3_coast</from>
<to>wh_main_dwf_settlement_minor_3_coast</to>
</building_downgrade_junctions>
<building_downgrade_junctions record_uuid="{f4573aae-919b-43c1-acc0-30752a09943d}" record_timestamp="1438710284974" record_key="wh_main_emp_port_1">
<from>wh_main_emp_port_1</from>
<to>wh_main_emp_port_1</to>
</building_downgrade_junctions>
<building_downgrade_junctions record_uuid="{cf3b8b52-ab8d-48f0-bc0a-55860521392e}" record_timestamp="1438710285041" record_key="wh_main_emp_port_2">
<from>wh_main_emp_port_2</from>
<to>wh_main_emp_port_2</to>
</building_downgrade_junctions>
<building_downgrade_junctions record_uuid="{6caee7f7-9f73-4b72-a5b9-fe9da2645e75}" record_timestamp="1438710284844" record_key="wh_main_emp_port_3">
<from>wh_main_emp_port_3</from>
<to>wh_main_emp_port_3</to>
</building_downgrade_junctions>
<building_downgrade_junctions record_uuid="{aa0faf9c-0944-47e5-be00-8ee2a80708a7}" record_timestamp="1422618024348" record_key="wh_main_emp_settlement_major_1">
<from>wh_main_emp_settlement_major_1</from>
<to>wh_main_emp_settlement_major_1</to>
</building_downgrade_junctions>
<building_downgrade_junctions record_uuid="{ded27bf3-e948-49e1-99f6-362c1c399de8}" record_timestamp="1429890861904" record_key="wh_main_emp_settlement_major_1_coast">
<from>wh_main_emp_settlement_major_1_coast</from>
<to>wh_main_emp_settlement_major_1_coast</to>
</building_downgrade_junctions>
<building_downgrade_junctions record_uuid="{fa7a0a25-bfd3-41a5-9ac9-2118c956eaea}" record_timestamp="1427120197378" record_key="wh_main_emp_settlement_major_2">
<from>wh_main_emp_settlement_major_2</from>
<to>wh_main_emp_settlement_major_2</to>
</building_downgrade_junctions>
<building_downgrade_junctions record_uuid="{13479d08-fd8a-4bdc-930f-8aac2fe4c5e0}" record_timestamp="1429890863313" record_key="wh_main_emp_settlement_major_2_coast">
<from>wh_main_emp_settlement_major_2_coast</from>
<to>wh_main_emp_settlement_major_2_coast</to>
</building_downgrade_junctions>
<building_downgrade_junctions record_uuid="{539c7bc6-b40d-440a-ad1b-6ee9dad17bb9}" record_timestamp="1427120197389" record_key="wh_main_emp_settlement_major_3">
<from>wh_main_emp_settlement_major_3</from>
<to>wh_main_emp_settlement_major_3</to>
</building_downgrade_junctions>
<building_downgrade_junctions record_uuid="{8ffd4d1a-eb3b-4009-ac17-a0e25c8e6996}" record_timestamp="1429890863468" record_key="wh_main_emp_settlement_major_3_coast">
<from>wh_main_emp_settlement_major_3_coast</from>
<to>wh_main_emp_settlement_major_3_coast</to>
</building_downgrade_junctions>
<building_downgrade_junctions record_uuid="{01aaf0a8-c6fc-43ae-a12a-40259513817b}" record_timestamp="1427120197398" record_key="wh_main_emp_settlement_major_4">
<from>wh_main_emp_settlement_major_4</from>
<to>wh_main_emp_settlement_major_4</to>
</building_downgrade_junctions>
<building_downgrade_junctions record_uuid="{6beb015f-16ac-4ca9-9a7f-e27a4150bca2}" record_timestamp="1429890863625" record_key="wh_main_emp_settlement_major_4_coast">
<from>wh_main_emp_settlement_major_4_coast</from>
<to>wh_main_emp_settlement_major_4_coast</to>
</building_downgrade_junctions>
<building_downgrade_junctions record_uuid="{7fb9b92d-22aa-4e6a-907e-9092f2432a01}" record_timestamp="1427120197407" record_key="wh_main_emp_settlement_major_5">
<from>wh_main_emp_settlement_major_5</from>
<to>wh_main_emp_settlement_major_5</to>
</building_downgrade_junctions>
<building_downgrade_junctions record_uuid="{bbd50f01-6748-4de2-9fb0-b47c5ece42bc}" record_timestamp="1429890863781" record_key="wh_main_emp_settlement_major_5_coast">
<from>wh_main_emp_settlement_major_5_coast</from>
<to>wh_main_emp_settlement_major_5_coast</to>
</building_downgrade_junctions>
<building_downgrade_junctions record_uuid="{de63eb78-fd85-42c0-b32c-942631f0de6e}" record_timestamp="1422618024364" record_key="wh_main_emp_settlement_minor_1">
<from>wh_main_emp_settlement_minor_1</from>
<to>wh_main_emp_settlement_minor_1</to>
</building_downgrade_junctions>
<building_downgrade_junctions record_uuid="{c4e7c01a-8c89-4d20-aca2-9fe92fdfcd48}" record_timestamp="1429890862687" record_key="wh_main_emp_settlement_minor_1_coast">
<from>wh_main_emp_settlement_minor_1_coast</from>
<to>wh_main_emp_settlement_minor_1_coast</to>
</building_downgrade_junctions>
<building_downgrade_junctions record_uuid="{0940167e-48a5-4a53-a6d2-d5ed8d1cb62d}" record_timestamp="1427120197415" record_key="wh_main_emp_settlement_minor_2">
<from>wh_main_emp_settlement_minor_2</from>
<to>wh_main_emp_settlement_minor_2</to>
</building_downgrade_junctions>
<building_downgrade_junctions record_uuid="{fb027a99-d04d-406c-a4c8-4cbd9758b203}" record_timestamp="1429890862843" record_key="wh_main_emp_settlement_minor_2_coast">
<from>wh_main_emp_settlement_minor_2_coast</from>
<to>wh_main_emp_settlement_minor_2_coast</to>
</building_downgrade_junctions>
<building_downgrade_junctions record_uuid="{faa2d269-70d6-44c8-bad1-ba85ce87c228}" record_timestamp="1427120197423" record_key="wh_main_emp_settlement_minor_3">
<from>wh_main_emp_settlement_minor_3</from>
<to>wh_main_emp_settlement_minor_3</to>
</building_downgrade_junctions>
<building_downgrade_junctions record_uuid="{df0f1273-61f7-49a9-84a8-5735df2a63d8}" record_timestamp="1429890862999" record_key="wh_main_emp_settlement_minor_3_coast">
<from>wh_main_emp_settlement_minor_3_coast</from>
<to>wh_main_emp_settlement_minor_3_coast</to>
</building_downgrade_junctions>
<building_downgrade_junctions record_uuid="{9f6d15bf-567f-4e96-815c-7100f7b5901a}" record_timestamp="1435682612282" record_key="wh_main_grn_dwf_port_ruin">
<from>wh_main_grn_dwf_port_ruin</from>
<to>wh_main_grn_dwf_port_ruin</to>
</building_downgrade_junctions>
<building_downgrade_junctions record_uuid="{39c52cfc-018b-4d30-b501-c87115803950}" record_timestamp="1433261877259" record_key="wh_main_grn_dwf_settlement_ruin_major">
<from>wh_main_grn_dwf_settlement_ruin_major</from>
<to>wh_main_grn_dwf_settlement_ruin_major</to>
</building_downgrade_junctions>
<building_downgrade_junctions record_uuid="{532dca05-62b4-4ec6-883b-a40e23dbac10}" record_timestamp="1433261875442" record_key="wh_main_grn_dwf_settlement_ruin_major_coast">
<from>wh_main_grn_dwf_settlement_ruin_major_coast</from>
<to>wh_main_grn_dwf_settlement_ruin_major_coast</to>
</building_downgrade_junctions>
<building_downgrade_junctions record_uuid="{be187fcd-6b2a-414f-a728-e9a5c86c4b5f}" record_timestamp="1433261873628" record_key="wh_main_grn_dwf_settlement_ruin_minor">
<from>wh_main_grn_dwf_settlement_ruin_minor</from>
<to>wh_main_grn_dwf_settlement_ruin_minor</to>
</building_downgrade_junctions>
<building_downgrade_junctions record_uuid="{60f96a9e-79b6-4fc6-9f3d-e5b82bf374b0}" record_timestamp="1433261871819" record_key="wh_main_grn_dwf_settlement_ruin_minor_coast">
<from>wh_main_grn_dwf_settlement_ruin_minor_coast</from>
<to>wh_main_grn_dwf_settlement_ruin_minor_coast</to>
</building_downgrade_junctions>
<building_downgrade_junctions record_uuid="{0edf7214-3a5e-4e7b-9d7b-a65834da4651}" record_timestamp="1438710284908" record_key="wh_main_grn_port_1">
<from>wh_main_grn_port_1</from>
<to>wh_main_grn_port_1</to>
</building_downgrade_junctions>
<building_downgrade_junctions record_uuid="{ea2c6d15-72e1-49de-a5ad-1345f1512ece}" record_timestamp="1438710284710" record_key="wh_main_grn_port_2">
<from>wh_main_grn_port_2</from>
<to>wh_main_grn_port_2</to>
</building_downgrade_junctions>
<building_downgrade_junctions record_uuid="{9847ae3d-f66b-4e09-852a-fcd40884ec51}" record_timestamp="1438710284781" record_key="wh_main_grn_port_3">
<from>wh_main_grn_port_3</from>
<to>wh_main_grn_port_3</to>
</building_downgrade_junctions>
<building_downgrade_junctions record_uuid="{fbedcf2f-7c32-4594-8e4b-2c99f5a57a0d}" record_timestamp="1446746148366" record_key="wh_main_grn_port_ruin">
<from>wh_main_grn_port_ruin</from>
<to>wh_main_grn_port_ruin</to>
</building_downgrade_junctions>
<building_downgrade_junctions record_uuid="{7061772e-7843-43e8-a2ef-1b9ba005ddfc}" record_timestamp="1433261807000" record_key="wh_main_grn_settlement_major_1">
<from>wh_main_grn_settlement_major_1</from>
<to>wh_main_grn_settlement_major_1</to>
</building_downgrade_junctions>
<building_downgrade_junctions record_uuid="{c4cbc98b-2ada-4156-9882-93bbe8873d12}" record_timestamp="1433261810924" record_key="wh_main_grn_settlement_major_1_coast">
<from>wh_main_grn_settlement_major_1_coast</from>
<to>wh_main_grn_settlement_major_1_coast</to>
</building_downgrade_junctions>
<building_downgrade_junctions record_uuid="{71fbc3b7-a354-4db9-ab79-57fbb0224e39}" record_timestamp="1433261814158" record_key="wh_main_grn_settlement_major_2">
<from>wh_main_grn_settlement_major_2</from>
<to>wh_main_grn_settlement_major_2</to>
</building_downgrade_junctions>
<building_downgrade_junctions record_uuid="{b9031ded-8cd0-44c9-aac9-07de24800549}" record_timestamp="1433261817839" record_key="wh_main_grn_settlement_major_2_coast">
<from>wh_main_grn_settlement_major_2_coast</from>
<to>wh_main_grn_settlement_major_2_coast</to>
</building_downgrade_junctions>
<building_downgrade_junctions record_uuid="{c8af11cd-b145-4612-8436-638193363649}" record_timestamp="1433261820830" record_key="wh_main_grn_settlement_major_3">
<from>wh_main_grn_settlement_major_3</from>
<to>wh_main_grn_settlement_major_3</to>
</building_downgrade_junctions>
<building_downgrade_junctions record_uuid="{c262c821-22db-498e-91af-f6a544e5c289}" record_timestamp="1433261824053" record_key="wh_main_grn_settlement_major_3_coast">
<from>wh_main_grn_settlement_major_3_coast</from>
<to>wh_main_grn_settlement_major_3_coast</to>
</building_downgrade_junctions>
<building_downgrade_junctions record_uuid="{6ae86e37-b786-4449-a34d-ef1dbe54362f}" record_timestamp="1433261827284" record_key="wh_main_grn_settlement_major_4">
<from>wh_main_grn_settlement_major_4</from>
<to>wh_main_grn_settlement_major_4</to>
</building_downgrade_junctions>
<building_downgrade_junctions record_uuid="{5d2e8e25-0c60-4eab-afb7-0695a26d53d1}" record_timestamp="1433261830775" record_key="wh_main_grn_settlement_major_4_coast">
<from>wh_main_grn_settlement_major_4_coast</from>
<to>wh_main_grn_settlement_major_4_coast</to>
</building_downgrade_junctions>
<building_downgrade_junctions record_uuid="{ee9ccbc8-5abe-4ae2-a03a-25d07f8fe5f2}" record_timestamp="1433261834306" record_key="wh_main_grn_settlement_major_5">
<from>wh_main_grn_settlement_major_5</from>
<to>wh_main_grn_settlement_major_5</to>
</building_downgrade_junctions>
<building_downgrade_junctions record_uuid="{0ba164c7-ad20-48a1-82e0-65018b2a10cb}" record_timestamp="1433261838317" record_key="wh_main_grn_settlement_major_5_coast">
<from>wh_main_grn_settlement_major_5_coast</from>
<to>wh_main_grn_settlement_major_5_coast</to>
</building_downgrade_junctions>
<building_downgrade_junctions record_uuid="{77347ad8-0233-4a25-88a1-1a4c0dae4d51}" record_timestamp="1433261842359" record_key="wh_main_grn_settlement_minor_1">
<from>wh_main_grn_settlement_minor_1</from>
<to>wh_main_grn_settlement_minor_1</to>
</building_downgrade_junctions>
<building_downgrade_junctions record_uuid="{16880bd8-5058-4a87-b46e-a17e9e3bc467}" record_timestamp="1433261851327" record_key="wh_main_grn_settlement_minor_1_coast">
<from>wh_main_grn_settlement_minor_1_coast</from>
<to>wh_main_grn_settlement_minor_1_coast</to>
</building_downgrade_junctions>
<building_downgrade_junctions record_uuid="{fc9c2632-ab48-4fd8-92fd-8486f631caf6}" record_timestamp="1433261854773" record_key="wh_main_grn_settlement_minor_2">
<from>wh_main_grn_settlement_minor_2</from>
<to>wh_main_grn_settlement_minor_2</to>
</building_downgrade_junctions>
<building_downgrade_junctions record_uuid="{b7be59c2-2bc3-4363-a958-d8ad448388b3}" record_timestamp="1433261857999" record_key="wh_main_grn_settlement_minor_2_coast">
<from>wh_main_grn_settlement_minor_2_coast</from>
<to>wh_main_grn_settlement_minor_2_coast</to>
</building_downgrade_junctions>
<building_downgrade_junctions record_uuid="{bcafc392-a44d-4d59-b0d1-cf4cdfff6234}" record_timestamp="1433261861013" record_key="wh_main_grn_settlement_minor_3">
<from>wh_main_grn_settlement_minor_3</from>
<to>wh_main_grn_settlement_minor_3</to>
</building_downgrade_junctions>
<building_downgrade_junctions record_uuid="{992314e8-0d62-460b-9ec8-d8698760a1c7}" record_timestamp="1433261864753" record_key="wh_main_grn_settlement_minor_3_coast">
<from>wh_main_grn_settlement_minor_3_coast</from>
<to>wh_main_grn_settlement_minor_3_coast</to>
</building_downgrade_junctions>
<building_downgrade_junctions record_uuid="{30d15d96-f642-4745-926e-69fd4662e3c9}" record_timestamp="1446746218919" record_key="wh_main_grn_settlement_ruin_major">
<from>wh_main_grn_settlement_ruin_major</from>
<to>wh_main_grn_settlement_ruin_major</to>
</building_downgrade_junctions>
<building_downgrade_junctions record_uuid="{9a0a5e44-cd19-4dae-9ecc-a4eca9dbda0a}" record_timestamp="1446746218827" record_key="wh_main_grn_settlement_ruin_major_coast">
<from>wh_main_grn_settlement_ruin_major_coast</from>
<to>wh_main_grn_settlement_ruin_major_coast</to>
</building_downgrade_junctions>
<building_downgrade_junctions record_uuid="{3e209477-2a05-4034-91c7-612fe85c3a38}" record_timestamp="1446746219114" record_key="wh_main_grn_settlement_ruin_minor">
<from>wh_main_grn_settlement_ruin_minor</from>
<to>wh_main_grn_settlement_ruin_minor</to>
</building_downgrade_junctions>
<building_downgrade_junctions record_uuid="{1cdbb539-f837-4700-8f64-a22976173d5b}" record_timestamp="1446746219018" record_key="wh_main_grn_settlement_ruin_minor_coast">
<from>wh_main_grn_settlement_ruin_minor_coast</from>
<to>wh_main_grn_settlement_ruin_minor_coast</to>
</building_downgrade_junctions>
<building_downgrade_junctions record_uuid="{6f81a6f3-aafe-4425-b5bc-81aa823cb211}" record_timestamp="1430930279044" record_key="wh_main_horde_chaos_settlement_1">
<from>wh_main_horde_chaos_settlement_1</from>
<to>wh_main_horde_chaos_settlement_1</to>
</building_downgrade_junctions>
<building_downgrade_junctions record_uuid="{580c2465-0494-4cc5-ae7f-87a43c3b6835}" record_timestamp="1430930279137" record_key="wh_main_horde_chaos_settlement_2">
<from>wh_main_horde_chaos_settlement_2</from>
<to>wh_main_horde_chaos_settlement_2</to>
</building_downgrade_junctions>
<building_downgrade_junctions record_uuid="{b99cd516-2a01-4a57-8e29-ab70fb4c4721}" record_timestamp="1430930278856" record_key="wh_main_horde_chaos_settlement_3">
<from>wh_main_horde_chaos_settlement_3</from>
<to>wh_main_horde_chaos_settlement_3</to>
</building_downgrade_junctions>
<building_downgrade_junctions record_uuid="{1e567a24-4ccb-41a3-b46b-d368aa7b6d26}" record_timestamp="1430930278950" record_key="wh_main_horde_chaos_settlement_4">
<from>wh_main_horde_chaos_settlement_4</from>
<to>wh_main_horde_chaos_settlement_4</to>
</building_downgrade_junctions>
<building_downgrade_junctions record_uuid="{614ce29d-d93f-4689-8d9c-4dda45d7968e}" record_timestamp="1430930278762" record_key="wh_main_horde_chaos_settlement_5">
<from>wh_main_horde_chaos_settlement_5</from>
<to>wh_main_horde_chaos_settlement_5</to>
</building_downgrade_junctions>
<building_downgrade_junctions record_uuid="{1c3e70fb-fbb9-4768-a6cd-4770948258b7}" record_timestamp="1441729541056" record_key="wh_main_horde_savage_settlement_1">
<from>wh_main_horde_savage_settlement_1</from>
<to>wh_main_horde_savage_settlement_1</to>
</building_downgrade_junctions>
<building_downgrade_junctions record_uuid="{5d1a45ce-5106-4eec-9394-3a3fd7957e12}" record_timestamp="1441729541026" record_key="wh_main_horde_savage_settlement_2">
<from>wh_main_horde_savage_settlement_2</from>
<to>wh_main_horde_savage_settlement_2</to>
</building_downgrade_junctions>
<building_downgrade_junctions record_uuid="{f624f9ee-6116-4f92-ab91-cc3623b6514b}" record_timestamp="1441729540995" record_key="wh_main_horde_savage_settlement_3">
<from>wh_main_horde_savage_settlement_3</from>
<to>wh_main_horde_savage_settlement_3</to>
</building_downgrade_junctions>
<building_downgrade_junctions record_uuid="{85f798f5-4799-4529-a2ea-db55d580b3ff}" record_timestamp="1435682611875" record_key="wh_main_human_port_ruin">
<from>wh_main_human_port_ruin</from>
<to>wh_main_human_port_ruin</to>
</building_downgrade_junctions>
<building_downgrade_junctions record_uuid="{35cc649f-c114-4c08-b778-d9173ecc2efc}" record_timestamp="1438710284572" record_key="wh_main_ksl_port_1">
<from>wh_main_ksl_port_1</from>
<to>wh_main_ksl_port_1</to>
</building_downgrade_junctions>
<building_downgrade_junctions record_uuid="{4152ca90-98cd-41be-b14e-67c1ea6f5c7a}" record_timestamp="1438710284640" record_key="wh_main_ksl_port_2">
<from>wh_main_ksl_port_2</from>
<to>wh_main_ksl_port_2</to>
</building_downgrade_junctions>
<building_downgrade_junctions record_uuid="{adcf05d6-346a-485f-af65-55fa29c07e25}" record_timestamp="1438710284437" record_key="wh_main_ksl_port_3">
<from>wh_main_ksl_port_3</from>
<to>wh_main_ksl_port_3</to>
</building_downgrade_junctions>
<building_downgrade_junctions record_uuid="{d850d6a5-f7ac-4eca-8996-e305bccfe63f}" record_timestamp="1446746148270" record_key="wh_main_ksl_port_ruin">
<from>wh_main_ksl_port_ruin</from>
<to>wh_main_ksl_port_ruin</to>
</building_downgrade_junctions>
<building_downgrade_junctions record_uuid="{554bb7a1-1a67-48a9-944e-f783223c33dc}" record_timestamp="1429288701749" record_key="wh_main_nor_military_1">
<from>wh_main_nor_military_1</from>
<to>wh_main_nor_military_1</to>
</building_downgrade_junctions>
<building_downgrade_junctions record_uuid="{0ddb8095-0d09-4221-a6f3-ae5c4227b3c4}" record_timestamp="1429288702647" record_key="wh_main_nor_military_2">
<from>wh_main_nor_military_2</from>
<to>wh_main_nor_military_1</to>
</building_downgrade_junctions>
<building_downgrade_junctions record_uuid="{3277f454-3155-4dd1-b910-12246768eb27}" record_timestamp="1429288703411" record_key="wh_main_nor_military_3">
<from>wh_main_nor_military_3</from>
<to>wh_main_nor_military_2</to>
</building_downgrade_junctions>
<building_downgrade_junctions record_uuid="{5e3612eb-cbf6-490e-a44a-524a711a580f}" record_timestamp="1422618344035" record_key="wh_main_nor_port">
<from>wh_main_nor_port</from>
<to>wh_main_nor_port</to>
</building_downgrade_junctions>
<building_downgrade_junctions record_uuid="{ec1c8f88-825c-4f6e-8412-3bb30633174c}" record_timestamp="1452765952772" record_key="wh_main_nor_port_ruin">
<from>wh_main_nor_port_ruin</from>
<to>wh_main_nor_port_ruin</to>
</building_downgrade_junctions>
<building_downgrade_junctions record_uuid="{07ce0c93-3011-4142-a404-dd75a368911c}" record_timestamp="1422618024270" record_key="wh_main_nor_settlement_minor_1">
<from>wh_main_nor_settlement_minor_1</from>
<to>wh_main_nor_settlement_minor_1</to>
</building_downgrade_junctions>
<building_downgrade_junctions record_uuid="{adcf4335-29f8-466c-ac37-9a21bae71a49}" record_timestamp="1422547156107" record_key="wh_main_nor_settlement_minor_2">
<from>wh_main_nor_settlement_minor_2</from>
<to>wh_main_nor_settlement_minor_1</to>
</building_downgrade_junctions>
<building_downgrade_junctions record_uuid="{87ce338e-a9f8-49bf-a0a4-493206e8a99c}" record_timestamp="1422547156067" record_key="wh_main_nor_settlement_minor_3">
<from>wh_main_nor_settlement_minor_3</from>
<to>wh_main_nor_settlement_minor_2</to>
</building_downgrade_junctions>
<building_downgrade_junctions record_uuid="{d882b1d1-6f9d-489b-a57b-74b209becc3c}" record_timestamp="1438785207777" record_key="wh_main_savage_settlement_major_1">
<from>wh_main_savage_settlement_major_1</from>
<to>wh_main_savage_settlement_major_1</to>
</building_downgrade_junctions>
<building_downgrade_junctions record_uuid="{f7e34754-8310-452b-9bf9-11ef31dbd022}" record_timestamp="1438785201925" record_key="wh_main_savage_settlement_major_1_coast">
<from>wh_main_savage_settlement_major_1_coast</from>
<to>wh_main_savage_settlement_major_1_coast</to>
</building_downgrade_junctions>
<building_downgrade_junctions record_uuid="{3f6af75e-ca9a-4388-af41-0dc37836493f}" record_timestamp="1438785196819" record_key="wh_main_savage_settlement_major_2">
<from>wh_main_savage_settlement_major_2</from>
<to>wh_main_savage_settlement_major_2</to>
</building_downgrade_junctions>
<building_downgrade_junctions record_uuid="{10d60e8b-2127-4c22-a121-c4806a1b3477}" record_timestamp="1438785191749" record_key="wh_main_savage_settlement_major_2_coast">
<from>wh_main_savage_settlement_major_2_coast</from>
<to>wh_main_savage_settlement_major_2_coast</to>
</building_downgrade_junctions>
<building_downgrade_junctions record_uuid="{d0314b91-98a6-45df-8354-4b125af089f1}" record_timestamp="1438785185970" record_key="wh_main_savage_settlement_major_3">
<from>wh_main_savage_settlement_major_3</from>
<to>wh_main_savage_settlement_major_3</to>
</building_downgrade_junctions>
<building_downgrade_junctions record_uuid="{8cc4b307-c710-423a-b351-b8c786bf60c1}" record_timestamp="1438785180238" record_key="wh_main_savage_settlement_major_3_coast">
<from>wh_main_savage_settlement_major_3_coast</from>
<to>wh_main_savage_settlement_major_3_coast</to>
</building_downgrade_junctions>
<building_downgrade_junctions record_uuid="{e9b0cd4c-f71f-4ed5-8a7f-749a9c2722ef}" record_timestamp="1438785174584" record_key="wh_main_savage_settlement_minor_1">
<from>wh_main_savage_settlement_minor_1</from>
<to>wh_main_savage_settlement_minor_1</to>
</building_downgrade_junctions>
<building_downgrade_junctions record_uuid="{95b6f2b9-2a74-4bfa-b245-c31f4e5b57c6}" record_timestamp="1438785169788" record_key="wh_main_savage_settlement_minor_1_coast">
<from>wh_main_savage_settlement_minor_1_coast</from>
<to>wh_main_savage_settlement_minor_1_coast</to>
</building_downgrade_junctions>
<building_downgrade_junctions record_uuid="{0017224a-d0d0-4c33-a05c-32abf1f1c448}" record_timestamp="1438785150250" record_key="wh_main_savage_settlement_minor_2">
<from>wh_main_savage_settlement_minor_2</from>
<to>wh_main_savage_settlement_minor_2</to>
</building_downgrade_junctions>
<building_downgrade_junctions record_uuid="{a7902023-9cf0-4ceb-bbf5-26314bc5eb05}" record_timestamp="1438785155555" record_key="wh_main_savage_settlement_minor_2_coast">
<from>wh_main_savage_settlement_minor_2_coast</from>
<to>wh_main_savage_settlement_minor_2_coast</to>
</building_downgrade_junctions>
<building_downgrade_junctions record_uuid="{078feced-efa9-4ea3-81f0-0ac8d8a22db9}" record_timestamp="1438785159739" record_key="wh_main_savage_settlement_minor_3">
<from>wh_main_savage_settlement_minor_3</from>
<to>wh_main_savage_settlement_minor_3</to>
</building_downgrade_junctions>
<building_downgrade_junctions record_uuid="{31baa2aa-ee42-4087-b33c-26566a6ef92a}" record_timestamp="1438785164709" record_key="wh_main_savage_settlement_minor_3_coast">
<from>wh_main_savage_settlement_minor_3_coast</from>
<to>wh_main_savage_settlement_minor_3_coast</to>
</building_downgrade_junctions>
<building_downgrade_junctions record_uuid="{bfea9dbb-06ca-4d8f-b93a-114a42e41a23}" record_timestamp="1446746219301" record_key="wh_main_savage_settlement_ruin_major">
<from>wh_main_savage_settlement_ruin_major</from>
<to>wh_main_savage_settlement_ruin_major</to>
</building_downgrade_junctions>
<building_downgrade_junctions record_uuid="{af56466f-93b5-420d-a2a1-36bf6981ce8b}" record_timestamp="1446746219218" record_key="wh_main_savage_settlement_ruin_major_coast">
<from>wh_main_savage_settlement_ruin_major_coast</from>
<to>wh_main_savage_settlement_ruin_major_coast</to>
</building_downgrade_junctions>
<building_downgrade_junctions record_uuid="{5dec154f-b90d-4a0e-ad92-901584fefa28}" record_timestamp="1446746219484" record_key="wh_main_savage_settlement_ruin_minor">
<from>wh_main_savage_settlement_ruin_minor</from>
<to>wh_main_savage_settlement_ruin_minor</to>
</building_downgrade_junctions>
<building_downgrade_junctions record_uuid="{faec965a-e542-4640-907f-e40807ea16d7}" record_timestamp="1446746219387" record_key="wh_main_savage_settlement_ruin_minor_coast">
<from>wh_main_savage_settlement_ruin_minor_coast</from>
<to>wh_main_savage_settlement_ruin_minor_coast</to>
</building_downgrade_junctions>
<building_downgrade_junctions record_uuid="{fcfeed32-4e03-4b52-beb3-d45a4a799f3f}" record_timestamp="1428418566416" record_key="wh_main_settlement_major_ruin">
<from>wh_main_settlement_major_ruin</from>
<to>wh_main_settlement_major_ruin</to>
</building_downgrade_junctions>
<building_downgrade_junctions record_uuid="{ad2f1463-9ed1-4fcd-ae1e-43b248997a09}" record_timestamp="1429890859249" record_key="wh_main_settlement_major_ruin_coast">
<from>wh_main_settlement_major_ruin_coast</from>
<to>wh_main_settlement_major_ruin_coast</to>
</building_downgrade_junctions>
<building_downgrade_junctions record_uuid="{e62d219a-f627-47d1-9344-e923b2a24ae6}" record_timestamp="1428418566769" record_key="wh_main_settlement_minor_ruin">
<from>wh_main_settlement_minor_ruin</from>
<to>wh_main_settlement_minor_ruin</to>
</building_downgrade_junctions>
<building_downgrade_junctions record_uuid="{1b4849a2-9593-4ead-a911-f34222eb1355}" record_timestamp="1429890858158" record_key="wh_main_settlement_minor_ruin_coast">
<from>wh_main_settlement_minor_ruin_coast</from>
<to>wh_main_settlement_minor_ruin_coast</to>
</building_downgrade_junctions>
<building_downgrade_junctions record_uuid="{dd007b9f-7006-410e-b998-e6f3a03c56a0}" record_timestamp="1430489009237" record_key="wh_main_settlement_norsca_ruin">
<from>wh_main_settlement_norsca_ruin</from>
<to>wh_main_settlement_norsca_ruin</to>
</building_downgrade_junctions>
<building_downgrade_junctions record_uuid="{f5a66cfb-6591-4a8f-8429-cb3d3c24722b}" record_timestamp="1433870532548" record_key="wh_main_special_erengrad_port_1">
<from>wh_main_special_erengrad_port_1</from>
<to>wh_main_special_erengrad_port_1</to>
</building_downgrade_junctions>
<building_downgrade_junctions record_uuid="{c0d25f7e-ff1e-49b8-b274-190d8adfcba7}" record_timestamp="1433870532484" record_key="wh_main_special_erengrad_port_2">
<from>wh_main_special_erengrad_port_2</from>
<to>wh_main_special_erengrad_port_2</to>
</building_downgrade_junctions>
<building_downgrade_junctions record_uuid="{f4b37c68-1e52-4c98-8f3b-6cc5463230d8}" record_timestamp="1433870532420" record_key="wh_main_special_erengrad_port_3">
<from>wh_main_special_erengrad_port_3</from>
<to>wh_main_special_erengrad_port_3</to>
</building_downgrade_junctions>
<building_downgrade_junctions record_uuid="{8a3aa2d5-9da0-4b86-8db9-01bb7ff9f846}" record_timestamp="1433870532356" record_key="wh_main_special_erengrad_port_ruin">
<from>wh_main_special_erengrad_port_ruin</from>
<to>wh_main_special_erengrad_port_ruin</to>
</building_downgrade_junctions>
<building_downgrade_junctions record_uuid="{38806c03-313d-4879-9397-9c924a148f46}" record_timestamp="1433870532291" record_key="wh_main_special_marienburg_port_1">
<from>wh_main_special_marienburg_port_1</from>
<to>wh_main_special_marienburg_port_1</to>
</building_downgrade_junctions>
<building_downgrade_junctions record_uuid="{4a7242dc-cd0d-4f96-b628-5877f4c57c49}" record_timestamp="1433870532226" record_key="wh_main_special_marienburg_port_2">
<from>wh_main_special_marienburg_port_2</from>
<to>wh_main_special_marienburg_port_2</to>
</building_downgrade_junctions>
<building_downgrade_junctions record_uuid="{ef588088-cd61-418b-8a60-9024a65f9db8}" record_timestamp="1433870532162" record_key="wh_main_special_marienburg_port_3">
<from>wh_main_special_marienburg_port_3</from>
<to>wh_main_special_marienburg_port_3</to>
</building_downgrade_junctions>
<building_downgrade_junctions record_uuid="{01a3334d-8a32-441a-8184-f92704ebef26}" record_timestamp="1433870532080" record_key="wh_main_special_marienburg_port_ruin">
<from>wh_main_special_marienburg_port_ruin</from>
<to>wh_main_special_marienburg_port_ruin</to>
</building_downgrade_junctions>
<building_downgrade_junctions record_uuid="{fc73b774-8d29-4ef8-9b44-e72489badd20}" record_timestamp="1436895017120" record_key="wh_main_special_settlement_altdorf_1_brt">
<from>wh_main_special_settlement_altdorf_1_brt</from>
<to>wh_main_special_settlement_altdorf_1_brt</to>
</building_downgrade_junctions>
<building_downgrade_junctions record_uuid="{824f8770-b48d-47ae-9b4b-43aae5493b10}" record_timestamp="1436895017748" record_key="wh_main_special_settlement_altdorf_1_emp">
<from>wh_main_special_settlement_altdorf_1_emp</from>
<to>wh_main_special_settlement_altdorf_1_emp</to>
</building_downgrade_junctions>
<building_downgrade_junctions record_uuid="{458557d8-4780-4887-8b19-fbb3ab3830bf}" record_timestamp="1436895018380" record_key="wh_main_special_settlement_altdorf_1_vmp">
<from>wh_main_special_settlement_altdorf_1_vmp</from>
<to>wh_main_special_settlement_altdorf_1_vmp</to>
</building_downgrade_junctions>
<building_downgrade_junctions record_uuid="{0209cfb0-8b00-43a9-8525-9cda6255723a}" record_timestamp="1436895019007" record_key="wh_main_special_settlement_altdorf_2_brt">
<from>wh_main_special_settlement_altdorf_2_brt</from>
<to>wh_main_special_settlement_altdorf_2_brt</to>
</building_downgrade_junctions>
<building_downgrade_junctions record_uuid="{5e67cdc7-8e63-43b4-b372-6daafd753586}" record_timestamp="1436895019663" record_key="wh_main_special_settlement_altdorf_2_emp">
<from>wh_main_special_settlement_altdorf_2_emp</from>
<to>wh_main_special_settlement_altdorf_2_emp</to>
</building_downgrade_junctions>
<building_downgrade_junctions record_uuid="{c669d328-98ed-4bda-96b0-b169600beb2b}" record_timestamp="1436895020299" record_key="wh_main_special_settlement_altdorf_2_vmp">
<from>wh_main_special_settlement_altdorf_2_vmp</from>
<to>wh_main_special_settlement_altdorf_2_vmp</to>
</building_downgrade_junctions>
<building_downgrade_junctions record_uuid="{6cbede7e-1b44-41d7-ade3-a319591bbcf2}" record_timestamp="1436895020946" record_key="wh_main_special_settlement_altdorf_3_brt">
<from>wh_main_special_settlement_altdorf_3_brt</from>
<to>wh_main_special_settlement_altdorf_3_brt</to>
</building_downgrade_junctions>
<building_downgrade_junctions record_uuid="{466218e1-f8df-41cb-9cea-65e0ef9c055f}" record_timestamp="1436895021630" record_key="wh_main_special_settlement_altdorf_3_emp">
<from>wh_main_special_settlement_altdorf_3_emp</from>
<to>wh_main_special_settlement_altdorf_3_emp</to>
</building_downgrade_junctions>
<building_downgrade_junctions record_uuid="{d77eb053-4f6c-41e6-aad1-1d4d29105e63}" record_timestamp="1436895022309" record_key="wh_main_special_settlement_altdorf_3_vmp">
<from>wh_main_special_settlement_altdorf_3_vmp</from>
<to>wh_main_special_settlement_altdorf_3_vmp</to>
</building_downgrade_junctions>
<building_downgrade_junctions record_uuid="{e892947f-5eae-4b2f-b4be-34ff3f14b186}" record_timestamp="1436895022993" record_key="wh_main_special_settlement_altdorf_4_brt">
<from>wh_main_special_settlement_altdorf_4_brt</from>
<to>wh_main_special_settlement_altdorf_4_brt</to>
</building_downgrade_junctions>
<building_downgrade_junctions record_uuid="{cd6423b5-c3b2-4730-8356-dbdd836a0498}" record_timestamp="1436895023675" record_key="wh_main_special_settlement_altdorf_4_emp">
<from>wh_main_special_settlement_altdorf_4_emp</from>
<to>wh_main_special_settlement_altdorf_4_emp</to>
</building_downgrade_junctions>
<building_downgrade_junctions record_uuid="{13c97ba9-bc46-40c3-aa40-338ebada0268}" record_timestamp="1436895024361" record_key="wh_main_special_settlement_altdorf_4_vmp">
<from>wh_main_special_settlement_altdorf_4_vmp</from>
<to>wh_main_special_settlement_altdorf_4_vmp</to>
</building_downgrade_junctions>
<building_downgrade_junctions record_uuid="{9519fd8f-29dc-4c18-b456-e4c5395063e2}" record_timestamp="1436895025049" record_key="wh_main_special_settlement_altdorf_5_brt">
<from>wh_main_special_settlement_altdorf_5_brt</from>
<to>wh_main_special_settlement_altdorf_5_brt</to>
</building_downgrade_junctions>
<building_downgrade_junctions record_uuid="{1de80c42-d32a-4f94-9f15-e70bc3ab4def}" record_timestamp="1436895025660" record_key="wh_main_special_settlement_altdorf_5_emp">
<from>wh_main_special_settlement_altdorf_5_emp</from>
<to>wh_main_special_settlement_altdorf_5_emp</to>
</building_downgrade_junctions>
<building_downgrade_junctions record_uuid="{2e947f1f-4945-413d-bf5a-918c26ba6e20}" record_timestamp="1436895026263" record_key="wh_main_special_settlement_altdorf_5_vmp">
<from>wh_main_special_settlement_altdorf_5_vmp</from>
<to>wh_main_special_settlement_altdorf_5_vmp</to>
</building_downgrade_junctions>
<building_downgrade_junctions record_uuid="{d0303868-2f39-45f0-a272-8e1df962329c}" record_timestamp="1436895026886" record_key="wh_main_special_settlement_altdorf_ruin">
<from>wh_main_special_settlement_altdorf_ruin</from>
<to>wh_main_special_settlement_altdorf_ruin</to>
</building_downgrade_junctions>
<building_downgrade_junctions record_uuid="{59fce0d1-0059-4126-be73-8a17b6cfe760}" record_timestamp="1446746219684" record_key="wh_main_special_settlement_altdorf_ruin_brt">
<from>wh_main_special_settlement_altdorf_ruin_brt</from>
<to>wh_main_special_settlement_altdorf_ruin_brt</to>
</building_downgrade_junctions>
<building_downgrade_junctions record_uuid="{6a1b0b5c-2fdb-4143-b0c4-305b69e776c5}" record_timestamp="1446746219585" record_key="wh_main_special_settlement_altdorf_ruin_vmp">
<from>wh_main_special_settlement_altdorf_ruin_vmp</from>
<to>wh_main_special_settlement_altdorf_ruin_vmp</to>
</building_downgrade_junctions>
<building_downgrade_junctions record_uuid="{549cc06a-8697-4ac7-8fd5-2a78f2baa8ca}" record_timestamp="1452798262932" record_key="wh_main_special_settlement_black_crag_1_dwf">
<from>wh_main_special_settlement_black_crag_1_dwf</from>
<to>wh_main_special_settlement_black_crag_1_dwf</to>
</building_downgrade_junctions>
<building_downgrade_junctions record_uuid="{93fcbe07-add7-4617-bd17-c2d16634db33}" record_timestamp="1452798263028" record_key="wh_main_special_settlement_black_crag_1_grn">
<from>wh_main_special_settlement_black_crag_1_grn</from>
<to>wh_main_special_settlement_black_crag_1_grn</to>
</building_downgrade_junctions>
<building_downgrade_junctions record_uuid="{c4445da3-586c-4c8c-959a-741743fdd7bf}" record_timestamp="1452798263075" record_key="wh_main_special_settlement_black_crag_1_savage">
<from>wh_main_special_settlement_black_crag_1_savage</from>
<to>wh_main_special_settlement_black_crag_1_savage</to>
</building_downgrade_junctions>
<building_downgrade_junctions record_uuid="{6c1f4f5d-9835-48e4-8a3a-b7c04bb10eff}" record_timestamp="1452798263123" record_key="wh_main_special_settlement_black_crag_2_dwf">
<from>wh_main_special_settlement_black_crag_2_dwf</from>
<to>wh_main_special_settlement_black_crag_2_dwf</to>
</building_downgrade_junctions>
<building_downgrade_junctions record_uuid="{c9b7ba6e-1803-4f87-9594-be60ea5985b0}" record_timestamp="1452798263172" record_key="wh_main_special_settlement_black_crag_2_grn">
<from>wh_main_special_settlement_black_crag_2_grn</from>
<to>wh_main_special_settlement_black_crag_2_grn</to>
</building_downgrade_junctions>
<building_downgrade_junctions record_uuid="{99c67644-6efc-4715-ad11-40f9ff04b20f}" record_timestamp="1452798262449" record_key="wh_main_special_settlement_black_crag_2_savage">
<from>wh_main_special_settlement_black_crag_2_savage</from>
<to>wh_main_special_settlement_black_crag_2_savage</to>
</building_downgrade_junctions>
<building_downgrade_junctions record_uuid="{608842a1-ee07-4b82-a1ff-7dba91740bfe}" record_timestamp="1452798262497" record_key="wh_main_special_settlement_black_crag_3_dwf">
<from>wh_main_special_settlement_black_crag_3_dwf</from>
<to>wh_main_special_settlement_black_crag_3_dwf</to>
</building_downgrade_junctions>
<building_downgrade_junctions record_uuid="{a7c57fab-568b-4d9e-a350-f0d09cf810b3}" record_timestamp="1452798262547" record_key="wh_main_special_settlement_black_crag_3_grn">
<from>wh_main_special_settlement_black_crag_3_grn</from>
<to>wh_main_special_settlement_black_crag_3_grn</to>
</building_downgrade_junctions>
<building_downgrade_junctions record_uuid="{75018528-b020-44e4-af6e-07cd28a23da9}" record_timestamp="1452798262595" record_key="wh_main_special_settlement_black_crag_3_savage">
<from>wh_main_special_settlement_black_crag_3_savage</from>
<to>wh_main_special_settlement_black_crag_3_savage</to>
</building_downgrade_junctions>
<building_downgrade_junctions record_uuid="{070d7504-307a-4416-9b73-7c1c12dddd7a}" record_timestamp="1452798262643" record_key="wh_main_special_settlement_black_crag_4_dwf">
<from>wh_main_special_settlement_black_crag_4_dwf</from>
<to>wh_main_special_settlement_black_crag_4_dwf</to>
</building_downgrade_junctions>
<building_downgrade_junctions record_uuid="{75a63a09-6417-4adb-a935-2d7e5c9aed92}" record_timestamp="1452798262691" record_key="wh_main_special_settlement_black_crag_4_grn">
<from>wh_main_special_settlement_black_crag_4_grn</from>
<to>wh_main_special_settlement_black_crag_4_grn</to>
</building_downgrade_junctions>
<building_downgrade_junctions record_uuid="{799c65ca-2ed1-42b2-81e0-d73dd1314dd1}" record_timestamp="1452798262787" record_key="wh_main_special_settlement_black_crag_5_dwf">
<from>wh_main_special_settlement_black_crag_5_dwf</from>
<to>wh_main_special_settlement_black_crag_5_dwf</to>
</building_downgrade_junctions>
<building_downgrade_junctions record_uuid="{e0a5b74d-db86-41a6-8779-35a5424622f6}" record_timestamp="1452798262836" record_key="wh_main_special_settlement_black_crag_5_grn">
<from>wh_main_special_settlement_black_crag_5_grn</from>
<to>wh_main_special_settlement_black_crag_5_grn</to>
</building_downgrade_junctions>
<building_downgrade_junctions record_uuid="{65b200d4-2c66-4bf1-be34-082a04f0e93f}" record_timestamp="1452799888895" record_key="wh_main_special_settlement_black_crag_chaosruin">
<from>wh_main_special_settlement_black_crag_chaosruin</from>
<to>wh_main_special_settlement_black_crag_chaosruin</to>
</building_downgrade_junctions>
<building_downgrade_junctions record_uuid="{a477062f-b000-4afe-bc1d-29ffb1d708d8}" record_timestamp="1452798262884" record_key="wh_main_special_settlement_black_crag_dwf_ruin">
<from>wh_main_special_settlement_black_crag_dwf_ruin</from>
<to>wh_main_special_settlement_black_crag_dwf_ruin</to>
</building_downgrade_junctions>
<building_downgrade_junctions record_uuid="{e35ab181-a847-4d53-80af-c7b563430200}" record_timestamp="1452798262980" record_key="wh_main_special_settlement_black_crag_grn_ruin">
<from>wh_main_special_settlement_black_crag_grn_ruin</from>
<to>wh_main_special_settlement_black_crag_grn_ruin</to>
</building_downgrade_junctions>
<building_downgrade_junctions record_uuid="{1291871c-fe4c-4901-a89b-04937f5cb419}" record_timestamp="1436895027603" record_key="wh_main_special_settlement_castle_drakenhof_1_brt">
<from>wh_main_special_settlement_castle_drakenhof_1_brt</from>
<to>wh_main_special_settlement_castle_drakenhof_1_brt</to>
</building_downgrade_junctions>
<building_downgrade_junctions record_uuid="{ea0efecc-dccc-4604-a588-0e223e855243}" record_timestamp="1436895028351" record_key="wh_main_special_settlement_castle_drakenhof_1_emp">
<from>wh_main_special_settlement_castle_drakenhof_1_emp</from>
<to>wh_main_special_settlement_castle_drakenhof_1_emp</to>
</building_downgrade_junctions>
<building_downgrade_junctions record_uuid="{f52c25de-57d9-49bc-a676-309202013f2b}" record_timestamp="1436895029099" record_key="wh_main_special_settlement_castle_drakenhof_1_vmp">
<from>wh_main_special_settlement_castle_drakenhof_1_vmp</from>
<to>wh_main_special_settlement_castle_drakenhof_1_vmp</to>
</building_downgrade_junctions>
<building_downgrade_junctions record_uuid="{185f4053-729c-4523-b26f-86fb82710aaa}" record_timestamp="1436895029837" record_key="wh_main_special_settlement_castle_drakenhof_2_brt">
<from>wh_main_special_settlement_castle_drakenhof_2_brt</from>
<to>wh_main_special_settlement_castle_drakenhof_2_brt</to>
</building_downgrade_junctions>
<building_downgrade_junctions record_uuid="{7bf117a3-8a97-4261-b866-f2ce0bcee7c7}" record_timestamp="1436895030578" record_key="wh_main_special_settlement_castle_drakenhof_2_emp">
<from>wh_main_special_settlement_castle_drakenhof_2_emp</from>
<to>wh_main_special_settlement_castle_drakenhof_2_emp</to>
</building_downgrade_junctions>
<building_downgrade_junctions record_uuid="{06a1e5b9-e5ff-4332-8411-ca695e49c85a}" record_timestamp="1436895031352" record_key="wh_main_special_settlement_castle_drakenhof_2_vmp">
<from>wh_main_special_settlement_castle_drakenhof_2_vmp</from>
<to>wh_main_special_settlement_castle_drakenhof_2_vmp</to>
</building_downgrade_junctions>
<building_downgrade_junctions record_uuid="{8ed96232-f4e7-431c-8fdc-8a1e8a3dbac9}" record_timestamp="1436895032143" record_key="wh_main_special_settlement_castle_drakenhof_3_brt">
<from>wh_main_special_settlement_castle_drakenhof_3_brt</from>
<to>wh_main_special_settlement_castle_drakenhof_3_brt</to>
</building_downgrade_junctions>
<building_downgrade_junctions record_uuid="{a1732d47-7dc8-4d67-9276-cc0d6aff821d}" record_timestamp="1436895032926" record_key="wh_main_special_settlement_castle_drakenhof_3_emp">
<from>wh_main_special_settlement_castle_drakenhof_3_emp</from>
<to>wh_main_special_settlement_castle_drakenhof_3_emp</to>
</building_downgrade_junctions>
<building_downgrade_junctions record_uuid="{a1451f81-631b-45be-bc49-c237915a96c2}" record_timestamp="1436895033743" record_key="wh_main_special_settlement_castle_drakenhof_3_vmp">
<from>wh_main_special_settlement_castle_drakenhof_3_vmp</from>
<to>wh_main_special_settlement_castle_drakenhof_3_vmp</to>
</building_downgrade_junctions>
<building_downgrade_junctions record_uuid="{903d2ed0-65e2-44e2-807c-17ffeadf443d}" record_timestamp="1436895034542" record_key="wh_main_special_settlement_castle_drakenhof_4_brt">
<from>wh_main_special_settlement_castle_drakenhof_4_brt</from>
<to>wh_main_special_settlement_castle_drakenhof_4_brt</to>
</building_downgrade_junctions>
<building_downgrade_junctions record_uuid="{095cb02d-90e6-4bd6-bb51-fd9be18a1cf4}" record_timestamp="1436895035335" record_key="wh_main_special_settlement_castle_drakenhof_4_emp">
<from>wh_main_special_settlement_castle_drakenhof_4_emp</from>
<to>wh_main_special_settlement_castle_drakenhof_4_emp</to>
</building_downgrade_junctions>
<building_downgrade_junctions record_uuid="{81f983b2-cc4d-4c29-b2ca-bbbe8886ba40}" record_timestamp="1436895036154" record_key="wh_main_special_settlement_castle_drakenhof_4_vmp">
<from>wh_main_special_settlement_castle_drakenhof_4_vmp</from>
<to>wh_main_special_settlement_castle_drakenhof_4_vmp</to>
</building_downgrade_junctions>
<building_downgrade_junctions record_uuid="{92312f68-c9bc-468f-a6db-eb4f3c747bb6}" record_timestamp="1436895036977" record_key="wh_main_special_settlement_castle_drakenhof_5_brt">
<from>wh_main_special_settlement_castle_drakenhof_5_brt</from>
<to>wh_main_special_settlement_castle_drakenhof_5_brt</to>
</building_downgrade_junctions>
<building_downgrade_junctions record_uuid="{a086bd24-efc9-4460-b96b-392131a93c3e}" record_timestamp="1436895037696" record_key="wh_main_special_settlement_castle_drakenhof_5_emp">
<from>wh_main_special_settlement_castle_drakenhof_5_emp</from>
<to>wh_main_special_settlement_castle_drakenhof_5_emp</to>
</building_downgrade_junctions>
<building_downgrade_junctions record_uuid="{811ebe08-19a9-4fe4-a61e-02a405416315}" record_timestamp="1436895038425" record_key="wh_main_special_settlement_castle_drakenhof_5_vmp">
<from>wh_main_special_settlement_castle_drakenhof_5_vmp</from>
<to>wh_main_special_settlement_castle_drakenhof_5_vmp</to>
</building_downgrade_junctions>
<building_downgrade_junctions record_uuid="{7986f2e4-fa05-4b1d-839e-b54761b641dd}" record_timestamp="1436895039145" record_key="wh_main_special_settlement_castle_drakenhof_ruin">
<from>wh_main_special_settlement_castle_drakenhof_ruin</from>
<to>wh_main_special_settlement_castle_drakenhof_ruin</to>
</building_downgrade_junctions>
<building_downgrade_junctions record_uuid="{dad87bb4-831f-4272-a805-1d08111a7c82}" record_timestamp="1446746219870" record_key="wh_main_special_settlement_castle_drakenhof_ruin_brt">
<from>wh_main_special_settlement_castle_drakenhof_ruin_brt</from>
<to>wh_main_special_settlement_castle_drakenhof_ruin_brt</to>
</building_downgrade_junctions>
<building_downgrade_junctions record_uuid="{a105e793-220e-43c3-92bb-2b03ded7f24a}" record_timestamp="1446746219782" record_key="wh_main_special_settlement_castle_drakenhof_ruin_emp">
<from>wh_main_special_settlement_castle_drakenhof_ruin_emp</from>
<to>wh_main_special_settlement_castle_drakenhof_ruin_emp</to>
</building_downgrade_junctions>
<building_downgrade_junctions record_uuid="{f6c8f98a-722f-400b-8665-94bc1d599bf7}" record_timestamp="1436895039989" record_key="wh_main_special_settlement_couronne_1_brt">
<from>wh_main_special_settlement_couronne_1_brt</from>
<to>wh_main_special_settlement_couronne_1_brt</to>
</building_downgrade_junctions>
<building_downgrade_junctions record_uuid="{73241247-c75e-42e3-bdcb-1466fe780516}" record_timestamp="1436895040867" record_key="wh_main_special_settlement_couronne_1_emp">
<from>wh_main_special_settlement_couronne_1_emp</from>
<to>wh_main_special_settlement_couronne_1_emp</to>
</building_downgrade_junctions>
<building_downgrade_junctions record_uuid="{95512f2b-92ba-444c-9dc3-0d7ef6f5bdc7}" record_timestamp="1436895041722" record_key="wh_main_special_settlement_couronne_1_vmp">
<from>wh_main_special_settlement_couronne_1_vmp</from>
<to>wh_main_special_settlement_couronne_1_vmp</to>
</building_downgrade_junctions>
<building_downgrade_junctions record_uuid="{126ff548-e9fa-4575-8790-75148bc47001}" record_timestamp="1436895042590" record_key="wh_main_special_settlement_couronne_2_brt">
<from>wh_main_special_settlement_couronne_2_brt</from>
<to>wh_main_special_settlement_couronne_2_brt</to>
</building_downgrade_junctions>
<building_downgrade_junctions record_uuid="{49b3f851-e01b-45cd-8732-b5b026caff71}" record_timestamp="1436895043503" record_key="wh_main_special_settlement_couronne_2_emp">
<from>wh_main_special_settlement_couronne_2_emp</from>
<to>wh_main_special_settlement_couronne_2_emp</to>
</building_downgrade_junctions>
<building_downgrade_junctions record_uuid="{48bc3b4a-62a6-4fbc-87de-8ba3d7b7adcb}" record_timestamp="1436895044402" record_key="wh_main_special_settlement_couronne_2_vmp">
<from>wh_main_special_settlement_couronne_2_vmp</from>
<to>wh_main_special_settlement_couronne_2_vmp</to>
</building_downgrade_junctions>
<building_downgrade_junctions record_uuid="{1834374e-6717-462a-93f7-c30642e78726}" record_timestamp="1436895045317" record_key="wh_main_special_settlement_couronne_3_brt">
<from>wh_main_special_settlement_couronne_3_brt</from>
<to>wh_main_special_settlement_couronne_3_brt</to>
</building_downgrade_junctions>
<building_downgrade_junctions record_uuid="{7786d8a1-9cc6-4063-bcb0-7f30bc1cbd03}" record_timestamp="1436895046206" record_key="wh_main_special_settlement_couronne_3_emp">
<from>wh_main_special_settlement_couronne_3_emp</from>
<to>wh_main_special_settlement_couronne_3_emp</to>
</building_downgrade_junctions>
<building_downgrade_junctions record_uuid="{e20cb30a-165a-41d4-976c-9b6ef7162f82}" record_timestamp="1436895047150" record_key="wh_main_special_settlement_couronne_3_vmp">
<from>wh_main_special_settlement_couronne_3_vmp</from>
<to>wh_main_special_settlement_couronne_3_vmp</to>
</building_downgrade_junctions>
<building_downgrade_junctions record_uuid="{88f0b3f8-1a19-458f-9030-63adfe2ef1e2}" record_timestamp="1436895048094" record_key="wh_main_special_settlement_couronne_4_brt">
<from>wh_main_special_settlement_couronne_4_brt</from>
<to>wh_main_special_settlement_couronne_4_brt</to>
</building_downgrade_junctions>
<building_downgrade_junctions record_uuid="{0f827927-c219-4e32-b7c0-943d6913011b}" record_timestamp="1436895049032" record_key="wh_main_special_settlement_couronne_4_emp">
<from>wh_main_special_settlement_couronne_4_emp</from>
<to>wh_main_special_settlement_couronne_4_emp</to>
</building_downgrade_junctions>
<building_downgrade_junctions record_uuid="{15b0881a-0a95-4120-b56a-162faa6721f8}" record_timestamp="1436895049993" record_key="wh_main_special_settlement_couronne_4_vmp">
<from>wh_main_special_settlement_couronne_4_vmp</from>
<to>wh_main_special_settlement_couronne_4_vmp</to>
</building_downgrade_junctions>
<building_downgrade_junctions record_uuid="{f467d378-a1c2-4d8e-96d1-c77e3274de40}" record_timestamp="1436895050960" record_key="wh_main_special_settlement_couronne_5_brt">
<from>wh_main_special_settlement_couronne_5_brt</from>
<to>wh_main_special_settlement_couronne_5_brt</to>
</building_downgrade_junctions>
<building_downgrade_junctions record_uuid="{59532a96-9e4b-4fdf-9f9a-98241c8d61a4}" record_timestamp="1436895051807" record_key="wh_main_special_settlement_couronne_5_emp">
<from>wh_main_special_settlement_couronne_5_emp</from>
<to>wh_main_special_settlement_couronne_5_emp</to>
</building_downgrade_junctions>
<building_downgrade_junctions record_uuid="{9a6de01e-22d1-4f08-86a7-9f720a1c3bb2}" record_timestamp="1436895052648" record_key="wh_main_special_settlement_couronne_5_vmp">
<from>wh_main_special_settlement_couronne_5_vmp</from>
<to>wh_main_special_settlement_couronne_5_vmp</to>
</building_downgrade_junctions>
<building_downgrade_junctions record_uuid="{34bf45f1-827b-46dd-8047-cd616410954f}" record_timestamp="1436895053513" record_key="wh_main_special_settlement_couronne_ruin">
<from>wh_main_special_settlement_couronne_ruin</from>
<to>wh_main_special_settlement_couronne_ruin</to>
</building_downgrade_junctions>
<building_downgrade_junctions record_uuid="{09f7d616-0814-4fdb-a65a-7d173a505ac8}" record_timestamp="1446746220038" record_key="wh_main_special_settlement_couronne_ruin_emp">
<from>wh_main_special_settlement_couronne_ruin_emp</from>
<to>wh_main_special_settlement_couronne_ruin_emp</to>
</building_downgrade_junctions>
<building_downgrade_junctions record_uuid="{e5022e22-c2eb-49c6-b740-538a41e13387}" record_timestamp="1446746219953" record_key="wh_main_special_settlement_couronne_ruin_vmp">
<from>wh_main_special_settlement_couronne_ruin_vmp</from>
<to>wh_main_special_settlement_couronne_ruin_vmp</to>
</building_downgrade_junctions>
<building_downgrade_junctions record_uuid="{80d8a8d3-1468-4896-822f-d932599ad9cb}" record_timestamp="1436895054473" record_key="wh_main_special_settlement_karaz_a_karak_1_dwf">
<from>wh_main_special_settlement_karaz_a_karak_1_dwf</from>
<to>wh_main_special_settlement_karaz_a_karak_1_dwf</to>
</building_downgrade_junctions>
<building_downgrade_junctions record_uuid="{7da6eedf-db1d-4a5f-9957-402a23f573f8}" record_timestamp="1436895055415" record_key="wh_main_special_settlement_karaz_a_karak_1_grn">
<from>wh_main_special_settlement_karaz_a_karak_1_grn</from>
<to>wh_main_special_settlement_karaz_a_karak_1_grn</to>
</building_downgrade_junctions>
<building_downgrade_junctions record_uuid="{8a8d62c3-aa67-4de2-b679-1441a4bddb87}" record_timestamp="1436895056380" record_key="wh_main_special_settlement_karaz_a_karak_1_savage">
<from>wh_main_special_settlement_karaz_a_karak_1_savage</from>
<to>wh_main_special_settlement_karaz_a_karak_1_savage</to>
</building_downgrade_junctions>
<building_downgrade_junctions record_uuid="{406f07c0-6acb-49f4-a124-0066ffe5bb6a}" record_timestamp="1436895057335" record_key="wh_main_special_settlement_karaz_a_karak_2_dwf">
<from>wh_main_special_settlement_karaz_a_karak_2_dwf</from>
<to>wh_main_special_settlement_karaz_a_karak_2_dwf</to>
</building_downgrade_junctions>
<building_downgrade_junctions record_uuid="{f19b7a19-7779-46f5-b38c-96887c9ef0a2}" record_timestamp="1436895058298" record_key="wh_main_special_settlement_karaz_a_karak_2_grn">
<from>wh_main_special_settlement_karaz_a_karak_2_grn</from>
<to>wh_main_special_settlement_karaz_a_karak_2_grn</to>
</building_downgrade_junctions>
<building_downgrade_junctions record_uuid="{4c570d7c-bd93-45c8-9d6c-4d574345b80d}" record_timestamp="1436895059267" record_key="wh_main_special_settlement_karaz_a_karak_2_savage">
<from>wh_main_special_settlement_karaz_a_karak_2_savage</from>
<to>wh_main_special_settlement_karaz_a_karak_2_savage</to>
</building_downgrade_junctions>
<building_downgrade_junctions record_uuid="{aa184d87-b21e-43b0-bcb1-3366e1d28791}" record_timestamp="1436895060228" record_key="wh_main_special_settlement_karaz_a_karak_3_dwf">
<from>wh_main_special_settlement_karaz_a_karak_3_dwf</from>
<to>wh_main_special_settlement_karaz_a_karak_3_dwf</to>
</building_downgrade_junctions>
<building_downgrade_junctions record_uuid="{7a0b1067-4240-4f50-be96-ea11383f591a}" record_timestamp="1436895061187" record_key="wh_main_special_settlement_karaz_a_karak_3_grn">
<from>wh_main_special_settlement_karaz_a_karak_3_grn</from>
<to>wh_main_special_settlement_karaz_a_karak_3_grn</to>
</building_downgrade_junctions>
<building_downgrade_junctions record_uuid="{f0655d36-0b0c-45fc-9dcb-8288333c8eb0}" record_timestamp="1436895062147" record_key="wh_main_special_settlement_karaz_a_karak_3_savage">
<from>wh_main_special_settlement_karaz_a_karak_3_savage</from>
<to>wh_main_special_settlement_karaz_a_karak_3_savage</to>
</building_downgrade_junctions>
<building_downgrade_junctions record_uuid="{9b665d0c-255b-47aa-ac54-7c4d3777ff72}" record_timestamp="1436895062966" record_key="wh_main_special_settlement_karaz_a_karak_4_dwf">
<from>wh_main_special_settlement_karaz_a_karak_4_dwf</from>
<to>wh_main_special_settlement_karaz_a_karak_4_dwf</to>
</building_downgrade_junctions>
<building_downgrade_junctions record_uuid="{d2f04b8c-0b48-4cae-8c27-396e25a8a385}" record_timestamp="1436895063940" record_key="wh_main_special_settlement_karaz_a_karak_4_grn">
<from>wh_main_special_settlement_karaz_a_karak_4_grn</from>
<to>wh_main_special_settlement_karaz_a_karak_4_grn</to>
</building_downgrade_junctions>
<building_downgrade_junctions record_uuid="{f1e477f2-bba7-4bd7-aa6f-042486622822}" record_timestamp="1436895064900" record_key="wh_main_special_settlement_karaz_a_karak_5_dwf">
<from>wh_main_special_settlement_karaz_a_karak_5_dwf</from>
<to>wh_main_special_settlement_karaz_a_karak_5_dwf</to>
</building_downgrade_junctions>
<building_downgrade_junctions record_uuid="{7c83c47e-1e73-4d5b-9291-8364356d2ebc}" record_timestamp="1436895065752" record_key="wh_main_special_settlement_karaz_a_karak_5_grn">
<from>wh_main_special_settlement_karaz_a_karak_5_grn</from>
<to>wh_main_special_settlement_karaz_a_karak_5_grn</to>
</building_downgrade_junctions>
<building_downgrade_junctions record_uuid="{bdbbc6ed-fe11-4f07-bbc2-be30b3da88c2}" record_timestamp="1436895066577" record_key="wh_main_special_settlement_karaz_a_karak_ruin">
<from>wh_main_special_settlement_karaz_a_karak_ruin</from>
<to>wh_main_special_settlement_karaz_a_karak_ruin</to>
</building_downgrade_junctions>
<building_downgrade_junctions record_uuid="{de72f110-c81e-4ddd-8345-8205303500ec}" record_timestamp="1446746220218" record_key="wh_main_special_settlement_karaz_a_karak_ruin_grn">
<from>wh_main_special_settlement_karaz_a_karak_ruin_grn</from>
<to>wh_main_special_settlement_karaz_a_karak_ruin_grn</to>
</building_downgrade_junctions>
<building_downgrade_junctions record_uuid="{24db9501-55ef-478b-a4b5-e040c3b46129}" record_timestamp="1446746220134" record_key="wh_main_special_settlement_karaz_a_karak_ruin_savage">
<from>wh_main_special_settlement_karaz_a_karak_ruin_savage</from>
<to>wh_main_special_settlement_karaz_a_karak_ruin_savage</to>
</building_downgrade_junctions>
<building_downgrade_junctions record_uuid="{566c2ff9-8c5e-407d-9501-15735b0a9f49}" record_timestamp="1436895067559" record_key="wh_main_special_settlement_kislev_1_brt">
<from>wh_main_special_settlement_kislev_1_brt</from>
<to>wh_main_special_settlement_kislev_1_brt</to>
</building_downgrade_junctions>
<building_downgrade_junctions record_uuid="{8c4c6ad1-cda8-4f57-8008-d8d3427337e8}" record_timestamp="1436895068538" record_key="wh_main_special_settlement_kislev_1_emp">
<from>wh_main_special_settlement_kislev_1_emp</from>
<to>wh_main_special_settlement_kislev_1_emp</to>
</building_downgrade_junctions>
<building_downgrade_junctions record_uuid="{702c2a7c-4ac9-4901-8846-85e528b5361d}" record_timestamp="1436895069522" record_key="wh_main_special_settlement_kislev_1_ksl">
<from>wh_main_special_settlement_kislev_1_ksl</from>
<to>wh_main_special_settlement_kislev_1_ksl</to>
</building_downgrade_junctions>
<building_downgrade_junctions record_uuid="{657b5d13-76f8-4f4e-8fae-c5efcb683f76}" record_timestamp="1436895070498" record_key="wh_main_special_settlement_kislev_1_vmp">
<from>wh_main_special_settlement_kislev_1_vmp</from>
<to>wh_main_special_settlement_kislev_1_vmp</to>
</building_downgrade_junctions>
<building_downgrade_junctions record_uuid="{5ad7af25-1f83-41e3-a715-98d790876b60}" record_timestamp="1436895071478" record_key="wh_main_special_settlement_kislev_2_brt">
<from>wh_main_special_settlement_kislev_2_brt</from>
<to>wh_main_special_settlement_kislev_2_brt</to>
</building_downgrade_junctions>
<building_downgrade_junctions record_uuid="{114269b5-5bd8-4630-8012-0e9700ed5a67}" record_timestamp="1436895072425" record_key="wh_main_special_settlement_kislev_2_emp">
<from>wh_main_special_settlement_kislev_2_emp</from>
<to>wh_main_special_settlement_kislev_2_emp</to>
</building_downgrade_junctions>
<building_downgrade_junctions record_uuid="{769c1d17-b57d-4045-bfca-a5efdf21b07b}" record_timestamp="1436895073372" record_key="wh_main_special_settlement_kislev_2_ksl">
<from>wh_main_special_settlement_kislev_2_ksl</from>
<to>wh_main_special_settlement_kislev_2_ksl</to>
</building_downgrade_junctions>
<building_downgrade_junctions record_uuid="{519eb9fe-9a48-4a05-b5e4-628b7914b5ef}" record_timestamp="1436895074344" record_key="wh_main_special_settlement_kislev_2_vmp">
<from>wh_main_special_settlement_kislev_2_vmp</from>
<to>wh_main_special_settlement_kislev_2_vmp</to>
</building_downgrade_junctions>
<building_downgrade_junctions record_uuid="{d2aba702-1a7c-4624-abf1-f92448e3c533}" record_timestamp="1436895075305" record_key="wh_main_special_settlement_kislev_3_brt">
<from>wh_main_special_settlement_kislev_3_brt</from>
<to>wh_main_special_settlement_kislev_3_brt</to>
</building_downgrade_junctions>
<building_downgrade_junctions record_uuid="{e3edd487-67fe-445d-984d-3aad59e0d726}" record_timestamp="1436895076262" record_key="wh_main_special_settlement_kislev_3_emp">
<from>wh_main_special_settlement_kislev_3_emp</from>
<to>wh_main_special_settlement_kislev_3_emp</to>
</building_downgrade_junctions>
<building_downgrade_junctions record_uuid="{8f0e9fdc-1bbc-494f-98fa-06c299866f67}" record_timestamp="1436895077206" record_key="wh_main_special_settlement_kislev_3_ksl">
<from>wh_main_special_settlement_kislev_3_ksl</from>
<to>wh_main_special_settlement_kislev_3_ksl</to>
</building_downgrade_junctions>
<building_downgrade_junctions record_uuid="{8d40d111-2048-4506-bc71-2d195e202c97}" record_timestamp="1436895078286" record_key="wh_main_special_settlement_kislev_3_vmp">
<from>wh_main_special_settlement_kislev_3_vmp</from>
<to>wh_main_special_settlement_kislev_3_vmp</to>
</building_downgrade_junctions>
<building_downgrade_junctions record_uuid="{a41adde1-9a5b-4077-b6b0-9ca2766d3dd5}" record_timestamp="1436895079303" record_key="wh_main_special_settlement_kislev_4_brt">
<from>wh_main_special_settlement_kislev_4_brt</from>
<to>wh_main_special_settlement_kislev_4_brt</to>
</building_downgrade_junctions>
<building_downgrade_junctions record_uuid="{26bcd4b2-3d11-415a-a314-2c9b0d7f668b}" record_timestamp="1436895080371" record_key="wh_main_special_settlement_kislev_4_emp">
<from>wh_main_special_settlement_kislev_4_emp</from>
<to>wh_main_special_settlement_kislev_4_emp</to>
</building_downgrade_junctions>
<building_downgrade_junctions record_uuid="{69fb1caa-3bdf-4a69-bac9-f1b3fb1ac49a}" record_timestamp="1436895081360" record_key="wh_main_special_settlement_kislev_4_ksl">
<from>wh_main_special_settlement_kislev_4_ksl</from>
<to>wh_main_special_settlement_kislev_4_ksl</to>
</building_downgrade_junctions>
<building_downgrade_junctions record_uuid="{8b7dc4b1-6359-44dc-8cdb-a832c7c8c391}" record_timestamp="1436895082368" record_key="wh_main_special_settlement_kislev_4_vmp">
<from>wh_main_special_settlement_kislev_4_vmp</from>
<to>wh_main_special_settlement_kislev_4_vmp</to>
</building_downgrade_junctions>
<building_downgrade_junctions record_uuid="{250e36aa-1f2d-4980-8f3e-9915318e5a44}" record_timestamp="1436895083330" record_key="wh_main_special_settlement_kislev_5_brt">
<from>wh_main_special_settlement_kislev_5_brt</from>
<to>wh_main_special_settlement_kislev_5_brt</to>
</building_downgrade_junctions>
<building_downgrade_junctions record_uuid="{1c5c6f52-bb4c-4182-b260-f8200dafcb44}" record_timestamp="1436895084125" record_key="wh_main_special_settlement_kislev_5_emp">
<from>wh_main_special_settlement_kislev_5_emp</from>
<to>wh_main_special_settlement_kislev_5_emp</to>
</building_downgrade_junctions>
<building_downgrade_junctions record_uuid="{851548a6-8a26-4a7e-8cb6-a8dcfb38eba2}" record_timestamp="1436895084947" record_key="wh_main_special_settlement_kislev_5_ksl">
<from>wh_main_special_settlement_kislev_5_ksl</from>
<to>wh_main_special_settlement_kislev_5_ksl</to>
</building_downgrade_junctions>
<building_downgrade_junctions record_uuid="{161f6bdf-e3a3-4ac7-9705-adfa6e6b5608}" record_timestamp="1436895085760" record_key="wh_main_special_settlement_kislev_5_vmp">
<from>wh_main_special_settlement_kislev_5_vmp</from>
<to>wh_main_special_settlement_kislev_5_vmp</to>
</building_downgrade_junctions>
<building_downgrade_junctions record_uuid="{40c82b1b-532d-40ad-b9dd-75fbf902e188}" record_timestamp="1436895086564" record_key="wh_main_special_settlement_kislev_ruin">
<from>wh_main_special_settlement_kislev_ruin</from>
<to>wh_main_special_settlement_kislev_ruin</to>
</building_downgrade_junctions>
<building_downgrade_junctions record_uuid="{4987de90-b60a-4af4-8996-24b75b40f76a}" record_timestamp="1446746217567" record_key="wh_main_special_settlement_kislev_ruin_brt">
<from>wh_main_special_settlement_kislev_ruin_brt</from>
<to>wh_main_special_settlement_kislev_ruin_brt</to>
</building_downgrade_junctions>
<building_downgrade_junctions record_uuid="{289aff4e-5c1e-4054-83ea-a67691f59456}" record_timestamp="1446746217489" record_key="wh_main_special_settlement_kislev_ruin_emp">
<from>wh_main_special_settlement_kislev_ruin_emp</from>
<to>wh_main_special_settlement_kislev_ruin_emp</to>
</building_downgrade_junctions>
<building_downgrade_junctions record_uuid="{91572d53-1ddf-4659-80c0-b61f81e2c9ad}" record_timestamp="1446746217772" record_key="wh_main_special_settlement_kislev_ruin_vmp">
<from>wh_main_special_settlement_kislev_ruin_vmp</from>
<to>wh_main_special_settlement_kislev_ruin_vmp</to>
</building_downgrade_junctions>
<building_downgrade_junctions record_uuid="{922d7598-88ca-4a8a-bb90-cc32021e0faf}" record_timestamp="1436895087637" record_key="wh_main_special_settlement_miragliano_1_brt">
<from>wh_main_special_settlement_miragliano_1_brt</from>
<to>wh_main_special_settlement_miragliano_1_brt</to>
</building_downgrade_junctions>
<building_downgrade_junctions record_uuid="{075b2151-eda1-4135-b002-96cb8b40ca6a}" record_timestamp="1436895088562" record_key="wh_main_special_settlement_miragliano_1_emp">
<from>wh_main_special_settlement_miragliano_1_emp</from>
<to>wh_main_special_settlement_miragliano_1_emp</to>
</building_downgrade_junctions>
<building_downgrade_junctions record_uuid="{0db5eab3-17de-41c0-bfa9-6539af332b7a}" record_timestamp="1436895089507" record_key="wh_main_special_settlement_miragliano_1_teb">
<from>wh_main_special_settlement_miragliano_1_teb</from>
<to>wh_main_special_settlement_miragliano_1_teb</to>
</building_downgrade_junctions>
<building_downgrade_junctions record_uuid="{94616e3c-5d8b-4e25-9787-3ad4c6324c41}" record_timestamp="1436895090437" record_key="wh_main_special_settlement_miragliano_1_vmp">
<from>wh_main_special_settlement_miragliano_1_vmp</from>
<to>wh_main_special_settlement_miragliano_1_vmp</to>
</building_downgrade_junctions>
<building_downgrade_junctions record_uuid="{3e63aca0-9da4-4289-aa30-4eae42eca5b3}" record_timestamp="1436895091369" record_key="wh_main_special_settlement_miragliano_2_brt">
<from>wh_main_special_settlement_miragliano_2_brt</from>
<to>wh_main_special_settlement_miragliano_2_brt</to>
</building_downgrade_junctions>
<building_downgrade_junctions record_uuid="{4201de96-2375-4530-988f-056554cb0d1e}" record_timestamp="1436895092321" record_key="wh_main_special_settlement_miragliano_2_emp">
<from>wh_main_special_settlement_miragliano_2_emp</from>
<to>wh_main_special_settlement_miragliano_2_emp</to>
</building_downgrade_junctions>
<building_downgrade_junctions record_uuid="{557815f4-d6c9-441c-94a0-018741dc501b}" record_timestamp="1436895093284" record_key="wh_main_special_settlement_miragliano_2_teb">
<from>wh_main_special_settlement_miragliano_2_teb</from>
<to>wh_main_special_settlement_miragliano_2_teb</to>
</building_downgrade_junctions>
<building_downgrade_junctions record_uuid="{4f93a000-3ae3-413a-83ff-5b7a39f8a284}" record_timestamp="1436895094231" record_key="wh_main_special_settlement_miragliano_2_vmp">
<from>wh_main_special_settlement_miragliano_2_vmp</from>
<to>wh_main_special_settlement_miragliano_2_vmp</to>
</building_downgrade_junctions>
<building_downgrade_junctions record_uuid="{485a7a4f-1420-4836-ae35-5f588d11bdce}" record_timestamp="1436895095198" record_key="wh_main_special_settlement_miragliano_3_brt">
<from>wh_main_special_settlement_miragliano_3_brt</from>
<to>wh_main_special_settlement_miragliano_3_brt</to>
</building_downgrade_junctions>
<building_downgrade_junctions record_uuid="{e9d78388-608a-4dfe-a46d-b104b8b51e14}" record_timestamp="1436895096130" record_key="wh_main_special_settlement_miragliano_3_emp">
<from>wh_main_special_settlement_miragliano_3_emp</from>
<to>wh_main_special_settlement_miragliano_3_emp</to>
</building_downgrade_junctions>
<building_downgrade_junctions record_uuid="{711e6de8-a8e3-41e1-b088-350da7d53aeb}" record_timestamp="1436895097053" record_key="wh_main_special_settlement_miragliano_3_teb">
<from>wh_main_special_settlement_miragliano_3_teb</from>
<to>wh_main_special_settlement_miragliano_3_teb</to>
</building_downgrade_junctions>
<building_downgrade_junctions record_uuid="{21996685-1980-4fdd-be1b-b59c0cf47889}" record_timestamp="1436895098004" record_key="wh_main_special_settlement_miragliano_3_vmp">
<from>wh_main_special_settlement_miragliano_3_vmp</from>
<to>wh_main_special_settlement_miragliano_3_vmp</to>
</building_downgrade_junctions>
<building_downgrade_junctions record_uuid="{6534c403-3921-4e5f-91e1-342db88eeffa}" record_timestamp="1436895098964" record_key="wh_main_special_settlement_miragliano_4_brt">
<from>wh_main_special_settlement_miragliano_4_brt</from>
<to>wh_main_special_settlement_miragliano_4_brt</to>
</building_downgrade_junctions>
<building_downgrade_junctions record_uuid="{56c11f6d-0ce0-42f2-9ca9-f020168558cf}" record_timestamp="1436895099916" record_key="wh_main_special_settlement_miragliano_4_emp">
<from>wh_main_special_settlement_miragliano_4_emp</from>
<to>wh_main_special_settlement_miragliano_4_emp</to>
</building_downgrade_junctions>
<building_downgrade_junctions record_uuid="{83f136da-2b39-4c83-92da-2d48e7afe277}" record_timestamp="1436895100868" record_key="wh_main_special_settlement_miragliano_4_teb">
<from>wh_main_special_settlement_miragliano_4_teb</from>
<to>wh_main_special_settlement_miragliano_4_teb</to>
</building_downgrade_junctions>
<building_downgrade_junctions record_uuid="{415f9ff2-83d9-40fd-bb16-de92bfbc242b}" record_timestamp="1436895101792" record_key="wh_main_special_settlement_miragliano_4_vmp">
<from>wh_main_special_settlement_miragliano_4_vmp</from>
<to>wh_main_special_settlement_miragliano_4_vmp</to>
</building_downgrade_junctions>
<building_downgrade_junctions record_uuid="{99e38d59-bb1c-4fd3-9b7a-ba225b6d8f69}" record_timestamp="1436895102743" record_key="wh_main_special_settlement_miragliano_5_brt">
<from>wh_main_special_settlement_miragliano_5_brt</from>
<to>wh_main_special_settlement_miragliano_5_brt</to>
</building_downgrade_junctions>
<building_downgrade_junctions record_uuid="{a739ccea-e8f4-4eb4-aa81-a6bcfc5e9f80}" record_timestamp="1436895103524" record_key="wh_main_special_settlement_miragliano_5_emp">
<from>wh_main_special_settlement_miragliano_5_emp</from>
<to>wh_main_special_settlement_miragliano_5_emp</to>
</building_downgrade_junctions>
<building_downgrade_junctions record_uuid="{5c76f59f-2551-4e23-908c-36a26d387990}" record_timestamp="1436895104274" record_key="wh_main_special_settlement_miragliano_5_teb">
<from>wh_main_special_settlement_miragliano_5_teb</from>
<to>wh_main_special_settlement_miragliano_5_teb</to>
</building_downgrade_junctions>
<building_downgrade_junctions record_uuid="{41270370-8210-40ec-a843-34809ff6e70e}" record_timestamp="1436895105082" record_key="wh_main_special_settlement_miragliano_5_vmp">
<from>wh_main_special_settlement_miragliano_5_vmp</from>
<to>wh_main_special_settlement_miragliano_5_vmp</to>
</building_downgrade_junctions>
<building_downgrade_junctions record_uuid="{f396b478-ad08-4784-a21c-4b895463c625}" record_timestamp="1436895105884" record_key="wh_main_special_settlement_miragliano_ruin">
<from>wh_main_special_settlement_miragliano_ruin</from>
<to>wh_main_special_settlement_miragliano_ruin</to>
</building_downgrade_junctions>
<building_downgrade_junctions record_uuid="{f03daa18-e2be-4e52-8539-f29f96f6670b}" record_timestamp="1446746217664" record_key="wh_main_special_settlement_miragliano_ruin_brt">
<from>wh_main_special_settlement_miragliano_ruin_brt</from>
<to>wh_main_special_settlement_miragliano_ruin_brt</to>
</building_downgrade_junctions>
<building_downgrade_junctions record_uuid="{2764bf2c-db41-4b9a-a760-511a10402a53}" record_timestamp="1446746217960" record_key="wh_main_special_settlement_miragliano_ruin_emp">
<from>wh_main_special_settlement_miragliano_ruin_emp</from>
<to>wh_main_special_settlement_miragliano_ruin_emp</to>
</building_downgrade_junctions>
<building_downgrade_junctions record_uuid="{042ba188-b804-4547-a017-a8fdae84133f}" record_timestamp="1446746217872" record_key="wh_main_special_settlement_miragliano_ruin_vmp">
<from>wh_main_special_settlement_miragliano_ruin_vmp</from>
<to>wh_main_special_settlement_miragliano_ruin_vmp</to>
</building_downgrade_junctions>
<building_downgrade_junctions record_uuid="{77432b21-f1f7-4156-bf6b-e0e6ce3987c6}" record_timestamp="1438710284505" record_key="wh_main_teb_port_1">
<from>wh_main_teb_port_1</from>
<to>wh_main_teb_port_1</to>
</building_downgrade_junctions>
<building_downgrade_junctions record_uuid="{ced9f823-86c6-4dd1-8a18-f0e953fdcb9c}" record_timestamp="1438710284299" record_key="wh_main_teb_port_2">
<from>wh_main_teb_port_2</from>
<to>wh_main_teb_port_2</to>
</building_downgrade_junctions>
<building_downgrade_junctions record_uuid="{1385830b-01f0-427a-839b-840e06c292dd}" record_timestamp="1438710284369" record_key="wh_main_teb_port_3">
<from>wh_main_teb_port_3</from>
<to>wh_main_teb_port_3</to>
</building_downgrade_junctions>
<building_downgrade_junctions record_uuid="{281553cc-8b00-4fc3-8ea9-6a529a47530a}" record_timestamp="1446746148568" record_key="wh_main_teb_port_ruin">
<from>wh_main_teb_port_ruin</from>
<to>wh_main_teb_port_ruin</to>
</building_downgrade_junctions>
<building_downgrade_junctions record_uuid="{3374c73d-e38c-4bca-8d98-f6e67d4c2e23}" record_timestamp="1438710284157" record_key="wh_main_vmp_port_1">
<from>wh_main_vmp_port_1</from>
<to>wh_main_vmp_port_1</to>
</building_downgrade_junctions>
<building_downgrade_junctions record_uuid="{25df0f94-1011-4d12-8b3e-8a15a919b213}" record_timestamp="1438710284226" record_key="wh_main_vmp_port_2">
<from>wh_main_vmp_port_2</from>
<to>wh_main_vmp_port_2</to>
</building_downgrade_junctions>
<building_downgrade_junctions record_uuid="{3c4e1cce-e36a-4a66-bed1-a1ca02113758}" record_timestamp="1438710284084" record_key="wh_main_vmp_port_3">
<from>wh_main_vmp_port_3</from>
<to>wh_main_vmp_port_3</to>
</building_downgrade_junctions>
<building_downgrade_junctions record_uuid="{4c1b0e10-62b3-49a5-97da-e51169926f42}" record_timestamp="1446746148463" record_key="wh_main_vmp_port_ruin">
<from>wh_main_vmp_port_ruin</from>
<to>wh_main_vmp_port_ruin</to>
</building_downgrade_junctions>
<building_downgrade_junctions record_uuid="{936551b2-7a01-41c4-b883-cc1354f29153}" record_timestamp="1422618024255" record_key="wh_main_vmp_settlement_major_1">
<from>wh_main_vmp_settlement_major_1</from>
<to>wh_main_vmp_settlement_major_1</to>
</building_downgrade_junctions>
<building_downgrade_junctions record_uuid="{19a83122-ba06-480d-9541-796ce6510ae6}" record_timestamp="1429890865656" record_key="wh_main_vmp_settlement_major_1_coast">
<from>wh_main_vmp_settlement_major_1_coast</from>
<to>wh_main_vmp_settlement_major_1_coast</to>
</building_downgrade_junctions>
<building_downgrade_junctions record_uuid="{6590eb61-1939-4dd9-b9f7-1d2d268e380c}" record_timestamp="1422547154649" record_key="wh_main_vmp_settlement_major_2">
<from>wh_main_vmp_settlement_major_2</from>
<to>wh_main_vmp_settlement_major_1</to>
</building_downgrade_junctions>
<building_downgrade_junctions record_uuid="{c89ed3f3-83fe-46bd-bcb0-b5f5dbdb1a14}" record_timestamp="1429890867062" record_key="wh_main_vmp_settlement_major_2_coast">
<from>wh_main_vmp_settlement_major_2_coast</from>
<to>wh_main_vmp_settlement_major_2_coast</to>
</building_downgrade_junctions>
<building_downgrade_junctions record_uuid="{05c96510-885a-4be4-8df8-f6050f80c2d0}" record_timestamp="1422547154629" record_key="wh_main_vmp_settlement_major_3">
<from>wh_main_vmp_settlement_major_3</from>
<to>wh_main_vmp_settlement_major_2</to>
</building_downgrade_junctions>
<building_downgrade_junctions record_uuid="{4dad7b63-e3c7-438d-9962-76d08be85077}" record_timestamp="1429890867218" record_key="wh_main_vmp_settlement_major_3_coast">
<from>wh_main_vmp_settlement_major_3_coast</from>
<to>wh_main_vmp_settlement_major_3_coast</to>
</building_downgrade_junctions>
<building_downgrade_junctions record_uuid="{76532e32-9e1c-4010-853f-60c15d17dc39}" record_timestamp="1422547154609" record_key="wh_main_vmp_settlement_major_4">
<from>wh_main_vmp_settlement_major_4</from>
<to>wh_main_vmp_settlement_major_3</to>
</building_downgrade_junctions>
<building_downgrade_junctions record_uuid="{e037778f-c3ae-486a-8487-44403c290ac3}" record_timestamp="1429890867375" record_key="wh_main_vmp_settlement_major_4_coast">
<from>wh_main_vmp_settlement_major_4_coast</from>
<to>wh_main_vmp_settlement_major_4_coast</to>
</building_downgrade_junctions>
<building_downgrade_junctions record_uuid="{88435b21-335b-435a-9adc-874d70475e38}" record_timestamp="1422547154589" record_key="wh_main_vmp_settlement_major_5">
<from>wh_main_vmp_settlement_major_5</from>
<to>wh_main_vmp_settlement_major_4</to>
</building_downgrade_junctions>
<building_downgrade_junctions record_uuid="{9c311269-10a6-4826-a5bc-a8b157a0dfd7}" record_timestamp="1429890857537" record_key="wh_main_vmp_settlement_major_5_coast">
<from>wh_main_vmp_settlement_major_5_coast</from>
<to>wh_main_vmp_settlement_major_5_coast</to>
</building_downgrade_junctions>
<building_downgrade_junctions record_uuid="{94651fa0-bac0-42c0-8e4d-61d6ec8b80a2}" record_timestamp="1422618024255" record_key="wh_main_vmp_settlement_minor_1">
<from>wh_main_vmp_settlement_minor_1</from>
<to>wh_main_vmp_settlement_minor_1</to>
</building_downgrade_junctions>
<building_downgrade_junctions record_uuid="{2eb67a9d-2532-4db0-a395-7d77df49f8f4}" record_timestamp="1429890866437" record_key="wh_main_vmp_settlement_minor_1_coast">
<from>wh_main_vmp_settlement_minor_1_coast</from>
<to>wh_main_vmp_settlement_minor_1_coast</to>
</building_downgrade_junctions>
<building_downgrade_junctions record_uuid="{bc356562-cda3-480a-a8bb-ebfd22146e38}" record_timestamp="1422547154729" record_key="wh_main_vmp_settlement_minor_2">
<from>wh_main_vmp_settlement_minor_2</from>
<to>wh_main_vmp_settlement_minor_1</to>
</building_downgrade_junctions>
<building_downgrade_junctions record_uuid="{717ba29d-c31a-4fc7-8c6d-8bbcb0d6be02}" record_timestamp="1429890866593" record_key="wh_main_vmp_settlement_minor_2_coast">
<from>wh_main_vmp_settlement_minor_2_coast</from>
<to>wh_main_vmp_settlement_minor_2_coast</to>
</building_downgrade_junctions>
<building_downgrade_junctions record_uuid="{91c321a1-4929-4988-9d86-a1d5926b9c2c}" record_timestamp="1422547154709" record_key="wh_main_vmp_settlement_minor_3">
<from>wh_main_vmp_settlement_minor_3</from>
<to>wh_main_vmp_settlement_minor_2</to>
</building_downgrade_junctions>
<building_downgrade_junctions record_uuid="{cc4c9f32-3fd6-4cff-9ae6-9e56ccfac798}" record_timestamp="1429890866749" record_key="wh_main_vmp_settlement_minor_3_coast">
<from>wh_main_vmp_settlement_minor_3_coast</from>
<to>wh_main_vmp_settlement_minor_3_coast</to>
</building_downgrade_junctions>
<building_downgrade_junctions record_uuid="{5e67bb50-d642-4876-8722-5d3248fd9ccc}" record_timestamp="1446746218252" record_key="wh_main_vmp_settlement_ruin_major">
<from>wh_main_vmp_settlement_ruin_major</from>
<to>wh_main_vmp_settlement_ruin_major</to>
</building_downgrade_junctions>
<building_downgrade_junctions record_uuid="{9bf6939b-6459-40cc-8ad8-d4068dc6d6a2}" record_timestamp="1446746218061" record_key="wh_main_vmp_settlement_ruin_major_coast">
<from>wh_main_vmp_settlement_ruin_major_coast</from>
<to>wh_main_vmp_settlement_ruin_major_coast</to>
</building_downgrade_junctions>
<building_downgrade_junctions record_uuid="{a0b9125b-7ed7-406b-967b-d2e6478066b3}" record_timestamp="1446746218641" record_key="wh_main_vmp_settlement_ruin_minor">
<from>wh_main_vmp_settlement_ruin_minor</from>
<to>wh_main_vmp_settlement_ruin_minor</to>
</building_downgrade_junctions>
<building_downgrade_junctions record_uuid="{4618cc10-f294-4079-a26d-23682ac6c57a}" record_timestamp="1446746218439" record_key="wh_main_vmp_settlement_ruin_minor_coast">
<from>wh_main_vmp_settlement_ruin_minor_coast</from>
<to>wh_main_vmp_settlement_ruin_minor_coast</to>
</building_downgrade_junctions>
</dataroot>
