<?xml version="1.0" encoding="UTF-8"?>
<dataroot xmlns:od="urn:schemas-microsoft-com:officedata" xmlns:xsi="http://www.w3.org/2001/XMLSchema-instance" xsi:noNamespaceSchemaLocation="building_chain_availability_set_ids.xsd" export_time="Mon Aug 24 09:57:45 2015" revision="14" export_branch="C:/fetch_c/warhammer/binaries" export_user="bob">
<edit_uuid>22382573-d359-42c4-99c0-619852e19310</edit_uuid>
<building_chain_availability_set_ids record_uuid="{3e7d20d7-c6c2-4603-a389-9500585d6c97}" record_timestamp="1395422220712" record_key="placeholder">
<id>placeholder</id>
</building_chain_availability_set_ids>
<building_chain_availability_set_ids record_uuid="{4d3c97c1-ea18-4b47-88d3-e7597419d86a}" record_timestamp="1437478392157" record_key="wh_dlc03_bas_bst">
<id>wh_dlc03_bas_bst</id>
</building_chain_availability_set_ids>
<building_chain_availability_set_ids record_uuid="{5258c42c-be27-4c6f-85b5-fe399f0683e0}" record_timestamp="1423212059605" record_key="wh_main_bas_brt">
<id>wh_main_bas_brt</id>
</building_chain_availability_set_ids>
<building_chain_availability_set_ids record_uuid="{fd4bd0b6-ee10-4ccf-8ab8-1249138a06d9}" record_timestamp="1423212059558" record_key="wh_main_bas_chs">
<id>wh_main_bas_chs</id>
</building_chain_availability_set_ids>
<building_chain_availability_set_ids record_uuid="{79b62ec2-ec29-464a-9c16-247ea0124b25}" record_timestamp="1423212059527" record_key="wh_main_bas_dwf">
<id>wh_main_bas_dwf</id>
</building_chain_availability_set_ids>
<building_chain_availability_set_ids record_uuid="{822194a2-f454-4608-9938-ef71801f17dd}" record_timestamp="1423212059480" record_key="wh_main_bas_emp">
<id>wh_main_bas_emp</id>
</building_chain_availability_set_ids>
<building_chain_availability_set_ids record_uuid="{8f340b11-734d-4da8-bbeb-a28ba77087f4}" record_timestamp="1429182248396" record_key="wh_main_bas_gob">
<id>wh_main_bas_gob</id>
</building_chain_availability_set_ids>
<building_chain_availability_set_ids record_uuid="{5345f734-b572-4ab3-9a8a-eada49ea5a38}" record_timestamp="1423212059433" record_key="wh_main_bas_grn">
<id>wh_main_bas_grn</id>
</building_chain_availability_set_ids>
<building_chain_availability_set_ids record_uuid="{b225430e-9e52-4067-ab9f-3048f5502d84}" record_timestamp="1423737478484" record_key="wh_main_bas_ksl">
<id>wh_main_bas_ksl</id>
</building_chain_availability_set_ids>
<building_chain_availability_set_ids record_uuid="{feb742b2-7fd2-4b84-8ad2-03b37f780008}" record_timestamp="1433869689769" record_key="wh_main_bas_middenheim">
<id>wh_main_bas_middenheim</id>
</building_chain_availability_set_ids>
<building_chain_availability_set_ids record_uuid="{632e0877-19a0-4ab1-ba36-a96f18af752e}" record_timestamp="1423212059386" record_key="wh_main_bas_nor">
<id>wh_main_bas_nor</id>
</building_chain_availability_set_ids>
<building_chain_availability_set_ids record_uuid="{35080b3e-398e-4ed1-b4cf-e8355277ac88}" record_timestamp="1429182248299" record_key="wh_main_bas_orc">
<id>wh_main_bas_orc</id>
</building_chain_availability_set_ids>
<building_chain_availability_set_ids record_uuid="{3a2aa256-7ba4-4841-b01a-06005985c5f3}" record_timestamp="1430930261414" record_key="wh_main_bas_savorc">
<id>wh_main_bas_savorc</id>
</building_chain_availability_set_ids>
<building_chain_availability_set_ids record_uuid="{d730f772-c5e5-4bb0-b198-7512f3a54885}" record_timestamp="1433869689823" record_key="wh_main_bas_talabec">
<id>wh_main_bas_talabec</id>
</building_chain_availability_set_ids>
<building_chain_availability_set_ids record_uuid="{b016bdfd-a464-4d3b-83e3-73f2b9a11686}" record_timestamp="1423737478468" record_key="wh_main_bas_teb">
<id>wh_main_bas_teb</id>
</building_chain_availability_set_ids>
<building_chain_availability_set_ids record_uuid="{d01419cc-ba52-468b-8d5c-ebfd7d42c744}" record_timestamp="1423212059340" record_key="wh_main_bas_vmp">
<id>wh_main_bas_vmp</id>
</building_chain_availability_set_ids>
</dataroot>
