<?xml version="1.0" encoding="UTF-8"?>
<dataroot xmlns:od="urn:schemas-microsoft-com:officedata" xmlns:xsi="http://www.w3.org/2001/XMLSchema-instance" xsi:noNamespaceSchemaLocation="cai_personalities_technology_researches.xsd" export_time="Fri Jan 22 10:42:03 2016" revision="2" export_branch="T:/warhammer/src" export_user="bob">
<edit_uuid>67f87128-570d-41d4-b442-e331b4a2b88c</edit_uuid>
<cai_personalities_technology_researches record_uuid="{ffe8df19-eed3-4bf5-87b1-9463e142ac02}" record_timestamp="1453287631667" record_key="research_default">
<key>research_default</key>
</cai_personalities_technology_researches>
<cai_personalities_technology_researches record_uuid="{63fe6e8a-6842-4023-bb55-9bd1e5daca8f}" record_timestamp="1453287631667" record_key="research_high_manager">
<key>research_high_manager</key>
</cai_personalities_technology_researches>
<cai_personalities_technology_researches record_uuid="{a69611ae-8e2b-404b-b26d-a3335444b572}" record_timestamp="1453459318783" record_key="research_war">
<key>research_war</key>
</cai_personalities_technology_researches>
</dataroot>
