<?xml version="1.0" encoding="UTF-8"?>
<dataroot xmlns:od="urn:schemas-microsoft-com:officedata" xmlns:xsi="http://www.w3.org/2001/XMLSchema-instance" xsi:noNamespaceSchemaLocation="cai_personality_diplomatic_treaty_types.xsd" export_time="Mon Aug 24 09:57:50 2015" revision="5" export_branch="C:/fetch_c/warhammer/binaries" export_user="bob">
<edit_uuid>fb3c0ef7-71ff-45e7-a30a-b07ca5001df3</edit_uuid>
<cai_personality_diplomatic_treaty_types record_uuid="{6498e458-25b4-4229-8d5a-0af16dcd2e4a}" record_timestamp="1402392311981" record_key="CLIENT_STATE_CLIENT">
<key>CLIENT_STATE_CLIENT</key>
</cai_personality_diplomatic_treaty_types>
<cai_personality_diplomatic_treaty_types record_uuid="{31153b58-5514-4629-bf32-018afb3f752b}" record_timestamp="1402392311953" record_key="CLIENT_STATE_PROTECTOR">
<key>CLIENT_STATE_PROTECTOR</key>
</cai_personality_diplomatic_treaty_types>
<cai_personality_diplomatic_treaty_types record_uuid="{ef7a28f8-c2a5-4664-9e5e-e3ca2ee5c803}" record_timestamp="1402392311828" record_key="DEFENSIVE_ALLIANCE">
<key>DEFENSIVE_ALLIANCE</key>
</cai_personality_diplomatic_treaty_types>
<cai_personality_diplomatic_treaty_types record_uuid="{850fd27e-110d-4e25-a0e1-82669730f859}" record_timestamp="1402392311872" record_key="MILITARY_ACCESS">
<key>MILITARY_ACCESS</key>
</cai_personality_diplomatic_treaty_types>
<cai_personality_diplomatic_treaty_types record_uuid="{6d2f85ca-58fb-4be6-a7d9-345ea648b6d4}" record_timestamp="1402392311849" record_key="MILITARY_ALLIANCE">
<key>MILITARY_ALLIANCE</key>
</cai_personality_diplomatic_treaty_types>
<cai_personality_diplomatic_treaty_types record_uuid="{9178b2f8-6fe0-423c-9dfb-015e161f754d}" record_timestamp="1402392269040" record_key="NON_AGGRESSION_PACT">
<key>NON_AGGRESSION_PACT</key>
</cai_personality_diplomatic_treaty_types>
<cai_personality_diplomatic_treaty_types record_uuid="{0239a323-b55b-40b6-bc03-25d9d0a4d5d8}" record_timestamp="1402392311808" record_key="TRADE_AGREEMENT">
<key>TRADE_AGREEMENT</key>
</cai_personality_diplomatic_treaty_types>
<cai_personality_diplomatic_treaty_types record_uuid="{a608d728-8fc9-4831-a815-c070407846f3}" record_timestamp="1402392311897" record_key="VASSALAGE_MASTER">
<key>VASSALAGE_MASTER</key>
</cai_personality_diplomatic_treaty_types>
<cai_personality_diplomatic_treaty_types record_uuid="{07f3a23c-fc9b-407b-bc1d-b8b81d85ef04}" record_timestamp="1402392311923" record_key="VASSALAGE_VASSAL">
<key>VASSALAGE_VASSAL</key>
</cai_personality_diplomatic_treaty_types>
<cai_personality_diplomatic_treaty_types record_uuid="{5d9a44df-d9f2-4bf4-85c5-c51f04e4729a}" record_timestamp="1402392311790" record_key="WAR">
<key>WAR</key>
</cai_personality_diplomatic_treaty_types>
</dataroot>
