<?xml version="1.0" encoding="UTF-8"?>
<dataroot xmlns:od="urn:schemas-microsoft-com:officedata" xmlns:xsi="http://www.w3.org/2001/XMLSchema-instance" xsi:noNamespaceSchemaLocation="cai_military_behaviour_policies.xsd" export_time="Mon Aug 24 09:57:49 2015" revision="7" export_branch="C:/fetch_c/warhammer/binaries" export_user="bob">
<edit_uuid>aeb7b8d5-9fa2-450f-8e36-7cc1f2ffa88b</edit_uuid>
<cai_military_behaviour_policies record_uuid="{c69c6cc9-3fd6-4de8-8960-493c7b7ceb43}" record_key="cai_pmbp_balanced">
<key>cai_pmbp_balanced</key>
</cai_military_behaviour_policies>
<cai_military_behaviour_policies record_uuid="{fbe2c6e3-1e64-46d3-8dfd-cb8d054e376b}" record_key="cai_pmbp_destructive">
<key>cai_pmbp_destructive</key>
</cai_military_behaviour_policies>
<cai_military_behaviour_policies record_uuid="{ef1a725f-dd74-4a98-b733-6d11dfc47ab2}" record_key="cai_pmbp_preservist">
<key>cai_pmbp_preservist</key>
</cai_military_behaviour_policies>
</dataroot>
