<?xml version="1.0" encoding="UTF-8"?>
<dataroot xmlns:od="urn:schemas-microsoft-com:officedata" xmlns:xsi="http://www.w3.org/2001/XMLSchema-instance" xsi:noNamespaceSchemaLocation="cai_personalities_income_allocation_policy_strategic_context_junctions.xsd" export_time="Tue Nov 24 11:33:41 2015" revision="9" export_branch="T:/warhammer/binaries" export_user="bob">
<edit_uuid>b3aade6b-f33f-4246-92b1-a850d02bfba9</edit_uuid>
<cai_personalities_income_allocation_policy_strategic_context_junctions record_uuid="{d57781ec-c35d-43bb-989b-e6f75438cd07}" record_timestamp="1427457347228" record_key="defaultcai_strategic_context_type_last_stand">
<income_allocation>income_allocation_high_spending</income_allocation>
<income_allocation_policy_key>default</income_allocation_policy_key>
<positive_net_income_survival_rounds>0</positive_net_income_survival_rounds>
<proportion_of_net_income_to_spend>0</proportion_of_net_income_to_spend>
<strategic_context_key>cai_strategic_context_type_last_stand</strategic_context_key>
<zero_or_negative_net_income_survival_rounds>0</zero_or_negative_net_income_survival_rounds>
</cai_personalities_income_allocation_policy_strategic_context_junctions>
<cai_personalities_income_allocation_policy_strategic_context_junctions record_uuid="{9f49ef82-f7db-466c-a795-eec934430282}" record_timestamp="1427457347278" record_key="defaultcai_strategic_context_type_peace">
<income_allocation>income_allocation_low_spending</income_allocation>
<income_allocation_policy_key>default</income_allocation_policy_key>
<positive_net_income_survival_rounds>0</positive_net_income_survival_rounds>
<proportion_of_net_income_to_spend>0</proportion_of_net_income_to_spend>
<strategic_context_key>cai_strategic_context_type_peace</strategic_context_key>
<zero_or_negative_net_income_survival_rounds>0</zero_or_negative_net_income_survival_rounds>
</cai_personalities_income_allocation_policy_strategic_context_junctions>
<cai_personalities_income_allocation_policy_strategic_context_junctions record_uuid="{c2129ce5-ad85-4d54-9f5d-5c8b301f5943}" record_timestamp="1427457347318" record_key="defaultcai_strategic_context_type_tension">
<income_allocation>income_allocation_medium_spending</income_allocation>
<income_allocation_policy_key>default</income_allocation_policy_key>
<positive_net_income_survival_rounds>0</positive_net_income_survival_rounds>
<proportion_of_net_income_to_spend>0</proportion_of_net_income_to_spend>
<strategic_context_key>cai_strategic_context_type_tension</strategic_context_key>
<zero_or_negative_net_income_survival_rounds>0</zero_or_negative_net_income_survival_rounds>
</cai_personalities_income_allocation_policy_strategic_context_junctions>
<cai_personalities_income_allocation_policy_strategic_context_junctions record_uuid="{d327c769-0f33-4d0b-9b77-71094cb5fc78}" record_timestamp="1427457347348" record_key="defaultcai_strategic_context_type_total_war">
<income_allocation>income_allocation_medium_spending</income_allocation>
<income_allocation_policy_key>default</income_allocation_policy_key>
<positive_net_income_survival_rounds>0</positive_net_income_survival_rounds>
<proportion_of_net_income_to_spend>0</proportion_of_net_income_to_spend>
<strategic_context_key>cai_strategic_context_type_total_war</strategic_context_key>
<zero_or_negative_net_income_survival_rounds>0</zero_or_negative_net_income_survival_rounds>
</cai_personalities_income_allocation_policy_strategic_context_junctions>
<cai_personalities_income_allocation_policy_strategic_context_junctions record_uuid="{7fb252d1-d068-4085-b5bc-bce9efd113ad}" record_timestamp="1427457347388" record_key="defaultcai_strategic_context_type_war">
<income_allocation>income_allocation_medium_spending</income_allocation>
<income_allocation_policy_key>default</income_allocation_policy_key>
<positive_net_income_survival_rounds>0</positive_net_income_survival_rounds>
<proportion_of_net_income_to_spend>0</proportion_of_net_income_to_spend>
<strategic_context_key>cai_strategic_context_type_war</strategic_context_key>
<zero_or_negative_net_income_survival_rounds>0</zero_or_negative_net_income_survival_rounds>
</cai_personalities_income_allocation_policy_strategic_context_junctions>
<cai_personalities_income_allocation_policy_strategic_context_junctions record_uuid="{9c81ec6c-0ce5-432f-b736-6127aa4a1ff3}" record_timestamp="1427457347451" record_key="militaristcai_strategic_context_type_last_stand">
<income_allocation>income_allocation_very_high_spending</income_allocation>
<income_allocation_policy_key>militarist</income_allocation_policy_key>
<positive_net_income_survival_rounds>0</positive_net_income_survival_rounds>
<proportion_of_net_income_to_spend>0</proportion_of_net_income_to_spend>
<strategic_context_key>cai_strategic_context_type_last_stand</strategic_context_key>
<zero_or_negative_net_income_survival_rounds>0</zero_or_negative_net_income_survival_rounds>
</cai_personalities_income_allocation_policy_strategic_context_junctions>
<cai_personalities_income_allocation_policy_strategic_context_junctions record_uuid="{d10570fb-30f7-43c1-a121-f7b27803bb7e}" record_timestamp="1427457347511" record_key="militaristcai_strategic_context_type_peace">
<income_allocation>income_allocation_high_spending</income_allocation>
<income_allocation_policy_key>militarist</income_allocation_policy_key>
<positive_net_income_survival_rounds>0</positive_net_income_survival_rounds>
<proportion_of_net_income_to_spend>0</proportion_of_net_income_to_spend>
<strategic_context_key>cai_strategic_context_type_peace</strategic_context_key>
<zero_or_negative_net_income_survival_rounds>0</zero_or_negative_net_income_survival_rounds>
</cai_personalities_income_allocation_policy_strategic_context_junctions>
<cai_personalities_income_allocation_policy_strategic_context_junctions record_uuid="{17f1dfe4-a35c-4e8c-9630-4fa587bc0c15}" record_timestamp="1427457347571" record_key="militaristcai_strategic_context_type_tension">
<income_allocation>income_allocation_high_spending</income_allocation>
<income_allocation_policy_key>militarist</income_allocation_policy_key>
<positive_net_income_survival_rounds>0</positive_net_income_survival_rounds>
<proportion_of_net_income_to_spend>0</proportion_of_net_income_to_spend>
<strategic_context_key>cai_strategic_context_type_tension</strategic_context_key>
<zero_or_negative_net_income_survival_rounds>0</zero_or_negative_net_income_survival_rounds>
</cai_personalities_income_allocation_policy_strategic_context_junctions>
<cai_personalities_income_allocation_policy_strategic_context_junctions record_uuid="{3c66c9da-694f-4fb0-88c8-09741bd39beb}" record_timestamp="1427457347641" record_key="militaristcai_strategic_context_type_total_war">
<income_allocation>income_allocation_very_high_spending</income_allocation>
<income_allocation_policy_key>militarist</income_allocation_policy_key>
<positive_net_income_survival_rounds>0</positive_net_income_survival_rounds>
<proportion_of_net_income_to_spend>0</proportion_of_net_income_to_spend>
<strategic_context_key>cai_strategic_context_type_total_war</strategic_context_key>
<zero_or_negative_net_income_survival_rounds>0</zero_or_negative_net_income_survival_rounds>
</cai_personalities_income_allocation_policy_strategic_context_junctions>
<cai_personalities_income_allocation_policy_strategic_context_junctions record_uuid="{42977810-c751-4b08-8a55-2c23c2dcd53f}" record_timestamp="1427457347701" record_key="militaristcai_strategic_context_type_war">
<income_allocation>income_allocation_very_high_spending</income_allocation>
<income_allocation_policy_key>militarist</income_allocation_policy_key>
<positive_net_income_survival_rounds>0</positive_net_income_survival_rounds>
<proportion_of_net_income_to_spend>0</proportion_of_net_income_to_spend>
<strategic_context_key>cai_strategic_context_type_war</strategic_context_key>
<zero_or_negative_net_income_survival_rounds>0</zero_or_negative_net_income_survival_rounds>
</cai_personalities_income_allocation_policy_strategic_context_junctions>
<cai_personalities_income_allocation_policy_strategic_context_junctions record_uuid="{e8483892-3f54-4ccc-a39d-ae2c6a079ecc}" record_timestamp="1427457347771" record_key="peacefulcai_strategic_context_type_last_stand">
<income_allocation>income_allocation_low_spending</income_allocation>
<income_allocation_policy_key>peaceful</income_allocation_policy_key>
<positive_net_income_survival_rounds>0</positive_net_income_survival_rounds>
<proportion_of_net_income_to_spend>0</proportion_of_net_income_to_spend>
<strategic_context_key>cai_strategic_context_type_last_stand</strategic_context_key>
<zero_or_negative_net_income_survival_rounds>0</zero_or_negative_net_income_survival_rounds>
</cai_personalities_income_allocation_policy_strategic_context_junctions>
<cai_personalities_income_allocation_policy_strategic_context_junctions record_uuid="{a76ca2fa-e81f-472a-bf1b-927617c7e755}" record_timestamp="1427457347831" record_key="peacefulcai_strategic_context_type_peace">
<income_allocation>income_allocation_very_low_spending</income_allocation>
<income_allocation_policy_key>peaceful</income_allocation_policy_key>
<positive_net_income_survival_rounds>0</positive_net_income_survival_rounds>
<proportion_of_net_income_to_spend>0</proportion_of_net_income_to_spend>
<strategic_context_key>cai_strategic_context_type_peace</strategic_context_key>
<zero_or_negative_net_income_survival_rounds>0</zero_or_negative_net_income_survival_rounds>
</cai_personalities_income_allocation_policy_strategic_context_junctions>
<cai_personalities_income_allocation_policy_strategic_context_junctions record_uuid="{4f2fe682-5520-44a3-808b-9b0a25ebac7c}" record_timestamp="1427457347891" record_key="peacefulcai_strategic_context_type_tension">
<income_allocation>income_allocation_very_low_spending</income_allocation>
<income_allocation_policy_key>peaceful</income_allocation_policy_key>
<positive_net_income_survival_rounds>0</positive_net_income_survival_rounds>
<proportion_of_net_income_to_spend>0</proportion_of_net_income_to_spend>
<strategic_context_key>cai_strategic_context_type_tension</strategic_context_key>
<zero_or_negative_net_income_survival_rounds>0</zero_or_negative_net_income_survival_rounds>
</cai_personalities_income_allocation_policy_strategic_context_junctions>
<cai_personalities_income_allocation_policy_strategic_context_junctions record_uuid="{56a07155-4a8b-436a-a99e-80f0bfc46a74}" record_timestamp="1427457347951" record_key="peacefulcai_strategic_context_type_total_war">
<income_allocation>income_allocation_low_spending</income_allocation>
<income_allocation_policy_key>peaceful</income_allocation_policy_key>
<positive_net_income_survival_rounds>0</positive_net_income_survival_rounds>
<proportion_of_net_income_to_spend>0</proportion_of_net_income_to_spend>
<strategic_context_key>cai_strategic_context_type_total_war</strategic_context_key>
<zero_or_negative_net_income_survival_rounds>0</zero_or_negative_net_income_survival_rounds>
</cai_personalities_income_allocation_policy_strategic_context_junctions>
<cai_personalities_income_allocation_policy_strategic_context_junctions record_uuid="{21c5ca8b-38be-4bd6-8038-a904a6ed1dc8}" record_timestamp="1448364819582" record_key="peacefulcai_strategic_context_type_war">
<income_allocation>income_allocation_very_low_spending</income_allocation>
<income_allocation_policy_key>peaceful</income_allocation_policy_key>
<positive_net_income_survival_rounds>0</positive_net_income_survival_rounds>
<proportion_of_net_income_to_spend>0</proportion_of_net_income_to_spend>
<strategic_context_key>cai_strategic_context_type_war</strategic_context_key>
<zero_or_negative_net_income_survival_rounds>0</zero_or_negative_net_income_survival_rounds>
</cai_personalities_income_allocation_policy_strategic_context_junctions>
<cai_personalities_income_allocation_policy_strategic_context_junctions record_uuid="{000c176b-45ef-4dbe-8a55-92665dc919be}" record_timestamp="1448364819609" record_key="small_militarycai_strategic_context_type_last_stand">
<income_allocation>income_allocation_medium_spending</income_allocation>
<income_allocation_policy_key>small_military</income_allocation_policy_key>
<positive_net_income_survival_rounds>0</positive_net_income_survival_rounds>
<proportion_of_net_income_to_spend>0</proportion_of_net_income_to_spend>
<strategic_context_key>cai_strategic_context_type_last_stand</strategic_context_key>
<zero_or_negative_net_income_survival_rounds>0</zero_or_negative_net_income_survival_rounds>
</cai_personalities_income_allocation_policy_strategic_context_junctions>
<cai_personalities_income_allocation_policy_strategic_context_junctions record_uuid="{d46e211c-7812-4073-abfc-98d1503c1056}" record_timestamp="1448364819635" record_key="small_militarycai_strategic_context_type_peace">
<income_allocation>income_allocation_low_spending</income_allocation>
<income_allocation_policy_key>small_military</income_allocation_policy_key>
<positive_net_income_survival_rounds>0</positive_net_income_survival_rounds>
<proportion_of_net_income_to_spend>0</proportion_of_net_income_to_spend>
<strategic_context_key>cai_strategic_context_type_peace</strategic_context_key>
<zero_or_negative_net_income_survival_rounds>0</zero_or_negative_net_income_survival_rounds>
</cai_personalities_income_allocation_policy_strategic_context_junctions>
<cai_personalities_income_allocation_policy_strategic_context_junctions record_uuid="{e80e75ba-e545-4460-b8c2-8f5bf02c570c}" record_timestamp="1448364819662" record_key="small_militarycai_strategic_context_type_tension">
<income_allocation>income_allocation_low_spending</income_allocation>
<income_allocation_policy_key>small_military</income_allocation_policy_key>
<positive_net_income_survival_rounds>0</positive_net_income_survival_rounds>
<proportion_of_net_income_to_spend>0</proportion_of_net_income_to_spend>
<strategic_context_key>cai_strategic_context_type_tension</strategic_context_key>
<zero_or_negative_net_income_survival_rounds>0</zero_or_negative_net_income_survival_rounds>
</cai_personalities_income_allocation_policy_strategic_context_junctions>
<cai_personalities_income_allocation_policy_strategic_context_junctions record_uuid="{9ff4ec3b-6740-4c79-ad13-36d3e264198f}" record_timestamp="1448364819688" record_key="small_militarycai_strategic_context_type_total_war">
<income_allocation>income_allocation_low_spending</income_allocation>
<income_allocation_policy_key>small_military</income_allocation_policy_key>
<positive_net_income_survival_rounds>0</positive_net_income_survival_rounds>
<proportion_of_net_income_to_spend>0</proportion_of_net_income_to_spend>
<strategic_context_key>cai_strategic_context_type_total_war</strategic_context_key>
<zero_or_negative_net_income_survival_rounds>0</zero_or_negative_net_income_survival_rounds>
</cai_personalities_income_allocation_policy_strategic_context_junctions>
<cai_personalities_income_allocation_policy_strategic_context_junctions record_uuid="{fa5f667a-f81a-44f2-be99-9892341408fa}" record_timestamp="1448364819715" record_key="small_militarycai_strategic_context_type_war">
<income_allocation>income_allocation_low_spending</income_allocation>
<income_allocation_policy_key>small_military</income_allocation_policy_key>
<positive_net_income_survival_rounds>0</positive_net_income_survival_rounds>
<proportion_of_net_income_to_spend>0</proportion_of_net_income_to_spend>
<strategic_context_key>cai_strategic_context_type_war</strategic_context_key>
<zero_or_negative_net_income_survival_rounds>0</zero_or_negative_net_income_survival_rounds>
</cai_personalities_income_allocation_policy_strategic_context_junctions>
</dataroot>
