<?xml version="1.0" encoding="UTF-8"?>
<dataroot xmlns:od="urn:schemas-microsoft-com:officedata" xmlns:xsi="http://www.w3.org/2001/XMLSchema-instance" xsi:noNamespaceSchemaLocation="cai_personalities_budget_allocation_policy_junctions.xsd" export_time="Wed Sep 9 16:12:57 2015" revision="20" export_branch="E:/TW/warhammer/src" export_user="bob">
<edit_uuid>586f2b35-99ce-420a-9e31-bb1d704b192e</edit_uuid>
<cai_personalities_budget_allocation_policy_junctions record_uuid="{7766a88e-b4c6-4c0a-a7c2-16a8567cc2c4}" record_timestamp="1427456874232" record_key="balanced_navalcai_strategic_context_type_last_standbudget_allocation_military_very_strong_naval">
<budget_allocation_key>budget_allocation_military_very_strong_naval</budget_allocation_key>
<budget_context_key>cai_strategic_context_type_last_stand</budget_context_key>
<budget_policy_key>balanced_naval</budget_policy_key>
</cai_personalities_budget_allocation_policy_junctions>
<cai_personalities_budget_allocation_policy_junctions record_uuid="{0fae5d31-acf3-48a1-8a62-2b00d5895142}" record_timestamp="1427456874262" record_key="balanced_navalcai_strategic_context_type_peacebudget_allocation_military_very_light_naval">
<budget_allocation_key>budget_allocation_military_very_light_naval</budget_allocation_key>
<budget_context_key>cai_strategic_context_type_peace</budget_context_key>
<budget_policy_key>balanced_naval</budget_policy_key>
</cai_personalities_budget_allocation_policy_junctions>
<cai_personalities_budget_allocation_policy_junctions record_uuid="{9b3caa55-aa35-4ce3-ab15-a48427db7014}" record_timestamp="1427456874292" record_key="balanced_navalcai_strategic_context_type_tensionbudget_allocation_military_light_naval">
<budget_allocation_key>budget_allocation_military_light_naval</budget_allocation_key>
<budget_context_key>cai_strategic_context_type_tension</budget_context_key>
<budget_policy_key>balanced_naval</budget_policy_key>
</cai_personalities_budget_allocation_policy_junctions>
<cai_personalities_budget_allocation_policy_junctions record_uuid="{e488285e-a821-4e90-941c-b32f9f5bc3d9}" record_timestamp="1427456874322" record_key="balanced_navalcai_strategic_context_type_total_warbudget_allocation_military_strong_naval">
<budget_allocation_key>budget_allocation_military_strong_naval</budget_allocation_key>
<budget_context_key>cai_strategic_context_type_total_war</budget_context_key>
<budget_policy_key>balanced_naval</budget_policy_key>
</cai_personalities_budget_allocation_policy_junctions>
<cai_personalities_budget_allocation_policy_junctions record_uuid="{22b48516-5d22-4b00-a991-aa28ebbce3d8}" record_timestamp="1427456874352" record_key="balanced_navalcai_strategic_context_type_warbudget_allocation_military_medium_naval">
<budget_allocation_key>budget_allocation_military_medium_naval</budget_allocation_key>
<budget_context_key>cai_strategic_context_type_war</budget_context_key>
<budget_policy_key>balanced_naval</budget_policy_key>
</cai_personalities_budget_allocation_policy_junctions>
<cai_personalities_budget_allocation_policy_junctions record_uuid="{fd0feaf5-d5a2-4f9a-a71b-4d7bb1071f4a}" record_timestamp="1439891688094" record_key="balanced_schemercai_strategic_context_type_last_standbudget_allocation_military_strong_schemer">
<budget_allocation_key>budget_allocation_military_strong_schemer</budget_allocation_key>
<budget_context_key>cai_strategic_context_type_last_stand</budget_context_key>
<budget_policy_key>balanced_schemer</budget_policy_key>
</cai_personalities_budget_allocation_policy_junctions>
<cai_personalities_budget_allocation_policy_junctions record_uuid="{86c4f732-7be6-41b8-a8b6-19e545945c35}" record_timestamp="1439891688094" record_key="balanced_schemercai_strategic_context_type_peacebudget_allocation_military_light_schemer">
<budget_allocation_key>budget_allocation_military_light_schemer</budget_allocation_key>
<budget_context_key>cai_strategic_context_type_peace</budget_context_key>
<budget_policy_key>balanced_schemer</budget_policy_key>
</cai_personalities_budget_allocation_policy_junctions>
<cai_personalities_budget_allocation_policy_junctions record_uuid="{4b70b43c-7754-4212-9f53-beb8264b4499}" record_timestamp="1439891688094" record_key="balanced_schemercai_strategic_context_type_tensionbudget_allocation_military_medium_schemer">
<budget_allocation_key>budget_allocation_military_medium_schemer</budget_allocation_key>
<budget_context_key>cai_strategic_context_type_tension</budget_context_key>
<budget_policy_key>balanced_schemer</budget_policy_key>
</cai_personalities_budget_allocation_policy_junctions>
<cai_personalities_budget_allocation_policy_junctions record_uuid="{e4c080e5-1e4e-4191-bccd-2d82251403d6}" record_timestamp="1439891688094" record_key="balanced_schemercai_strategic_context_type_total_warbudget_allocation_military_medium_schemer">
<budget_allocation_key>budget_allocation_military_medium_schemer</budget_allocation_key>
<budget_context_key>cai_strategic_context_type_total_war</budget_context_key>
<budget_policy_key>balanced_schemer</budget_policy_key>
</cai_personalities_budget_allocation_policy_junctions>
<cai_personalities_budget_allocation_policy_junctions record_uuid="{6c46bc14-ba6b-4b43-a213-b1d64b925429}" record_timestamp="1439891688094" record_key="balanced_schemercai_strategic_context_type_warbudget_allocation_military_medium_schemer">
<budget_allocation_key>budget_allocation_military_medium_schemer</budget_allocation_key>
<budget_context_key>cai_strategic_context_type_war</budget_context_key>
<budget_policy_key>balanced_schemer</budget_policy_key>
</cai_personalities_budget_allocation_policy_junctions>
<cai_personalities_budget_allocation_policy_junctions record_uuid="{7f694bee-2b02-4234-a843-b717b6f17f5d}" record_timestamp="1427456874082" record_key="balancedcai_strategic_context_type_last_standbudget_allocation_military_very_strong">
<budget_allocation_key>budget_allocation_military_very_strong</budget_allocation_key>
<budget_context_key>cai_strategic_context_type_last_stand</budget_context_key>
<budget_policy_key>balanced</budget_policy_key>
</cai_personalities_budget_allocation_policy_junctions>
<cai_personalities_budget_allocation_policy_junctions record_uuid="{0739baa5-0432-4387-b3bb-8bbbc551d386}" record_timestamp="1427456874112" record_key="balancedcai_strategic_context_type_peacebudget_allocation_military_very_light">
<budget_allocation_key>budget_allocation_military_very_light</budget_allocation_key>
<budget_context_key>cai_strategic_context_type_peace</budget_context_key>
<budget_policy_key>balanced</budget_policy_key>
</cai_personalities_budget_allocation_policy_junctions>
<cai_personalities_budget_allocation_policy_junctions record_uuid="{edfbd000-72d1-488f-83e4-eff2974ffdcc}" record_timestamp="1427456874142" record_key="balancedcai_strategic_context_type_tensionbudget_allocation_military_light">
<budget_allocation_key>budget_allocation_military_light</budget_allocation_key>
<budget_context_key>cai_strategic_context_type_tension</budget_context_key>
<budget_policy_key>balanced</budget_policy_key>
</cai_personalities_budget_allocation_policy_junctions>
<cai_personalities_budget_allocation_policy_junctions record_uuid="{b7094d8e-d6cc-4bc0-b418-89d45c34d799}" record_timestamp="1427456874172" record_key="balancedcai_strategic_context_type_total_warbudget_allocation_military_strong">
<budget_allocation_key>budget_allocation_military_strong</budget_allocation_key>
<budget_context_key>cai_strategic_context_type_total_war</budget_context_key>
<budget_policy_key>balanced</budget_policy_key>
</cai_personalities_budget_allocation_policy_junctions>
<cai_personalities_budget_allocation_policy_junctions record_uuid="{e7ab190f-8618-4623-a481-bbe2695b57bc}" record_timestamp="1427456874202" record_key="balancedcai_strategic_context_type_warbudget_allocation_military_medium">
<budget_allocation_key>budget_allocation_military_medium</budget_allocation_key>
<budget_context_key>cai_strategic_context_type_war</budget_context_key>
<budget_policy_key>balanced</budget_policy_key>
</cai_personalities_budget_allocation_policy_junctions>
<cai_personalities_budget_allocation_policy_junctions record_uuid="{469f4662-290e-4bf6-a140-78ac3468ed76}" record_timestamp="1427456872862" record_key="default_budget_policycai_strategic_context_type_last_standdefault">
<budget_allocation_key>default</budget_allocation_key>
<budget_context_key>cai_strategic_context_type_last_stand</budget_context_key>
<budget_policy_key>default_budget_policy</budget_policy_key>
</cai_personalities_budget_allocation_policy_junctions>
<cai_personalities_budget_allocation_policy_junctions record_uuid="{16236544-1c74-4504-b200-86926b81799a}" record_timestamp="1427456872882" record_key="default_budget_policycai_strategic_context_type_peacedefault">
<budget_allocation_key>default</budget_allocation_key>
<budget_context_key>cai_strategic_context_type_peace</budget_context_key>
<budget_policy_key>default_budget_policy</budget_policy_key>
</cai_personalities_budget_allocation_policy_junctions>
<cai_personalities_budget_allocation_policy_junctions record_uuid="{b4fa98b8-1da4-435a-bd6b-43e6ee0dae27}" record_timestamp="1427456872912" record_key="default_budget_policycai_strategic_context_type_tensiondefault">
<budget_allocation_key>default</budget_allocation_key>
<budget_context_key>cai_strategic_context_type_tension</budget_context_key>
<budget_policy_key>default_budget_policy</budget_policy_key>
</cai_personalities_budget_allocation_policy_junctions>
<cai_personalities_budget_allocation_policy_junctions record_uuid="{a681b2ce-2fde-41e3-bd00-024b0951fa4d}" record_timestamp="1427456872942" record_key="default_budget_policycai_strategic_context_type_total_wardefault">
<budget_allocation_key>default</budget_allocation_key>
<budget_context_key>cai_strategic_context_type_total_war</budget_context_key>
<budget_policy_key>default_budget_policy</budget_policy_key>
</cai_personalities_budget_allocation_policy_junctions>
<cai_personalities_budget_allocation_policy_junctions record_uuid="{a0486233-1608-41c2-b641-4250dede8ab0}" record_timestamp="1427456872972" record_key="default_budget_policycai_strategic_context_type_wardefault">
<budget_allocation_key>default</budget_allocation_key>
<budget_context_key>cai_strategic_context_type_war</budget_context_key>
<budget_policy_key>default_budget_policy</budget_policy_key>
</cai_personalities_budget_allocation_policy_junctions>
<cai_personalities_budget_allocation_policy_junctions record_uuid="{3a291c6f-4d68-4d6a-b498-5d377a7fb921}" record_timestamp="1427456874542" record_key="economist_navalcai_strategic_context_type_last_standbudget_allocation_military_medium_naval">
<budget_allocation_key>budget_allocation_military_medium_naval</budget_allocation_key>
<budget_context_key>cai_strategic_context_type_last_stand</budget_context_key>
<budget_policy_key>economist_naval</budget_policy_key>
</cai_personalities_budget_allocation_policy_junctions>
<cai_personalities_budget_allocation_policy_junctions record_uuid="{c13613aa-3377-4b2c-9db9-3beca3b9f099}" record_timestamp="1427456874572" record_key="economist_navalcai_strategic_context_type_peacebudget_allocation_military_very_light_naval">
<budget_allocation_key>budget_allocation_military_very_light_naval</budget_allocation_key>
<budget_context_key>cai_strategic_context_type_peace</budget_context_key>
<budget_policy_key>economist_naval</budget_policy_key>
</cai_personalities_budget_allocation_policy_junctions>
<cai_personalities_budget_allocation_policy_junctions record_uuid="{6d51d383-98b3-4324-a17e-a4f048cf5ade}" record_timestamp="1427456874612" record_key="economist_navalcai_strategic_context_type_tensionbudget_allocation_military_light_naval">
<budget_allocation_key>budget_allocation_military_light_naval</budget_allocation_key>
<budget_context_key>cai_strategic_context_type_tension</budget_context_key>
<budget_policy_key>economist_naval</budget_policy_key>
</cai_personalities_budget_allocation_policy_junctions>
<cai_personalities_budget_allocation_policy_junctions record_uuid="{05487ae3-cbcb-4e2a-b8ac-c306cb9f63d2}" record_timestamp="1427456874642" record_key="economist_navalcai_strategic_context_type_total_warbudget_allocation_military_medium_naval">
<budget_allocation_key>budget_allocation_military_medium_naval</budget_allocation_key>
<budget_context_key>cai_strategic_context_type_total_war</budget_context_key>
<budget_policy_key>economist_naval</budget_policy_key>
</cai_personalities_budget_allocation_policy_junctions>
<cai_personalities_budget_allocation_policy_junctions record_uuid="{081da83f-9036-4d83-b924-041c8839584b}" record_timestamp="1427456874672" record_key="economist_navalcai_strategic_context_type_warbudget_allocation_military_light_naval">
<budget_allocation_key>budget_allocation_military_light_naval</budget_allocation_key>
<budget_context_key>cai_strategic_context_type_war</budget_context_key>
<budget_policy_key>economist_naval</budget_policy_key>
</cai_personalities_budget_allocation_policy_junctions>
<cai_personalities_budget_allocation_policy_junctions record_uuid="{4c193274-ee66-48da-8e92-bd16dfcf6d2d}" record_timestamp="1439891688094" record_key="economist_schemercai_strategic_context_type_last_standbudget_allocation_military_medium_schemer">
<budget_allocation_key>budget_allocation_military_medium_schemer</budget_allocation_key>
<budget_context_key>cai_strategic_context_type_last_stand</budget_context_key>
<budget_policy_key>economist_schemer</budget_policy_key>
</cai_personalities_budget_allocation_policy_junctions>
<cai_personalities_budget_allocation_policy_junctions record_uuid="{bbc34b05-f0e5-4bb2-87ea-768ed4af510a}" record_timestamp="1439891688094" record_key="economist_schemercai_strategic_context_type_peacebudget_allocation_military_light_schemer">
<budget_allocation_key>budget_allocation_military_light_schemer</budget_allocation_key>
<budget_context_key>cai_strategic_context_type_peace</budget_context_key>
<budget_policy_key>economist_schemer</budget_policy_key>
</cai_personalities_budget_allocation_policy_junctions>
<cai_personalities_budget_allocation_policy_junctions record_uuid="{8cbfa0e2-047c-4c13-af7a-eea02a180c5f}" record_timestamp="1439891688093" record_key="economist_schemercai_strategic_context_type_tensionbudget_allocation_military_light_schemer">
<budget_allocation_key>budget_allocation_military_light_schemer</budget_allocation_key>
<budget_context_key>cai_strategic_context_type_tension</budget_context_key>
<budget_policy_key>economist_schemer</budget_policy_key>
</cai_personalities_budget_allocation_policy_junctions>
<cai_personalities_budget_allocation_policy_junctions record_uuid="{f425475b-c899-4901-ad0e-636e49f6b7eb}" record_timestamp="1439891688093" record_key="economist_schemercai_strategic_context_type_total_warbudget_allocation_military_medium_schemer">
<budget_allocation_key>budget_allocation_military_medium_schemer</budget_allocation_key>
<budget_context_key>cai_strategic_context_type_total_war</budget_context_key>
<budget_policy_key>economist_schemer</budget_policy_key>
</cai_personalities_budget_allocation_policy_junctions>
<cai_personalities_budget_allocation_policy_junctions record_uuid="{287fa78e-eee0-4106-9958-29509f692cc6}" record_timestamp="1439891688094" record_key="economist_schemercai_strategic_context_type_warbudget_allocation_military_medium_schemer">
<budget_allocation_key>budget_allocation_military_medium_schemer</budget_allocation_key>
<budget_context_key>cai_strategic_context_type_war</budget_context_key>
<budget_policy_key>economist_schemer</budget_policy_key>
</cai_personalities_budget_allocation_policy_junctions>
<cai_personalities_budget_allocation_policy_junctions record_uuid="{72d17253-6080-4a16-8690-8569ffc36503}" record_timestamp="1427456874382" record_key="economistcai_strategic_context_type_last_standbudget_allocation_military_medium">
<budget_allocation_key>budget_allocation_military_medium</budget_allocation_key>
<budget_context_key>cai_strategic_context_type_last_stand</budget_context_key>
<budget_policy_key>economist</budget_policy_key>
</cai_personalities_budget_allocation_policy_junctions>
<cai_personalities_budget_allocation_policy_junctions record_uuid="{e4c0c45a-1bd4-41eb-a678-34da9f8c9040}" record_timestamp="1427456874412" record_key="economistcai_strategic_context_type_peacebudget_allocation_military_very_light">
<budget_allocation_key>budget_allocation_military_very_light</budget_allocation_key>
<budget_context_key>cai_strategic_context_type_peace</budget_context_key>
<budget_policy_key>economist</budget_policy_key>
</cai_personalities_budget_allocation_policy_junctions>
<cai_personalities_budget_allocation_policy_junctions record_uuid="{6d5757b3-2d67-42a9-8831-d0d36f6dfd97}" record_timestamp="1427456874452" record_key="economistcai_strategic_context_type_tensionbudget_allocation_military_light">
<budget_allocation_key>budget_allocation_military_light</budget_allocation_key>
<budget_context_key>cai_strategic_context_type_tension</budget_context_key>
<budget_policy_key>economist</budget_policy_key>
</cai_personalities_budget_allocation_policy_junctions>
<cai_personalities_budget_allocation_policy_junctions record_uuid="{01996492-5df3-4b15-a50e-7fdb3132fa8a}" record_timestamp="1427456874482" record_key="economistcai_strategic_context_type_total_warbudget_allocation_military_medium">
<budget_allocation_key>budget_allocation_military_medium</budget_allocation_key>
<budget_context_key>cai_strategic_context_type_total_war</budget_context_key>
<budget_policy_key>economist</budget_policy_key>
</cai_personalities_budget_allocation_policy_junctions>
<cai_personalities_budget_allocation_policy_junctions record_uuid="{22c3b4b1-68f4-44fc-a134-dd45a2385627}" record_timestamp="1427456874512" record_key="economistcai_strategic_context_type_warbudget_allocation_military_light">
<budget_allocation_key>budget_allocation_military_light</budget_allocation_key>
<budget_context_key>cai_strategic_context_type_war</budget_context_key>
<budget_policy_key>economist</budget_policy_key>
</cai_personalities_budget_allocation_policy_junctions>
<cai_personalities_budget_allocation_policy_junctions record_uuid="{4b867d7f-a0d5-4048-b6eb-e2345d5c5e7b}" record_timestamp="1440776935167" record_key="horde_techcai_strategic_context_type_last_standbudget_allocation_horde_tech">
<budget_allocation_key>budget_allocation_horde_tech</budget_allocation_key>
<budget_context_key>cai_strategic_context_type_last_stand</budget_context_key>
<budget_policy_key>horde_tech</budget_policy_key>
</cai_personalities_budget_allocation_policy_junctions>
<cai_personalities_budget_allocation_policy_junctions record_uuid="{ad7d1010-bcd0-4f58-99e4-cb72c6f9d3b6}" record_timestamp="1440776935167" record_key="horde_techcai_strategic_context_type_peacebudget_allocation_horde_tech">
<budget_allocation_key>budget_allocation_horde_tech</budget_allocation_key>
<budget_context_key>cai_strategic_context_type_peace</budget_context_key>
<budget_policy_key>horde_tech</budget_policy_key>
</cai_personalities_budget_allocation_policy_junctions>
<cai_personalities_budget_allocation_policy_junctions record_uuid="{4abf8c94-da16-4e76-babc-8d7a927f7873}" record_timestamp="1440776935166" record_key="horde_techcai_strategic_context_type_tensionbudget_allocation_horde_tech">
<budget_allocation_key>budget_allocation_horde_tech</budget_allocation_key>
<budget_context_key>cai_strategic_context_type_tension</budget_context_key>
<budget_policy_key>horde_tech</budget_policy_key>
</cai_personalities_budget_allocation_policy_junctions>
<cai_personalities_budget_allocation_policy_junctions record_uuid="{871e03a3-e368-49c7-ae46-bffeb6e4e727}" record_timestamp="1440776935167" record_key="horde_techcai_strategic_context_type_total_warbudget_allocation_horde_tech">
<budget_allocation_key>budget_allocation_horde_tech</budget_allocation_key>
<budget_context_key>cai_strategic_context_type_total_war</budget_context_key>
<budget_policy_key>horde_tech</budget_policy_key>
</cai_personalities_budget_allocation_policy_junctions>
<cai_personalities_budget_allocation_policy_junctions record_uuid="{7ba5358b-5492-4d70-b4a5-6d62524da2be}" record_timestamp="1440776935166" record_key="horde_techcai_strategic_context_type_warbudget_allocation_horde_tech">
<budget_allocation_key>budget_allocation_horde_tech</budget_allocation_key>
<budget_context_key>cai_strategic_context_type_war</budget_context_key>
<budget_policy_key>horde_tech</budget_policy_key>
</cai_personalities_budget_allocation_policy_junctions>
<cai_personalities_budget_allocation_policy_junctions record_uuid="{4907aa5b-7a65-4db1-8e91-4b4177f5820b}" record_timestamp="1427456874892" record_key="militarist_navalcai_strategic_context_type_last_standbudget_allocation_military_very_strong_naval">
<budget_allocation_key>budget_allocation_military_very_strong_naval</budget_allocation_key>
<budget_context_key>cai_strategic_context_type_last_stand</budget_context_key>
<budget_policy_key>militarist_naval</budget_policy_key>
</cai_personalities_budget_allocation_policy_junctions>
<cai_personalities_budget_allocation_policy_junctions record_uuid="{cc883e9f-92dc-43f0-baa6-bad70ff326e0}" record_timestamp="1427456874922" record_key="militarist_navalcai_strategic_context_type_peacebudget_allocation_military_medium_naval">
<budget_allocation_key>budget_allocation_military_medium_naval</budget_allocation_key>
<budget_context_key>cai_strategic_context_type_peace</budget_context_key>
<budget_policy_key>militarist_naval</budget_policy_key>
</cai_personalities_budget_allocation_policy_junctions>
<cai_personalities_budget_allocation_policy_junctions record_uuid="{7ac8ae0e-a31d-4937-8a9f-7ffc0c70042b}" record_timestamp="1427456874952" record_key="militarist_navalcai_strategic_context_type_tensionbudget_allocation_military_strong_naval">
<budget_allocation_key>budget_allocation_military_strong_naval</budget_allocation_key>
<budget_context_key>cai_strategic_context_type_tension</budget_context_key>
<budget_policy_key>militarist_naval</budget_policy_key>
</cai_personalities_budget_allocation_policy_junctions>
<cai_personalities_budget_allocation_policy_junctions record_uuid="{708c29a4-d2b2-4f4b-9640-2e7c359a4863}" record_timestamp="1427456874992" record_key="militarist_navalcai_strategic_context_type_total_warbudget_allocation_military_very_strong_naval">
<budget_allocation_key>budget_allocation_military_very_strong_naval</budget_allocation_key>
<budget_context_key>cai_strategic_context_type_total_war</budget_context_key>
<budget_policy_key>militarist_naval</budget_policy_key>
</cai_personalities_budget_allocation_policy_junctions>
<cai_personalities_budget_allocation_policy_junctions record_uuid="{14fb5a15-324a-4f0d-b73e-7be4c6b3d74d}" record_timestamp="1427456875022" record_key="militarist_navalcai_strategic_context_type_warbudget_allocation_military_strong_naval">
<budget_allocation_key>budget_allocation_military_strong_naval</budget_allocation_key>
<budget_context_key>cai_strategic_context_type_war</budget_context_key>
<budget_policy_key>militarist_naval</budget_policy_key>
</cai_personalities_budget_allocation_policy_junctions>
<cai_personalities_budget_allocation_policy_junctions record_uuid="{738a1982-8cb1-41ad-b912-fd33b550a17c}" record_timestamp="1439891688094" record_key="militarist_schemercai_strategic_context_type_last_standbudget_allocation_military_strong_schemer">
<budget_allocation_key>budget_allocation_military_strong_schemer</budget_allocation_key>
<budget_context_key>cai_strategic_context_type_last_stand</budget_context_key>
<budget_policy_key>militarist_schemer</budget_policy_key>
</cai_personalities_budget_allocation_policy_junctions>
<cai_personalities_budget_allocation_policy_junctions record_uuid="{e410e62c-6668-41dc-8296-fd9812bbeadc}" record_timestamp="1439891688094" record_key="militarist_schemercai_strategic_context_type_peacebudget_allocation_military_medium_schemer">
<budget_allocation_key>budget_allocation_military_medium_schemer</budget_allocation_key>
<budget_context_key>cai_strategic_context_type_peace</budget_context_key>
<budget_policy_key>militarist_schemer</budget_policy_key>
</cai_personalities_budget_allocation_policy_junctions>
<cai_personalities_budget_allocation_policy_junctions record_uuid="{847d62e0-da6e-4dbf-8f22-957dc814ee7a}" record_timestamp="1439891688094" record_key="militarist_schemercai_strategic_context_type_tensionbudget_allocation_military_medium_schemer">
<budget_allocation_key>budget_allocation_military_medium_schemer</budget_allocation_key>
<budget_context_key>cai_strategic_context_type_tension</budget_context_key>
<budget_policy_key>militarist_schemer</budget_policy_key>
</cai_personalities_budget_allocation_policy_junctions>
<cai_personalities_budget_allocation_policy_junctions record_uuid="{f8b87d99-c878-4aa5-a259-77d3defd90cb}" record_timestamp="1439891688094" record_key="militarist_schemercai_strategic_context_type_total_warbudget_allocation_military_strong_schemer">
<budget_allocation_key>budget_allocation_military_strong_schemer</budget_allocation_key>
<budget_context_key>cai_strategic_context_type_total_war</budget_context_key>
<budget_policy_key>militarist_schemer</budget_policy_key>
</cai_personalities_budget_allocation_policy_junctions>
<cai_personalities_budget_allocation_policy_junctions record_uuid="{f07fb665-86cd-401a-a045-395ac32df919}" record_timestamp="1439891688094" record_key="militarist_schemercai_strategic_context_type_warbudget_allocation_military_medium_schemer">
<budget_allocation_key>budget_allocation_military_medium_schemer</budget_allocation_key>
<budget_context_key>cai_strategic_context_type_war</budget_context_key>
<budget_policy_key>militarist_schemer</budget_policy_key>
</cai_personalities_budget_allocation_policy_junctions>
<cai_personalities_budget_allocation_policy_junctions record_uuid="{eded0545-cb9d-42d2-8359-0b0ac315c92e}" record_timestamp="1427456874712" record_key="militaristcai_strategic_context_type_last_standbudget_allocation_military_very_strong">
<budget_allocation_key>budget_allocation_military_very_strong</budget_allocation_key>
<budget_context_key>cai_strategic_context_type_last_stand</budget_context_key>
<budget_policy_key>militarist</budget_policy_key>
</cai_personalities_budget_allocation_policy_junctions>
<cai_personalities_budget_allocation_policy_junctions record_uuid="{8d329001-957c-4cc2-88ce-80170468b28b}" record_timestamp="1427456874742" record_key="militaristcai_strategic_context_type_peacebudget_allocation_military_medium">
<budget_allocation_key>budget_allocation_military_medium</budget_allocation_key>
<budget_context_key>cai_strategic_context_type_peace</budget_context_key>
<budget_policy_key>militarist</budget_policy_key>
</cai_personalities_budget_allocation_policy_junctions>
<cai_personalities_budget_allocation_policy_junctions record_uuid="{f30b162f-ecf2-428c-8f1c-6653d9a0078c}" record_timestamp="1427456874792" record_key="militaristcai_strategic_context_type_tensionbudget_allocation_military_strong">
<budget_allocation_key>budget_allocation_military_strong</budget_allocation_key>
<budget_context_key>cai_strategic_context_type_tension</budget_context_key>
<budget_policy_key>militarist</budget_policy_key>
</cai_personalities_budget_allocation_policy_junctions>
<cai_personalities_budget_allocation_policy_junctions record_uuid="{75495d12-fddb-4e17-bc45-4fd625cf066d}" record_timestamp="1427456874822" record_key="militaristcai_strategic_context_type_total_warbudget_allocation_military_very_strong">
<budget_allocation_key>budget_allocation_military_very_strong</budget_allocation_key>
<budget_context_key>cai_strategic_context_type_total_war</budget_context_key>
<budget_policy_key>militarist</budget_policy_key>
</cai_personalities_budget_allocation_policy_junctions>
<cai_personalities_budget_allocation_policy_junctions record_uuid="{d47fe994-cc06-418d-a177-54c3ce450563}" record_timestamp="1427456874852" record_key="militaristcai_strategic_context_type_warbudget_allocation_military_strong">
<budget_allocation_key>budget_allocation_military_strong</budget_allocation_key>
<budget_context_key>cai_strategic_context_type_war</budget_context_key>
<budget_policy_key>militarist</budget_policy_key>
</cai_personalities_budget_allocation_policy_junctions>
</dataroot>
