<?xml version="1.0" encoding="UTF-8"?>
<dataroot xmlns:od="urn:schemas-microsoft-com:officedata" xmlns:xsi="http://www.w3.org/2001/XMLSchema-instance" xsi:noNamespaceSchemaLocation="cai_construction_system_synergy_levels.xsd" export_time="Mon Aug 24 09:57:49 2015" revision="9" export_branch="C:/fetch_c/warhammer/binaries" export_user="bob">
<edit_uuid>026d9cb7-5710-4109-bcfa-9d7a9556c4a7</edit_uuid>
<cai_construction_system_synergy_levels record_uuid="{d09f513e-12e3-4f60-80d7-6a463fe19dea}" record_timestamp="1435921928070" record_key="cai_cs_synergy_level_high">
<absolute_effect>0</absolute_effect>
<key>cai_cs_synergy_level_high</key>
<priority>30</priority>
<relative_effect>2.5</relative_effect>
</cai_construction_system_synergy_levels>
<cai_construction_system_synergy_levels record_uuid="{8277e21d-1296-4f70-b9c2-82f25eb42d0b}" record_timestamp="1435921928080" record_key="cai_cs_synergy_level_low">
<absolute_effect>0</absolute_effect>
<key>cai_cs_synergy_level_low</key>
<priority>10</priority>
<relative_effect>0.15</relative_effect>
</cai_construction_system_synergy_levels>
<cai_construction_system_synergy_levels record_uuid="{cd5b99d2-28b8-4004-ac05-f66467a396f1}" record_timestamp="1435921928087" record_key="cai_cs_synergy_level_medium">
<absolute_effect>0</absolute_effect>
<key>cai_cs_synergy_level_medium</key>
<priority>20</priority>
<relative_effect>0.75</relative_effect>
</cai_construction_system_synergy_levels>
</dataroot>
