<?xml version="1.0" encoding="UTF-8"?>
<dataroot xmlns:od="urn:schemas-microsoft-com:officedata" xmlns:xsi="http://www.w3.org/2001/XMLSchema-instance" xsi:noNamespaceSchemaLocation="cai_siege_strength_modifiers.xsd" export_time="Wed Sep 9 16:12:57 2015" revision="7" export_branch="E:/TW/warhammer/src" export_user="bob">
<edit_uuid>094fcd70-583d-407f-be5a-0b1ba2d5801b</edit_uuid>
<cai_siege_strength_modifiers record_uuid="{703151fb-db06-495b-920d-871887aac6fe}" record_timestamp="1422526563418" record_key="wh_main_sc_brt_bretonnia">
<assault_strength_modifier>1</assault_strength_modifier>
<defence_strength_modifier>1</defence_strength_modifier>
<subculture>wh_main_sc_brt_bretonnia</subculture>
</cai_siege_strength_modifiers>
</dataroot>
