<?xml version="1.0" encoding="UTF-8"?>
<dataroot xmlns:od="urn:schemas-microsoft-com:officedata" xmlns:xsi="http://www.w3.org/2001/XMLSchema-instance" xsi:noNamespaceSchemaLocation="cai_construction_system_unblocking_buildings.xsd" export_time="Wed May 4 11:51:35 2016" revision="3" export_branch="T:/branches/warhammer/beastmen/warhammer/binaries.x64" export_user="bob">
<edit_uuid>39999358-1861-4da4-bf39-59dd2f456aa8</edit_uuid>
<cai_construction_system_unblocking_buildings record_uuid="{62b70f3a-d66e-4acd-931d-e66636f7ee3d}" record_timestamp="1454681820183" record_key="basic_recruitment_unlockswh_main_brt_barracks_1wh_main_brt_barracks_3">
<building_end>wh_main_brt_barracks_3</building_end>
<building_start>wh_main_brt_barracks_1</building_start>
<category>basic_recruitment_unlocks</category>
</cai_construction_system_unblocking_buildings>
<cai_construction_system_unblocking_buildings record_uuid="{ffa131ce-fdd0-4e20-85d6-0e772bcc4aaa}" record_timestamp="1454681820257" record_key="basic_recruitment_unlockswh_main_brt_stables_1wh_main_brt_stables_3">
<building_end>wh_main_brt_stables_3</building_end>
<building_start>wh_main_brt_stables_1</building_start>
<category>basic_recruitment_unlocks</category>
</cai_construction_system_unblocking_buildings>
<cai_construction_system_unblocking_buildings record_uuid="{ac2f403a-3607-4442-b6f4-86ac2e03eda7}" record_timestamp="1462358734271" record_key="basic_recruitment_unlockswh_main_dwf_barracks_1wh_main_dwf_barracks_3">
<building_end>wh_main_dwf_barracks_3</building_end>
<building_start>wh_main_dwf_barracks_1</building_start>
<category>basic_recruitment_unlocks</category>
</cai_construction_system_unblocking_buildings>
<cai_construction_system_unblocking_buildings record_uuid="{fb196b37-977b-437b-95cd-56a74b688fff}" record_timestamp="1454681820439" record_key="basic_recruitment_unlockswh_main_emp_barracks_1wh_main_emp_barracks_3">
<building_end>wh_main_emp_barracks_3</building_end>
<building_start>wh_main_emp_barracks_1</building_start>
<category>basic_recruitment_unlocks</category>
</cai_construction_system_unblocking_buildings>
<cai_construction_system_unblocking_buildings record_uuid="{571b6da6-7342-45fb-90a9-05ca02e9b864}" record_timestamp="1454681819966" record_key="basic_recruitment_unlockswh_main_grn_military_1wh_main_grn_military_4">
<building_end>wh_main_grn_military_4</building_end>
<building_start>wh_main_grn_military_1</building_start>
<category>basic_recruitment_unlocks</category>
</cai_construction_system_unblocking_buildings>
<cai_construction_system_unblocking_buildings record_uuid="{b8abab20-5527-4088-b71c-e110ee301798}" record_timestamp="1462358734275" record_key="basic_recruitment_unlockswh_main_horde_chaos_marauders_1wh_main_horde_chaos_marauders_2">
<building_end>wh_main_horde_chaos_marauders_2</building_end>
<building_start>wh_main_horde_chaos_marauders_1</building_start>
<category>basic_recruitment_unlocks</category>
</cai_construction_system_unblocking_buildings>
<cai_construction_system_unblocking_buildings record_uuid="{a2cf655c-b45e-4f62-a37a-300bd00ce9d7}" record_timestamp="1462358734274" record_key="basic_recruitment_unlockswh_main_horde_chaos_warriors_1wh_main_horde_chaos_warriors_3">
<building_end>wh_main_horde_chaos_warriors_3</building_end>
<building_start>wh_main_horde_chaos_warriors_1</building_start>
<category>basic_recruitment_unlocks</category>
</cai_construction_system_unblocking_buildings>
<cai_construction_system_unblocking_buildings record_uuid="{f411b33e-3d58-4e02-aef8-00a108f9135c}" record_timestamp="1462358734277" record_key="basic_recruitment_unlockswh_main_horde_savage_military_1wh_main_horde_savage_military_3">
<building_end>wh_main_horde_savage_military_3</building_end>
<building_start>wh_main_horde_savage_military_1</building_start>
<category>basic_recruitment_unlocks</category>
</cai_construction_system_unblocking_buildings>
<cai_construction_system_unblocking_buildings record_uuid="{1cc3f47f-4e4c-4564-bf18-53a7af4a82aa}" record_timestamp="1454681820038" record_key="basic_recruitment_unlockswh_main_nor_military_1wh_main_nor_military_3">
<building_end>wh_main_nor_military_3</building_end>
<building_start>wh_main_nor_military_1</building_start>
<category>basic_recruitment_unlocks</category>
</cai_construction_system_unblocking_buildings>
<cai_construction_system_unblocking_buildings record_uuid="{302f5a08-ccc5-4183-ae0d-daebce8bb248}" record_timestamp="1462358734278" record_key="basic_recruitment_unlockswh_main_savage_military_1wh_main_savage_military_3">
<building_end>wh_main_savage_military_3</building_end>
<building_start>wh_main_savage_military_1</building_start>
<category>basic_recruitment_unlocks</category>
</cai_construction_system_unblocking_buildings>
<cai_construction_system_unblocking_buildings record_uuid="{6ae98399-9d0f-4303-a8ad-e3bffece428b}" record_timestamp="1454681820111" record_key="basic_recruitment_unlockswh_main_vmp_cemetary_1wh_main_vmp_cemetary_3">
<building_end>wh_main_vmp_cemetary_3</building_end>
<building_start>wh_main_vmp_cemetary_1</building_start>
<category>basic_recruitment_unlocks</category>
</cai_construction_system_unblocking_buildings>
</dataroot>
