<?xml version="1.0" encoding="UTF-8"?>
<dataroot xmlns:od="urn:schemas-microsoft-com:officedata" xmlns:xsi="http://www.w3.org/2001/XMLSchema-instance" xsi:noNamespaceSchemaLocation="cai_variables_overides.xsd" export_time="Mon Jun 6 18:18:46 2016" revision="13" export_branch="T:/branches/warhammer/beastmen/warhammer/binaries.x64" export_user="bob">
<edit_uuid>759bb771-01ca-4b94-b704-652379b18afd</edit_uuid>
<cai_variables_overides record_uuid="{0d7bf80e-1a76-441d-919f-868eb40fbf37}" record_timestamp="1465233526500" record_key="CAI_VARIABLE_ATTACK_HUMAN_HORDE_CONTROL_BEGIN_AND_BEFORE_MULTIPLIERmain_warhammer-1">
<cai_variable_key>CAI_VARIABLE_ATTACK_HUMAN_HORDE_CONTROL_BEGIN_AND_BEFORE_MULTIPLIER</cai_variable_key>
<campaign_key>main_warhammer</campaign_key>
<optional_campaign_type></optional_campaign_type>
<optional_difficulty_level>-1</optional_difficulty_level>
<value>0.75</value>
</cai_variables_overides>
<cai_variables_overides record_uuid="{1e1c4782-88fc-4de4-81e4-da8fc4a920df}" record_timestamp="1465233526499" record_key="CAI_VARIABLE_ATTACK_HUMAN_HORDE_CONTROL_BEGIN_AND_BEFORE_MULTIPLIERmain_warhammer-2">
<cai_variable_key>CAI_VARIABLE_ATTACK_HUMAN_HORDE_CONTROL_BEGIN_AND_BEFORE_MULTIPLIER</cai_variable_key>
<campaign_key>main_warhammer</campaign_key>
<optional_campaign_type></optional_campaign_type>
<optional_difficulty_level>-2</optional_difficulty_level>
<value>1</value>
</cai_variables_overides>
<cai_variables_overides record_uuid="{acf1942b-0543-4194-a140-e2cd4f980e74}" record_timestamp="1465233526498" record_key="CAI_VARIABLE_ATTACK_HUMAN_HORDE_CONTROL_BEGIN_AND_BEFORE_MULTIPLIERmain_warhammer-3">
<cai_variable_key>CAI_VARIABLE_ATTACK_HUMAN_HORDE_CONTROL_BEGIN_AND_BEFORE_MULTIPLIER</cai_variable_key>
<campaign_key>main_warhammer</campaign_key>
<optional_campaign_type></optional_campaign_type>
<optional_difficulty_level>-3</optional_difficulty_level>
<value>1.25</value>
</cai_variables_overides>
<cai_variables_overides record_uuid="{71e38cb4-effa-412d-bc0e-630010b579cc}" record_timestamp="1465233526501" record_key="CAI_VARIABLE_ATTACK_HUMAN_HORDE_CONTROL_BEGIN_AND_BEFORE_MULTIPLIERmain_warhammer0">
<cai_variable_key>CAI_VARIABLE_ATTACK_HUMAN_HORDE_CONTROL_BEGIN_AND_BEFORE_MULTIPLIER</cai_variable_key>
<campaign_key>main_warhammer</campaign_key>
<optional_campaign_type></optional_campaign_type>
<optional_difficulty_level>0</optional_difficulty_level>
<value>0.5</value>
</cai_variables_overides>
<cai_variables_overides record_uuid="{92e5c41e-cb8e-4cc9-9008-411320f813da}" record_timestamp="1465233526495" record_key="CAI_VARIABLE_ATTACK_HUMAN_HORDE_CONTROL_BEGIN_AND_BEFORE_MULTIPLIERmain_warhammer1">
<cai_variable_key>CAI_VARIABLE_ATTACK_HUMAN_HORDE_CONTROL_BEGIN_AND_BEFORE_MULTIPLIER</cai_variable_key>
<campaign_key>main_warhammer</campaign_key>
<optional_campaign_type></optional_campaign_type>
<optional_difficulty_level>1</optional_difficulty_level>
<value>0</value>
</cai_variables_overides>
<cai_variables_overides record_uuid="{5418d412-4086-4a0d-b2bf-6459aeff27f1}" record_timestamp="1465233526504" record_key="CAI_VARIABLE_ATTACK_HUMAN_HORDE_CONTROL_END_AND_AFTER_MULTIPLIERmain_warhammer-1">
<cai_variable_key>CAI_VARIABLE_ATTACK_HUMAN_HORDE_CONTROL_END_AND_AFTER_MULTIPLIER</cai_variable_key>
<campaign_key>main_warhammer</campaign_key>
<optional_campaign_type></optional_campaign_type>
<optional_difficulty_level>-1</optional_difficulty_level>
<value>1</value>
</cai_variables_overides>
<cai_variables_overides record_uuid="{8c64c8f6-4773-49c5-91d9-cb920ccf1ff8}" record_timestamp="1465233526503" record_key="CAI_VARIABLE_ATTACK_HUMAN_HORDE_CONTROL_END_AND_AFTER_MULTIPLIERmain_warhammer-2">
<cai_variable_key>CAI_VARIABLE_ATTACK_HUMAN_HORDE_CONTROL_END_AND_AFTER_MULTIPLIER</cai_variable_key>
<campaign_key>main_warhammer</campaign_key>
<optional_campaign_type></optional_campaign_type>
<optional_difficulty_level>-2</optional_difficulty_level>
<value>1.25</value>
</cai_variables_overides>
<cai_variables_overides record_uuid="{6ed478b0-9377-484d-ba98-09c41fb73213}" record_timestamp="1465233526502" record_key="CAI_VARIABLE_ATTACK_HUMAN_HORDE_CONTROL_END_AND_AFTER_MULTIPLIERmain_warhammer-3">
<cai_variable_key>CAI_VARIABLE_ATTACK_HUMAN_HORDE_CONTROL_END_AND_AFTER_MULTIPLIER</cai_variable_key>
<campaign_key>main_warhammer</campaign_key>
<optional_campaign_type></optional_campaign_type>
<optional_difficulty_level>-3</optional_difficulty_level>
<value>1.75</value>
</cai_variables_overides>
<cai_variables_overides record_uuid="{45925f22-e315-4078-812e-bae9ad609ecc}" record_timestamp="1465233526505" record_key="CAI_VARIABLE_ATTACK_HUMAN_HORDE_CONTROL_END_AND_AFTER_MULTIPLIERmain_warhammer0">
<cai_variable_key>CAI_VARIABLE_ATTACK_HUMAN_HORDE_CONTROL_END_AND_AFTER_MULTIPLIER</cai_variable_key>
<campaign_key>main_warhammer</campaign_key>
<optional_campaign_type></optional_campaign_type>
<optional_difficulty_level>0</optional_difficulty_level>
<value>1</value>
</cai_variables_overides>
<cai_variables_overides record_uuid="{ba42e1fc-9e6b-492d-a9eb-25b0dc2e9d67}" record_timestamp="1465233526505" record_key="CAI_VARIABLE_ATTACK_HUMAN_HORDE_CONTROL_END_AND_AFTER_MULTIPLIERmain_warhammer1">
<cai_variable_key>CAI_VARIABLE_ATTACK_HUMAN_HORDE_CONTROL_END_AND_AFTER_MULTIPLIER</cai_variable_key>
<campaign_key>main_warhammer</campaign_key>
<optional_campaign_type></optional_campaign_type>
<optional_difficulty_level>1</optional_difficulty_level>
<value>0.75</value>
</cai_variables_overides>
<cai_variables_overides record_uuid="{b1d071a4-9a32-421c-9114-60762bd77904}" record_timestamp="1461152260105" record_key="CAI_VARIABLE_ATTACK_HUMAN_HORDE_CONTROL_FURTHEST_ROUNDS_DISTANCEmain_warhammer-1">
<cai_variable_key>CAI_VARIABLE_ATTACK_HUMAN_HORDE_CONTROL_FURTHEST_ROUNDS_DISTANCE</cai_variable_key>
<campaign_key>main_warhammer</campaign_key>
<optional_campaign_type></optional_campaign_type>
<optional_difficulty_level>-1</optional_difficulty_level>
<value>5</value>
</cai_variables_overides>
<cai_variables_overides record_uuid="{cae325c1-be99-4ded-aade-08e4b324f3d1}" record_timestamp="1461152260106" record_key="CAI_VARIABLE_ATTACK_HUMAN_HORDE_CONTROL_FURTHEST_ROUNDS_DISTANCEmain_warhammer-2">
<cai_variable_key>CAI_VARIABLE_ATTACK_HUMAN_HORDE_CONTROL_FURTHEST_ROUNDS_DISTANCE</cai_variable_key>
<campaign_key>main_warhammer</campaign_key>
<optional_campaign_type></optional_campaign_type>
<optional_difficulty_level>-2</optional_difficulty_level>
<value>6</value>
</cai_variables_overides>
<cai_variables_overides record_uuid="{8987eaef-00db-4114-97bb-c97434bcd52c}" record_timestamp="1461152260106" record_key="CAI_VARIABLE_ATTACK_HUMAN_HORDE_CONTROL_FURTHEST_ROUNDS_DISTANCEmain_warhammer-3">
<cai_variable_key>CAI_VARIABLE_ATTACK_HUMAN_HORDE_CONTROL_FURTHEST_ROUNDS_DISTANCE</cai_variable_key>
<campaign_key>main_warhammer</campaign_key>
<optional_campaign_type></optional_campaign_type>
<optional_difficulty_level>-3</optional_difficulty_level>
<value>6</value>
</cai_variables_overides>
<cai_variables_overides record_uuid="{b1812789-854d-4190-97d0-18bf66f1f577}" record_timestamp="1455626144380" record_key="CAI_VARIABLE_MAX_CONFEDERATION_STRENGTHmain_warhammer-1">
<cai_variable_key>CAI_VARIABLE_MAX_CONFEDERATION_STRENGTH</cai_variable_key>
<campaign_key>main_warhammer</campaign_key>
<optional_campaign_type></optional_campaign_type>
<optional_difficulty_level>-1</optional_difficulty_level>
<value>1.25</value>
</cai_variables_overides>
<cai_variables_overides record_uuid="{c655ad01-e52f-4ae1-a7fc-11f92e71b9ed}" record_timestamp="1455626144449" record_key="CAI_VARIABLE_MAX_CONFEDERATION_STRENGTHmain_warhammer-2">
<cai_variable_key>CAI_VARIABLE_MAX_CONFEDERATION_STRENGTH</cai_variable_key>
<campaign_key>main_warhammer</campaign_key>
<optional_campaign_type></optional_campaign_type>
<optional_difficulty_level>-2</optional_difficulty_level>
<value>1.75</value>
</cai_variables_overides>
<cai_variables_overides record_uuid="{b117cb8d-180f-4112-a9da-151ad4f3333a}" record_timestamp="1455626144517" record_key="CAI_VARIABLE_MAX_CONFEDERATION_STRENGTHmain_warhammer-3">
<cai_variable_key>CAI_VARIABLE_MAX_CONFEDERATION_STRENGTH</cai_variable_key>
<campaign_key>main_warhammer</campaign_key>
<optional_campaign_type></optional_campaign_type>
<optional_difficulty_level>-3</optional_difficulty_level>
<value>2.5</value>
</cai_variables_overides>
</dataroot>
