<?xml version="1.0" encoding="UTF-8"?>
<dataroot xmlns:od="urn:schemas-microsoft-com:officedata" xmlns:xsi="http://www.w3.org/2001/XMLSchema-instance" xsi:noNamespaceSchemaLocation="cai_construction_system_superchain_hints.xsd" export_time="Wed Sep 9 16:12:57 2015" revision="9" export_branch="E:/TW/warhammer/src" export_user="bob">
<edit_uuid>7bce39e5-48fa-490d-8344-083140c80030</edit_uuid>
<cai_construction_system_superchain_hints record_uuid="{d50744bf-bde3-47fe-ba47-e2cc15268902}" record_timestamp="1426699650566" record_key="wh_main_sch_human_stables">
<economic_specialisation_recommended>0</economic_specialisation_recommended>
<military_specialisation_recommended>1</military_specialisation_recommended>
<super_chain_key>wh_main_sch_human_stables</super_chain_key>
</cai_construction_system_superchain_hints>
</dataroot>
