<?xml version="1.0" encoding="UTF-8"?>
<dataroot xmlns:od="urn:schemas-microsoft-com:officedata" xmlns:xsi="http://www.w3.org/2001/XMLSchema-instance" xsi:noNamespaceSchemaLocation="cai_personalities_budget_allocations.xsd" export_time="Wed Apr 6 15:36:12 2016" revision="34" export_branch="T:/branches/warhammer/beastmen/warhammer/binaries.x64" export_user="bob">
<edit_uuid>9991175d-5140-4d34-b906-b79a20736fdf</edit_uuid>
<cai_personalities_budget_allocations record_uuid="{a4afc1b9-c896-4fa6-baef-ef58d2905a6f}" record_timestamp="1459953371835" record_key="budget_allocation_horde_tech">
<agents_funding_cap>1000</agents_funding_cap>
<agents_funds_allocation_percentage>5</agents_funds_allocation_percentage>
<agents_percentage_of_pool_to_save_on_fail>0</agents_percentage_of_pool_to_save_on_fail>
<agents_turns_of_inactivity_until_cap>4</agents_turns_of_inactivity_until_cap>
<army_funding_cap>6000</army_funding_cap>
<army_funds_allocation_percentage>65</army_funds_allocation_percentage>
<army_percentage_of_pool_to_save_on_fail>50</army_percentage_of_pool_to_save_on_fail>
<army_turns_of_inactivity_until_cap>6</army_turns_of_inactivity_until_cap>
<construction_funding_cap>0</construction_funding_cap>
<construction_funds_allocation_percentage>15</construction_funds_allocation_percentage>
<construction_percentage_of_pool_to_save_on_fail>100</construction_percentage_of_pool_to_save_on_fail>
<construction_turns_of_inactivity_until_cap>4</construction_turns_of_inactivity_until_cap>
<diplomacy_funding_cap>1000</diplomacy_funding_cap>
<diplomacy_funds_allocation_percentage>0</diplomacy_funds_allocation_percentage>
<diplomacy_percentage_of_pool_to_save_on_fail>100</diplomacy_percentage_of_pool_to_save_on_fail>
<diplomacy_turns_of_inactivity_until_cap>4</diplomacy_turns_of_inactivity_until_cap>
<key>budget_allocation_horde_tech</key>
<maximum_settable_tax_level>tax_high</maximum_settable_tax_level>
<minimum_settable_tax_level>tax_low</minimum_settable_tax_level>
<navy_funding_cap>0</navy_funding_cap>
<navy_funds_allocation_percentage>0</navy_funds_allocation_percentage>
<navy_percentage_of_pool_to_save_on_fail>50</navy_percentage_of_pool_to_save_on_fail>
<navy_turns_of_inactivity_until_cap>6</navy_turns_of_inactivity_until_cap>
<technology_funding_cap>30000</technology_funding_cap>
<technology_funds_allocation_percentage>15</technology_funds_allocation_percentage>
<technology_percentage_of_pool_to_save_on_fail>100</technology_percentage_of_pool_to_save_on_fail>
<technology_turns_of_inactivity_until_cap>4</technology_turns_of_inactivity_until_cap>
</cai_personalities_budget_allocations>
<cai_personalities_budget_allocations record_uuid="{209896cc-a9e2-45f9-ac19-8e91524a16f6}" record_timestamp="1459953371791" record_key="budget_allocation_military_light">
<agents_funding_cap>1000</agents_funding_cap>
<agents_funds_allocation_percentage>10</agents_funds_allocation_percentage>
<agents_percentage_of_pool_to_save_on_fail>0</agents_percentage_of_pool_to_save_on_fail>
<agents_turns_of_inactivity_until_cap>4</agents_turns_of_inactivity_until_cap>
<army_funding_cap>6000</army_funding_cap>
<army_funds_allocation_percentage>25</army_funds_allocation_percentage>
<army_percentage_of_pool_to_save_on_fail>50</army_percentage_of_pool_to_save_on_fail>
<army_turns_of_inactivity_until_cap>6</army_turns_of_inactivity_until_cap>
<construction_funding_cap>0</construction_funding_cap>
<construction_funds_allocation_percentage>45</construction_funds_allocation_percentage>
<construction_percentage_of_pool_to_save_on_fail>100</construction_percentage_of_pool_to_save_on_fail>
<construction_turns_of_inactivity_until_cap>4</construction_turns_of_inactivity_until_cap>
<diplomacy_funding_cap>1000</diplomacy_funding_cap>
<diplomacy_funds_allocation_percentage>15</diplomacy_funds_allocation_percentage>
<diplomacy_percentage_of_pool_to_save_on_fail>100</diplomacy_percentage_of_pool_to_save_on_fail>
<diplomacy_turns_of_inactivity_until_cap>4</diplomacy_turns_of_inactivity_until_cap>
<key>budget_allocation_military_light</key>
<maximum_settable_tax_level>tax_high</maximum_settable_tax_level>
<minimum_settable_tax_level>tax_low</minimum_settable_tax_level>
<navy_funding_cap>0</navy_funding_cap>
<navy_funds_allocation_percentage>0</navy_funds_allocation_percentage>
<navy_percentage_of_pool_to_save_on_fail>50</navy_percentage_of_pool_to_save_on_fail>
<navy_turns_of_inactivity_until_cap>6</navy_turns_of_inactivity_until_cap>
<technology_funding_cap>1</technology_funding_cap>
<technology_funds_allocation_percentage>1</technology_funds_allocation_percentage>
<technology_percentage_of_pool_to_save_on_fail>0</technology_percentage_of_pool_to_save_on_fail>
<technology_turns_of_inactivity_until_cap>-1</technology_turns_of_inactivity_until_cap>
</cai_personalities_budget_allocations>
<cai_personalities_budget_allocations record_uuid="{d0a96225-6cfe-4f07-815e-16cbe1520fe0}" record_timestamp="1459953371793" record_key="budget_allocation_military_light_naval">
<agents_funding_cap>1000</agents_funding_cap>
<agents_funds_allocation_percentage>10</agents_funds_allocation_percentage>
<agents_percentage_of_pool_to_save_on_fail>0</agents_percentage_of_pool_to_save_on_fail>
<agents_turns_of_inactivity_until_cap>4</agents_turns_of_inactivity_until_cap>
<army_funding_cap>6000</army_funding_cap>
<army_funds_allocation_percentage>20</army_funds_allocation_percentage>
<army_percentage_of_pool_to_save_on_fail>50</army_percentage_of_pool_to_save_on_fail>
<army_turns_of_inactivity_until_cap>6</army_turns_of_inactivity_until_cap>
<construction_funding_cap>0</construction_funding_cap>
<construction_funds_allocation_percentage>40</construction_funds_allocation_percentage>
<construction_percentage_of_pool_to_save_on_fail>100</construction_percentage_of_pool_to_save_on_fail>
<construction_turns_of_inactivity_until_cap>4</construction_turns_of_inactivity_until_cap>
<diplomacy_funding_cap>1000</diplomacy_funding_cap>
<diplomacy_funds_allocation_percentage>15</diplomacy_funds_allocation_percentage>
<diplomacy_percentage_of_pool_to_save_on_fail>100</diplomacy_percentage_of_pool_to_save_on_fail>
<diplomacy_turns_of_inactivity_until_cap>4</diplomacy_turns_of_inactivity_until_cap>
<key>budget_allocation_military_light_naval</key>
<maximum_settable_tax_level>tax_high</maximum_settable_tax_level>
<minimum_settable_tax_level>tax_low</minimum_settable_tax_level>
<navy_funding_cap>0</navy_funding_cap>
<navy_funds_allocation_percentage>0</navy_funds_allocation_percentage>
<navy_percentage_of_pool_to_save_on_fail>50</navy_percentage_of_pool_to_save_on_fail>
<navy_turns_of_inactivity_until_cap>6</navy_turns_of_inactivity_until_cap>
<technology_funding_cap>1</technology_funding_cap>
<technology_funds_allocation_percentage>1</technology_funds_allocation_percentage>
<technology_percentage_of_pool_to_save_on_fail>0</technology_percentage_of_pool_to_save_on_fail>
<technology_turns_of_inactivity_until_cap>-1</technology_turns_of_inactivity_until_cap>
</cai_personalities_budget_allocations>
<cai_personalities_budget_allocations record_uuid="{d3608e93-bce2-401c-b7f2-044dda5c484c}" record_timestamp="1459953371795" record_key="budget_allocation_military_light_schemer">
<agents_funding_cap>1000</agents_funding_cap>
<agents_funds_allocation_percentage>15</agents_funds_allocation_percentage>
<agents_percentage_of_pool_to_save_on_fail>0</agents_percentage_of_pool_to_save_on_fail>
<agents_turns_of_inactivity_until_cap>4</agents_turns_of_inactivity_until_cap>
<army_funding_cap>6000</army_funding_cap>
<army_funds_allocation_percentage>25</army_funds_allocation_percentage>
<army_percentage_of_pool_to_save_on_fail>50</army_percentage_of_pool_to_save_on_fail>
<army_turns_of_inactivity_until_cap>6</army_turns_of_inactivity_until_cap>
<construction_funding_cap>0</construction_funding_cap>
<construction_funds_allocation_percentage>35</construction_funds_allocation_percentage>
<construction_percentage_of_pool_to_save_on_fail>100</construction_percentage_of_pool_to_save_on_fail>
<construction_turns_of_inactivity_until_cap>4</construction_turns_of_inactivity_until_cap>
<diplomacy_funding_cap>5000</diplomacy_funding_cap>
<diplomacy_funds_allocation_percentage>20</diplomacy_funds_allocation_percentage>
<diplomacy_percentage_of_pool_to_save_on_fail>100</diplomacy_percentage_of_pool_to_save_on_fail>
<diplomacy_turns_of_inactivity_until_cap>4</diplomacy_turns_of_inactivity_until_cap>
<key>budget_allocation_military_light_schemer</key>
<maximum_settable_tax_level>tax_high</maximum_settable_tax_level>
<minimum_settable_tax_level>tax_low</minimum_settable_tax_level>
<navy_funding_cap>0</navy_funding_cap>
<navy_funds_allocation_percentage>0</navy_funds_allocation_percentage>
<navy_percentage_of_pool_to_save_on_fail>50</navy_percentage_of_pool_to_save_on_fail>
<navy_turns_of_inactivity_until_cap>6</navy_turns_of_inactivity_until_cap>
<technology_funding_cap>1</technology_funding_cap>
<technology_funds_allocation_percentage>1</technology_funds_allocation_percentage>
<technology_percentage_of_pool_to_save_on_fail>0</technology_percentage_of_pool_to_save_on_fail>
<technology_turns_of_inactivity_until_cap>-1</technology_turns_of_inactivity_until_cap>
</cai_personalities_budget_allocations>
<cai_personalities_budget_allocations record_uuid="{ad3615fa-379a-45ab-874e-ca4b2f617a0c}" record_timestamp="1459953371797" record_key="budget_allocation_military_medium">
<agents_funding_cap>1000</agents_funding_cap>
<agents_funds_allocation_percentage>10</agents_funds_allocation_percentage>
<agents_percentage_of_pool_to_save_on_fail>0</agents_percentage_of_pool_to_save_on_fail>
<agents_turns_of_inactivity_until_cap>4</agents_turns_of_inactivity_until_cap>
<army_funding_cap>6000</army_funding_cap>
<army_funds_allocation_percentage>35</army_funds_allocation_percentage>
<army_percentage_of_pool_to_save_on_fail>50</army_percentage_of_pool_to_save_on_fail>
<army_turns_of_inactivity_until_cap>6</army_turns_of_inactivity_until_cap>
<construction_funding_cap>0</construction_funding_cap>
<construction_funds_allocation_percentage>40</construction_funds_allocation_percentage>
<construction_percentage_of_pool_to_save_on_fail>100</construction_percentage_of_pool_to_save_on_fail>
<construction_turns_of_inactivity_until_cap>4</construction_turns_of_inactivity_until_cap>
<diplomacy_funding_cap>1000</diplomacy_funding_cap>
<diplomacy_funds_allocation_percentage>10</diplomacy_funds_allocation_percentage>
<diplomacy_percentage_of_pool_to_save_on_fail>100</diplomacy_percentage_of_pool_to_save_on_fail>
<diplomacy_turns_of_inactivity_until_cap>4</diplomacy_turns_of_inactivity_until_cap>
<key>budget_allocation_military_medium</key>
<maximum_settable_tax_level>tax_high</maximum_settable_tax_level>
<minimum_settable_tax_level>tax_low</minimum_settable_tax_level>
<navy_funding_cap>0</navy_funding_cap>
<navy_funds_allocation_percentage>0</navy_funds_allocation_percentage>
<navy_percentage_of_pool_to_save_on_fail>50</navy_percentage_of_pool_to_save_on_fail>
<navy_turns_of_inactivity_until_cap>6</navy_turns_of_inactivity_until_cap>
<technology_funding_cap>1</technology_funding_cap>
<technology_funds_allocation_percentage>1</technology_funds_allocation_percentage>
<technology_percentage_of_pool_to_save_on_fail>0</technology_percentage_of_pool_to_save_on_fail>
<technology_turns_of_inactivity_until_cap>-1</technology_turns_of_inactivity_until_cap>
</cai_personalities_budget_allocations>
<cai_personalities_budget_allocations record_uuid="{8656c88a-dd0a-4c3a-831b-aa3e60892e01}" record_timestamp="1459953371798" record_key="budget_allocation_military_medium_naval">
<agents_funding_cap>1000</agents_funding_cap>
<agents_funds_allocation_percentage>10</agents_funds_allocation_percentage>
<agents_percentage_of_pool_to_save_on_fail>0</agents_percentage_of_pool_to_save_on_fail>
<agents_turns_of_inactivity_until_cap>4</agents_turns_of_inactivity_until_cap>
<army_funding_cap>6000</army_funding_cap>
<army_funds_allocation_percentage>25</army_funds_allocation_percentage>
<army_percentage_of_pool_to_save_on_fail>50</army_percentage_of_pool_to_save_on_fail>
<army_turns_of_inactivity_until_cap>6</army_turns_of_inactivity_until_cap>
<construction_funding_cap>0</construction_funding_cap>
<construction_funds_allocation_percentage>30</construction_funds_allocation_percentage>
<construction_percentage_of_pool_to_save_on_fail>100</construction_percentage_of_pool_to_save_on_fail>
<construction_turns_of_inactivity_until_cap>4</construction_turns_of_inactivity_until_cap>
<diplomacy_funding_cap>1000</diplomacy_funding_cap>
<diplomacy_funds_allocation_percentage>10</diplomacy_funds_allocation_percentage>
<diplomacy_percentage_of_pool_to_save_on_fail>100</diplomacy_percentage_of_pool_to_save_on_fail>
<diplomacy_turns_of_inactivity_until_cap>4</diplomacy_turns_of_inactivity_until_cap>
<key>budget_allocation_military_medium_naval</key>
<maximum_settable_tax_level>tax_high</maximum_settable_tax_level>
<minimum_settable_tax_level>tax_low</minimum_settable_tax_level>
<navy_funding_cap>0</navy_funding_cap>
<navy_funds_allocation_percentage>0</navy_funds_allocation_percentage>
<navy_percentage_of_pool_to_save_on_fail>50</navy_percentage_of_pool_to_save_on_fail>
<navy_turns_of_inactivity_until_cap>6</navy_turns_of_inactivity_until_cap>
<technology_funding_cap>1</technology_funding_cap>
<technology_funds_allocation_percentage>1</technology_funds_allocation_percentage>
<technology_percentage_of_pool_to_save_on_fail>0</technology_percentage_of_pool_to_save_on_fail>
<technology_turns_of_inactivity_until_cap>-1</technology_turns_of_inactivity_until_cap>
</cai_personalities_budget_allocations>
<cai_personalities_budget_allocations record_uuid="{7ef1217f-2d4a-4552-86d6-aa450459d92b}" record_timestamp="1459953371800" record_key="budget_allocation_military_medium_schemer">
<agents_funding_cap>1000</agents_funding_cap>
<agents_funds_allocation_percentage>15</agents_funds_allocation_percentage>
<agents_percentage_of_pool_to_save_on_fail>0</agents_percentage_of_pool_to_save_on_fail>
<agents_turns_of_inactivity_until_cap>4</agents_turns_of_inactivity_until_cap>
<army_funding_cap>6000</army_funding_cap>
<army_funds_allocation_percentage>30</army_funds_allocation_percentage>
<army_percentage_of_pool_to_save_on_fail>50</army_percentage_of_pool_to_save_on_fail>
<army_turns_of_inactivity_until_cap>6</army_turns_of_inactivity_until_cap>
<construction_funding_cap>0</construction_funding_cap>
<construction_funds_allocation_percentage>35</construction_funds_allocation_percentage>
<construction_percentage_of_pool_to_save_on_fail>100</construction_percentage_of_pool_to_save_on_fail>
<construction_turns_of_inactivity_until_cap>4</construction_turns_of_inactivity_until_cap>
<diplomacy_funding_cap>5000</diplomacy_funding_cap>
<diplomacy_funds_allocation_percentage>20</diplomacy_funds_allocation_percentage>
<diplomacy_percentage_of_pool_to_save_on_fail>100</diplomacy_percentage_of_pool_to_save_on_fail>
<diplomacy_turns_of_inactivity_until_cap>4</diplomacy_turns_of_inactivity_until_cap>
<key>budget_allocation_military_medium_schemer</key>
<maximum_settable_tax_level>tax_high</maximum_settable_tax_level>
<minimum_settable_tax_level>tax_low</minimum_settable_tax_level>
<navy_funding_cap>0</navy_funding_cap>
<navy_funds_allocation_percentage>0</navy_funds_allocation_percentage>
<navy_percentage_of_pool_to_save_on_fail>50</navy_percentage_of_pool_to_save_on_fail>
<navy_turns_of_inactivity_until_cap>6</navy_turns_of_inactivity_until_cap>
<technology_funding_cap>1</technology_funding_cap>
<technology_funds_allocation_percentage>1</technology_funds_allocation_percentage>
<technology_percentage_of_pool_to_save_on_fail>0</technology_percentage_of_pool_to_save_on_fail>
<technology_turns_of_inactivity_until_cap>-1</technology_turns_of_inactivity_until_cap>
</cai_personalities_budget_allocations>
<cai_personalities_budget_allocations record_uuid="{d52182df-51da-4585-a293-030ddd22d120}" record_timestamp="1459953371802" record_key="budget_allocation_military_strong">
<agents_funding_cap>1000</agents_funding_cap>
<agents_funds_allocation_percentage>10</agents_funds_allocation_percentage>
<agents_percentage_of_pool_to_save_on_fail>0</agents_percentage_of_pool_to_save_on_fail>
<agents_turns_of_inactivity_until_cap>4</agents_turns_of_inactivity_until_cap>
<army_funding_cap>6000</army_funding_cap>
<army_funds_allocation_percentage>45</army_funds_allocation_percentage>
<army_percentage_of_pool_to_save_on_fail>50</army_percentage_of_pool_to_save_on_fail>
<army_turns_of_inactivity_until_cap>6</army_turns_of_inactivity_until_cap>
<construction_funding_cap>0</construction_funding_cap>
<construction_funds_allocation_percentage>30</construction_funds_allocation_percentage>
<construction_percentage_of_pool_to_save_on_fail>100</construction_percentage_of_pool_to_save_on_fail>
<construction_turns_of_inactivity_until_cap>4</construction_turns_of_inactivity_until_cap>
<diplomacy_funding_cap>1000</diplomacy_funding_cap>
<diplomacy_funds_allocation_percentage>10</diplomacy_funds_allocation_percentage>
<diplomacy_percentage_of_pool_to_save_on_fail>100</diplomacy_percentage_of_pool_to_save_on_fail>
<diplomacy_turns_of_inactivity_until_cap>4</diplomacy_turns_of_inactivity_until_cap>
<key>budget_allocation_military_strong</key>
<maximum_settable_tax_level>tax_high</maximum_settable_tax_level>
<minimum_settable_tax_level>tax_low</minimum_settable_tax_level>
<navy_funding_cap>0</navy_funding_cap>
<navy_funds_allocation_percentage>0</navy_funds_allocation_percentage>
<navy_percentage_of_pool_to_save_on_fail>50</navy_percentage_of_pool_to_save_on_fail>
<navy_turns_of_inactivity_until_cap>6</navy_turns_of_inactivity_until_cap>
<technology_funding_cap>1</technology_funding_cap>
<technology_funds_allocation_percentage>1</technology_funds_allocation_percentage>
<technology_percentage_of_pool_to_save_on_fail>0</technology_percentage_of_pool_to_save_on_fail>
<technology_turns_of_inactivity_until_cap>-1</technology_turns_of_inactivity_until_cap>
</cai_personalities_budget_allocations>
<cai_personalities_budget_allocations record_uuid="{a10011ee-ea00-4c4f-93ba-12538e68e383}" record_timestamp="1459953371803" record_key="budget_allocation_military_strong_naval">
<agents_funding_cap>1000</agents_funding_cap>
<agents_funds_allocation_percentage>10</agents_funds_allocation_percentage>
<agents_percentage_of_pool_to_save_on_fail>0</agents_percentage_of_pool_to_save_on_fail>
<agents_turns_of_inactivity_until_cap>4</agents_turns_of_inactivity_until_cap>
<army_funding_cap>6000</army_funding_cap>
<army_funds_allocation_percentage>30</army_funds_allocation_percentage>
<army_percentage_of_pool_to_save_on_fail>50</army_percentage_of_pool_to_save_on_fail>
<army_turns_of_inactivity_until_cap>6</army_turns_of_inactivity_until_cap>
<construction_funding_cap>0</construction_funding_cap>
<construction_funds_allocation_percentage>25</construction_funds_allocation_percentage>
<construction_percentage_of_pool_to_save_on_fail>100</construction_percentage_of_pool_to_save_on_fail>
<construction_turns_of_inactivity_until_cap>4</construction_turns_of_inactivity_until_cap>
<diplomacy_funding_cap>1000</diplomacy_funding_cap>
<diplomacy_funds_allocation_percentage>5</diplomacy_funds_allocation_percentage>
<diplomacy_percentage_of_pool_to_save_on_fail>100</diplomacy_percentage_of_pool_to_save_on_fail>
<diplomacy_turns_of_inactivity_until_cap>4</diplomacy_turns_of_inactivity_until_cap>
<key>budget_allocation_military_strong_naval</key>
<maximum_settable_tax_level>tax_high</maximum_settable_tax_level>
<minimum_settable_tax_level>tax_low</minimum_settable_tax_level>
<navy_funding_cap>0</navy_funding_cap>
<navy_funds_allocation_percentage>0</navy_funds_allocation_percentage>
<navy_percentage_of_pool_to_save_on_fail>50</navy_percentage_of_pool_to_save_on_fail>
<navy_turns_of_inactivity_until_cap>6</navy_turns_of_inactivity_until_cap>
<technology_funding_cap>1</technology_funding_cap>
<technology_funds_allocation_percentage>1</technology_funds_allocation_percentage>
<technology_percentage_of_pool_to_save_on_fail>0</technology_percentage_of_pool_to_save_on_fail>
<technology_turns_of_inactivity_until_cap>-1</technology_turns_of_inactivity_until_cap>
</cai_personalities_budget_allocations>
<cai_personalities_budget_allocations record_uuid="{6dbddae1-51e1-4d0a-9b71-96ce11786004}" record_timestamp="1459953371824" record_key="budget_allocation_military_strong_schemer">
<agents_funding_cap>1000</agents_funding_cap>
<agents_funds_allocation_percentage>15</agents_funds_allocation_percentage>
<agents_percentage_of_pool_to_save_on_fail>0</agents_percentage_of_pool_to_save_on_fail>
<agents_turns_of_inactivity_until_cap>4</agents_turns_of_inactivity_until_cap>
<army_funding_cap>6000</army_funding_cap>
<army_funds_allocation_percentage>40</army_funds_allocation_percentage>
<army_percentage_of_pool_to_save_on_fail>50</army_percentage_of_pool_to_save_on_fail>
<army_turns_of_inactivity_until_cap>6</army_turns_of_inactivity_until_cap>
<construction_funding_cap>0</construction_funding_cap>
<construction_funds_allocation_percentage>25</construction_funds_allocation_percentage>
<construction_percentage_of_pool_to_save_on_fail>100</construction_percentage_of_pool_to_save_on_fail>
<construction_turns_of_inactivity_until_cap>4</construction_turns_of_inactivity_until_cap>
<diplomacy_funding_cap>5000</diplomacy_funding_cap>
<diplomacy_funds_allocation_percentage>20</diplomacy_funds_allocation_percentage>
<diplomacy_percentage_of_pool_to_save_on_fail>100</diplomacy_percentage_of_pool_to_save_on_fail>
<diplomacy_turns_of_inactivity_until_cap>4</diplomacy_turns_of_inactivity_until_cap>
<key>budget_allocation_military_strong_schemer</key>
<maximum_settable_tax_level>tax_high</maximum_settable_tax_level>
<minimum_settable_tax_level>tax_low</minimum_settable_tax_level>
<navy_funding_cap>0</navy_funding_cap>
<navy_funds_allocation_percentage>0</navy_funds_allocation_percentage>
<navy_percentage_of_pool_to_save_on_fail>50</navy_percentage_of_pool_to_save_on_fail>
<navy_turns_of_inactivity_until_cap>6</navy_turns_of_inactivity_until_cap>
<technology_funding_cap>1</technology_funding_cap>
<technology_funds_allocation_percentage>1</technology_funds_allocation_percentage>
<technology_percentage_of_pool_to_save_on_fail>0</technology_percentage_of_pool_to_save_on_fail>
<technology_turns_of_inactivity_until_cap>-1</technology_turns_of_inactivity_until_cap>
</cai_personalities_budget_allocations>
<cai_personalities_budget_allocations record_uuid="{867378d1-5da9-4b73-aef9-b010c3cebd88}" record_timestamp="1459953371825" record_key="budget_allocation_military_very_light">
<agents_funding_cap>1000</agents_funding_cap>
<agents_funds_allocation_percentage>10</agents_funds_allocation_percentage>
<agents_percentage_of_pool_to_save_on_fail>0</agents_percentage_of_pool_to_save_on_fail>
<agents_turns_of_inactivity_until_cap>4</agents_turns_of_inactivity_until_cap>
<army_funding_cap>6000</army_funding_cap>
<army_funds_allocation_percentage>15</army_funds_allocation_percentage>
<army_percentage_of_pool_to_save_on_fail>50</army_percentage_of_pool_to_save_on_fail>
<army_turns_of_inactivity_until_cap>6</army_turns_of_inactivity_until_cap>
<construction_funding_cap>0</construction_funding_cap>
<construction_funds_allocation_percentage>50</construction_funds_allocation_percentage>
<construction_percentage_of_pool_to_save_on_fail>100</construction_percentage_of_pool_to_save_on_fail>
<construction_turns_of_inactivity_until_cap>4</construction_turns_of_inactivity_until_cap>
<diplomacy_funding_cap>1000</diplomacy_funding_cap>
<diplomacy_funds_allocation_percentage>20</diplomacy_funds_allocation_percentage>
<diplomacy_percentage_of_pool_to_save_on_fail>100</diplomacy_percentage_of_pool_to_save_on_fail>
<diplomacy_turns_of_inactivity_until_cap>4</diplomacy_turns_of_inactivity_until_cap>
<key>budget_allocation_military_very_light</key>
<maximum_settable_tax_level>tax_high</maximum_settable_tax_level>
<minimum_settable_tax_level>tax_low</minimum_settable_tax_level>
<navy_funding_cap>0</navy_funding_cap>
<navy_funds_allocation_percentage>0</navy_funds_allocation_percentage>
<navy_percentage_of_pool_to_save_on_fail>50</navy_percentage_of_pool_to_save_on_fail>
<navy_turns_of_inactivity_until_cap>6</navy_turns_of_inactivity_until_cap>
<technology_funding_cap>1</technology_funding_cap>
<technology_funds_allocation_percentage>1</technology_funds_allocation_percentage>
<technology_percentage_of_pool_to_save_on_fail>0</technology_percentage_of_pool_to_save_on_fail>
<technology_turns_of_inactivity_until_cap>-1</technology_turns_of_inactivity_until_cap>
</cai_personalities_budget_allocations>
<cai_personalities_budget_allocations record_uuid="{0411ca40-d833-4b57-bd7d-d04143729dcd}" record_timestamp="1459953371826" record_key="budget_allocation_military_very_light_naval">
<agents_funding_cap>1000</agents_funding_cap>
<agents_funds_allocation_percentage>10</agents_funds_allocation_percentage>
<agents_percentage_of_pool_to_save_on_fail>0</agents_percentage_of_pool_to_save_on_fail>
<agents_turns_of_inactivity_until_cap>4</agents_turns_of_inactivity_until_cap>
<army_funding_cap>6000</army_funding_cap>
<army_funds_allocation_percentage>15</army_funds_allocation_percentage>
<army_percentage_of_pool_to_save_on_fail>50</army_percentage_of_pool_to_save_on_fail>
<army_turns_of_inactivity_until_cap>6</army_turns_of_inactivity_until_cap>
<construction_funding_cap>0</construction_funding_cap>
<construction_funds_allocation_percentage>45</construction_funds_allocation_percentage>
<construction_percentage_of_pool_to_save_on_fail>100</construction_percentage_of_pool_to_save_on_fail>
<construction_turns_of_inactivity_until_cap>4</construction_turns_of_inactivity_until_cap>
<diplomacy_funding_cap>1000</diplomacy_funding_cap>
<diplomacy_funds_allocation_percentage>20</diplomacy_funds_allocation_percentage>
<diplomacy_percentage_of_pool_to_save_on_fail>100</diplomacy_percentage_of_pool_to_save_on_fail>
<diplomacy_turns_of_inactivity_until_cap>4</diplomacy_turns_of_inactivity_until_cap>
<key>budget_allocation_military_very_light_naval</key>
<maximum_settable_tax_level>tax_high</maximum_settable_tax_level>
<minimum_settable_tax_level>tax_low</minimum_settable_tax_level>
<navy_funding_cap>0</navy_funding_cap>
<navy_funds_allocation_percentage>0</navy_funds_allocation_percentage>
<navy_percentage_of_pool_to_save_on_fail>50</navy_percentage_of_pool_to_save_on_fail>
<navy_turns_of_inactivity_until_cap>6</navy_turns_of_inactivity_until_cap>
<technology_funding_cap>1</technology_funding_cap>
<technology_funds_allocation_percentage>1</technology_funds_allocation_percentage>
<technology_percentage_of_pool_to_save_on_fail>0</technology_percentage_of_pool_to_save_on_fail>
<technology_turns_of_inactivity_until_cap>-1</technology_turns_of_inactivity_until_cap>
</cai_personalities_budget_allocations>
<cai_personalities_budget_allocations record_uuid="{4391ef13-4e8a-4003-9ec2-f467e2b2faad}" record_timestamp="1459953371826" record_key="budget_allocation_military_very_strong">
<agents_funding_cap>1000</agents_funding_cap>
<agents_funds_allocation_percentage>10</agents_funds_allocation_percentage>
<agents_percentage_of_pool_to_save_on_fail>0</agents_percentage_of_pool_to_save_on_fail>
<agents_turns_of_inactivity_until_cap>4</agents_turns_of_inactivity_until_cap>
<army_funding_cap>6000</army_funding_cap>
<army_funds_allocation_percentage>55</army_funds_allocation_percentage>
<army_percentage_of_pool_to_save_on_fail>50</army_percentage_of_pool_to_save_on_fail>
<army_turns_of_inactivity_until_cap>6</army_turns_of_inactivity_until_cap>
<construction_funding_cap>0</construction_funding_cap>
<construction_funds_allocation_percentage>25</construction_funds_allocation_percentage>
<construction_percentage_of_pool_to_save_on_fail>100</construction_percentage_of_pool_to_save_on_fail>
<construction_turns_of_inactivity_until_cap>4</construction_turns_of_inactivity_until_cap>
<diplomacy_funding_cap>1000</diplomacy_funding_cap>
<diplomacy_funds_allocation_percentage>5</diplomacy_funds_allocation_percentage>
<diplomacy_percentage_of_pool_to_save_on_fail>100</diplomacy_percentage_of_pool_to_save_on_fail>
<diplomacy_turns_of_inactivity_until_cap>4</diplomacy_turns_of_inactivity_until_cap>
<key>budget_allocation_military_very_strong</key>
<maximum_settable_tax_level>tax_high</maximum_settable_tax_level>
<minimum_settable_tax_level>tax_low</minimum_settable_tax_level>
<navy_funding_cap>0</navy_funding_cap>
<navy_funds_allocation_percentage>0</navy_funds_allocation_percentage>
<navy_percentage_of_pool_to_save_on_fail>50</navy_percentage_of_pool_to_save_on_fail>
<navy_turns_of_inactivity_until_cap>6</navy_turns_of_inactivity_until_cap>
<technology_funding_cap>1</technology_funding_cap>
<technology_funds_allocation_percentage>1</technology_funds_allocation_percentage>
<technology_percentage_of_pool_to_save_on_fail>0</technology_percentage_of_pool_to_save_on_fail>
<technology_turns_of_inactivity_until_cap>-1</technology_turns_of_inactivity_until_cap>
</cai_personalities_budget_allocations>
<cai_personalities_budget_allocations record_uuid="{16d6d501-15db-41c2-a3c3-7071b1b22774}" record_timestamp="1459953371829" record_key="budget_allocation_military_very_strong_naval">
<agents_funding_cap>1000</agents_funding_cap>
<agents_funds_allocation_percentage>10</agents_funds_allocation_percentage>
<agents_percentage_of_pool_to_save_on_fail>0</agents_percentage_of_pool_to_save_on_fail>
<agents_turns_of_inactivity_until_cap>4</agents_turns_of_inactivity_until_cap>
<army_funding_cap>6000</army_funding_cap>
<army_funds_allocation_percentage>35</army_funds_allocation_percentage>
<army_percentage_of_pool_to_save_on_fail>50</army_percentage_of_pool_to_save_on_fail>
<army_turns_of_inactivity_until_cap>6</army_turns_of_inactivity_until_cap>
<construction_funding_cap>0</construction_funding_cap>
<construction_funds_allocation_percentage>20</construction_funds_allocation_percentage>
<construction_percentage_of_pool_to_save_on_fail>100</construction_percentage_of_pool_to_save_on_fail>
<construction_turns_of_inactivity_until_cap>4</construction_turns_of_inactivity_until_cap>
<diplomacy_funding_cap>1000</diplomacy_funding_cap>
<diplomacy_funds_allocation_percentage>5</diplomacy_funds_allocation_percentage>
<diplomacy_percentage_of_pool_to_save_on_fail>100</diplomacy_percentage_of_pool_to_save_on_fail>
<diplomacy_turns_of_inactivity_until_cap>4</diplomacy_turns_of_inactivity_until_cap>
<key>budget_allocation_military_very_strong_naval</key>
<maximum_settable_tax_level>tax_high</maximum_settable_tax_level>
<minimum_settable_tax_level>tax_low</minimum_settable_tax_level>
<navy_funding_cap>0</navy_funding_cap>
<navy_funds_allocation_percentage>0</navy_funds_allocation_percentage>
<navy_percentage_of_pool_to_save_on_fail>50</navy_percentage_of_pool_to_save_on_fail>
<navy_turns_of_inactivity_until_cap>6</navy_turns_of_inactivity_until_cap>
<technology_funding_cap>1</technology_funding_cap>
<technology_funds_allocation_percentage>1</technology_funds_allocation_percentage>
<technology_percentage_of_pool_to_save_on_fail>0</technology_percentage_of_pool_to_save_on_fail>
<technology_turns_of_inactivity_until_cap>-1</technology_turns_of_inactivity_until_cap>
</cai_personalities_budget_allocations>
<cai_personalities_budget_allocations record_uuid="{174df452-5d8f-4e2d-8558-f8619b2183b9}" record_timestamp="1459953371832" record_key="default">
<agents_funding_cap>1000</agents_funding_cap>
<agents_funds_allocation_percentage>10</agents_funds_allocation_percentage>
<agents_percentage_of_pool_to_save_on_fail>0</agents_percentage_of_pool_to_save_on_fail>
<agents_turns_of_inactivity_until_cap>4</agents_turns_of_inactivity_until_cap>
<army_funding_cap>6000</army_funding_cap>
<army_funds_allocation_percentage>35</army_funds_allocation_percentage>
<army_percentage_of_pool_to_save_on_fail>50</army_percentage_of_pool_to_save_on_fail>
<army_turns_of_inactivity_until_cap>6</army_turns_of_inactivity_until_cap>
<construction_funding_cap>0</construction_funding_cap>
<construction_funds_allocation_percentage>35</construction_funds_allocation_percentage>
<construction_percentage_of_pool_to_save_on_fail>100</construction_percentage_of_pool_to_save_on_fail>
<construction_turns_of_inactivity_until_cap>4</construction_turns_of_inactivity_until_cap>
<diplomacy_funding_cap>1000</diplomacy_funding_cap>
<diplomacy_funds_allocation_percentage>10</diplomacy_funds_allocation_percentage>
<diplomacy_percentage_of_pool_to_save_on_fail>100</diplomacy_percentage_of_pool_to_save_on_fail>
<diplomacy_turns_of_inactivity_until_cap>4</diplomacy_turns_of_inactivity_until_cap>
<key>default</key>
<maximum_settable_tax_level>tax_high</maximum_settable_tax_level>
<minimum_settable_tax_level>tax_low</minimum_settable_tax_level>
<navy_funding_cap>0</navy_funding_cap>
<navy_funds_allocation_percentage>0</navy_funds_allocation_percentage>
<navy_percentage_of_pool_to_save_on_fail>50</navy_percentage_of_pool_to_save_on_fail>
<navy_turns_of_inactivity_until_cap>6</navy_turns_of_inactivity_until_cap>
<technology_funding_cap>1</technology_funding_cap>
<technology_funds_allocation_percentage>1</technology_funds_allocation_percentage>
<technology_percentage_of_pool_to_save_on_fail>0</technology_percentage_of_pool_to_save_on_fail>
<technology_turns_of_inactivity_until_cap>-1</technology_turns_of_inactivity_until_cap>
</cai_personalities_budget_allocations>
</dataroot>
