<?xml version="1.0" encoding="UTF-8"?>
<dataroot xmlns:od="urn:schemas-microsoft-com:officedata" xmlns:xsi="http://www.w3.org/2001/XMLSchema-instance" xsi:noNamespaceSchemaLocation="cai_personality_deal_generation_components.xsd" export_time="Mon Aug 24 09:57:50 2015" revision="10" export_branch="C:/fetch_c/warhammer/binaries" export_user="bob">
<edit_uuid>36f61503-f496-4f95-abe6-7459abce8178</edit_uuid>
<cai_personality_deal_generation_components record_uuid="{518f6c91-3026-4266-abf6-d93b63e08513}" record_key="default">
<id>default</id>
</cai_personality_deal_generation_components>
<cai_personality_deal_generation_components record_uuid="{cc0f702e-83a3-40e4-8f45-a3abd2c83969}" record_timestamp="1436885876403" record_key="dummy">
<id>dummy</id>
</cai_personality_deal_generation_components>
<cai_personality_deal_generation_components record_uuid="{63be4f46-cded-4f02-b92a-753b7e32bb28}" record_timestamp="1439918576881" record_key="passive">
<id>passive</id>
</cai_personality_deal_generation_components>
<cai_personality_deal_generation_components record_uuid="{693198d3-3b6a-4548-833d-38c5bb0cccbe}" record_timestamp="1439891688086" record_key="schemer">
<id>schemer</id>
</cai_personality_deal_generation_components>
<cai_personality_deal_generation_components record_uuid="{6f51e5ec-c701-4bb2-a10c-c1baddb61faf}" record_timestamp="1439976194451" record_key="subjugator">
<id>subjugator</id>
</cai_personality_deal_generation_components>
</dataroot>
