<?xml version="1.0" encoding="UTF-8"?>
<dataroot xmlns:od="urn:schemas-microsoft-com:officedata" xmlns:xsi="http://www.w3.org/2001/XMLSchema-instance" xsi:noNamespaceSchemaLocation="cai_military_aggressiveness_policies.xsd" export_time="Fri Jan 29 16:11:33 2016" revision="12" export_branch="T:/warhammer/binaries.x64" export_user="bob">
<edit_uuid>c1cc08f3-05ad-4262-a4b4-b5db6abc07ae</edit_uuid>
<cai_military_aggressiveness_policies record_uuid="{82721b53-fc46-431e-982e-e096ffe9f5f4}" record_key="cai_pmap_default">
<key>cai_pmap_default</key>
<long_description></long_description>
<short_description></short_description>
</cai_military_aggressiveness_policies>
<cai_military_aggressiveness_policies record_uuid="{f3239eea-c81e-46a6-9f67-049808c60488}" record_timestamp="1439395761327" record_key="cai_pmap_high">
<key>cai_pmap_high</key>
<long_description>personality_desc_long_aggressive</long_description>
<short_description>personality_desc_short_aggressive</short_description>
</cai_military_aggressiveness_policies>
<cai_military_aggressiveness_policies record_uuid="{70ea3f41-a901-45c1-a348-58c7b5f07dd5}" record_timestamp="1439395761328" record_key="cai_pmap_low">
<key>cai_pmap_low</key>
<long_description>personality_desc_long_defensive</long_description>
<short_description>personality_desc_short_defensive</short_description>
</cai_military_aggressiveness_policies>
<cai_military_aggressiveness_policies record_uuid="{4c8fcf08-7051-4e38-b2db-0a942e214f26}" record_key="cai_pmap_low_to_high">
<key>cai_pmap_low_to_high</key>
<long_description></long_description>
<short_description></short_description>
</cai_military_aggressiveness_policies>
<cai_military_aggressiveness_policies record_uuid="{8760e6f6-8452-48c6-b4f5-fc384f988185}" record_key="cai_pmap_medium">
<key>cai_pmap_medium</key>
<long_description></long_description>
<short_description></short_description>
</cai_military_aggressiveness_policies>
<cai_military_aggressiveness_policies record_uuid="{d3dfdfd1-e6a5-48cc-9828-977f68ef693b}" record_key="cai_pmap_medium_to_high">
<key>cai_pmap_medium_to_high</key>
<long_description></long_description>
<short_description></short_description>
</cai_military_aggressiveness_policies>
<cai_military_aggressiveness_policies record_uuid="{d6c72a8b-633d-4403-a740-2b4a432d6162}" record_timestamp="1454083893542" record_key="cai_pmap_very_high">
<key>cai_pmap_very_high</key>
<long_description>personality_desc_long_destroyer</long_description>
<short_description>personality_desc_short_destroyer</short_description>
</cai_military_aggressiveness_policies>
<cai_military_aggressiveness_policies record_uuid="{98d73093-bf74-44af-9107-9aca2a5da70f}" record_key="cai_pmap_very_low">
<key>cai_pmap_very_low</key>
<long_description></long_description>
<short_description></short_description>
</cai_military_aggressiveness_policies>
</dataroot>
