<?xml version="1.0" encoding="UTF-8"?>
<dataroot xmlns:od="urn:schemas-microsoft-com:officedata" xmlns:xsi="http://www.w3.org/2001/XMLSchema-instance" xsi:noNamespaceSchemaLocation="cai_personality_strategic_desired_attitudes.xsd" export_time="Mon Jun 6 18:10:48 2016" revision="35" export_branch="T:/branches/warhammer/beastmen/warhammer/binaries.x64" export_user="bob">
<edit_uuid>82490b2f-8937-4792-9580-68b67af81a03</edit_uuid>
<cai_personality_strategic_desired_attitudes record_uuid="{c09519af-3310-4d25-ad30-609c7be697a8}" record_timestamp="1465233048488" record_key="aggressive">
<best_friends_attitude>100</best_friends_attitude>
<best_friends_negative_factor>0.4</best_friends_negative_factor>
<best_friends_positive_factor>0.26</best_friends_positive_factor>
<bitter_enemies_attitude>-100</bitter_enemies_attitude>
<bitter_enemies_negative_factor>0</bitter_enemies_negative_factor>
<bitter_enemies_positive_factor>0</bitter_enemies_positive_factor>
<friendly_attitude>25</friendly_attitude>
<friendly_negative_factor>0.2</friendly_negative_factor>
<friendly_positive_factor>0.12</friendly_positive_factor>
<neutral_attitude>0</neutral_attitude>
<neutral_negative_factor>0.06</neutral_negative_factor>
<neutral_positive_factor>0.02</neutral_positive_factor>
<strategic_component>aggressive</strategic_component>
<unfriendly_attitude>-25</unfriendly_attitude>
<unfriendly_negative_factor>0</unfriendly_negative_factor>
<unfriendly_positive_factor>0</unfriendly_positive_factor>
<very_friendly_attitude>45</very_friendly_attitude>
<very_friendly_negative_factor>0.3</very_friendly_negative_factor>
<very_friendly_positive_factor>0.2</very_friendly_positive_factor>
<very_unfriendly_attitude>-50</very_unfriendly_attitude>
<very_unfriendly_negative_factor>0</very_unfriendly_negative_factor>
<very_unfriendly_positive_factor>0</very_unfriendly_positive_factor>
</cai_personality_strategic_desired_attitudes>
<cai_personality_strategic_desired_attitudes record_uuid="{e796e108-b1ec-4d76-be84-7319c5de3743}" record_timestamp="1465233048490" record_key="aggressive_frenzied">
<best_friends_attitude>100</best_friends_attitude>
<best_friends_negative_factor>0.4</best_friends_negative_factor>
<best_friends_positive_factor>0.26</best_friends_positive_factor>
<bitter_enemies_attitude>-100</bitter_enemies_attitude>
<bitter_enemies_negative_factor>0</bitter_enemies_negative_factor>
<bitter_enemies_positive_factor>0</bitter_enemies_positive_factor>
<friendly_attitude>25</friendly_attitude>
<friendly_negative_factor>0.2</friendly_negative_factor>
<friendly_positive_factor>0.12</friendly_positive_factor>
<neutral_attitude>0</neutral_attitude>
<neutral_negative_factor>0.06</neutral_negative_factor>
<neutral_positive_factor>0.02</neutral_positive_factor>
<strategic_component>aggressive_frenzied</strategic_component>
<unfriendly_attitude>-25</unfriendly_attitude>
<unfriendly_negative_factor>0</unfriendly_negative_factor>
<unfriendly_positive_factor>0</unfriendly_positive_factor>
<very_friendly_attitude>45</very_friendly_attitude>
<very_friendly_negative_factor>0.3</very_friendly_negative_factor>
<very_friendly_positive_factor>0.2</very_friendly_positive_factor>
<very_unfriendly_attitude>-50</very_unfriendly_attitude>
<very_unfriendly_negative_factor>0</very_unfriendly_negative_factor>
<very_unfriendly_positive_factor>0</very_unfriendly_positive_factor>
</cai_personality_strategic_desired_attitudes>
<cai_personality_strategic_desired_attitudes record_uuid="{15817f4f-be3f-42d3-89c3-76b18f4f290f}" record_timestamp="1465233048492" record_key="aggressive_holds_grudges">
<best_friends_attitude>100</best_friends_attitude>
<best_friends_negative_factor>0.4</best_friends_negative_factor>
<best_friends_positive_factor>0.26</best_friends_positive_factor>
<bitter_enemies_attitude>-100</bitter_enemies_attitude>
<bitter_enemies_negative_factor>0</bitter_enemies_negative_factor>
<bitter_enemies_positive_factor>0</bitter_enemies_positive_factor>
<friendly_attitude>25</friendly_attitude>
<friendly_negative_factor>0.2</friendly_negative_factor>
<friendly_positive_factor>0.12</friendly_positive_factor>
<neutral_attitude>0</neutral_attitude>
<neutral_negative_factor>0.06</neutral_negative_factor>
<neutral_positive_factor>0.02</neutral_positive_factor>
<strategic_component>aggressive_holds_grudges</strategic_component>
<unfriendly_attitude>-25</unfriendly_attitude>
<unfriendly_negative_factor>0</unfriendly_negative_factor>
<unfriendly_positive_factor>0</unfriendly_positive_factor>
<very_friendly_attitude>45</very_friendly_attitude>
<very_friendly_negative_factor>0.3</very_friendly_negative_factor>
<very_friendly_positive_factor>0.2</very_friendly_positive_factor>
<very_unfriendly_attitude>-50</very_unfriendly_attitude>
<very_unfriendly_negative_factor>0</very_unfriendly_negative_factor>
<very_unfriendly_positive_factor>0</very_unfriendly_positive_factor>
</cai_personality_strategic_desired_attitudes>
<cai_personality_strategic_desired_attitudes record_uuid="{989584cb-3e97-440d-b3d5-5f4d48b5638d}" record_timestamp="1465233048494" record_key="aggressive_holds_grudges_late_game">
<best_friends_attitude>100</best_friends_attitude>
<best_friends_negative_factor>0.4</best_friends_negative_factor>
<best_friends_positive_factor>0.26</best_friends_positive_factor>
<bitter_enemies_attitude>-100</bitter_enemies_attitude>
<bitter_enemies_negative_factor>0</bitter_enemies_negative_factor>
<bitter_enemies_positive_factor>0</bitter_enemies_positive_factor>
<friendly_attitude>25</friendly_attitude>
<friendly_negative_factor>0.2</friendly_negative_factor>
<friendly_positive_factor>0.12</friendly_positive_factor>
<neutral_attitude>0</neutral_attitude>
<neutral_negative_factor>0.06</neutral_negative_factor>
<neutral_positive_factor>0.02</neutral_positive_factor>
<strategic_component>aggressive_holds_grudges_late_game</strategic_component>
<unfriendly_attitude>-25</unfriendly_attitude>
<unfriendly_negative_factor>0</unfriendly_negative_factor>
<unfriendly_positive_factor>0</unfriendly_positive_factor>
<very_friendly_attitude>45</very_friendly_attitude>
<very_friendly_negative_factor>0.3</very_friendly_negative_factor>
<very_friendly_positive_factor>0.2</very_friendly_positive_factor>
<very_unfriendly_attitude>-50</very_unfriendly_attitude>
<very_unfriendly_negative_factor>0</very_unfriendly_negative_factor>
<very_unfriendly_positive_factor>0</very_unfriendly_positive_factor>
</cai_personality_strategic_desired_attitudes>
<cai_personality_strategic_desired_attitudes record_uuid="{161ef71a-56c5-4721-9de8-f100dba8d0a4}" record_timestamp="1465233048496" record_key="aggressive_horde">
<best_friends_attitude>100</best_friends_attitude>
<best_friends_negative_factor>0.4</best_friends_negative_factor>
<best_friends_positive_factor>0.26</best_friends_positive_factor>
<bitter_enemies_attitude>-100</bitter_enemies_attitude>
<bitter_enemies_negative_factor>0</bitter_enemies_negative_factor>
<bitter_enemies_positive_factor>0</bitter_enemies_positive_factor>
<friendly_attitude>25</friendly_attitude>
<friendly_negative_factor>0.2</friendly_negative_factor>
<friendly_positive_factor>0.12</friendly_positive_factor>
<neutral_attitude>0</neutral_attitude>
<neutral_negative_factor>0.06</neutral_negative_factor>
<neutral_positive_factor>0.02</neutral_positive_factor>
<strategic_component>aggressive_horde</strategic_component>
<unfriendly_attitude>-25</unfriendly_attitude>
<unfriendly_negative_factor>0</unfriendly_negative_factor>
<unfriendly_positive_factor>0</unfriendly_positive_factor>
<very_friendly_attitude>45</very_friendly_attitude>
<very_friendly_negative_factor>0.3</very_friendly_negative_factor>
<very_friendly_positive_factor>0.2</very_friendly_positive_factor>
<very_unfriendly_attitude>-50</very_unfriendly_attitude>
<very_unfriendly_negative_factor>0</very_unfriendly_negative_factor>
<very_unfriendly_positive_factor>0</very_unfriendly_positive_factor>
</cai_personality_strategic_desired_attitudes>
<cai_personality_strategic_desired_attitudes record_uuid="{2d919040-77fc-4019-b884-cfd9a409336d}" record_timestamp="1465233048499" record_key="aggressive_late_game">
<best_friends_attitude>100</best_friends_attitude>
<best_friends_negative_factor>0.4</best_friends_negative_factor>
<best_friends_positive_factor>0.26</best_friends_positive_factor>
<bitter_enemies_attitude>-100</bitter_enemies_attitude>
<bitter_enemies_negative_factor>0</bitter_enemies_negative_factor>
<bitter_enemies_positive_factor>0</bitter_enemies_positive_factor>
<friendly_attitude>25</friendly_attitude>
<friendly_negative_factor>0.2</friendly_negative_factor>
<friendly_positive_factor>0.12</friendly_positive_factor>
<neutral_attitude>0</neutral_attitude>
<neutral_negative_factor>0.06</neutral_negative_factor>
<neutral_positive_factor>0.02</neutral_positive_factor>
<strategic_component>aggressive_late_game</strategic_component>
<unfriendly_attitude>-25</unfriendly_attitude>
<unfriendly_negative_factor>0</unfriendly_negative_factor>
<unfriendly_positive_factor>0</unfriendly_positive_factor>
<very_friendly_attitude>45</very_friendly_attitude>
<very_friendly_negative_factor>0.3</very_friendly_negative_factor>
<very_friendly_positive_factor>0.2</very_friendly_positive_factor>
<very_unfriendly_attitude>-50</very_unfriendly_attitude>
<very_unfriendly_negative_factor>0</very_unfriendly_negative_factor>
<very_unfriendly_positive_factor>0</very_unfriendly_positive_factor>
</cai_personality_strategic_desired_attitudes>
<cai_personality_strategic_desired_attitudes record_uuid="{43f76647-5325-4e58-8558-02695054f017}" record_timestamp="1465233048501" record_key="aggressive_opportunist">
<best_friends_attitude>100</best_friends_attitude>
<best_friends_negative_factor>0.2</best_friends_negative_factor>
<best_friends_positive_factor>0.26</best_friends_positive_factor>
<bitter_enemies_attitude>-100</bitter_enemies_attitude>
<bitter_enemies_negative_factor>0</bitter_enemies_negative_factor>
<bitter_enemies_positive_factor>0</bitter_enemies_positive_factor>
<friendly_attitude>25</friendly_attitude>
<friendly_negative_factor>0.05</friendly_negative_factor>
<friendly_positive_factor>0.12</friendly_positive_factor>
<neutral_attitude>0</neutral_attitude>
<neutral_negative_factor>0</neutral_negative_factor>
<neutral_positive_factor>0.02</neutral_positive_factor>
<strategic_component>aggressive_opportunist</strategic_component>
<unfriendly_attitude>-25</unfriendly_attitude>
<unfriendly_negative_factor>0</unfriendly_negative_factor>
<unfriendly_positive_factor>0</unfriendly_positive_factor>
<very_friendly_attitude>45</very_friendly_attitude>
<very_friendly_negative_factor>0.15</very_friendly_negative_factor>
<very_friendly_positive_factor>0.2</very_friendly_positive_factor>
<very_unfriendly_attitude>-50</very_unfriendly_attitude>
<very_unfriendly_negative_factor>0</very_unfriendly_negative_factor>
<very_unfriendly_positive_factor>0</very_unfriendly_positive_factor>
</cai_personality_strategic_desired_attitudes>
<cai_personality_strategic_desired_attitudes record_uuid="{989e6ee0-a870-4a55-859a-3538e708c52e}" record_timestamp="1465233048503" record_key="aggressive_opportunist_late_game">
<best_friends_attitude>100</best_friends_attitude>
<best_friends_negative_factor>0.2</best_friends_negative_factor>
<best_friends_positive_factor>0.26</best_friends_positive_factor>
<bitter_enemies_attitude>-100</bitter_enemies_attitude>
<bitter_enemies_negative_factor>0</bitter_enemies_negative_factor>
<bitter_enemies_positive_factor>0</bitter_enemies_positive_factor>
<friendly_attitude>25</friendly_attitude>
<friendly_negative_factor>0.05</friendly_negative_factor>
<friendly_positive_factor>0.12</friendly_positive_factor>
<neutral_attitude>0</neutral_attitude>
<neutral_negative_factor>0</neutral_negative_factor>
<neutral_positive_factor>0.02</neutral_positive_factor>
<strategic_component>aggressive_opportunist_late_game</strategic_component>
<unfriendly_attitude>-25</unfriendly_attitude>
<unfriendly_negative_factor>0</unfriendly_negative_factor>
<unfriendly_positive_factor>0</unfriendly_positive_factor>
<very_friendly_attitude>45</very_friendly_attitude>
<very_friendly_negative_factor>0.15</very_friendly_negative_factor>
<very_friendly_positive_factor>0.2</very_friendly_positive_factor>
<very_unfriendly_attitude>-50</very_unfriendly_attitude>
<very_unfriendly_negative_factor>0</very_unfriendly_negative_factor>
<very_unfriendly_positive_factor>0</very_unfriendly_positive_factor>
</cai_personality_strategic_desired_attitudes>
<cai_personality_strategic_desired_attitudes record_uuid="{cd236716-fe0f-4b9b-ac1a-3925a8be87b0}" record_timestamp="1465233048505" record_key="aggressive_opportunist_vamp">
<best_friends_attitude>100</best_friends_attitude>
<best_friends_negative_factor>0.2</best_friends_negative_factor>
<best_friends_positive_factor>0.26</best_friends_positive_factor>
<bitter_enemies_attitude>-100</bitter_enemies_attitude>
<bitter_enemies_negative_factor>0</bitter_enemies_negative_factor>
<bitter_enemies_positive_factor>0</bitter_enemies_positive_factor>
<friendly_attitude>25</friendly_attitude>
<friendly_negative_factor>0.05</friendly_negative_factor>
<friendly_positive_factor>0.12</friendly_positive_factor>
<neutral_attitude>0</neutral_attitude>
<neutral_negative_factor>0</neutral_negative_factor>
<neutral_positive_factor>0.02</neutral_positive_factor>
<strategic_component>aggressive_opportunist_vamp</strategic_component>
<unfriendly_attitude>-25</unfriendly_attitude>
<unfriendly_negative_factor>0</unfriendly_negative_factor>
<unfriendly_positive_factor>0</unfriendly_positive_factor>
<very_friendly_attitude>45</very_friendly_attitude>
<very_friendly_negative_factor>0.15</very_friendly_negative_factor>
<very_friendly_positive_factor>0.2</very_friendly_positive_factor>
<very_unfriendly_attitude>-50</very_unfriendly_attitude>
<very_unfriendly_negative_factor>0</very_unfriendly_negative_factor>
<very_unfriendly_positive_factor>0</very_unfriendly_positive_factor>
</cai_personality_strategic_desired_attitudes>
<cai_personality_strategic_desired_attitudes record_uuid="{c405541a-c3b9-4f88-9b4d-4b924b05389c}" record_timestamp="1465233048507" record_key="aggressive_opportunist_vamp_late_game">
<best_friends_attitude>100</best_friends_attitude>
<best_friends_negative_factor>0.2</best_friends_negative_factor>
<best_friends_positive_factor>0.26</best_friends_positive_factor>
<bitter_enemies_attitude>-100</bitter_enemies_attitude>
<bitter_enemies_negative_factor>0</bitter_enemies_negative_factor>
<bitter_enemies_positive_factor>0</bitter_enemies_positive_factor>
<friendly_attitude>25</friendly_attitude>
<friendly_negative_factor>0.05</friendly_negative_factor>
<friendly_positive_factor>0.12</friendly_positive_factor>
<neutral_attitude>0</neutral_attitude>
<neutral_negative_factor>0</neutral_negative_factor>
<neutral_positive_factor>0.02</neutral_positive_factor>
<strategic_component>aggressive_opportunist_vamp_late_game</strategic_component>
<unfriendly_attitude>-25</unfriendly_attitude>
<unfriendly_negative_factor>0</unfriendly_negative_factor>
<unfriendly_positive_factor>0</unfriendly_positive_factor>
<very_friendly_attitude>45</very_friendly_attitude>
<very_friendly_negative_factor>0.15</very_friendly_negative_factor>
<very_friendly_positive_factor>0.2</very_friendly_positive_factor>
<very_unfriendly_attitude>-50</very_unfriendly_attitude>
<very_unfriendly_negative_factor>0</very_unfriendly_negative_factor>
<very_unfriendly_positive_factor>0</very_unfriendly_positive_factor>
</cai_personality_strategic_desired_attitudes>
<cai_personality_strategic_desired_attitudes record_uuid="{e3cbe408-a91d-491d-a40e-6b14d32e74d7}" record_timestamp="1465233048509" record_key="default">
<best_friends_attitude>100</best_friends_attitude>
<best_friends_negative_factor>0.4</best_friends_negative_factor>
<best_friends_positive_factor>0.26</best_friends_positive_factor>
<bitter_enemies_attitude>-100</bitter_enemies_attitude>
<bitter_enemies_negative_factor>0</bitter_enemies_negative_factor>
<bitter_enemies_positive_factor>0</bitter_enemies_positive_factor>
<friendly_attitude>25</friendly_attitude>
<friendly_negative_factor>0.2</friendly_negative_factor>
<friendly_positive_factor>0.12</friendly_positive_factor>
<neutral_attitude>0</neutral_attitude>
<neutral_negative_factor>0.06</neutral_negative_factor>
<neutral_positive_factor>0.02</neutral_positive_factor>
<strategic_component>default</strategic_component>
<unfriendly_attitude>-25</unfriendly_attitude>
<unfriendly_negative_factor>0</unfriendly_negative_factor>
<unfriendly_positive_factor>0</unfriendly_positive_factor>
<very_friendly_attitude>45</very_friendly_attitude>
<very_friendly_negative_factor>0.3</very_friendly_negative_factor>
<very_friendly_positive_factor>0.2</very_friendly_positive_factor>
<very_unfriendly_attitude>-50</very_unfriendly_attitude>
<very_unfriendly_negative_factor>0</very_unfriendly_negative_factor>
<very_unfriendly_positive_factor>0</very_unfriendly_positive_factor>
</cai_personality_strategic_desired_attitudes>
<cai_personality_strategic_desired_attitudes record_uuid="{e6d9d328-53f2-4bcf-a8bc-afa70b50ffd9}" record_timestamp="1465233048511" record_key="default_late_game">
<best_friends_attitude>100</best_friends_attitude>
<best_friends_negative_factor>0.4</best_friends_negative_factor>
<best_friends_positive_factor>0.26</best_friends_positive_factor>
<bitter_enemies_attitude>-100</bitter_enemies_attitude>
<bitter_enemies_negative_factor>0</bitter_enemies_negative_factor>
<bitter_enemies_positive_factor>0</bitter_enemies_positive_factor>
<friendly_attitude>25</friendly_attitude>
<friendly_negative_factor>0.2</friendly_negative_factor>
<friendly_positive_factor>0.12</friendly_positive_factor>
<neutral_attitude>0</neutral_attitude>
<neutral_negative_factor>0.06</neutral_negative_factor>
<neutral_positive_factor>0.02</neutral_positive_factor>
<strategic_component>default_late_game</strategic_component>
<unfriendly_attitude>-25</unfriendly_attitude>
<unfriendly_negative_factor>0</unfriendly_negative_factor>
<unfriendly_positive_factor>0</unfriendly_positive_factor>
<very_friendly_attitude>45</very_friendly_attitude>
<very_friendly_negative_factor>0.3</very_friendly_negative_factor>
<very_friendly_positive_factor>0.2</very_friendly_positive_factor>
<very_unfriendly_attitude>-50</very_unfriendly_attitude>
<very_unfriendly_negative_factor>0</very_unfriendly_negative_factor>
<very_unfriendly_positive_factor>0</very_unfriendly_positive_factor>
</cai_personality_strategic_desired_attitudes>
<cai_personality_strategic_desired_attitudes record_uuid="{61481006-8aa5-45ca-8077-25cf11c130bf}" record_timestamp="1465233048513" record_key="defensive">
<best_friends_attitude>100</best_friends_attitude>
<best_friends_negative_factor>0.4</best_friends_negative_factor>
<best_friends_positive_factor>0.26</best_friends_positive_factor>
<bitter_enemies_attitude>-100</bitter_enemies_attitude>
<bitter_enemies_negative_factor>0</bitter_enemies_negative_factor>
<bitter_enemies_positive_factor>0</bitter_enemies_positive_factor>
<friendly_attitude>25</friendly_attitude>
<friendly_negative_factor>0.2</friendly_negative_factor>
<friendly_positive_factor>0.12</friendly_positive_factor>
<neutral_attitude>0</neutral_attitude>
<neutral_negative_factor>0.06</neutral_negative_factor>
<neutral_positive_factor>0.02</neutral_positive_factor>
<strategic_component>defensive</strategic_component>
<unfriendly_attitude>-25</unfriendly_attitude>
<unfriendly_negative_factor>0</unfriendly_negative_factor>
<unfriendly_positive_factor>0</unfriendly_positive_factor>
<very_friendly_attitude>45</very_friendly_attitude>
<very_friendly_negative_factor>0.3</very_friendly_negative_factor>
<very_friendly_positive_factor>0.2</very_friendly_positive_factor>
<very_unfriendly_attitude>-50</very_unfriendly_attitude>
<very_unfriendly_negative_factor>0</very_unfriendly_negative_factor>
<very_unfriendly_positive_factor>0</very_unfriendly_positive_factor>
</cai_personality_strategic_desired_attitudes>
<cai_personality_strategic_desired_attitudes record_uuid="{c8d9f946-7def-4cd5-8b75-3484d8eec5df}" record_timestamp="1465233048515" record_key="defensive_holds_grudges">
<best_friends_attitude>100</best_friends_attitude>
<best_friends_negative_factor>0.4</best_friends_negative_factor>
<best_friends_positive_factor>0.26</best_friends_positive_factor>
<bitter_enemies_attitude>-100</bitter_enemies_attitude>
<bitter_enemies_negative_factor>0</bitter_enemies_negative_factor>
<bitter_enemies_positive_factor>0</bitter_enemies_positive_factor>
<friendly_attitude>25</friendly_attitude>
<friendly_negative_factor>0.2</friendly_negative_factor>
<friendly_positive_factor>0.12</friendly_positive_factor>
<neutral_attitude>0</neutral_attitude>
<neutral_negative_factor>0.06</neutral_negative_factor>
<neutral_positive_factor>0.02</neutral_positive_factor>
<strategic_component>defensive_holds_grudges</strategic_component>
<unfriendly_attitude>-25</unfriendly_attitude>
<unfriendly_negative_factor>0</unfriendly_negative_factor>
<unfriendly_positive_factor>0</unfriendly_positive_factor>
<very_friendly_attitude>45</very_friendly_attitude>
<very_friendly_negative_factor>0.3</very_friendly_negative_factor>
<very_friendly_positive_factor>0.2</very_friendly_positive_factor>
<very_unfriendly_attitude>-50</very_unfriendly_attitude>
<very_unfriendly_negative_factor>0</very_unfriendly_negative_factor>
<very_unfriendly_positive_factor>0</very_unfriendly_positive_factor>
</cai_personality_strategic_desired_attitudes>
<cai_personality_strategic_desired_attitudes record_uuid="{03e18b4f-4516-484e-a089-1950a1774619}" record_timestamp="1465233048518" record_key="defensive_holds_grudges_late_game">
<best_friends_attitude>100</best_friends_attitude>
<best_friends_negative_factor>0.4</best_friends_negative_factor>
<best_friends_positive_factor>0.26</best_friends_positive_factor>
<bitter_enemies_attitude>-100</bitter_enemies_attitude>
<bitter_enemies_negative_factor>0</bitter_enemies_negative_factor>
<bitter_enemies_positive_factor>0</bitter_enemies_positive_factor>
<friendly_attitude>25</friendly_attitude>
<friendly_negative_factor>0.2</friendly_negative_factor>
<friendly_positive_factor>0.12</friendly_positive_factor>
<neutral_attitude>0</neutral_attitude>
<neutral_negative_factor>0.06</neutral_negative_factor>
<neutral_positive_factor>0.02</neutral_positive_factor>
<strategic_component>defensive_holds_grudges_late_game</strategic_component>
<unfriendly_attitude>-25</unfriendly_attitude>
<unfriendly_negative_factor>0</unfriendly_negative_factor>
<unfriendly_positive_factor>0</unfriendly_positive_factor>
<very_friendly_attitude>45</very_friendly_attitude>
<very_friendly_negative_factor>0.3</very_friendly_negative_factor>
<very_friendly_positive_factor>0.2</very_friendly_positive_factor>
<very_unfriendly_attitude>-50</very_unfriendly_attitude>
<very_unfriendly_negative_factor>0</very_unfriendly_negative_factor>
<very_unfriendly_positive_factor>0</very_unfriendly_positive_factor>
</cai_personality_strategic_desired_attitudes>
<cai_personality_strategic_desired_attitudes record_uuid="{cc3beb2a-4d6f-47d5-b5ba-737d054a9ad5}" record_timestamp="1465233048520" record_key="defensive_late_game">
<best_friends_attitude>100</best_friends_attitude>
<best_friends_negative_factor>0.4</best_friends_negative_factor>
<best_friends_positive_factor>0.26</best_friends_positive_factor>
<bitter_enemies_attitude>-100</bitter_enemies_attitude>
<bitter_enemies_negative_factor>0</bitter_enemies_negative_factor>
<bitter_enemies_positive_factor>0</bitter_enemies_positive_factor>
<friendly_attitude>25</friendly_attitude>
<friendly_negative_factor>0.2</friendly_negative_factor>
<friendly_positive_factor>0.12</friendly_positive_factor>
<neutral_attitude>0</neutral_attitude>
<neutral_negative_factor>0.06</neutral_negative_factor>
<neutral_positive_factor>0.02</neutral_positive_factor>
<strategic_component>defensive_late_game</strategic_component>
<unfriendly_attitude>-25</unfriendly_attitude>
<unfriendly_negative_factor>0</unfriendly_negative_factor>
<unfriendly_positive_factor>0</unfriendly_positive_factor>
<very_friendly_attitude>45</very_friendly_attitude>
<very_friendly_negative_factor>0.3</very_friendly_negative_factor>
<very_friendly_positive_factor>0.2</very_friendly_positive_factor>
<very_unfriendly_attitude>-50</very_unfriendly_attitude>
<very_unfriendly_negative_factor>0</very_unfriendly_negative_factor>
<very_unfriendly_positive_factor>0</very_unfriendly_positive_factor>
</cai_personality_strategic_desired_attitudes>
<cai_personality_strategic_desired_attitudes record_uuid="{1e1ff844-a55a-427a-b48b-71779d3b74c2}" record_timestamp="1465233048522" record_key="foolishly_brave">
<best_friends_attitude>100</best_friends_attitude>
<best_friends_negative_factor>0.4</best_friends_negative_factor>
<best_friends_positive_factor>0.26</best_friends_positive_factor>
<bitter_enemies_attitude>-100</bitter_enemies_attitude>
<bitter_enemies_negative_factor>0</bitter_enemies_negative_factor>
<bitter_enemies_positive_factor>0</bitter_enemies_positive_factor>
<friendly_attitude>25</friendly_attitude>
<friendly_negative_factor>0.2</friendly_negative_factor>
<friendly_positive_factor>0.12</friendly_positive_factor>
<neutral_attitude>0</neutral_attitude>
<neutral_negative_factor>0.06</neutral_negative_factor>
<neutral_positive_factor>0.02</neutral_positive_factor>
<strategic_component>foolishly_brave</strategic_component>
<unfriendly_attitude>-25</unfriendly_attitude>
<unfriendly_negative_factor>0</unfriendly_negative_factor>
<unfriendly_positive_factor>0</unfriendly_positive_factor>
<very_friendly_attitude>45</very_friendly_attitude>
<very_friendly_negative_factor>0.3</very_friendly_negative_factor>
<very_friendly_positive_factor>0.2</very_friendly_positive_factor>
<very_unfriendly_attitude>-50</very_unfriendly_attitude>
<very_unfriendly_negative_factor>0</very_unfriendly_negative_factor>
<very_unfriendly_positive_factor>0</very_unfriendly_positive_factor>
</cai_personality_strategic_desired_attitudes>
<cai_personality_strategic_desired_attitudes record_uuid="{5db481fb-3435-47ae-a926-dbac74e75b50}" record_timestamp="1465233048524" record_key="holds_grudges">
<best_friends_attitude>100</best_friends_attitude>
<best_friends_negative_factor>0.4</best_friends_negative_factor>
<best_friends_positive_factor>0.26</best_friends_positive_factor>
<bitter_enemies_attitude>-100</bitter_enemies_attitude>
<bitter_enemies_negative_factor>0</bitter_enemies_negative_factor>
<bitter_enemies_positive_factor>0</bitter_enemies_positive_factor>
<friendly_attitude>25</friendly_attitude>
<friendly_negative_factor>0.2</friendly_negative_factor>
<friendly_positive_factor>0.12</friendly_positive_factor>
<neutral_attitude>0</neutral_attitude>
<neutral_negative_factor>0.06</neutral_negative_factor>
<neutral_positive_factor>0.02</neutral_positive_factor>
<strategic_component>holds_grudges</strategic_component>
<unfriendly_attitude>-25</unfriendly_attitude>
<unfriendly_negative_factor>0</unfriendly_negative_factor>
<unfriendly_positive_factor>0</unfriendly_positive_factor>
<very_friendly_attitude>45</very_friendly_attitude>
<very_friendly_negative_factor>0.3</very_friendly_negative_factor>
<very_friendly_positive_factor>0.2</very_friendly_positive_factor>
<very_unfriendly_attitude>-50</very_unfriendly_attitude>
<very_unfriendly_negative_factor>0</very_unfriendly_negative_factor>
<very_unfriendly_positive_factor>0</very_unfriendly_positive_factor>
</cai_personality_strategic_desired_attitudes>
<cai_personality_strategic_desired_attitudes record_uuid="{985c5513-5396-477f-8792-cb9f11e5d1a8}" record_timestamp="1465233048526" record_key="opportunist">
<best_friends_attitude>100</best_friends_attitude>
<best_friends_negative_factor>0.2</best_friends_negative_factor>
<best_friends_positive_factor>0.26</best_friends_positive_factor>
<bitter_enemies_attitude>-100</bitter_enemies_attitude>
<bitter_enemies_negative_factor>0</bitter_enemies_negative_factor>
<bitter_enemies_positive_factor>0</bitter_enemies_positive_factor>
<friendly_attitude>25</friendly_attitude>
<friendly_negative_factor>0.05</friendly_negative_factor>
<friendly_positive_factor>0.12</friendly_positive_factor>
<neutral_attitude>0</neutral_attitude>
<neutral_negative_factor>0</neutral_negative_factor>
<neutral_positive_factor>0.02</neutral_positive_factor>
<strategic_component>opportunist</strategic_component>
<unfriendly_attitude>-25</unfriendly_attitude>
<unfriendly_negative_factor>0</unfriendly_negative_factor>
<unfriendly_positive_factor>0</unfriendly_positive_factor>
<very_friendly_attitude>45</very_friendly_attitude>
<very_friendly_negative_factor>0.15</very_friendly_negative_factor>
<very_friendly_positive_factor>0.2</very_friendly_positive_factor>
<very_unfriendly_attitude>-50</very_unfriendly_attitude>
<very_unfriendly_negative_factor>0</very_unfriendly_negative_factor>
<very_unfriendly_positive_factor>0</very_unfriendly_positive_factor>
</cai_personality_strategic_desired_attitudes>
<cai_personality_strategic_desired_attitudes record_uuid="{2ea1dd83-3dd6-47eb-b861-1ebe9bffd301}" record_timestamp="1465233048528" record_key="opportunist_vamp">
<best_friends_attitude>100</best_friends_attitude>
<best_friends_negative_factor>0.2</best_friends_negative_factor>
<best_friends_positive_factor>0.26</best_friends_positive_factor>
<bitter_enemies_attitude>-100</bitter_enemies_attitude>
<bitter_enemies_negative_factor>0</bitter_enemies_negative_factor>
<bitter_enemies_positive_factor>0</bitter_enemies_positive_factor>
<friendly_attitude>25</friendly_attitude>
<friendly_negative_factor>0.05</friendly_negative_factor>
<friendly_positive_factor>0.12</friendly_positive_factor>
<neutral_attitude>0</neutral_attitude>
<neutral_negative_factor>0</neutral_negative_factor>
<neutral_positive_factor>0.02</neutral_positive_factor>
<strategic_component>opportunist_vamp</strategic_component>
<unfriendly_attitude>-25</unfriendly_attitude>
<unfriendly_negative_factor>0</unfriendly_negative_factor>
<unfriendly_positive_factor>0</unfriendly_positive_factor>
<very_friendly_attitude>45</very_friendly_attitude>
<very_friendly_negative_factor>0.15</very_friendly_negative_factor>
<very_friendly_positive_factor>0.2</very_friendly_positive_factor>
<very_unfriendly_attitude>-50</very_unfriendly_attitude>
<very_unfriendly_negative_factor>0</very_unfriendly_negative_factor>
<very_unfriendly_positive_factor>0</very_unfriendly_positive_factor>
</cai_personality_strategic_desired_attitudes>
<cai_personality_strategic_desired_attitudes record_uuid="{fb348209-7138-4add-a5b5-0bbb312f495c}" record_timestamp="1465233048530" record_key="opportunist_vamp_late_game">
<best_friends_attitude>100</best_friends_attitude>
<best_friends_negative_factor>0.2</best_friends_negative_factor>
<best_friends_positive_factor>0.26</best_friends_positive_factor>
<bitter_enemies_attitude>-100</bitter_enemies_attitude>
<bitter_enemies_negative_factor>0</bitter_enemies_negative_factor>
<bitter_enemies_positive_factor>0</bitter_enemies_positive_factor>
<friendly_attitude>25</friendly_attitude>
<friendly_negative_factor>0.05</friendly_negative_factor>
<friendly_positive_factor>0.12</friendly_positive_factor>
<neutral_attitude>0</neutral_attitude>
<neutral_negative_factor>0</neutral_negative_factor>
<neutral_positive_factor>0.02</neutral_positive_factor>
<strategic_component>opportunist_vamp_late_game</strategic_component>
<unfriendly_attitude>-25</unfriendly_attitude>
<unfriendly_negative_factor>0</unfriendly_negative_factor>
<unfriendly_positive_factor>0</unfriendly_positive_factor>
<very_friendly_attitude>45</very_friendly_attitude>
<very_friendly_negative_factor>0.15</very_friendly_negative_factor>
<very_friendly_positive_factor>0.2</very_friendly_positive_factor>
<very_unfriendly_attitude>-50</very_unfriendly_attitude>
<very_unfriendly_negative_factor>0</very_unfriendly_negative_factor>
<very_unfriendly_positive_factor>0</very_unfriendly_positive_factor>
</cai_personality_strategic_desired_attitudes>
</dataroot>
