<?xml version="1.0" encoding="UTF-8"?>
<dataroot xmlns:od="urn:schemas-microsoft-com:officedata" xmlns:xsi="http://www.w3.org/2001/XMLSchema-instance" xsi:noNamespaceSchemaLocation="cai_personality_deal_generation_generator_priorities.xsd" export_time="Wed May 25 11:47:11 2016" revision="33" export_branch="T:/branches/warhammer/beastmen/warhammer/binaries.x64" export_user="bob">
<edit_uuid>2363e0b0-5a29-4604-9616-60b3276fd152</edit_uuid>
<cai_personality_deal_generation_generator_priorities record_uuid="{b62fb365-6b9b-4a68-aee0-b46ff847927a}" record_timestamp="1463570271425" record_key="defaultBREAK_TREATIES_WITH_DISLIKED_FACTIONS">
<component_key>default</component_key>
<failure_timeout>5</failure_timeout>
<generator_key>BREAK_TREATIES_WITH_DISLIKED_FACTIONS</generator_key>
<last_stand_priority>200</last_stand_priority>
<max_payment_cap>10000</max_payment_cap>
<max_payment_pct>10</max_payment_pct>
<min_payment_cap>0</min_payment_cap>
<param1>0</param1>
<param2>0</param2>
<param3>0</param3>
<param4>0</param4>
<peace_priority>200</peace_priority>
<tension_priority>200</tension_priority>
<total_war_priority>200</total_war_priority>
<war_priority>200</war_priority>
</cai_personality_deal_generation_generator_priorities>
<cai_personality_deal_generation_generator_priorities record_uuid="{49ae833a-e5ab-4057-83b2-480abb437a2b}" record_timestamp="1435852640609" record_key="defaultDECLARE_WAR_ON_FACTIONS_I_DISLIKE">
<component_key>default</component_key>
<failure_timeout>5</failure_timeout>
<generator_key>DECLARE_WAR_ON_FACTIONS_I_DISLIKE</generator_key>
<last_stand_priority>60</last_stand_priority>
<max_payment_cap>10000</max_payment_cap>
<max_payment_pct>25</max_payment_pct>
<min_payment_cap>0</min_payment_cap>
<param1>0</param1>
<param2>-260</param2>
<param3>0</param3>
<param4>0</param4>
<peace_priority>260</peace_priority>
<tension_priority>240</tension_priority>
<total_war_priority>160</total_war_priority>
<war_priority>190</war_priority>
</cai_personality_deal_generation_generator_priorities>
<cai_personality_deal_generation_generator_priorities record_uuid="{a128afef-87c3-42b8-8640-450c6bc5f304}" record_timestamp="1435852640609" record_key="defaultDECLARE_WAR_ON_NEARBY_FACTIONS">
<component_key>default</component_key>
<failure_timeout>5</failure_timeout>
<generator_key>DECLARE_WAR_ON_NEARBY_FACTIONS</generator_key>
<last_stand_priority>60</last_stand_priority>
<max_payment_cap>10000</max_payment_cap>
<max_payment_pct>25</max_payment_pct>
<min_payment_cap>0</min_payment_cap>
<param1>0</param1>
<param2>-260</param2>
<param3>0</param3>
<param4>0</param4>
<peace_priority>260</peace_priority>
<tension_priority>240</tension_priority>
<total_war_priority>160</total_war_priority>
<war_priority>190</war_priority>
</cai_personality_deal_generation_generator_priorities>
<cai_personality_deal_generation_generator_priorities record_uuid="{b5fdc5a2-2469-4b4a-b3e7-221fdf4876aa}" record_timestamp="1428419907897" record_key="defaultDEMAND_GIFTS_FROM_NEARBY_FACTIONS">
<component_key>default</component_key>
<failure_timeout>5</failure_timeout>
<generator_key>DEMAND_GIFTS_FROM_NEARBY_FACTIONS</generator_key>
<last_stand_priority>-100</last_stand_priority>
<max_payment_cap>10000</max_payment_cap>
<max_payment_pct>100</max_payment_pct>
<min_payment_cap>0</min_payment_cap>
<param1>0</param1>
<param2>0</param2>
<param3>0</param3>
<param4>0</param4>
<peace_priority>-100</peace_priority>
<tension_priority>-100</tension_priority>
<total_war_priority>-100</total_war_priority>
<war_priority>-100</war_priority>
</cai_personality_deal_generation_generator_priorities>
<cai_personality_deal_generation_generator_priorities record_uuid="{cce6ee8f-91ed-46ef-b04f-805f5f49bc1b}" record_timestamp="1435852640609" record_key="defaultDEMAND_GIFTS_FROM_WEAKER_FACTIONS">
<component_key>default</component_key>
<failure_timeout>5</failure_timeout>
<generator_key>DEMAND_GIFTS_FROM_WEAKER_FACTIONS</generator_key>
<last_stand_priority>-30</last_stand_priority>
<max_payment_cap>10000</max_payment_cap>
<max_payment_pct>10</max_payment_pct>
<min_payment_cap>0</min_payment_cap>
<param1>50</param1>
<param2>-30</param2>
<param3>0</param3>
<param4>0</param4>
<peace_priority>-30</peace_priority>
<tension_priority>-30</tension_priority>
<total_war_priority>-30</total_war_priority>
<war_priority>-30</war_priority>
</cai_personality_deal_generation_generator_priorities>
<cai_personality_deal_generation_generator_priorities record_uuid="{bb79719f-06e7-4351-83a3-079d02aee4c3}" record_timestamp="1439976194611" record_key="defaultDEMAND_VASSALAGE_OR_CLIENT_STATE_FROM_ENEMIES">
<component_key>default</component_key>
<failure_timeout>5</failure_timeout>
<generator_key>DEMAND_VASSALAGE_OR_CLIENT_STATE_FROM_ENEMIES</generator_key>
<last_stand_priority>-100</last_stand_priority>
<max_payment_cap>10000</max_payment_cap>
<max_payment_pct>10</max_payment_pct>
<min_payment_cap>0</min_payment_cap>
<param1>0</param1>
<param2>0</param2>
<param3>0</param3>
<param4>0</param4>
<peace_priority>-100</peace_priority>
<tension_priority>-100</tension_priority>
<total_war_priority>-100</total_war_priority>
<war_priority>-100</war_priority>
</cai_personality_deal_generation_generator_priorities>
<cai_personality_deal_generation_generator_priorities record_uuid="{1874d650-38c5-4ba6-a2df-61b4099a6f96}" record_timestamp="1464173231664" record_key="defaultDIPLOMATIC_MARRIAGE">
<component_key>default</component_key>
<failure_timeout>5</failure_timeout>
<generator_key>DIPLOMATIC_MARRIAGE</generator_key>
<last_stand_priority>-100</last_stand_priority>
<max_payment_cap>10000</max_payment_cap>
<max_payment_pct>10</max_payment_pct>
<min_payment_cap>0</min_payment_cap>
<param1>0</param1>
<param2>-10</param2>
<param3>0</param3>
<param4>0</param4>
<peace_priority>-100</peace_priority>
<tension_priority>-100</tension_priority>
<total_war_priority>-100</total_war_priority>
<war_priority>-100</war_priority>
</cai_personality_deal_generation_generator_priorities>
<cai_personality_deal_generation_generator_priorities record_uuid="{9038ba2f-1a52-4a34-8bd8-e895e2ca0982}" record_timestamp="1439976194754" record_key="defaultFORM_CONFEDERATION">
<component_key>default</component_key>
<failure_timeout>5</failure_timeout>
<generator_key>FORM_CONFEDERATION</generator_key>
<last_stand_priority>-100</last_stand_priority>
<max_payment_cap>10000</max_payment_cap>
<max_payment_pct>10</max_payment_pct>
<min_payment_cap>0</min_payment_cap>
<param1>0</param1>
<param2>0</param2>
<param3>0</param3>
<param4>0</param4>
<peace_priority>-100</peace_priority>
<tension_priority>-100</tension_priority>
<total_war_priority>-100</total_war_priority>
<war_priority>-100</war_priority>
</cai_personality_deal_generation_generator_priorities>
<cai_personality_deal_generation_generator_priorities record_uuid="{8d6558b8-e536-4e00-a29e-2484f9ff8f32}" record_timestamp="1435852640609" record_key="defaultMILITARY_ACCESS">
<component_key>default</component_key>
<failure_timeout>5</failure_timeout>
<generator_key>MILITARY_ACCESS</generator_key>
<last_stand_priority>130</last_stand_priority>
<max_payment_cap>10000</max_payment_cap>
<max_payment_pct>10</max_payment_pct>
<min_payment_cap>0</min_payment_cap>
<param1>0</param1>
<param2>-190</param2>
<param3>0</param3>
<param4>0</param4>
<peace_priority>190</peace_priority>
<tension_priority>160</tension_priority>
<total_war_priority>140</total_war_priority>
<war_priority>150</war_priority>
</cai_personality_deal_generation_generator_priorities>
<cai_personality_deal_generation_generator_priorities record_uuid="{86437f27-518a-45e9-a146-e87bc8841ae8}" record_timestamp="1435852640609" record_key="defaultOFFER_GIFTS_TO_STRONGER_FACTIONS">
<component_key>default</component_key>
<failure_timeout>5</failure_timeout>
<generator_key>OFFER_GIFTS_TO_STRONGER_FACTIONS</generator_key>
<last_stand_priority>25</last_stand_priority>
<max_payment_cap>10000</max_payment_cap>
<max_payment_pct>10</max_payment_pct>
<min_payment_cap>0</min_payment_cap>
<param1>-30</param1>
<param2>-25</param2>
<param3>0</param3>
<param4>0</param4>
<peace_priority>25</peace_priority>
<tension_priority>25</tension_priority>
<total_war_priority>25</total_war_priority>
<war_priority>25</war_priority>
</cai_personality_deal_generation_generator_priorities>
<cai_personality_deal_generation_generator_priorities record_uuid="{e5dec7c6-d1df-4a0e-ae12-5c250ac04d42}" record_timestamp="1435852640610" record_key="defaultOFFER_TO_JOIN_ALLYS_WAR">
<component_key>default</component_key>
<failure_timeout>5</failure_timeout>
<generator_key>OFFER_TO_JOIN_ALLYS_WAR</generator_key>
<last_stand_priority>20</last_stand_priority>
<max_payment_cap>10000</max_payment_cap>
<max_payment_pct>10</max_payment_pct>
<min_payment_cap>0</min_payment_cap>
<param1>0</param1>
<param2>-90</param2>
<param3>0</param3>
<param4>0</param4>
<peace_priority>90</peace_priority>
<tension_priority>80</tension_priority>
<total_war_priority>60</total_war_priority>
<war_priority>70</war_priority>
</cai_personality_deal_generation_generator_priorities>
<cai_personality_deal_generation_generator_priorities record_uuid="{e45dc5ab-316a-4e24-849b-b44ef493c2f3}" record_timestamp="1435852640610" record_key="defaultOFFER_TO_JOIN_WAR_AGAINST_FACTION_I_DISLIKE">
<component_key>default</component_key>
<failure_timeout>5</failure_timeout>
<generator_key>OFFER_TO_JOIN_WAR_AGAINST_FACTION_I_DISLIKE</generator_key>
<last_stand_priority>5</last_stand_priority>
<max_payment_cap>10000</max_payment_cap>
<max_payment_pct>10</max_payment_pct>
<min_payment_cap>0</min_payment_cap>
<param1>0</param1>
<param2>-60</param2>
<param3>0</param3>
<param4>0</param4>
<peace_priority>60</peace_priority>
<tension_priority>60</tension_priority>
<total_war_priority>20</total_war_priority>
<war_priority>40</war_priority>
</cai_personality_deal_generation_generator_priorities>
<cai_personality_deal_generation_generator_priorities record_uuid="{c841584a-f559-4bdc-a6d2-2b609b83a615}" record_timestamp="1439896314570" record_key="defaultOFFER_VASSALAGE_OR_CLIENT_STATE_TO_ALLIES_OF_ENEMIES">
<component_key>default</component_key>
<failure_timeout>5</failure_timeout>
<generator_key>OFFER_VASSALAGE_OR_CLIENT_STATE_TO_ALLIES_OF_ENEMIES</generator_key>
<last_stand_priority>120</last_stand_priority>
<max_payment_cap>10000</max_payment_cap>
<max_payment_pct>10</max_payment_pct>
<min_payment_cap>0</min_payment_cap>
<param1>0</param1>
<param2>-120</param2>
<param3>0</param3>
<param4>0</param4>
<peace_priority>5</peace_priority>
<tension_priority>20</tension_priority>
<total_war_priority>100</total_war_priority>
<war_priority>60</war_priority>
</cai_personality_deal_generation_generator_priorities>
<cai_personality_deal_generation_generator_priorities record_uuid="{9779e61c-43ef-4e17-988e-4006053e6cc4}" record_timestamp="1435852640610" record_key="defaultOFFER_VASSALAGE_OR_CLIENT_STATE_TO_ENEMIES">
<component_key>default</component_key>
<failure_timeout>5</failure_timeout>
<generator_key>OFFER_VASSALAGE_OR_CLIENT_STATE_TO_ENEMIES</generator_key>
<last_stand_priority>120</last_stand_priority>
<max_payment_cap>10000</max_payment_cap>
<max_payment_pct>10</max_payment_pct>
<min_payment_cap>0</min_payment_cap>
<param1>0</param1>
<param2>-120</param2>
<param3>0</param3>
<param4>0</param4>
<peace_priority>5</peace_priority>
<tension_priority>20</tension_priority>
<total_war_priority>100</total_war_priority>
<war_priority>60</war_priority>
</cai_personality_deal_generation_generator_priorities>
<cai_personality_deal_generation_generator_priorities record_uuid="{675e30ef-0508-4a02-8819-93566705132c}" record_timestamp="1439896314570" record_key="defaultOFFER_VASSALAGE_OR_CLIENT_STATE_TO_NEIGHBOURS">
<component_key>default</component_key>
<failure_timeout>5</failure_timeout>
<generator_key>OFFER_VASSALAGE_OR_CLIENT_STATE_TO_NEIGHBOURS</generator_key>
<last_stand_priority>120</last_stand_priority>
<max_payment_cap>10000</max_payment_cap>
<max_payment_pct>10</max_payment_pct>
<min_payment_cap>0</min_payment_cap>
<param1>0</param1>
<param2>-120</param2>
<param3>0</param3>
<param4>0</param4>
<peace_priority>5</peace_priority>
<tension_priority>20</tension_priority>
<total_war_priority>100</total_war_priority>
<war_priority>60</war_priority>
</cai_personality_deal_generation_generator_priorities>
<cai_personality_deal_generation_generator_priorities record_uuid="{8958084d-37db-4f61-820e-54830cee11a9}" record_timestamp="1439896314570" record_key="defaultOFFER_VASSALAGE_OR_CLIENT_STATE_TO_PLAYER">
<component_key>default</component_key>
<failure_timeout>5</failure_timeout>
<generator_key>OFFER_VASSALAGE_OR_CLIENT_STATE_TO_PLAYER</generator_key>
<last_stand_priority>120</last_stand_priority>
<max_payment_cap>10000</max_payment_cap>
<max_payment_pct>10</max_payment_pct>
<min_payment_cap>0</min_payment_cap>
<param1>0</param1>
<param2>-120</param2>
<param3>0</param3>
<param4>0</param4>
<peace_priority>5</peace_priority>
<tension_priority>20</tension_priority>
<total_war_priority>100</total_war_priority>
<war_priority>60</war_priority>
</cai_personality_deal_generation_generator_priorities>
<cai_personality_deal_generation_generator_priorities record_uuid="{c653f850-60ac-4297-9953-17338d05bdcf}" record_timestamp="1435852640610" record_key="defaultPEACE">
<component_key>default</component_key>
<failure_timeout>5</failure_timeout>
<generator_key>PEACE</generator_key>
<last_stand_priority>250</last_stand_priority>
<max_payment_cap>10000</max_payment_cap>
<max_payment_pct>25</max_payment_pct>
<min_payment_cap>0</min_payment_cap>
<param1>0</param1>
<param2>-50</param2>
<param3>0</param3>
<param4>0</param4>
<peace_priority>60</peace_priority>
<tension_priority>60</tension_priority>
<total_war_priority>160</total_war_priority>
<war_priority>70</war_priority>
</cai_personality_deal_generation_generator_priorities>
<cai_personality_deal_generation_generator_priorities record_uuid="{d5dd1dc7-ffd1-4eb6-ae5f-5e6e9055ffe1}" record_timestamp="1435852640610" record_key="defaultREQUEST_ALLY_TO_JOIN_WAR">
<component_key>default</component_key>
<failure_timeout>5</failure_timeout>
<generator_key>REQUEST_ALLY_TO_JOIN_WAR</generator_key>
<last_stand_priority>220</last_stand_priority>
<max_payment_cap>10000</max_payment_cap>
<max_payment_pct>10</max_payment_pct>
<min_payment_cap>0</min_payment_cap>
<param1>0</param1>
<param2>-220</param2>
<param3>0</param3>
<param4>0</param4>
<peace_priority>50</peace_priority>
<tension_priority>90</tension_priority>
<total_war_priority>160</total_war_priority>
<war_priority>120</war_priority>
</cai_personality_deal_generation_generator_priorities>
<cai_personality_deal_generation_generator_priorities record_uuid="{fb34cdca-bd6b-449b-b75f-b101d870f7b6}" record_timestamp="1444145936173" record_key="defaultREQUEST_BREAK_ALLIANCE_WITH_DISLIKED_FACTIONS">
<component_key>default</component_key>
<failure_timeout>5</failure_timeout>
<generator_key>REQUEST_BREAK_ALLIANCE_WITH_DISLIKED_FACTIONS</generator_key>
<last_stand_priority>0</last_stand_priority>
<max_payment_cap>10000</max_payment_cap>
<max_payment_pct>10</max_payment_pct>
<min_payment_cap>0</min_payment_cap>
<param1>0</param1>
<param2>0</param2>
<param3>0</param3>
<param4>0</param4>
<peace_priority>0</peace_priority>
<tension_priority>0</tension_priority>
<total_war_priority>0</total_war_priority>
<war_priority>0</war_priority>
</cai_personality_deal_generation_generator_priorities>
<cai_personality_deal_generation_generator_priorities record_uuid="{1f60a5c9-5196-4236-854b-9e6d8034cda3}" record_timestamp="1444145936178" record_key="defaultREQUEST_BREAK_ALLIANCE_WITH_LIKED_FACTIONS">
<component_key>default</component_key>
<failure_timeout>5</failure_timeout>
<generator_key>REQUEST_BREAK_ALLIANCE_WITH_LIKED_FACTIONS</generator_key>
<last_stand_priority>0</last_stand_priority>
<max_payment_cap>10000</max_payment_cap>
<max_payment_pct>10</max_payment_pct>
<min_payment_cap>0</min_payment_cap>
<param1>0</param1>
<param2>0</param2>
<param3>0</param3>
<param4>0</param4>
<peace_priority>0</peace_priority>
<tension_priority>0</tension_priority>
<total_war_priority>0</total_war_priority>
<war_priority>0</war_priority>
</cai_personality_deal_generation_generator_priorities>
<cai_personality_deal_generation_generator_priorities record_uuid="{f9bc2eba-8a1e-447f-a622-3157c7306c49}" record_timestamp="1444145936166" record_key="defaultREQUEST_BREAK_TREATY_WITH_DISLIKED_FACTIONS">
<component_key>default</component_key>
<failure_timeout>5</failure_timeout>
<generator_key>REQUEST_BREAK_TREATY_WITH_DISLIKED_FACTIONS</generator_key>
<last_stand_priority>0</last_stand_priority>
<max_payment_cap>10000</max_payment_cap>
<max_payment_pct>10</max_payment_pct>
<min_payment_cap>0</min_payment_cap>
<param1>0</param1>
<param2>0</param2>
<param3>0</param3>
<param4>0</param4>
<peace_priority>0</peace_priority>
<tension_priority>0</tension_priority>
<total_war_priority>0</total_war_priority>
<war_priority>0</war_priority>
</cai_personality_deal_generation_generator_priorities>
<cai_personality_deal_generation_generator_priorities record_uuid="{024b0ed1-2492-4ee1-b276-b01037333c37}" record_timestamp="1444145936170" record_key="defaultREQUEST_BREAK_TREATY_WITH_LIKED_FACTIONS">
<component_key>default</component_key>
<failure_timeout>5</failure_timeout>
<generator_key>REQUEST_BREAK_TREATY_WITH_LIKED_FACTIONS</generator_key>
<last_stand_priority>0</last_stand_priority>
<max_payment_cap>10000</max_payment_cap>
<max_payment_pct>10</max_payment_pct>
<min_payment_cap>0</min_payment_cap>
<param1>0</param1>
<param2>0</param2>
<param3>0</param3>
<param4>0</param4>
<peace_priority>0</peace_priority>
<tension_priority>0</tension_priority>
<total_war_priority>0</total_war_priority>
<war_priority>0</war_priority>
</cai_personality_deal_generation_generator_priorities>
<cai_personality_deal_generation_generator_priorities record_uuid="{4eea5023-7f04-446f-82d8-bd2dd39a0c94}" record_timestamp="1435852640610" record_key="defaultTRADE_AGREEMENT">
<component_key>default</component_key>
<failure_timeout>5</failure_timeout>
<generator_key>TRADE_AGREEMENT</generator_key>
<last_stand_priority>130</last_stand_priority>
<max_payment_cap>10000</max_payment_cap>
<max_payment_pct>10</max_payment_pct>
<min_payment_cap>0</min_payment_cap>
<param1>0</param1>
<param2>-190</param2>
<param3>0</param3>
<param4>0</param4>
<peace_priority>190</peace_priority>
<tension_priority>160</tension_priority>
<total_war_priority>140</total_war_priority>
<war_priority>150</war_priority>
</cai_personality_deal_generation_generator_priorities>
<cai_personality_deal_generation_generator_priorities record_uuid="{8439cf6f-a9be-4384-92a3-c0f1a0b78f7d}" record_timestamp="1435852640610" record_key="defaultTREATIES_WITH_ALLIES_OF_ALLIES">
<component_key>default</component_key>
<failure_timeout>5</failure_timeout>
<generator_key>TREATIES_WITH_ALLIES_OF_ALLIES</generator_key>
<last_stand_priority>30</last_stand_priority>
<max_payment_cap>10000</max_payment_cap>
<max_payment_pct>10</max_payment_pct>
<min_payment_cap>0</min_payment_cap>
<param1>0</param1>
<param2>-30</param2>
<param3>0</param3>
<param4>0</param4>
<peace_priority>70</peace_priority>
<tension_priority>45</tension_priority>
<total_war_priority>30</total_war_priority>
<war_priority>30</war_priority>
</cai_personality_deal_generation_generator_priorities>
<cai_personality_deal_generation_generator_priorities record_uuid="{8bdae214-fa0b-4328-902d-91309af30c09}" record_timestamp="1435852640610" record_key="defaultTREATIES_WITH_ENEMIES_OF_ENEMIES">
<component_key>default</component_key>
<failure_timeout>5</failure_timeout>
<generator_key>TREATIES_WITH_ENEMIES_OF_ENEMIES</generator_key>
<last_stand_priority>30</last_stand_priority>
<max_payment_cap>10000</max_payment_cap>
<max_payment_pct>10</max_payment_pct>
<min_payment_cap>0</min_payment_cap>
<param1>0</param1>
<param2>-30</param2>
<param3>0</param3>
<param4>0</param4>
<peace_priority>70</peace_priority>
<tension_priority>45</tension_priority>
<total_war_priority>30</total_war_priority>
<war_priority>30</war_priority>
</cai_personality_deal_generation_generator_priorities>
<cai_personality_deal_generation_generator_priorities record_uuid="{51aa1c54-8eee-4b15-9cee-d48c390125da}" record_timestamp="1435852640610" record_key="defaultTREATIES_WITH_NEIGHBOURS">
<component_key>default</component_key>
<failure_timeout>5</failure_timeout>
<generator_key>TREATIES_WITH_NEIGHBOURS</generator_key>
<last_stand_priority>130</last_stand_priority>
<max_payment_cap>10000</max_payment_cap>
<max_payment_pct>10</max_payment_pct>
<min_payment_cap>0</min_payment_cap>
<param1>0</param1>
<param2>-200</param2>
<param3>0</param3>
<param4>0</param4>
<peace_priority>200</peace_priority>
<tension_priority>160</tension_priority>
<total_war_priority>140</total_war_priority>
<war_priority>150</war_priority>
</cai_personality_deal_generation_generator_priorities>
<cai_personality_deal_generation_generator_priorities record_uuid="{38033714-be04-4c0c-8555-4b748ed4fa3e}" record_timestamp="1435852640610" record_key="defaultUPGRADE_TREATIES">
<component_key>default</component_key>
<failure_timeout>5</failure_timeout>
<generator_key>UPGRADE_TREATIES</generator_key>
<last_stand_priority>120</last_stand_priority>
<max_payment_cap>10000</max_payment_cap>
<max_payment_pct>10</max_payment_pct>
<min_payment_cap>0</min_payment_cap>
<param1>0</param1>
<param2>-60</param2>
<param3>0</param3>
<param4>0</param4>
<peace_priority>170</peace_priority>
<tension_priority>150</tension_priority>
<total_war_priority>130</total_war_priority>
<war_priority>140</war_priority>
</cai_personality_deal_generation_generator_priorities>
<cai_personality_deal_generation_generator_priorities record_uuid="{14dc3492-22bb-44c4-a1a0-a5c95fed422a}" record_timestamp="1439918576029" record_key="passiveBREAK_TREATIES_WITH_DISLIKED_FACTIONS">
<component_key>passive</component_key>
<failure_timeout>5</failure_timeout>
<generator_key>BREAK_TREATIES_WITH_DISLIKED_FACTIONS</generator_key>
<last_stand_priority>10</last_stand_priority>
<max_payment_cap>10000</max_payment_cap>
<max_payment_pct>10</max_payment_pct>
<min_payment_cap>0</min_payment_cap>
<param1>0</param1>
<param2>0</param2>
<param3>0</param3>
<param4>0</param4>
<peace_priority>90</peace_priority>
<tension_priority>60</tension_priority>
<total_war_priority>25</total_war_priority>
<war_priority>35</war_priority>
</cai_personality_deal_generation_generator_priorities>
<cai_personality_deal_generation_generator_priorities record_uuid="{ab672e47-7d55-4b52-b351-f5a12d10663a}" record_timestamp="1439918575965" record_key="passiveDECLARE_WAR_ON_FACTIONS_I_DISLIKE">
<component_key>passive</component_key>
<failure_timeout>5</failure_timeout>
<generator_key>DECLARE_WAR_ON_FACTIONS_I_DISLIKE</generator_key>
<last_stand_priority>60</last_stand_priority>
<max_payment_cap>10000</max_payment_cap>
<max_payment_pct>25</max_payment_pct>
<min_payment_cap>0</min_payment_cap>
<param1>0</param1>
<param2>-260</param2>
<param3>0</param3>
<param4>0</param4>
<peace_priority>260</peace_priority>
<tension_priority>240</tension_priority>
<total_war_priority>160</total_war_priority>
<war_priority>190</war_priority>
</cai_personality_deal_generation_generator_priorities>
<cai_personality_deal_generation_generator_priorities record_uuid="{44a1a6d1-8861-43ea-b2c3-31cd0a6d10c1}" record_timestamp="1439918576680" record_key="passiveDECLARE_WAR_ON_NEARBY_FACTIONS">
<component_key>passive</component_key>
<failure_timeout>5</failure_timeout>
<generator_key>DECLARE_WAR_ON_NEARBY_FACTIONS</generator_key>
<last_stand_priority>60</last_stand_priority>
<max_payment_cap>10000</max_payment_cap>
<max_payment_pct>25</max_payment_pct>
<min_payment_cap>0</min_payment_cap>
<param1>0</param1>
<param2>-260</param2>
<param3>0</param3>
<param4>0</param4>
<peace_priority>260</peace_priority>
<tension_priority>240</tension_priority>
<total_war_priority>160</total_war_priority>
<war_priority>190</war_priority>
</cai_personality_deal_generation_generator_priorities>
<cai_personality_deal_generation_generator_priorities record_uuid="{45249fd6-82f9-4b5d-b926-045f24a89b06}" record_timestamp="1439918575709" record_key="passiveDEMAND_GIFTS_FROM_NEARBY_FACTIONS">
<component_key>passive</component_key>
<failure_timeout>5</failure_timeout>
<generator_key>DEMAND_GIFTS_FROM_NEARBY_FACTIONS</generator_key>
<last_stand_priority>-100</last_stand_priority>
<max_payment_cap>10000</max_payment_cap>
<max_payment_pct>100</max_payment_pct>
<min_payment_cap>0</min_payment_cap>
<param1>0</param1>
<param2>0</param2>
<param3>0</param3>
<param4>0</param4>
<peace_priority>-100</peace_priority>
<tension_priority>-100</tension_priority>
<total_war_priority>-100</total_war_priority>
<war_priority>-100</war_priority>
</cai_personality_deal_generation_generator_priorities>
<cai_personality_deal_generation_generator_priorities record_uuid="{fa2eea71-ca9b-4d71-9ab7-4fd49eafde97}" record_timestamp="1439918576220" record_key="passiveDEMAND_GIFTS_FROM_WEAKER_FACTIONS">
<component_key>passive</component_key>
<failure_timeout>5</failure_timeout>
<generator_key>DEMAND_GIFTS_FROM_WEAKER_FACTIONS</generator_key>
<last_stand_priority>-30</last_stand_priority>
<max_payment_cap>10000</max_payment_cap>
<max_payment_pct>10</max_payment_pct>
<min_payment_cap>0</min_payment_cap>
<param1>50</param1>
<param2>-30</param2>
<param3>0</param3>
<param4>0</param4>
<peace_priority>-30</peace_priority>
<tension_priority>-30</tension_priority>
<total_war_priority>-30</total_war_priority>
<war_priority>-30</war_priority>
</cai_personality_deal_generation_generator_priorities>
<cai_personality_deal_generation_generator_priorities record_uuid="{f61b8f9e-4199-4fdc-a241-79caef6a84d6}" record_timestamp="1439918576093" record_key="passiveDEMAND_VASSALAGE_OR_CLIENT_STATE_FROM_ENEMIES">
<component_key>passive</component_key>
<failure_timeout>5</failure_timeout>
<generator_key>DEMAND_VASSALAGE_OR_CLIENT_STATE_FROM_ENEMIES</generator_key>
<last_stand_priority>60</last_stand_priority>
<max_payment_cap>10000</max_payment_cap>
<max_payment_pct>10</max_payment_pct>
<min_payment_cap>0</min_payment_cap>
<param1>0</param1>
<param2>-60</param2>
<param3>0</param3>
<param4>0</param4>
<peace_priority>60</peace_priority>
<tension_priority>60</tension_priority>
<total_war_priority>60</total_war_priority>
<war_priority>60</war_priority>
</cai_personality_deal_generation_generator_priorities>
<cai_personality_deal_generation_generator_priorities record_uuid="{12ce40c1-b583-4896-957c-f73ca34a4178}" record_timestamp="1439918575583" record_key="passiveDIPLOMATIC_MARRIAGE">
<component_key>passive</component_key>
<failure_timeout>5</failure_timeout>
<generator_key>DIPLOMATIC_MARRIAGE</generator_key>
<last_stand_priority>-100</last_stand_priority>
<max_payment_cap>10000</max_payment_cap>
<max_payment_pct>10</max_payment_pct>
<min_payment_cap>0</min_payment_cap>
<param1>0</param1>
<param2>-10</param2>
<param3>0</param3>
<param4>0</param4>
<peace_priority>-100</peace_priority>
<tension_priority>-100</tension_priority>
<total_war_priority>-100</total_war_priority>
<war_priority>-100</war_priority>
</cai_personality_deal_generation_generator_priorities>
<cai_personality_deal_generation_generator_priorities record_uuid="{e01f8e09-9690-4610-90c9-0473f4b86dcb}" record_timestamp="1439918576480" record_key="passiveFORM_CONFEDERATION">
<component_key>passive</component_key>
<failure_timeout>5</failure_timeout>
<generator_key>FORM_CONFEDERATION</generator_key>
<last_stand_priority>40</last_stand_priority>
<max_payment_cap>10000</max_payment_cap>
<max_payment_pct>10</max_payment_pct>
<min_payment_cap>0</min_payment_cap>
<param1>0</param1>
<param2>-20</param2>
<param3>0</param3>
<param4>0</param4>
<peace_priority>60</peace_priority>
<tension_priority>60</tension_priority>
<total_war_priority>40</total_war_priority>
<war_priority>60</war_priority>
</cai_personality_deal_generation_generator_priorities>
<cai_personality_deal_generation_generator_priorities record_uuid="{78e74428-236a-4c0e-8a3d-c72841e65949}" record_timestamp="1439918576547" record_key="passiveMILITARY_ACCESS">
<component_key>passive</component_key>
<failure_timeout>5</failure_timeout>
<generator_key>MILITARY_ACCESS</generator_key>
<last_stand_priority>-100</last_stand_priority>
<max_payment_cap>10000</max_payment_cap>
<max_payment_pct>10</max_payment_pct>
<min_payment_cap>0</min_payment_cap>
<param1>0</param1>
<param2>-190</param2>
<param3>0</param3>
<param4>0</param4>
<peace_priority>-100</peace_priority>
<tension_priority>-100</tension_priority>
<total_war_priority>-100</total_war_priority>
<war_priority>-100</war_priority>
</cai_personality_deal_generation_generator_priorities>
<cai_personality_deal_generation_generator_priorities record_uuid="{732d9079-c1c6-4bde-92ef-61fba6e57040}" record_timestamp="1439918576613" record_key="passiveOFFER_GIFTS_TO_STRONGER_FACTIONS">
<component_key>passive</component_key>
<failure_timeout>5</failure_timeout>
<generator_key>OFFER_GIFTS_TO_STRONGER_FACTIONS</generator_key>
<last_stand_priority>-100</last_stand_priority>
<max_payment_cap>10000</max_payment_cap>
<max_payment_pct>10</max_payment_pct>
<min_payment_cap>0</min_payment_cap>
<param1>-30</param1>
<param2>-25</param2>
<param3>0</param3>
<param4>0</param4>
<peace_priority>-100</peace_priority>
<tension_priority>-100</tension_priority>
<total_war_priority>-100</total_war_priority>
<war_priority>-100</war_priority>
</cai_personality_deal_generation_generator_priorities>
<cai_personality_deal_generation_generator_priorities record_uuid="{310ba114-b3ff-40cb-b57f-850f134d3654}" record_timestamp="1439918575645" record_key="passiveOFFER_TO_JOIN_ALLYS_WAR">
<component_key>passive</component_key>
<failure_timeout>5</failure_timeout>
<generator_key>OFFER_TO_JOIN_ALLYS_WAR</generator_key>
<last_stand_priority>-100</last_stand_priority>
<max_payment_cap>10000</max_payment_cap>
<max_payment_pct>10</max_payment_pct>
<min_payment_cap>0</min_payment_cap>
<param1>0</param1>
<param2>-90</param2>
<param3>0</param3>
<param4>0</param4>
<peace_priority>-100</peace_priority>
<tension_priority>-100</tension_priority>
<total_war_priority>-100</total_war_priority>
<war_priority>-100</war_priority>
</cai_personality_deal_generation_generator_priorities>
<cai_personality_deal_generation_generator_priorities record_uuid="{bccb359c-5c7b-475c-85bb-0cc3bfc7a638}" record_timestamp="1439918576814" record_key="passiveOFFER_TO_JOIN_WAR_AGAINST_FACTION_I_DISLIKE">
<component_key>passive</component_key>
<failure_timeout>5</failure_timeout>
<generator_key>OFFER_TO_JOIN_WAR_AGAINST_FACTION_I_DISLIKE</generator_key>
<last_stand_priority>-100</last_stand_priority>
<max_payment_cap>10000</max_payment_cap>
<max_payment_pct>10</max_payment_pct>
<min_payment_cap>0</min_payment_cap>
<param1>0</param1>
<param2>-60</param2>
<param3>0</param3>
<param4>0</param4>
<peace_priority>-100</peace_priority>
<tension_priority>-100</tension_priority>
<total_war_priority>-100</total_war_priority>
<war_priority>-100</war_priority>
</cai_personality_deal_generation_generator_priorities>
<cai_personality_deal_generation_generator_priorities record_uuid="{ffdb1387-2d02-496d-944d-5556509f85ea}" record_timestamp="1439918576414" record_key="passiveOFFER_VASSALAGE_OR_CLIENT_STATE_TO_ALLIES_OF_ENEMIES">
<component_key>passive</component_key>
<failure_timeout>5</failure_timeout>
<generator_key>OFFER_VASSALAGE_OR_CLIENT_STATE_TO_ALLIES_OF_ENEMIES</generator_key>
<last_stand_priority>-100</last_stand_priority>
<max_payment_cap>10000</max_payment_cap>
<max_payment_pct>10</max_payment_pct>
<min_payment_cap>0</min_payment_cap>
<param1>0</param1>
<param2>-120</param2>
<param3>0</param3>
<param4>0</param4>
<peace_priority>-100</peace_priority>
<tension_priority>-100</tension_priority>
<total_war_priority>-100</total_war_priority>
<war_priority>-100</war_priority>
</cai_personality_deal_generation_generator_priorities>
<cai_personality_deal_generation_generator_priorities record_uuid="{7fb4f1f7-3539-49e0-a5b8-5caa306e59c9}" record_timestamp="1439918575456" record_key="passiveOFFER_VASSALAGE_OR_CLIENT_STATE_TO_ENEMIES">
<component_key>passive</component_key>
<failure_timeout>5</failure_timeout>
<generator_key>OFFER_VASSALAGE_OR_CLIENT_STATE_TO_ENEMIES</generator_key>
<last_stand_priority>-100</last_stand_priority>
<max_payment_cap>10000</max_payment_cap>
<max_payment_pct>10</max_payment_pct>
<min_payment_cap>0</min_payment_cap>
<param1>0</param1>
<param2>-120</param2>
<param3>0</param3>
<param4>0</param4>
<peace_priority>-100</peace_priority>
<tension_priority>-100</tension_priority>
<total_war_priority>-100</total_war_priority>
<war_priority>-100</war_priority>
</cai_personality_deal_generation_generator_priorities>
<cai_personality_deal_generation_generator_priorities record_uuid="{607ef732-1d15-4f93-8124-43c99b6d101b}" record_timestamp="1439918576348" record_key="passiveOFFER_VASSALAGE_OR_CLIENT_STATE_TO_NEIGHBOURS">
<component_key>passive</component_key>
<failure_timeout>5</failure_timeout>
<generator_key>OFFER_VASSALAGE_OR_CLIENT_STATE_TO_NEIGHBOURS</generator_key>
<last_stand_priority>-100</last_stand_priority>
<max_payment_cap>10000</max_payment_cap>
<max_payment_pct>10</max_payment_pct>
<min_payment_cap>0</min_payment_cap>
<param1>0</param1>
<param2>-120</param2>
<param3>0</param3>
<param4>0</param4>
<peace_priority>-100</peace_priority>
<tension_priority>-100</tension_priority>
<total_war_priority>-100</total_war_priority>
<war_priority>-100</war_priority>
</cai_personality_deal_generation_generator_priorities>
<cai_personality_deal_generation_generator_priorities record_uuid="{31ec3f56-92d3-4886-b80e-6562692c4407}" record_timestamp="1439918575773" record_key="passiveOFFER_VASSALAGE_OR_CLIENT_STATE_TO_PLAYER">
<component_key>passive</component_key>
<failure_timeout>5</failure_timeout>
<generator_key>OFFER_VASSALAGE_OR_CLIENT_STATE_TO_PLAYER</generator_key>
<last_stand_priority>-100</last_stand_priority>
<max_payment_cap>10000</max_payment_cap>
<max_payment_pct>10</max_payment_pct>
<min_payment_cap>0</min_payment_cap>
<param1>0</param1>
<param2>-120</param2>
<param3>0</param3>
<param4>0</param4>
<peace_priority>-100</peace_priority>
<tension_priority>-100</tension_priority>
<total_war_priority>-100</total_war_priority>
<war_priority>-100</war_priority>
</cai_personality_deal_generation_generator_priorities>
<cai_personality_deal_generation_generator_priorities record_uuid="{82f16081-b045-4656-ae99-132ff8d097b5}" record_timestamp="1439918576283" record_key="passivePEACE">
<component_key>passive</component_key>
<failure_timeout>5</failure_timeout>
<generator_key>PEACE</generator_key>
<last_stand_priority>250</last_stand_priority>
<max_payment_cap>10000</max_payment_cap>
<max_payment_pct>25</max_payment_pct>
<min_payment_cap>0</min_payment_cap>
<param1>0</param1>
<param2>-50</param2>
<param3>0</param3>
<param4>0</param4>
<peace_priority>60</peace_priority>
<tension_priority>60</tension_priority>
<total_war_priority>160</total_war_priority>
<war_priority>70</war_priority>
</cai_personality_deal_generation_generator_priorities>
<cai_personality_deal_generation_generator_priorities record_uuid="{54a79360-0c54-4cf7-a594-4e54a3442999}" record_timestamp="1439918575519" record_key="passiveREQUEST_ALLY_TO_JOIN_WAR">
<component_key>passive</component_key>
<failure_timeout>5</failure_timeout>
<generator_key>REQUEST_ALLY_TO_JOIN_WAR</generator_key>
<last_stand_priority>220</last_stand_priority>
<max_payment_cap>10000</max_payment_cap>
<max_payment_pct>10</max_payment_pct>
<min_payment_cap>0</min_payment_cap>
<param1>0</param1>
<param2>-220</param2>
<param3>0</param3>
<param4>0</param4>
<peace_priority>50</peace_priority>
<tension_priority>90</tension_priority>
<total_war_priority>160</total_war_priority>
<war_priority>120</war_priority>
</cai_personality_deal_generation_generator_priorities>
<cai_personality_deal_generation_generator_priorities record_uuid="{ff997c6d-3031-42f3-957e-733440824fc5}" record_timestamp="1439918576747" record_key="passiveTRADE_AGREEMENT">
<component_key>passive</component_key>
<failure_timeout>5</failure_timeout>
<generator_key>TRADE_AGREEMENT</generator_key>
<last_stand_priority>10</last_stand_priority>
<max_payment_cap>10000</max_payment_cap>
<max_payment_pct>10</max_payment_pct>
<min_payment_cap>0</min_payment_cap>
<param1>0</param1>
<param2>-10</param2>
<param3>0</param3>
<param4>0</param4>
<peace_priority>10</peace_priority>
<tension_priority>10</tension_priority>
<total_war_priority>10</total_war_priority>
<war_priority>10</war_priority>
</cai_personality_deal_generation_generator_priorities>
<cai_personality_deal_generation_generator_priorities record_uuid="{a14c0679-fe01-40c7-90d5-f124ac9e492c}" record_timestamp="1439918575901" record_key="passiveTREATIES_WITH_ALLIES_OF_ALLIES">
<component_key>passive</component_key>
<failure_timeout>5</failure_timeout>
<generator_key>TREATIES_WITH_ALLIES_OF_ALLIES</generator_key>
<last_stand_priority>10</last_stand_priority>
<max_payment_cap>10000</max_payment_cap>
<max_payment_pct>10</max_payment_pct>
<min_payment_cap>0</min_payment_cap>
<param1>0</param1>
<param2>-10</param2>
<param3>0</param3>
<param4>0</param4>
<peace_priority>10</peace_priority>
<tension_priority>10</tension_priority>
<total_war_priority>10</total_war_priority>
<war_priority>10</war_priority>
</cai_personality_deal_generation_generator_priorities>
<cai_personality_deal_generation_generator_priorities record_uuid="{4d4c16cd-0dab-4149-910f-77e3851a8bbb}" record_timestamp="1439918575837" record_key="passiveTREATIES_WITH_ENEMIES_OF_ENEMIES">
<component_key>passive</component_key>
<failure_timeout>5</failure_timeout>
<generator_key>TREATIES_WITH_ENEMIES_OF_ENEMIES</generator_key>
<last_stand_priority>-100</last_stand_priority>
<max_payment_cap>10000</max_payment_cap>
<max_payment_pct>10</max_payment_pct>
<min_payment_cap>0</min_payment_cap>
<param1>0</param1>
<param2>-30</param2>
<param3>0</param3>
<param4>0</param4>
<peace_priority>-100</peace_priority>
<tension_priority>-100</tension_priority>
<total_war_priority>-100</total_war_priority>
<war_priority>-100</war_priority>
</cai_personality_deal_generation_generator_priorities>
<cai_personality_deal_generation_generator_priorities record_uuid="{d7f98c26-c54e-404b-aaa1-69df0ddbb2b9}" record_timestamp="1439918576157" record_key="passiveTREATIES_WITH_NEIGHBOURS">
<component_key>passive</component_key>
<failure_timeout>5</failure_timeout>
<generator_key>TREATIES_WITH_NEIGHBOURS</generator_key>
<last_stand_priority>10</last_stand_priority>
<max_payment_cap>10000</max_payment_cap>
<max_payment_pct>10</max_payment_pct>
<min_payment_cap>0</min_payment_cap>
<param1>0</param1>
<param2>-10</param2>
<param3>0</param3>
<param4>0</param4>
<peace_priority>10</peace_priority>
<tension_priority>10</tension_priority>
<total_war_priority>10</total_war_priority>
<war_priority>10</war_priority>
</cai_personality_deal_generation_generator_priorities>
<cai_personality_deal_generation_generator_priorities record_uuid="{061ef1ef-d55c-427d-951b-da933c658fc2}" record_timestamp="1439918575394" record_key="passiveUPGRADE_TREATIES">
<component_key>passive</component_key>
<failure_timeout>5</failure_timeout>
<generator_key>UPGRADE_TREATIES</generator_key>
<last_stand_priority>10</last_stand_priority>
<max_payment_cap>10000</max_payment_cap>
<max_payment_pct>10</max_payment_pct>
<min_payment_cap>0</min_payment_cap>
<param1>0</param1>
<param2>-10</param2>
<param3>0</param3>
<param4>0</param4>
<peace_priority>10</peace_priority>
<tension_priority>10</tension_priority>
<total_war_priority>10</total_war_priority>
<war_priority>10</war_priority>
</cai_personality_deal_generation_generator_priorities>
<cai_personality_deal_generation_generator_priorities record_uuid="{c871e86f-498f-4f51-a4ee-59add2245bf7}" record_timestamp="1440773571883" record_key="schemerREQUEST_BREAK_ALLIANCE_WITH_DISLIKED_FACTIONS">
<component_key>schemer</component_key>
<failure_timeout>5</failure_timeout>
<generator_key>REQUEST_BREAK_ALLIANCE_WITH_DISLIKED_FACTIONS</generator_key>
<last_stand_priority>100</last_stand_priority>
<max_payment_cap>10000</max_payment_cap>
<max_payment_pct>10</max_payment_pct>
<min_payment_cap>0</min_payment_cap>
<param1>0</param1>
<param2>-100</param2>
<param3>0</param3>
<param4>0</param4>
<peace_priority>100</peace_priority>
<tension_priority>100</tension_priority>
<total_war_priority>100</total_war_priority>
<war_priority>100</war_priority>
</cai_personality_deal_generation_generator_priorities>
<cai_personality_deal_generation_generator_priorities record_uuid="{53aa9ac2-93c1-41bd-a44d-2eddea8e4f56}" record_timestamp="1440773571962" record_key="schemerREQUEST_BREAK_TREATY_WITH_DISLIKED_FACTIONS">
<component_key>schemer</component_key>
<failure_timeout>5</failure_timeout>
<generator_key>REQUEST_BREAK_TREATY_WITH_DISLIKED_FACTIONS</generator_key>
<last_stand_priority>100</last_stand_priority>
<max_payment_cap>10000</max_payment_cap>
<max_payment_pct>10</max_payment_pct>
<min_payment_cap>0</min_payment_cap>
<param1>0</param1>
<param2>-100</param2>
<param3>0</param3>
<param4>0</param4>
<peace_priority>100</peace_priority>
<tension_priority>100</tension_priority>
<total_war_priority>100</total_war_priority>
<war_priority>100</war_priority>
</cai_personality_deal_generation_generator_priorities>
<cai_personality_deal_generation_generator_priorities record_uuid="{054b0c20-7466-4f14-8eff-52fbcd3ea522}" record_timestamp="1439976195050" record_key="subjugatorDEMAND_VASSALAGE_OR_CLIENT_STATE_FROM_ENEMIES">
<component_key>subjugator</component_key>
<failure_timeout>5</failure_timeout>
<generator_key>DEMAND_VASSALAGE_OR_CLIENT_STATE_FROM_ENEMIES</generator_key>
<last_stand_priority>200</last_stand_priority>
<max_payment_cap>10000</max_payment_cap>
<max_payment_pct>10</max_payment_pct>
<min_payment_cap>0</min_payment_cap>
<param1>0</param1>
<param2>-200</param2>
<param3>0</param3>
<param4>0</param4>
<peace_priority>200</peace_priority>
<tension_priority>200</tension_priority>
<total_war_priority>200</total_war_priority>
<war_priority>200</war_priority>
</cai_personality_deal_generation_generator_priorities>
<cai_personality_deal_generation_generator_priorities record_uuid="{8aa41252-87c9-44cb-9829-9a7b160fdd5c}" record_timestamp="1439976195207" record_key="subjugatorFORM_CONFEDERATION">
<component_key>subjugator</component_key>
<failure_timeout>5</failure_timeout>
<generator_key>FORM_CONFEDERATION</generator_key>
<last_stand_priority>200</last_stand_priority>
<max_payment_cap>10000</max_payment_cap>
<max_payment_pct>10</max_payment_pct>
<min_payment_cap>0</min_payment_cap>
<param1>0</param1>
<param2>-200</param2>
<param3>0</param3>
<param4>0</param4>
<peace_priority>200</peace_priority>
<tension_priority>200</tension_priority>
<total_war_priority>200</total_war_priority>
<war_priority>200</war_priority>
</cai_personality_deal_generation_generator_priorities>
<cai_personality_deal_generation_generator_priorities record_uuid="{bca8a671-dd17-4635-80b1-a4e9988325d5}" record_timestamp="1439976194852" record_key="subjugatorOFFER_VASSALAGE_OR_CLIENT_STATE_TO_ALLIES_OF_ENEMIES">
<component_key>subjugator</component_key>
<failure_timeout>5</failure_timeout>
<generator_key>OFFER_VASSALAGE_OR_CLIENT_STATE_TO_ALLIES_OF_ENEMIES</generator_key>
<last_stand_priority>-100</last_stand_priority>
<max_payment_cap>10000</max_payment_cap>
<max_payment_pct>10</max_payment_pct>
<min_payment_cap>0</min_payment_cap>
<param1>0</param1>
<param2>0</param2>
<param3>0</param3>
<param4>0</param4>
<peace_priority>-100</peace_priority>
<tension_priority>-100</tension_priority>
<total_war_priority>-100</total_war_priority>
<war_priority>-100</war_priority>
</cai_personality_deal_generation_generator_priorities>
<cai_personality_deal_generation_generator_priorities record_uuid="{1621cf86-3bd5-4d30-b14d-c418e72e6b65}" record_timestamp="1439976194828" record_key="subjugatorOFFER_VASSALAGE_OR_CLIENT_STATE_TO_ENEMIES">
<component_key>subjugator</component_key>
<failure_timeout>5</failure_timeout>
<generator_key>OFFER_VASSALAGE_OR_CLIENT_STATE_TO_ENEMIES</generator_key>
<last_stand_priority>-100</last_stand_priority>
<max_payment_cap>10000</max_payment_cap>
<max_payment_pct>10</max_payment_pct>
<min_payment_cap>0</min_payment_cap>
<param1>0</param1>
<param2>0</param2>
<param3>0</param3>
<param4>0</param4>
<peace_priority>-100</peace_priority>
<tension_priority>-100</tension_priority>
<total_war_priority>-100</total_war_priority>
<war_priority>-100</war_priority>
</cai_personality_deal_generation_generator_priorities>
<cai_personality_deal_generation_generator_priorities record_uuid="{05cfbef4-79be-47a8-9910-9cab200e731f}" record_timestamp="1439976194804" record_key="subjugatorOFFER_VASSALAGE_OR_CLIENT_STATE_TO_NEIGHBOURS">
<component_key>subjugator</component_key>
<failure_timeout>5</failure_timeout>
<generator_key>OFFER_VASSALAGE_OR_CLIENT_STATE_TO_NEIGHBOURS</generator_key>
<last_stand_priority>-100</last_stand_priority>
<max_payment_cap>10000</max_payment_cap>
<max_payment_pct>10</max_payment_pct>
<min_payment_cap>0</min_payment_cap>
<param1>0</param1>
<param2>0</param2>
<param3>0</param3>
<param4>0</param4>
<peace_priority>-100</peace_priority>
<tension_priority>-100</tension_priority>
<total_war_priority>-100</total_war_priority>
<war_priority>-100</war_priority>
</cai_personality_deal_generation_generator_priorities>
<cai_personality_deal_generation_generator_priorities record_uuid="{f1ab229c-9fc3-479a-b3ba-a0202252ba6c}" record_timestamp="1439976194779" record_key="subjugatorOFFER_VASSALAGE_OR_CLIENT_STATE_TO_PLAYER">
<component_key>subjugator</component_key>
<failure_timeout>5</failure_timeout>
<generator_key>OFFER_VASSALAGE_OR_CLIENT_STATE_TO_PLAYER</generator_key>
<last_stand_priority>-100</last_stand_priority>
<max_payment_cap>10000</max_payment_cap>
<max_payment_pct>10</max_payment_pct>
<min_payment_cap>0</min_payment_cap>
<param1>0</param1>
<param2>0</param2>
<param3>0</param3>
<param4>0</param4>
<peace_priority>-100</peace_priority>
<tension_priority>-100</tension_priority>
<total_war_priority>-100</total_war_priority>
<war_priority>-100</war_priority>
</cai_personality_deal_generation_generator_priorities>
</dataroot>
