<?xml version="1.0" encoding="UTF-8"?>
<dataroot xmlns:od="urn:schemas-microsoft-com:officedata" xmlns:xsi="http://www.w3.org/2001/XMLSchema-instance" xsi:noNamespaceSchemaLocation="cai_personalities_character_skill_selection_policies_skill_utilization_hints_junctions.xsd" export_time="Tue Feb 16 12:35:44 2016" revision="3" export_branch="T:/warhammer/binaries.x64" export_user="bob">
<edit_uuid>3d2a6c6b-4fc7-479b-a6f3-899a80afbedc</edit_uuid>
<cai_personalities_character_skill_selection_policies_skill_utilization_hints_junctions record_uuid="{fea4e434-af46-462c-a675-c32ccd662485}" record_timestamp="1455626120787" record_key="default_character_skill_selection_policyUSEFUL_FOR_EMBEDED_AGENT">
<skill_selection_policy_key>default_character_skill_selection_policy</skill_selection_policy_key>
<skill_utilization_hint_key>USEFUL_FOR_EMBEDED_AGENT</skill_utilization_hint_key>
<skill_utilization_multiplier>4</skill_utilization_multiplier>
</cai_personalities_character_skill_selection_policies_skill_utilization_hints_junctions>
<cai_personalities_character_skill_selection_policies_skill_utilization_hints_junctions record_uuid="{593e9497-4f80-4651-98d2-557dac04c864}" record_timestamp="1454687894381" record_key="default_character_skill_selection_policyUSEFUL_FOR_NIGHT_ATTACK">
<skill_selection_policy_key>default_character_skill_selection_policy</skill_selection_policy_key>
<skill_utilization_hint_key>USEFUL_FOR_NIGHT_ATTACK</skill_utilization_hint_key>
<skill_utilization_multiplier>1</skill_utilization_multiplier>
</cai_personalities_character_skill_selection_policies_skill_utilization_hints_junctions>
<cai_personalities_character_skill_selection_policies_skill_utilization_hints_junctions record_uuid="{b08cf518-5b44-4851-9779-72b56beca521}" record_timestamp="1455626130060" record_key="default_character_skill_selection_policyUSELESS_FOR_EMBEDED_AGENT">
<skill_selection_policy_key>default_character_skill_selection_policy</skill_selection_policy_key>
<skill_utilization_hint_key>USELESS_FOR_EMBEDED_AGENT</skill_utilization_hint_key>
<skill_utilization_multiplier>0.1</skill_utilization_multiplier>
</cai_personalities_character_skill_selection_policies_skill_utilization_hints_junctions>
</dataroot>
