<?xml version="1.0" encoding="UTF-8"?>
<dataroot xmlns:od="urn:schemas-microsoft-com:officedata" xmlns:xsi="http://www.w3.org/2001/XMLSchema-instance" xsi:noNamespaceSchemaLocation="campaign_map_attrition_types.xsd" export_time="Fri Jan 29 16:13:09 2016" revision="15" export_branch="T:/warhammer/binaries" export_user="bob">
<edit_uuid>2bf8e9a2-940c-4131-917a-35a131cbd8bf</edit_uuid>
<campaign_map_attrition_types record_uuid="{7c7de759-7903-454b-a05a-484c4cff1cbb}" record_key="army_sabotage">
<key>army_sabotage</key>
</campaign_map_attrition_types>
<campaign_map_attrition_types record_uuid="{ec011b99-ed97-4872-953a-50cba102b3fa}" record_key="besieged">
<key>besieged</key>
</campaign_map_attrition_types>
<campaign_map_attrition_types record_uuid="{513fec24-062b-4598-83a0-a3b80b7ac47c}" record_key="besieging">
<key>besieging</key>
</campaign_map_attrition_types>
<campaign_map_attrition_types record_uuid="{df18e94e-a601-4795-9206-68838fe4a886}" record_key="blockaded">
<key>blockaded</key>
</campaign_map_attrition_types>
<campaign_map_attrition_types record_uuid="{7d8585d1-15a7-488d-943f-772a12089599}" record_key="blockading">
<key>blockading</key>
</campaign_map_attrition_types>
<campaign_map_attrition_types record_uuid="{2a631761-1e11-411c-a0a7-28d8375794af}" record_timestamp="1454083989083" record_key="chaos_region">
<key>chaos_region</key>
</campaign_map_attrition_types>
<campaign_map_attrition_types record_uuid="{bfcd3554-1326-459f-84f4-205069b4e57a}" record_key="desertion">
<key>desertion</key>
</campaign_map_attrition_types>
<campaign_map_attrition_types record_uuid="{6397d4b9-af1a-40c3-838d-855aa5b4e989}" record_key="disease">
<key>disease</key>
</campaign_map_attrition_types>
<campaign_map_attrition_types record_uuid="{524277fc-3317-4a7f-8340-4e4ec95b5c92}" record_timestamp="1450102592976" record_key="horde_infighting">
<key>horde_infighting</key>
</campaign_map_attrition_types>
<campaign_map_attrition_types record_uuid="{5cccb04a-b006-4b15-ae5b-9a59012f215f}" record_timestamp="1437741934654" record_key="low_morale">
<key>low_morale</key>
</campaign_map_attrition_types>
<campaign_map_attrition_types record_uuid="{d369260a-a675-4c8a-a9e6-bac3e6401eb0}" record_timestamp="1431528859270" record_key="non_vampire_region">
<key>non_vampire_region</key>
</campaign_map_attrition_types>
<campaign_map_attrition_types record_uuid="{a4869c84-e4a5-437e-a818-5dfbae0d0f49}" record_timestamp="1373278235995" record_key="regionless">
<key>regionless</key>
</campaign_map_attrition_types>
<campaign_map_attrition_types record_uuid="{3f83abbf-c0af-4f03-8bfd-5dc680038fb6}" record_key="terrain_land">
<key>terrain_land</key>
</campaign_map_attrition_types>
<campaign_map_attrition_types record_uuid="{081b7756-acd1-4859-87f2-0be3507dfc1c}" record_key="terrain_sea">
<key>terrain_sea</key>
</campaign_map_attrition_types>
<campaign_map_attrition_types record_uuid="{da5f0770-a9cc-45b2-bb65-746b874a565b}" record_timestamp="1431528859270" record_key="vampire_region">
<key>vampire_region</key>
</campaign_map_attrition_types>
<campaign_map_attrition_types record_uuid="{91f649dd-aa29-4c47-a071-cc6c2b3d68a8}" record_timestamp="1444751560962" record_key="very_low_morale">
<key>very_low_morale</key>
</campaign_map_attrition_types>
</dataroot>
