<?xml version="1.0" encoding="UTF-8"?>
<dataroot xmlns:od="urn:schemas-microsoft-com:officedata" xmlns:xsi="http://www.w3.org/2001/XMLSchema-instance" xsi:noNamespaceSchemaLocation="campaign_bonus_value_battle_context_battle_type_junctions.xsd" export_time="Tue Oct 6 21:49:04 2015" revision="11" export_branch="T:/common/TWeak/Framework" export_user="bob">
<edit_uuid>5c30f061-c77a-4007-b7e3-723bec8afe0a</edit_uuid>
<campaign_bonus_value_battle_context_battle_type_junctions record_uuid="{c019a731-da92-4432-b65c-2a6ee620ee54}" record_timestamp="1428932018894" record_key="fighting_battle_type_ambushland_ambush">
<battle_context_key>fighting_battle_type_ambush</battle_context_key>
<battle_type_key>land_ambush</battle_type_key>
</campaign_bonus_value_battle_context_battle_type_junctions>
<campaign_bonus_value_battle_context_battle_type_junctions record_uuid="{afca0fb0-1b40-4cbe-ab0b-81d9fbe041c3}" record_timestamp="1428932018941" record_key="fighting_battle_type_blockadenaval_blockade">
<battle_context_key>fighting_battle_type_blockade</battle_context_key>
<battle_type_key>naval_blockade</battle_type_key>
</campaign_bonus_value_battle_context_battle_type_junctions>
<campaign_bonus_value_battle_context_battle_type_junctions record_uuid="{8b5542dc-eb33-42af-8cfa-209f7b9615a1}" record_timestamp="1428932018972" record_key="fighting_battle_type_blockadenaval_breakout">
<battle_context_key>fighting_battle_type_blockade</battle_context_key>
<battle_type_key>naval_breakout</battle_type_key>
</campaign_bonus_value_battle_context_battle_type_junctions>
<campaign_bonus_value_battle_context_battle_type_junctions record_uuid="{988eb8a8-0056-4196-b54d-61fee2c9066a}" record_timestamp="1430205311360" record_key="fighting_battle_type_siege_subterraneansettlement_standard">
<battle_context_key>fighting_battle_type_siege_subterranean</battle_context_key>
<battle_type_key>settlement_standard</battle_type_key>
</campaign_bonus_value_battle_context_battle_type_junctions>
<campaign_bonus_value_battle_context_battle_type_junctions record_uuid="{48ef6c52-17ad-4100-bd5d-bbf14cde3a1f}" record_timestamp="1430205311360" record_key="fighting_battle_type_subterraneanunderground_intercept">
<battle_context_key>fighting_battle_type_subterranean</battle_context_key>
<battle_type_key>underground_intercept</battle_type_key>
</campaign_bonus_value_battle_context_battle_type_junctions>
<campaign_bonus_value_battle_context_battle_type_junctions record_uuid="{fe04844b-0774-4b46-9fcf-0e154d1c5689}" record_timestamp="1367846568893" record_key="fighting_force_status_yours_attacking_battle_type_break_outnaval_breakout">
<battle_context_key>fighting_force_status_yours_attacking_battle_type_break_out</battle_context_key>
<battle_type_key>naval_breakout</battle_type_key>
</campaign_bonus_value_battle_context_battle_type_junctions>
<campaign_bonus_value_battle_context_battle_type_junctions record_uuid="{51ec7774-74c5-4db8-833f-310dca6e07c0}" record_timestamp="1367846568927" record_key="fighting_force_status_yours_attacking_battle_type_break_outsettlement_sally">
<battle_context_key>fighting_force_status_yours_attacking_battle_type_break_out</battle_context_key>
<battle_type_key>settlement_sally</battle_type_key>
</campaign_bonus_value_battle_context_battle_type_junctions>
</dataroot>
