<?xml version="1.0" encoding="UTF-8"?>
<dataroot xmlns:od="urn:schemas-microsoft-com:officedata" xmlns:xsi="http://www.w3.org/2001/XMLSchema-instance" xsi:noNamespaceSchemaLocation="campaign_bonus_value_ids_unit_records.xsd" export_time="Wed Apr 20 12:44:41 2016" revision="15" export_branch="T:/branches/warhammer/beastmen/warhammer/binaries.x64" export_user="bob">
<edit_uuid>d92b1ce2-01ee-440a-aea8-13ebbf0bf77d</edit_uuid>
<campaign_bonus_value_ids_unit_records record_uuid="{51285dc2-fa05-4235-ad86-b66c7c128a50}" record_timestamp="1461152287787" record_key="armour_mod">
<key>armour_mod</key>
<notes>Percentage modifier for unit stat armour. Applied to unit stats, can come from force's or unit-commanding character's bonuses.</notes>
</campaign_bonus_value_ids_unit_records>
<campaign_bonus_value_ids_unit_records record_uuid="{ee0f23f2-2c92-4ca9-9628-5a80d7934fa2}" record_key="cost_mod">
<key>cost_mod</key>
<notes>Percentage modifier to unit cost. Used from province and sea-region bonuses when recruiting</notes>
</campaign_bonus_value_ids_unit_records>
<campaign_bonus_value_ids_unit_records record_uuid="{ea08daf4-4c22-4a71-849f-d4a72f481d83}" record_timestamp="1438698464081" record_key="damage_resistance_all_mod">
<key>damage_resistance_all_mod</key>
<notes>Additive bonus for all damage resistance, used at character and force bonuses.</notes>
</campaign_bonus_value_ids_unit_records>
<campaign_bonus_value_ids_unit_records record_uuid="{3b4aa946-5807-4876-b41a-e5f9a386d6ce}" record_timestamp="1438698464016" record_key="damage_resistance_flame_mod">
<key>damage_resistance_flame_mod</key>
<notes>Additive bonus for flame damage resistance, used at character and force bonuses.</notes>
</campaign_bonus_value_ids_unit_records>
<campaign_bonus_value_ids_unit_records record_uuid="{dc686cf5-bb4f-495b-8ee3-488c4daa20c4}" record_timestamp="1438698463949" record_key="damage_resistance_magic_mod">
<key>damage_resistance_magic_mod</key>
<notes>Additive bonus for magic damage resistance, used at character and force bonuses.</notes>
</campaign_bonus_value_ids_unit_records>
<campaign_bonus_value_ids_unit_records record_uuid="{ef15a47d-5877-4e01-8ba2-5b33ace671c7}" record_timestamp="1438698463818" record_key="damage_resistance_missile_mod">
<key>damage_resistance_missile_mod</key>
<notes>Additive bonus for missile damage resistance, used at character and force bonuses.</notes>
</campaign_bonus_value_ids_unit_records>
<campaign_bonus_value_ids_unit_records record_uuid="{50792914-8583-4a4f-a4cd-27de6e039a6b}" record_timestamp="1438698463884" record_key="damage_resistance_physical_mod">
<key>damage_resistance_physical_mod</key>
<notes>Additive bonus for physical damage resistance, used at character and force bonuses.</notes>
</campaign_bonus_value_ids_unit_records>
<campaign_bonus_value_ids_unit_records record_uuid="{2f92ff93-2bd1-4ef5-8ba1-67931983b188}" record_timestamp="1438698463347" record_key="damage_vs_large_entities">
<key>damage_vs_large_entities</key>
<notes>Additive bonus for damage vs large entities, used at character and force bonuses.</notes>
</campaign_bonus_value_ids_unit_records>
<campaign_bonus_value_ids_unit_records record_uuid="{7956ebbd-3146-465f-b109-dae9e487d8d4}" record_timestamp="1461152287787" record_key="general_aoe_mod">
<key>general_aoe_mod</key>
<notes>Sets inspiration_range_bonus for unit. Applied to unit stats, can come from force's or unit-commanding character's bonuses.</notes>
</campaign_bonus_value_ids_unit_records>
<campaign_bonus_value_ids_unit_records record_uuid="{3b0c96e9-1875-4074-9e54-bbba5b20d352}" record_timestamp="1440684507533" record_key="general_aoe_morale_effect_mod">
<key>general_aoe_morale_effect_mod</key>
<notes>Additive modifier to unit morale for units within a generals aura. Used at character and force bonuses.</notes>
</campaign_bonus_value_ids_unit_records>
<campaign_bonus_value_ids_unit_records record_uuid="{d11d2e55-6c5e-45ac-bf52-fde0e9d8259e}" record_key="melee_attack_mod">
<key>melee_attack_mod</key>
<notes>Added to melee attack stat. Used from force's or unit-commanding character's bonuses.</notes>
</campaign_bonus_value_ids_unit_records>
<campaign_bonus_value_ids_unit_records record_uuid="{17af539b-85f8-49da-98cc-f1257d044522}" record_timestamp="1438698463561" record_key="melee_damage_ap_mod_add">
<key>melee_damage_ap_mod_add</key>
<notes>Additive bonus for melee ap damage, used at character and force bonuses.</notes>
</campaign_bonus_value_ids_unit_records>
<campaign_bonus_value_ids_unit_records record_uuid="{493594b5-ca6a-4f4c-aca0-0bb62a8e711e}" record_timestamp="1438698463624" record_key="melee_damage_ap_mod_mult">
<key>melee_damage_ap_mod_mult</key>
<notes>Multiplicative bonus for melee ap damage, used at character and force bonuses.</notes>
</campaign_bonus_value_ids_unit_records>
<campaign_bonus_value_ids_unit_records record_uuid="{d00318c5-fcda-4db8-ae6a-f2985550b9c2}" record_timestamp="1438698463690" record_key="melee_damage_mod_add">
<key>melee_damage_mod_add</key>
<notes>Additive bonus for melee damage, used at character and force bonuses.</notes>
</campaign_bonus_value_ids_unit_records>
<campaign_bonus_value_ids_unit_records record_uuid="{2574fcd9-7cf3-4a54-9533-07404f94a653}" record_timestamp="1438698463754" record_key="melee_damage_mod_mult">
<key>melee_damage_mod_mult</key>
<notes>Multiplicative bonus for melee damage, used at character and force bonuses.</notes>
</campaign_bonus_value_ids_unit_records>
<campaign_bonus_value_ids_unit_records record_uuid="{425d56e2-30a3-4de6-a9cd-f23535c8ad28}" record_key="melee_defence_mod">
<key>melee_defence_mod</key>
<notes>Added to melee defence stat (m_melee_defence). Used from force's or unit-commanding character's bonuses.</notes>
</campaign_bonus_value_ids_unit_records>
<campaign_bonus_value_ids_unit_records record_uuid="{238ad0e2-f38a-4fc8-b0af-b18367b8a919}" record_timestamp="1438772044925" record_key="miscast_chance_mod">
<key>miscast_chance_mod</key>
<notes>Percentage modifier on miscast chance. Used at character and force bonuses.</notes>
</campaign_bonus_value_ids_unit_records>
<campaign_bonus_value_ids_unit_records record_uuid="{ccafc8d3-92cf-4810-a2c6-0e2eae8b77f0}" record_timestamp="1438698463423" record_key="missile_damage_ap_mod_mult">
<key>missile_damage_ap_mod_mult</key>
<notes>Multiplicative bonus for missile ap damage, used at character and force bonuses.</notes>
</campaign_bonus_value_ids_unit_records>
<campaign_bonus_value_ids_unit_records record_uuid="{b303e0d2-e598-4da0-90dc-ea8516f2c685}" record_timestamp="1438698463488" record_key="missile_damage_mod_mult">
<key>missile_damage_mod_mult</key>
<notes>Multiplicative bonus for missile damage, used at character and force bonuses.</notes>
</campaign_bonus_value_ids_unit_records>
<campaign_bonus_value_ids_unit_records record_uuid="{b04bc1f8-fc5c-4a1f-8128-136d4343369e}" record_timestamp="1461152289170" record_key="morale">
<key>morale</key>
<notes>Increase unit morale. Used from force's or unit-commanding character's bonuses.</notes>
</campaign_bonus_value_ids_unit_records>
<campaign_bonus_value_ids_unit_records record_uuid="{5ef57761-f7b3-480e-ab50-c65c606e9e9d}" record_timestamp="1461152289170" record_key="recruit_time_mod">
<key>recruit_time_mod</key>
<notes>Added to recruitment time for units. Used from province and sea-region bonuses when recruiting</notes>
</campaign_bonus_value_ids_unit_records>
<campaign_bonus_value_ids_unit_records record_uuid="{b60965d0-4b4c-4564-8a36-1eefc083db67}" record_key="scares_men">
<key>scares_men</key>
<notes>NOT CURRENTLY USED</notes>
</campaign_bonus_value_ids_unit_records>
<campaign_bonus_value_ids_unit_records record_uuid="{8fd73db5-9a6f-4b3f-945b-ea056c30234f}" record_timestamp="1440684507349" record_key="splash_attack_power_mod_add">
<key>splash_attack_power_mod_add</key>
<notes>Additive modifier to unit splash attack multiplier. Used at character and force bonuses.</notes>
</campaign_bonus_value_ids_unit_records>
<campaign_bonus_value_ids_unit_records record_uuid="{5eb0efc6-ef93-4822-b5c5-60a05ce7bc11}" record_timestamp="1461152289170" record_key="unit_cap">
<key>unit_cap</key>
<notes>Modifies faction unit cap for this unit. Used at faction bonuses</notes>
</campaign_bonus_value_ids_unit_records>
<campaign_bonus_value_ids_unit_records record_uuid="{2fb3781c-4d88-4746-ae7c-ed3e74e22c36}" record_timestamp="1409069706747" record_key="unit_fatigue_resistance_mod">
<key>unit_fatigue_resistance_mod</key>
<notes>Percentage modifier unit fatigue restistance. Negative values increase resistance. Used at military force bonuses.</notes>
</campaign_bonus_value_ids_unit_records>
<campaign_bonus_value_ids_unit_records record_uuid="{eea1b7a5-4b52-454f-907e-200be030b067}" record_timestamp="1438772044902" record_key="unit_flaming_attack_mod">
<key>unit_flaming_attack_mod</key>
<notes>Additive bonus for flaming attack damage, used at character and force bonuses.</notes>
</campaign_bonus_value_ids_unit_records>
<campaign_bonus_value_ids_unit_records record_uuid="{e0d03217-75b1-4d54-b746-0a4419137cdb}" record_timestamp="1398353078132" record_key="unit_starting_fatigue_state">
<key>unit_starting_fatigue_state</key>
<notes>Unit starting fatigue state. Used as a max value (does not stack). 0 = fresh, 5 = exhausted. Used at military force bonuses.</notes>
</campaign_bonus_value_ids_unit_records>
<campaign_bonus_value_ids_unit_records record_uuid="{90b8d0b6-036d-4c4d-bec5-de356dd192e3}" record_key="unit_stat_bonus_accuracy">
<key>unit_stat_bonus_accuracy</key>
<notes>Sets UNIT_STATISTICS_BONUSES value for accuracy bonus. Used from province and sea-region bonuses when recruiting</notes>
</campaign_bonus_value_ids_unit_records>
<campaign_bonus_value_ids_unit_records record_uuid="{e44c9604-1594-4c15-a888-ff4d21bd81d8}" record_key="unit_stat_bonus_ammunition">
<key>unit_stat_bonus_ammunition</key>
<notes>Sets UNIT_STATISTICS_BONUSES value for ammunition bonus. Used from province and sea-region bonuses when recruiting</notes>
</campaign_bonus_value_ids_unit_records>
<campaign_bonus_value_ids_unit_records record_uuid="{39cc0c5e-dc57-44a6-8260-db330e7f8113}" record_key="unit_stat_bonus_armour">
<key>unit_stat_bonus_armour</key>
<notes>Sets UNIT_STATISTICS_BONUSES value for armour bonus. Used from province and sea-region bonuses when recruiting</notes>
</campaign_bonus_value_ids_unit_records>
<campaign_bonus_value_ids_unit_records record_uuid="{ec8e804b-8d5c-4fcd-a98c-6b78e4fc3842}" record_key="unit_stat_bonus_attack">
<key>unit_stat_bonus_attack</key>
<notes>Sets UNIT_STATISTICS_BONUSES value for attack bonus. Used from province and sea-region bonuses when recruiting</notes>
</campaign_bonus_value_ids_unit_records>
<campaign_bonus_value_ids_unit_records record_uuid="{f1102144-32f4-41b0-aea1-0a120f5855b7}" record_key="unit_stat_bonus_charge">
<key>unit_stat_bonus_charge</key>
<notes>Sets UNIT_STATISTICS_BONUSES value for charge bonus. Used from province and sea-region bonuses when recruiting</notes>
</campaign_bonus_value_ids_unit_records>
<campaign_bonus_value_ids_unit_records record_uuid="{ded5e950-c8b2-4071-af5e-fbcab018493e}" record_key="unit_stat_bonus_defence">
<key>unit_stat_bonus_defence</key>
<notes>Sets UNIT_STATISTICS_BONUSES value for defence bonus. Used from province and sea-region bonuses when recruiting</notes>
</campaign_bonus_value_ids_unit_records>
<campaign_bonus_value_ids_unit_records record_uuid="{c7b44c74-9736-4538-acf2-e7bda2d86802}" record_key="unit_stat_bonus_horses">
<key>unit_stat_bonus_horses</key>
<notes>Sets UNIT_STATISTICS_BONUSES value for horses bonus. Used from province and sea-region bonuses when recruiting</notes>
</campaign_bonus_value_ids_unit_records>
<campaign_bonus_value_ids_unit_records record_uuid="{4ab9116b-ff69-4888-a600-1b57b8d580d9}" record_key="unit_stat_bonus_hull_armour">
<key>unit_stat_bonus_hull_armour</key>
<notes>Sets UNIT_STATISTICS_BONUSES value for hull armour bonus. Used from province and sea-region bonuses when recruiting</notes>
</campaign_bonus_value_ids_unit_records>
<campaign_bonus_value_ids_unit_records record_uuid="{6850a3bc-db28-4ab1-9d3e-1b05ae8b22e0}" record_key="unit_stat_bonus_hull_health">
<key>unit_stat_bonus_hull_health</key>
<notes>Sets UNIT_STATISTICS_BONUSES value for hull health bonus. Used from province and sea-region bonuses when recruiting</notes>
</campaign_bonus_value_ids_unit_records>
<campaign_bonus_value_ids_unit_records record_uuid="{b6982063-ae86-4aa9-8407-cd00405a39ec}" record_key="unit_stat_bonus_morale">
<key>unit_stat_bonus_morale</key>
<notes>Sets UNIT_STATISTICS_BONUSES value for morale bonus. Used from province and sea-region bonuses when recruiting</notes>
</campaign_bonus_value_ids_unit_records>
<campaign_bonus_value_ids_unit_records record_uuid="{c4c4a1f1-64e2-4399-820b-432fd7a7af4c}" record_key="unit_stat_bonus_ramming">
<key>unit_stat_bonus_ramming</key>
<notes>Sets UNIT_STATISTICS_BONUSES value for ramming bonus. Used from province and sea-region bonuses when recruiting</notes>
</campaign_bonus_value_ids_unit_records>
<campaign_bonus_value_ids_unit_records record_uuid="{a8421897-deda-4ac7-a444-2a78e2014bdc}" record_key="unit_stat_bonus_shield">
<key>unit_stat_bonus_shield</key>
<notes>Sets UNIT_STATISTICS_BONUSES value for shield bonus. Used from province and sea-region bonuses when recruiting</notes>
</campaign_bonus_value_ids_unit_records>
<campaign_bonus_value_ids_unit_records record_uuid="{5e5a94c2-e770-4ab8-ac41-9402e30a2076}" record_key="unit_stat_bonus_weapon">
<key>unit_stat_bonus_weapon</key>
<notes>Sets UNIT_STATISTICS_BONUSES value for weapon bonus. Used from province and sea-region bonuses when recruiting</notes>
</campaign_bonus_value_ids_unit_records>
<campaign_bonus_value_ids_unit_records record_uuid="{bb041374-f217-483f-ba00-448128be6542}" record_key="unit_xp_mod">
<key>unit_xp_mod</key>
<notes>Added to recruitment XP for units. Used from province and sea-region bonuses when recruiting</notes>
</campaign_bonus_value_ids_unit_records>
<campaign_bonus_value_ids_unit_records record_uuid="{4b3ad5c9-b187-4f9f-b21e-c9bfb41061d1}" record_key="upkeep_mod">
<key>upkeep_mod</key>
<notes>Percentage modifier for unit upkeep. Used from military force bonuses.</notes>
</campaign_bonus_value_ids_unit_records>
<campaign_bonus_value_ids_unit_records record_uuid="{0455bf0f-4775-4b6e-ac9c-329190481226}" record_timestamp="1430928261564" record_key="vampiric_mercenary_recruitment_capacity">
<key>vampiric_mercenary_recruitment_capacity</key>
<notes>Accumulated across all sources and then modified by sinusoidal function before being added to capacity of vampiric mercenary pools.</notes>
</campaign_bonus_value_ids_unit_records>
<campaign_bonus_value_ids_unit_records record_uuid="{bc36001d-cf9a-456b-80d1-0585e5e98364}" record_timestamp="1430928261564" record_key="vampiric_mercenary_recruitment_replenishment_rate">
<key>vampiric_mercenary_recruitment_replenishment_rate</key>
<notes>Accumulated across all sources and then modified by sinusoidal function before being added to replenishment rate of vampiric mercenary pools.</notes>
</campaign_bonus_value_ids_unit_records>
</dataroot>
