<?xml version="1.0" encoding="UTF-8"?>
<dataroot xmlns:od="urn:schemas-microsoft-com:officedata" xmlns:xsi="http://www.w3.org/2001/XMLSchema-instance" xsi:noNamespaceSchemaLocation="campaign_group_member_criteria_campaigns.xsd" export_time="Thu Jul 14 13:30:48 2016" revision="8" export_branch="T:/branches/warhammer/sigmar/warhammer/binaries.x64" export_user="bob">
<edit_uuid>df238fdb-4354-4c10-b7ed-762847bd6666</edit_uuid>
<campaign_group_member_criteria_campaigns record_uuid="{6e118072-6904-43f2-88f0-efcb73f068e4}" record_timestamp="1466172813144" record_key="wh_dlc03_occupation_decision_beastmen_mini_campaign_humans_no_resettle">
<campaign>wh_dlc03_beastmen</campaign>
<member>wh_dlc03_occupation_decision_beastmen_mini_campaign_humans_no_resettle</member>
</campaign_group_member_criteria_campaigns>
<campaign_group_member_criteria_campaigns record_uuid="{ad0fa8a4-8ac7-4803-92bb-4a5e0a3b65d1}" record_timestamp="1468497399154" record_key="wh_dlc03_occupation_decision_beastmen_mini_campaign_savage_orcs">
<campaign>wh_dlc03_beastmen</campaign>
<member>wh_dlc03_occupation_decision_beastmen_mini_campaign_savage_orcs</member>
</campaign_group_member_criteria_campaigns>
<campaign_group_member_criteria_campaigns record_uuid="{839a53bd-7e26-495e-907a-3763a3cd3841}" record_timestamp="1466172812855" record_key="wh_occupation_decision_all_main_campaign_empire">
<campaign>main_warhammer</campaign>
<member>wh_occupation_decision_all_main_campaign_empire</member>
</campaign_group_member_criteria_campaigns>
<campaign_group_member_criteria_campaigns record_uuid="{96ab8f50-8895-453a-92df-3bf8ac33799d}" record_timestamp="1468497399153" record_key="wh_occupation_decision_all_main_campaign_savage_orcs">
<campaign>main_warhammer</campaign>
<member>wh_occupation_decision_all_main_campaign_savage_orcs</member>
</campaign_group_member_criteria_campaigns>
<campaign_group_member_criteria_campaigns record_uuid="{017a9ec3-9134-403a-9527-cf1ebf27b817}" record_timestamp="1466172801463" record_key="wh_occupation_decision_main_campaign_humans_brt_bretonnia_to_brt_bretonnia">
<campaign>main_warhammer</campaign>
<member>wh_occupation_decision_main_campaign_humans_brt_bretonnia_to_brt_bretonnia</member>
</campaign_group_member_criteria_campaigns>
<campaign_group_member_criteria_campaigns record_uuid="{9a4676e8-0bf2-4ef5-87e0-1f156a646d3a}" record_timestamp="1466172802216" record_key="wh_occupation_decision_main_campaign_humans_brt_bretonnia_to_emp_empire">
<campaign>main_warhammer</campaign>
<member>wh_occupation_decision_main_campaign_humans_brt_bretonnia_to_emp_empire</member>
</campaign_group_member_criteria_campaigns>
<campaign_group_member_criteria_campaigns record_uuid="{3fa3c00d-48b2-4ecd-b7ff-88987eb031a5}" record_timestamp="1466172802398" record_key="wh_occupation_decision_main_campaign_humans_brt_bretonnia_to_ksl_kislev">
<campaign>main_warhammer</campaign>
<member>wh_occupation_decision_main_campaign_humans_brt_bretonnia_to_ksl_kislev</member>
</campaign_group_member_criteria_campaigns>
<campaign_group_member_criteria_campaigns record_uuid="{a35624af-4ac1-4bea-975e-4afcd4e71392}" record_timestamp="1466172802583" record_key="wh_occupation_decision_main_campaign_humans_brt_bretonnia_to_teb_teb">
<campaign>main_warhammer</campaign>
<member>wh_occupation_decision_main_campaign_humans_brt_bretonnia_to_teb_teb</member>
</campaign_group_member_criteria_campaigns>
<campaign_group_member_criteria_campaigns record_uuid="{bf19aa4b-3c3f-4d89-b5fe-e9ed7c7bed6c}" record_timestamp="1466172802772" record_key="wh_occupation_decision_main_campaign_humans_brt_bretonnia_to_vmp_vampire_counts">
<campaign>main_warhammer</campaign>
<member>wh_occupation_decision_main_campaign_humans_brt_bretonnia_to_vmp_vampire_counts</member>
</campaign_group_member_criteria_campaigns>
<campaign_group_member_criteria_campaigns record_uuid="{9775dba4-4f5c-4d6c-a05e-a86565782e84}" record_timestamp="1466172802964" record_key="wh_occupation_decision_main_campaign_humans_emp_empire_to_brt_bretonnia">
<campaign>main_warhammer</campaign>
<member>wh_occupation_decision_main_campaign_humans_emp_empire_to_brt_bretonnia</member>
</campaign_group_member_criteria_campaigns>
<campaign_group_member_criteria_campaigns record_uuid="{5d78cd53-0be8-4534-8f15-47f3040f63bf}" record_timestamp="1466172803161" record_key="wh_occupation_decision_main_campaign_humans_emp_empire_to_emp_empire">
<campaign>main_warhammer</campaign>
<member>wh_occupation_decision_main_campaign_humans_emp_empire_to_emp_empire</member>
</campaign_group_member_criteria_campaigns>
<campaign_group_member_criteria_campaigns record_uuid="{c745845b-f873-403b-9923-577b7737b94d}" record_timestamp="1466172803359" record_key="wh_occupation_decision_main_campaign_humans_emp_empire_to_ksl_kislev">
<campaign>main_warhammer</campaign>
<member>wh_occupation_decision_main_campaign_humans_emp_empire_to_ksl_kislev</member>
</campaign_group_member_criteria_campaigns>
<campaign_group_member_criteria_campaigns record_uuid="{dc7b85f6-4d83-47d1-a17c-6b32baf4100d}" record_timestamp="1466172803560" record_key="wh_occupation_decision_main_campaign_humans_emp_empire_to_teb_teb">
<campaign>main_warhammer</campaign>
<member>wh_occupation_decision_main_campaign_humans_emp_empire_to_teb_teb</member>
</campaign_group_member_criteria_campaigns>
<campaign_group_member_criteria_campaigns record_uuid="{abf86e99-2e7c-4cd7-b462-309fb54eba77}" record_timestamp="1466172803764" record_key="wh_occupation_decision_main_campaign_humans_emp_empire_to_vmp_vampire_counts">
<campaign>main_warhammer</campaign>
<member>wh_occupation_decision_main_campaign_humans_emp_empire_to_vmp_vampire_counts</member>
</campaign_group_member_criteria_campaigns>
<campaign_group_member_criteria_campaigns record_uuid="{57f7c6f8-580e-42e7-9bdb-bde11674a814}" record_timestamp="1466172804371" record_key="wh_occupation_decision_main_campaign_humans_ksl_kislev_to_brt_bretonnia">
<campaign>main_warhammer</campaign>
<member>wh_occupation_decision_main_campaign_humans_ksl_kislev_to_brt_bretonnia</member>
</campaign_group_member_criteria_campaigns>
<campaign_group_member_criteria_campaigns record_uuid="{29060b14-023a-43f8-8312-a91803350780}" record_timestamp="1466172804708" record_key="wh_occupation_decision_main_campaign_humans_ksl_kislev_to_emp_empire">
<campaign>main_warhammer</campaign>
<member>wh_occupation_decision_main_campaign_humans_ksl_kislev_to_emp_empire</member>
</campaign_group_member_criteria_campaigns>
<campaign_group_member_criteria_campaigns record_uuid="{a1b67c45-0871-4ceb-9fbb-20f3fc7b33a8}" record_timestamp="1466172805052" record_key="wh_occupation_decision_main_campaign_humans_ksl_kislev_to_ksl_kislev">
<campaign>main_warhammer</campaign>
<member>wh_occupation_decision_main_campaign_humans_ksl_kislev_to_ksl_kislev</member>
</campaign_group_member_criteria_campaigns>
<campaign_group_member_criteria_campaigns record_uuid="{e55fa945-9e2d-4e39-a5a0-0cb11cfae353}" record_timestamp="1466172805399" record_key="wh_occupation_decision_main_campaign_humans_ksl_kislev_to_teb_teb">
<campaign>main_warhammer</campaign>
<member>wh_occupation_decision_main_campaign_humans_ksl_kislev_to_teb_teb</member>
</campaign_group_member_criteria_campaigns>
<campaign_group_member_criteria_campaigns record_uuid="{9534f76c-51f9-4593-ae05-35c1d4f1eccd}" record_timestamp="1466172805749" record_key="wh_occupation_decision_main_campaign_humans_ksl_kislev_to_vmp_vampire_counts">
<campaign>main_warhammer</campaign>
<member>wh_occupation_decision_main_campaign_humans_ksl_kislev_to_vmp_vampire_counts</member>
</campaign_group_member_criteria_campaigns>
<campaign_group_member_criteria_campaigns record_uuid="{64ca6be9-f8e4-4a0b-806e-64e405691b69}" record_timestamp="1466172806458" record_key="wh_occupation_decision_main_campaign_humans_teb_teb_to_brt_bretonnia">
<campaign>main_warhammer</campaign>
<member>wh_occupation_decision_main_campaign_humans_teb_teb_to_brt_bretonnia</member>
</campaign_group_member_criteria_campaigns>
<campaign_group_member_criteria_campaigns record_uuid="{00296398-a0c6-4609-8880-9b4c08f82361}" record_timestamp="1466172806817" record_key="wh_occupation_decision_main_campaign_humans_teb_teb_to_emp_empire">
<campaign>main_warhammer</campaign>
<member>wh_occupation_decision_main_campaign_humans_teb_teb_to_emp_empire</member>
</campaign_group_member_criteria_campaigns>
<campaign_group_member_criteria_campaigns record_uuid="{6acff8f1-7357-4c69-9f75-e7b03fde1007}" record_timestamp="1466172807178" record_key="wh_occupation_decision_main_campaign_humans_teb_teb_to_ksl_kislev">
<campaign>main_warhammer</campaign>
<member>wh_occupation_decision_main_campaign_humans_teb_teb_to_ksl_kislev</member>
</campaign_group_member_criteria_campaigns>
<campaign_group_member_criteria_campaigns record_uuid="{691d2934-dc69-4b98-92bb-01caf82e925d}" record_timestamp="1466172807540" record_key="wh_occupation_decision_main_campaign_humans_teb_teb_to_teb_teb">
<campaign>main_warhammer</campaign>
<member>wh_occupation_decision_main_campaign_humans_teb_teb_to_teb_teb</member>
</campaign_group_member_criteria_campaigns>
<campaign_group_member_criteria_campaigns record_uuid="{6f680540-6488-4af1-8a63-cb5c195776c3}" record_timestamp="1466172807905" record_key="wh_occupation_decision_main_campaign_humans_teb_teb_to_vmp_vampire_counts">
<campaign>main_warhammer</campaign>
<member>wh_occupation_decision_main_campaign_humans_teb_teb_to_vmp_vampire_counts</member>
</campaign_group_member_criteria_campaigns>
<campaign_group_member_criteria_campaigns record_uuid="{e8f78a4c-7abe-4c66-81c7-69e7d7423661}" record_timestamp="1466172808639" record_key="wh_occupation_decision_main_campaign_humans_vmp_vampire_counts_to_brt_bretonnia">
<campaign>main_warhammer</campaign>
<member>wh_occupation_decision_main_campaign_humans_vmp_vampire_counts_to_brt_bretonnia</member>
</campaign_group_member_criteria_campaigns>
<campaign_group_member_criteria_campaigns record_uuid="{c591157c-3269-4847-a282-2c7915434a83}" record_timestamp="1466172809016" record_key="wh_occupation_decision_main_campaign_humans_vmp_vampire_counts_to_emp_empire">
<campaign>main_warhammer</campaign>
<member>wh_occupation_decision_main_campaign_humans_vmp_vampire_counts_to_emp_empire</member>
</campaign_group_member_criteria_campaigns>
<campaign_group_member_criteria_campaigns record_uuid="{6bc9f276-c61c-4827-9f36-aec7e060064f}" record_timestamp="1466172809395" record_key="wh_occupation_decision_main_campaign_humans_vmp_vampire_counts_to_ksl_kislev">
<campaign>main_warhammer</campaign>
<member>wh_occupation_decision_main_campaign_humans_vmp_vampire_counts_to_ksl_kislev</member>
</campaign_group_member_criteria_campaigns>
<campaign_group_member_criteria_campaigns record_uuid="{b6446d27-c2d5-4b2f-889b-874da7d4c655}" record_timestamp="1466172809777" record_key="wh_occupation_decision_main_campaign_humans_vmp_vampire_counts_to_teb_teb">
<campaign>main_warhammer</campaign>
<member>wh_occupation_decision_main_campaign_humans_vmp_vampire_counts_to_teb_teb</member>
</campaign_group_member_criteria_campaigns>
<campaign_group_member_criteria_campaigns record_uuid="{e0f531ba-b764-484e-b58c-b59435047536}" record_timestamp="1466172810161" record_key="wh_occupation_decision_main_campaign_humans_vmp_vampire_counts_to_vmp_vampire_counts">
<campaign>main_warhammer</campaign>
<member>wh_occupation_decision_main_campaign_humans_vmp_vampire_counts_to_vmp_vampire_counts</member>
</campaign_group_member_criteria_campaigns>
</dataroot>
