<?xml version="1.0" encoding="UTF-8"?>
<dataroot xmlns:od="urn:schemas-microsoft-com:officedata" xmlns:xsi="http://www.w3.org/2001/XMLSchema-instance" xsi:noNamespaceSchemaLocation="campaign_group_member_criteria_originating_cultures.xsd" export_time="Thu Aug 4 10:26:33 2016" revision="16" export_branch="T:/" export_user="bob">
<edit_uuid>47e31024-67aa-409a-9124-65644d6216d2</edit_uuid>
<campaign_group_member_criteria_originating_cultures record_uuid="{ad4efd0b-f4e9-4a83-82ab-2ed0922dcd9a}" record_timestamp="1440156666284" record_key="wh_captive_option_enslave_chaos">
<culture>wh_main_chs_chaos</culture>
<member>wh_captive_option_enslave_chaos</member>
</campaign_group_member_criteria_originating_cultures>
<campaign_group_member_criteria_originating_cultures record_uuid="{07418a41-68e4-4500-a08c-c37eafb25cde}" record_timestamp="1440156666283" record_key="wh_captive_option_enslave_dwarfs">
<culture>wh_main_dwf_dwarfs</culture>
<member>wh_captive_option_enslave_dwarfs</member>
</campaign_group_member_criteria_originating_cultures>
<campaign_group_member_criteria_originating_cultures record_uuid="{a35c2957-ed0c-48f0-a797-9228e2bcb34a}" record_timestamp="1440156666282" record_key="wh_captive_option_enslave_greenskins">
<culture>wh_main_grn_greenskins</culture>
<member>wh_captive_option_enslave_greenskins</member>
</campaign_group_member_criteria_originating_cultures>
<campaign_group_member_criteria_originating_cultures record_uuid="{223c0bb2-e834-493b-9a3d-9fb7cea73e5a}" record_timestamp="1444293095584" record_key="wh_captive_option_enslave_humans_brt">
<culture>wh_main_brt_bretonnia</culture>
<member>wh_captive_option_enslave_humans_brt</member>
</campaign_group_member_criteria_originating_cultures>
<campaign_group_member_criteria_originating_cultures record_uuid="{db1b1af6-957b-4cd5-bcd6-89282f6f2263}" record_timestamp="1444293095162" record_key="wh_captive_option_enslave_humans_emp">
<culture>wh_main_emp_empire</culture>
<member>wh_captive_option_enslave_humans_emp</member>
</campaign_group_member_criteria_originating_cultures>
<campaign_group_member_criteria_originating_cultures record_uuid="{343acf12-1752-4d8d-b746-568ea9a032df}" record_timestamp="1440156666282" record_key="wh_captive_option_enslave_vampire_counts">
<culture>wh_main_vmp_vampire_counts</culture>
<member>wh_captive_option_enslave_vampire_counts</member>
</campaign_group_member_criteria_originating_cultures>
<campaign_group_member_criteria_originating_cultures record_uuid="{6e6703ee-8207-4ea2-a1b6-86cf40b1c972}" record_timestamp="1444293097705" record_key="wh_captive_option_kill_chaos">
<culture>wh_main_chs_chaos</culture>
<member>wh_captive_option_kill_chaos</member>
</campaign_group_member_criteria_originating_cultures>
<campaign_group_member_criteria_originating_cultures record_uuid="{9d169c9b-8045-437e-8e4e-b538a40fb0de}" record_timestamp="1444293097783" record_key="wh_captive_option_kill_dwarfs">
<culture>wh_main_dwf_dwarfs</culture>
<member>wh_captive_option_kill_dwarfs</member>
</campaign_group_member_criteria_originating_cultures>
<campaign_group_member_criteria_originating_cultures record_uuid="{3d343f24-1f88-472a-901f-ed6b9c43a8a1}" record_timestamp="1444293097955" record_key="wh_captive_option_kill_greenskins">
<culture>wh_main_grn_greenskins</culture>
<member>wh_captive_option_kill_greenskins</member>
</campaign_group_member_criteria_originating_cultures>
<campaign_group_member_criteria_originating_cultures record_uuid="{f62d4933-2418-4026-b6bd-ead48b1965d9}" record_timestamp="1444293098017" record_key="wh_captive_option_kill_humans_brt">
<culture>wh_main_brt_bretonnia</culture>
<member>wh_captive_option_kill_humans_brt</member>
</campaign_group_member_criteria_originating_cultures>
<campaign_group_member_criteria_originating_cultures record_uuid="{116a6c27-542b-4f32-b3cb-17a4ec1a3523}" record_timestamp="1444293097830" record_key="wh_captive_option_kill_humans_emp">
<culture>wh_main_emp_empire</culture>
<member>wh_captive_option_kill_humans_emp</member>
</campaign_group_member_criteria_originating_cultures>
<campaign_group_member_criteria_originating_cultures record_uuid="{ef913344-3a1c-46a2-9864-51ec2e9559bd}" record_timestamp="1444293097892" record_key="wh_captive_option_kill_vampire_counts">
<culture>wh_main_vmp_vampire_counts</culture>
<member>wh_captive_option_kill_vampire_counts</member>
</campaign_group_member_criteria_originating_cultures>
<campaign_group_member_criteria_originating_cultures record_uuid="{ffeab1d2-608e-4977-9882-aa6693624149}" record_timestamp="1444293098189" record_key="wh_captive_option_release_chaos">
<culture>wh_main_chs_chaos</culture>
<member>wh_captive_option_release_chaos</member>
</campaign_group_member_criteria_originating_cultures>
<campaign_group_member_criteria_originating_cultures record_uuid="{6a145f33-eea4-407b-a0ed-f632b1866bff}" record_timestamp="1444293097534" record_key="wh_captive_option_release_dwarfs">
<culture>wh_main_dwf_dwarfs</culture>
<member>wh_captive_option_release_dwarfs</member>
</campaign_group_member_criteria_originating_cultures>
<campaign_group_member_criteria_originating_cultures record_uuid="{748b7299-67eb-4040-9951-e81e458ed826}" record_timestamp="1444293098064" record_key="wh_captive_option_release_greenskins">
<culture>wh_main_grn_greenskins</culture>
<member>wh_captive_option_release_greenskins</member>
</campaign_group_member_criteria_originating_cultures>
<campaign_group_member_criteria_originating_cultures record_uuid="{a26918fe-f5d1-45df-95a0-7676b5709689}" record_timestamp="1444293098126" record_key="wh_captive_option_release_humans_brt">
<culture>wh_main_brt_bretonnia</culture>
<member>wh_captive_option_release_humans_brt</member>
</campaign_group_member_criteria_originating_cultures>
<campaign_group_member_criteria_originating_cultures record_uuid="{dc87feec-a620-43b1-885a-70e812e16ec9}" record_timestamp="1444293097596" record_key="wh_captive_option_release_humans_emp">
<culture>wh_main_emp_empire</culture>
<member>wh_captive_option_release_humans_emp</member>
</campaign_group_member_criteria_originating_cultures>
<campaign_group_member_criteria_originating_cultures record_uuid="{e9a77482-637d-461e-a27c-ab187f5aad31}" record_timestamp="1444293097658" record_key="wh_captive_option_release_vampire_counts">
<culture>wh_main_vmp_vampire_counts</culture>
<member>wh_captive_option_release_vampire_counts</member>
</campaign_group_member_criteria_originating_cultures>
<campaign_group_member_criteria_originating_cultures record_uuid="{aa8762dd-b91d-46f6-8654-b31b02830461}" record_timestamp="1456845019533" record_key="wh_dlc03_captive_option_enslave_beastmen">
<culture>wh_dlc03_bst_beastmen</culture>
<member>wh_dlc03_captive_option_enslave_beastmen</member>
</campaign_group_member_criteria_originating_cultures>
<campaign_group_member_criteria_originating_cultures record_uuid="{c0c63783-1e06-4eb5-8510-8c45d22e135e}" record_timestamp="1456845019544" record_key="wh_dlc03_captive_option_kill_beastmen">
<culture>wh_dlc03_bst_beastmen</culture>
<member>wh_dlc03_captive_option_kill_beastmen</member>
</campaign_group_member_criteria_originating_cultures>
<campaign_group_member_criteria_originating_cultures record_uuid="{17f081db-035a-4148-9632-665054f9d24b}" record_timestamp="1456845019555" record_key="wh_dlc03_captive_option_release_beastmen">
<culture>wh_dlc03_bst_beastmen</culture>
<member>wh_dlc03_captive_option_release_beastmen</member>
</campaign_group_member_criteria_originating_cultures>
<campaign_group_member_criteria_originating_cultures record_uuid="{5e31b7d0-3874-4e89-bd95-b60c0bc3aa2f}" record_timestamp="1469455384860" record_key="wh_dlc03_feed_cult_empire_character_dies_battle_beastmen">
<culture>wh_dlc03_bst_beastmen</culture>
<member>wh_dlc03_feed_cult_empire_character_dies_battle_beastmen</member>
</campaign_group_member_criteria_originating_cultures>
<campaign_group_member_criteria_originating_cultures record_uuid="{8d325366-aaba-4c1f-829d-2c236087a88e}" record_timestamp="1469455384861" record_key="wh_event_feed_cult_empire_character_dies_battle_chaos">
<culture>wh_main_chs_chaos</culture>
<member>wh_event_feed_cult_empire_character_dies_battle_chaos</member>
</campaign_group_member_criteria_originating_cultures>
<campaign_group_member_criteria_originating_cultures record_uuid="{a7d00502-aaa3-4366-af0a-c56e51b90e71}" record_timestamp="1469455384861" record_key="wh_event_feed_cult_empire_character_dies_battle_dwarfs">
<culture>wh_main_dwf_dwarfs</culture>
<member>wh_event_feed_cult_empire_character_dies_battle_dwarfs</member>
</campaign_group_member_criteria_originating_cultures>
<campaign_group_member_criteria_originating_cultures record_uuid="{71c7ce86-2430-4963-9beb-2ca37ecce2a3}" record_timestamp="1469455333663" record_key="wh_event_feed_cult_empire_character_dies_battle_empire">
<culture>wh_main_emp_empire</culture>
<member>wh_event_feed_cult_empire_character_dies_battle_empire</member>
</campaign_group_member_criteria_originating_cultures>
<campaign_group_member_criteria_originating_cultures record_uuid="{842d2da8-188b-4e4d-b63b-a4f3e592850b}" record_timestamp="1469455384861" record_key="wh_event_feed_cult_empire_character_dies_battle_greenskins">
<culture>wh_main_grn_greenskins</culture>
<member>wh_event_feed_cult_empire_character_dies_battle_greenskins</member>
</campaign_group_member_criteria_originating_cultures>
<campaign_group_member_criteria_originating_cultures record_uuid="{a3ed0de7-38cc-4d30-bbd3-9e3f7d015cf5}" record_timestamp="1469455384862" record_key="wh_event_feed_cult_empire_character_dies_battle_vampire_counts">
<culture>wh_main_vmp_vampire_counts</culture>
<member>wh_event_feed_cult_empire_character_dies_battle_vampire_counts</member>
</campaign_group_member_criteria_originating_cultures>
<campaign_group_member_criteria_originating_cultures record_uuid="{9cd16d89-4c88-4381-95e4-24b85fb14703}" record_timestamp="1470302792972" record_key="wh_event_feed_discover_brayherd">
<culture>wh_dlc03_bst_beastmen</culture>
<member>wh_event_feed_discover_brayherd</member>
</campaign_group_member_criteria_originating_cultures>
<campaign_group_member_criteria_originating_cultures record_uuid="{6f393e0a-d56c-4508-a304-a95cc373435d}" record_timestamp="1470302792972" record_key="wh_event_feed_discover_waaagh">
<culture>wh_main_grn_greenskins</culture>
<member>wh_event_feed_discover_waaagh</member>
</campaign_group_member_criteria_originating_cultures>
<campaign_group_member_criteria_originating_cultures record_uuid="{3958d012-3030-4a02-853c-e2008d1e2d3a}" record_timestamp="1457344351950" record_key="wh_stance_csc_beastmen">
<culture>wh_dlc03_bst_beastmen</culture>
<member>wh_stance_csc_beastmen</member>
</campaign_group_member_criteria_originating_cultures>
<campaign_group_member_criteria_originating_cultures record_uuid="{fc5f7bb5-eadb-4ab2-91cf-c56113e9b026}" record_timestamp="1444304026065" record_key="wh_stance_csc_bretonnia">
<culture>wh_main_brt_bretonnia</culture>
<member>wh_stance_csc_bretonnia</member>
</campaign_group_member_criteria_originating_cultures>
<campaign_group_member_criteria_originating_cultures record_uuid="{8433ba67-cce9-43ab-90dd-bb9a5785fd08}" record_timestamp="1444304026040" record_key="wh_stance_csc_dwarfs">
<culture>wh_main_dwf_dwarfs</culture>
<member>wh_stance_csc_dwarfs</member>
</campaign_group_member_criteria_originating_cultures>
<campaign_group_member_criteria_originating_cultures record_uuid="{3c699a47-1354-4218-ae08-82d19079033e}" record_timestamp="1444304026078" record_key="wh_stance_csc_empire">
<culture>wh_main_emp_empire</culture>
<member>wh_stance_csc_empire</member>
</campaign_group_member_criteria_originating_cultures>
<campaign_group_member_criteria_originating_cultures record_uuid="{605e62db-9d53-4433-844a-2166571b6393}" record_timestamp="1444304026028" record_key="wh_stance_csc_greenskins">
<culture>wh_main_grn_greenskins</culture>
<member>wh_stance_csc_greenskins</member>
</campaign_group_member_criteria_originating_cultures>
<campaign_group_member_criteria_originating_cultures record_uuid="{6811555f-0740-42d7-9f80-9e5cf7755a64}" record_timestamp="1444304026053" record_key="wh_stance_csc_vampire_counts">
<culture>wh_main_vmp_vampire_counts</culture>
<member>wh_stance_csc_vampire_counts</member>
</campaign_group_member_criteria_originating_cultures>
</dataroot>
