<?xml version="1.0" encoding="UTF-8"?>
<dataroot xmlns:od="urn:schemas-microsoft-com:officedata" xmlns:xsi="http://www.w3.org/2001/XMLSchema-instance" xsi:noNamespaceSchemaLocation="campaign_statistics_enums.xsd" export_time="Mon Jan 11 08:51:41 2016" revision="13" export_branch="E:/TW/warhammer/binaries" export_user="bob">
<edit_uuid>01833f93-e31d-4cfe-b0d7-773cebc8db08</edit_uuid>
<campaign_statistics_enums record_uuid="{f76c60cd-0801-4238-a9d5-d3d580ccaa7b}" record_timestamp="1416240462386" record_key="agent_actions_poison_stores">
<key>agent_actions_poison_stores</key>
</campaign_statistics_enums>
<campaign_statistics_enums record_uuid="{2fa01c44-c74b-47a0-a5ff-2f4c4bcb14d0}" record_timestamp="1416240462386" record_key="agent_actions_preach_intolerance">
<key>agent_actions_preach_intolerance</key>
</campaign_statistics_enums>
<campaign_statistics_enums record_uuid="{a9670d1e-c03f-49e1-82e6-a23ed4bddd92}" record_timestamp="1416240462386" record_key="agent_actions_sabotage_walls">
<key>agent_actions_sabotage_walls</key>
</campaign_statistics_enums>
<campaign_statistics_enums record_uuid="{fc352c55-cafe-4337-b573-a525453e5add}" record_timestamp="1372765292664" record_key="agents_assassinated">
<key>agents_assassinated</key>
</campaign_statistics_enums>
<campaign_statistics_enums record_uuid="{49b92818-0230-46ef-a19b-e3befa477074}" record_timestamp="1372765292751" record_key="agents_assassinated_champions">
<key>agents_assassinated_champions</key>
</campaign_statistics_enums>
<campaign_statistics_enums record_uuid="{af73ff78-81f4-45f5-9ca5-ee6e4af7ce2c}" record_timestamp="1372765292693" record_key="agents_assassinated_dignitaries">
<key>agents_assassinated_dignitaries</key>
</campaign_statistics_enums>
<campaign_statistics_enums record_uuid="{3c8afecd-591a-433b-adfe-6b70c302b1ca}" record_timestamp="1372765292722" record_key="agents_assassinated_spies">
<key>agents_assassinated_spies</key>
</campaign_statistics_enums>
<campaign_statistics_enums record_uuid="{1fce68ff-802e-4a41-9cd2-0bc25005c066}" record_timestamp="1372765292297" record_key="agents_destroyed">
<key>agents_destroyed</key>
</campaign_statistics_enums>
<campaign_statistics_enums record_uuid="{36c14712-4014-4be7-acf9-7d2df73ccf80}" record_timestamp="1372765292392" record_key="agents_destroyed_champions">
<key>agents_destroyed_champions</key>
</campaign_statistics_enums>
<campaign_statistics_enums record_uuid="{7bd598bc-ba04-42e1-a2e3-0f6412ff8364}" record_timestamp="1372765292329" record_key="agents_destroyed_dignitaries">
<key>agents_destroyed_dignitaries</key>
</campaign_statistics_enums>
<campaign_statistics_enums record_uuid="{b35421a3-9ebf-45cf-86ea-615ca443a01c}" record_timestamp="1372765292360" record_key="agents_destroyed_spies">
<key>agents_destroyed_spies</key>
</campaign_statistics_enums>
<campaign_statistics_enums record_uuid="{d5567366-3f21-4108-a199-1daf94403eb5}" record_timestamp="1372765292545" record_key="agents_failed_actions">
<key>agents_failed_actions</key>
</campaign_statistics_enums>
<campaign_statistics_enums record_uuid="{1009b17b-72b9-4191-8e8f-115d2dfd76ca}" record_timestamp="1372765292635" record_key="agents_failed_actions_champions">
<key>agents_failed_actions_champions</key>
</campaign_statistics_enums>
<campaign_statistics_enums record_uuid="{47f11a9a-ec82-4cae-b4fb-73093cef52ff}" record_timestamp="1372765292575" record_key="agents_failed_actions_dignitaries">
<key>agents_failed_actions_dignitaries</key>
</campaign_statistics_enums>
<campaign_statistics_enums record_uuid="{20a417cc-2f55-42ab-9fcf-51cf2528c495}" record_timestamp="1372765292605" record_key="agents_failed_actions_spies">
<key>agents_failed_actions_spies</key>
</campaign_statistics_enums>
<campaign_statistics_enums record_uuid="{4fbb9f3d-f9e2-4faa-bed0-ac4bf28f9372}" record_timestamp="1372765292165" record_key="agents_lost">
<key>agents_lost</key>
</campaign_statistics_enums>
<campaign_statistics_enums record_uuid="{bf5792ad-efbe-4325-8707-e633ba9a72b3}" record_timestamp="1372765292265" record_key="agents_lost_champions">
<key>agents_lost_champions</key>
</campaign_statistics_enums>
<campaign_statistics_enums record_uuid="{7fb13dab-b0fc-4660-abc7-25451109f5f9}" record_timestamp="1372765292198" record_key="agents_lost_dignitaries">
<key>agents_lost_dignitaries</key>
</campaign_statistics_enums>
<campaign_statistics_enums record_uuid="{5ed22e4f-53a5-4f05-9957-240b7567c46c}" record_timestamp="1372765292232" record_key="agents_lost_spies">
<key>agents_lost_spies</key>
</campaign_statistics_enums>
<campaign_statistics_enums record_uuid="{3554bb35-7546-471c-a409-923cb89a6e09}" record_timestamp="1372765292030" record_key="agents_recruited">
<key>agents_recruited</key>
</campaign_statistics_enums>
<campaign_statistics_enums record_uuid="{3f787d44-1e53-4c5e-851c-a50e3676e629}" record_timestamp="1372765292131" record_key="agents_recruited_champions">
<key>agents_recruited_champions</key>
</campaign_statistics_enums>
<campaign_statistics_enums record_uuid="{8e37db0a-bc83-426f-89fc-dd3e58dc6dec}" record_timestamp="1372765292064" record_key="agents_recruited_dignitaries">
<key>agents_recruited_dignitaries</key>
</campaign_statistics_enums>
<campaign_statistics_enums record_uuid="{ec3ad799-170d-427a-b219-37fabffc7d7a}" record_timestamp="1372765292097" record_key="agents_recruited_spies">
<key>agents_recruited_spies</key>
</campaign_statistics_enums>
<campaign_statistics_enums record_uuid="{45242d22-d828-4b3b-bc1f-091ec345c0b3}" record_timestamp="1372765292423" record_key="agents_successful_actions">
<key>agents_successful_actions</key>
</campaign_statistics_enums>
<campaign_statistics_enums record_uuid="{b18ff6a5-b65c-4069-af3c-e0efd5760d9b}" record_timestamp="1372765292515" record_key="agents_successful_actions_champions">
<key>agents_successful_actions_champions</key>
</campaign_statistics_enums>
<campaign_statistics_enums record_uuid="{f7c9f0f0-4d34-4127-8fde-ea78f197ee4a}" record_timestamp="1372765292454" record_key="agents_successful_actions_dignitaries">
<key>agents_successful_actions_dignitaries</key>
</campaign_statistics_enums>
<campaign_statistics_enums record_uuid="{460df589-7a84-43ae-9827-a90f5d9aa7da}" record_timestamp="1372765292485" record_key="agents_successful_actions_spies">
<key>agents_successful_actions_spies</key>
</campaign_statistics_enums>
<campaign_statistics_enums record_uuid="{73b2e828-b9fe-4d03-8698-6b114bf2f5b8}" record_timestamp="1372765291996" record_key="agents_total_actions">
<key>agents_total_actions</key>
</campaign_statistics_enums>
<campaign_statistics_enums record_uuid="{35650ccd-3185-4dec-9c6f-72aae7c26eaf}" record_timestamp="1372765295087" record_key="completed_missions">
<key>completed_missions</key>
</campaign_statistics_enums>
<campaign_statistics_enums record_uuid="{308c7868-51de-48e1-a827-f7362e2b1474}" record_timestamp="1372765291927" record_key="current_date">
<key>current_date</key>
</campaign_statistics_enums>
<campaign_statistics_enums record_uuid="{9ac4bc3c-48f2-44fc-85f1-33d95792f4aa}" record_timestamp="1372765291962" record_key="current_turn">
<key>current_turn</key>
</campaign_statistics_enums>
<campaign_statistics_enums record_uuid="{9d2330eb-984d-40bb-ad2c-1a7d6ae5961d}" record_timestamp="1372765295112" record_key="dilemmas_faced">
<key>dilemmas_faced</key>
</campaign_statistics_enums>
<campaign_statistics_enums record_uuid="{8e8b28a1-de40-44bf-9b22-370478724471}" record_timestamp="1372765292779" record_key="diplomacy_allies_current">
<key>diplomacy_allies_current</key>
</campaign_statistics_enums>
<campaign_statistics_enums record_uuid="{f7a7f3b9-7302-41ee-ab58-fab9ebb7d2b5}" record_timestamp="1372765292808" record_key="diplomacy_allies_max">
<key>diplomacy_allies_max</key>
</campaign_statistics_enums>
<campaign_statistics_enums record_uuid="{661b892f-eb93-4484-91a6-037aedcab5b1}" record_timestamp="1372765292836" record_key="diplomacy_trade_current">
<key>diplomacy_trade_current</key>
</campaign_statistics_enums>
<campaign_statistics_enums record_uuid="{fe35b1ae-054a-4b8e-b32f-b646a860ad22}" record_timestamp="1372765292864" record_key="diplomacy_trade_max">
<key>diplomacy_trade_max</key>
</campaign_statistics_enums>
<campaign_statistics_enums record_uuid="{bc18a8fb-79e0-46cc-b41e-0a192fffb0c9}" record_timestamp="1372765292892" record_key="diplomacy_war_current">
<key>diplomacy_war_current</key>
</campaign_statistics_enums>
<campaign_statistics_enums record_uuid="{964a3653-3812-4608-8ce1-69112fba07ec}" record_timestamp="1372765292920" record_key="diplomacy_war_max">
<key>diplomacy_war_max</key>
</campaign_statistics_enums>
<campaign_statistics_enums record_uuid="{eecf04ae-4604-46bf-85d3-52996244fecd}" record_timestamp="1443008744232" record_key="diplomacy_war_total_declarations">
<key>diplomacy_war_total_declarations</key>
</campaign_statistics_enums>
<campaign_statistics_enums record_uuid="{1dd106ab-59c0-4d84-94f7-e218a43f854a}" record_timestamp="1372765295037" record_key="economy_expenditure_current">
<key>economy_expenditure_current</key>
</campaign_statistics_enums>
<campaign_statistics_enums record_uuid="{306e7b22-fb27-4d93-b562-7f52467491e7}" record_timestamp="1372765295062" record_key="economy_expenditure_max">
<key>economy_expenditure_max</key>
</campaign_statistics_enums>
<campaign_statistics_enums record_uuid="{ae099423-c8b9-4a3f-b035-62c0a08bfd14}" record_timestamp="1372765294911" record_key="economy_expenditure_total">
<key>economy_expenditure_total</key>
</campaign_statistics_enums>
<campaign_statistics_enums record_uuid="{d5bde2e2-b65e-4ed4-9b24-f3b4e2117ba7}" record_timestamp="1372765295011" record_key="economy_expenditure_total_construction">
<key>economy_expenditure_total_construction</key>
</campaign_statistics_enums>
<campaign_statistics_enums record_uuid="{87d66efb-d3f2-4469-ad02-35fbc38ee3d6}" record_timestamp="1372765294961" record_key="economy_expenditure_total_mecenaries">
<key>economy_expenditure_total_mecenaries</key>
</campaign_statistics_enums>
<campaign_statistics_enums record_uuid="{226b50ac-90dd-467c-9646-30f230b95064}" record_timestamp="1372765294936" record_key="economy_expenditure_total_recruitment">
<key>economy_expenditure_total_recruitment</key>
</campaign_statistics_enums>
<campaign_statistics_enums record_uuid="{8f540bcf-488a-4896-bd2d-8930e732aded}" record_timestamp="1372765294986" record_key="economy_expenditure_total_upkeep">
<key>economy_expenditure_total_upkeep</key>
</campaign_statistics_enums>
<campaign_statistics_enums record_uuid="{4179a97b-abd6-43c3-ace7-d875a2f8384b}" record_timestamp="1372765294861" record_key="economy_income_current">
<key>economy_income_current</key>
</campaign_statistics_enums>
<campaign_statistics_enums record_uuid="{e211a13b-ea13-449c-857b-f3bb16bc5a6a}" record_timestamp="1372765294886" record_key="economy_income_max">
<key>economy_income_max</key>
</campaign_statistics_enums>
<campaign_statistics_enums record_uuid="{6e0a6d7d-6c55-401d-b02e-06240a5db2d3}" record_timestamp="1408631928714" record_key="economy_income_ransom_battle_captives">
<key>economy_income_ransom_battle_captives</key>
</campaign_statistics_enums>
<campaign_statistics_enums record_uuid="{9c8d48a7-259f-484f-8a62-4a74fc6d53e0}" record_timestamp="1372765294736" record_key="economy_income_total">
<key>economy_income_total</key>
</campaign_statistics_enums>
<campaign_statistics_enums record_uuid="{db87a41d-063a-451f-8576-87b4e3cb8dcb}" record_timestamp="1372765294811" record_key="economy_income_total_looting">
<key>economy_income_total_looting</key>
</campaign_statistics_enums>
<campaign_statistics_enums record_uuid="{d17c98a1-d197-4812-852d-ea0a6b0cb04f}" record_timestamp="1372765294836" record_key="economy_income_total_raiding">
<key>economy_income_total_raiding</key>
</campaign_statistics_enums>
<campaign_statistics_enums record_uuid="{898107c3-7a86-4de9-a27f-cbad1dd35474}" record_timestamp="1372765294761" record_key="economy_income_total_tax">
<key>economy_income_total_tax</key>
</campaign_statistics_enums>
<campaign_statistics_enums record_uuid="{4962a298-6093-4ebb-a27d-e1aa90e578a2}" record_timestamp="1372765294786" record_key="economy_income_total_trade">
<key>economy_income_total_trade</key>
</campaign_statistics_enums>
<campaign_statistics_enums record_uuid="{ea48631b-7b0d-4468-8635-ff0337693d5f}" record_timestamp="1372765295137" record_key="edicts_issued">
<key>edicts_issued</key>
</campaign_statistics_enums>
<campaign_statistics_enums record_uuid="{e7db1f43-5cb9-4202-8c21-d6244b0a4200}" record_timestamp="1405337884917" record_key="empire_abandoned_settlement_recolonised">
<key>empire_abandoned_settlement_recolonised</key>
</campaign_statistics_enums>
<campaign_statistics_enums record_uuid="{174ded07-1812-4144-98b8-d410044ad6b1}" record_timestamp="1372765292947" record_key="empire_buildings_constructed">
<key>empire_buildings_constructed</key>
</campaign_statistics_enums>
<campaign_statistics_enums record_uuid="{6a06c949-8e17-4369-843d-f791c5a7154b}" record_timestamp="1405337884644" record_key="empire_civil_war_character_rogue">
<key>empire_civil_war_character_rogue</key>
</campaign_statistics_enums>
<campaign_statistics_enums record_uuid="{5c47450a-72d3-4bc5-8e10-98aef3a4970a}" record_timestamp="1405337884634" record_key="empire_civil_war_count">
<key>empire_civil_war_count</key>
</campaign_statistics_enums>
<campaign_statistics_enums record_uuid="{c1b74690-d454-483c-8179-bac952cc76e9}" record_timestamp="1405337884655" record_key="empire_civil_war_force_mutiny">
<key>empire_civil_war_force_mutiny</key>
</campaign_statistics_enums>
<campaign_statistics_enums record_uuid="{da9d0839-3a6c-4044-9c5a-78b9140cb236}" record_timestamp="1405337884667" record_key="empire_civil_war_province_defect">
<key>empire_civil_war_province_defect</key>
</campaign_statistics_enums>
<campaign_statistics_enums record_uuid="{de75a1b3-b53b-475c-9e38-a149b8231392}" record_timestamp="1372765293029" record_key="empire_factions_client_vassal">
<key>empire_factions_client_vassal</key>
</campaign_statistics_enums>
<campaign_statistics_enums record_uuid="{0e3c01bf-f6af-45e4-a9fa-4d8e2f9013a7}" record_timestamp="1372765292975" record_key="empire_factions_destroyed">
<key>empire_factions_destroyed</key>
</campaign_statistics_enums>
<campaign_statistics_enums record_uuid="{1814d5c5-7f27-40bd-ab29-ebeec0ef1e27}" record_timestamp="1372765293002" record_key="empire_factions_encountered">
<key>empire_factions_encountered</key>
</campaign_statistics_enums>
<campaign_statistics_enums record_uuid="{73b27109-789f-41e2-a483-1e60379eac0e}" record_timestamp="1405337884782" record_key="empire_family_bastards">
<key>empire_family_bastards</key>
</campaign_statistics_enums>
<campaign_statistics_enums record_uuid="{2dcd2db1-564a-4d77-b82e-c286ccfa9a62}" record_timestamp="1405337884764" record_key="empire_family_births">
<key>empire_family_births</key>
</campaign_statistics_enums>
<campaign_statistics_enums record_uuid="{27b7274c-69a2-495c-a4bf-d28d918ade21}" record_timestamp="1405337884746" record_key="empire_family_marriages">
<key>empire_family_marriages</key>
</campaign_statistics_enums>
<campaign_statistics_enums record_uuid="{63a9ebee-af81-40e3-9544-8d93e683b5f5}" record_timestamp="1405337884897" record_key="empire_plagues_faced">
<key>empire_plagues_faced</key>
</campaign_statistics_enums>
<campaign_statistics_enums record_uuid="{b7eea65b-e174-48f4-a766-7855fd33fda7}" record_timestamp="1405337884878" record_key="empire_population_refugee_count">
<key>empire_population_refugee_count</key>
</campaign_statistics_enums>
<campaign_statistics_enums record_uuid="{e269e748-79ea-4b5b-89fb-24c033ade208}" record_timestamp="1372765293056" record_key="empire_provinces_current">
<key>empire_provinces_current</key>
</campaign_statistics_enums>
<campaign_statistics_enums record_uuid="{65bb1805-3107-40f7-8e83-6c59dae4ae40}" record_timestamp="1372765293083" record_key="empire_provinces_max">
<key>empire_provinces_max</key>
</campaign_statistics_enums>
<campaign_statistics_enums record_uuid="{c5cb3108-0fc9-4d15-9508-cd39e7b9a595}" record_timestamp="1405337884618" record_key="empire_rebellions_count">
<key>empire_rebellions_count</key>
</campaign_statistics_enums>
<campaign_statistics_enums record_uuid="{92353799-912c-4c98-ada2-1d90c6218c7c}" record_timestamp="1405337884625" record_key="empire_rebellions_crushed">
<key>empire_rebellions_crushed</key>
</campaign_statistics_enums>
<campaign_statistics_enums record_uuid="{6b3c514b-da42-4825-9b7b-0d29aa5b25d0}" record_timestamp="1405337884858" record_key="empire_religion_change_count">
<key>empire_religion_change_count</key>
</campaign_statistics_enums>
<campaign_statistics_enums record_uuid="{b3c18478-1eb0-4b74-9cdf-1873ad5bd7a5}" record_timestamp="1405337884800" record_key="empire_religion_current">
<key>empire_religion_current</key>
</campaign_statistics_enums>
<campaign_statistics_enums record_uuid="{adb80d6a-c034-452d-bdcd-c560c37337ac}" record_timestamp="1405337884820" record_key="empire_religion_current_faction_percentage">
<key>empire_religion_current_faction_percentage</key>
</campaign_statistics_enums>
<campaign_statistics_enums record_uuid="{9a153ef1-ba89-438f-a0d9-69036cfa23e6}" record_timestamp="1405337884839" record_key="empire_religion_current_global_percentage">
<key>empire_religion_current_global_percentage</key>
</campaign_statistics_enums>
<campaign_statistics_enums record_uuid="{aa934964-60e4-43e6-b5c6-b4d7edb11a03}" record_timestamp="1372765293292" record_key="empire_resources_total">
<key>empire_resources_total</key>
</campaign_statistics_enums>
<campaign_statistics_enums record_uuid="{ff07e715-a988-440c-a0e5-3e7f63e15581}" record_timestamp="1372765293317" record_key="empire_resources_unique">
<key>empire_resources_unique</key>
</campaign_statistics_enums>
<campaign_statistics_enums record_uuid="{1e90a797-8418-467f-94de-c376a8a2878c}" record_timestamp="1372765293109" record_key="empire_settlements_captured">
<key>empire_settlements_captured</key>
</campaign_statistics_enums>
<campaign_statistics_enums record_uuid="{b06f8657-3304-40a6-a52d-c18354f144a0}" record_timestamp="1372765293136" record_key="empire_settlements_current">
<key>empire_settlements_current</key>
</campaign_statistics_enums>
<campaign_statistics_enums record_uuid="{06d1c36b-e126-4fbc-8f29-1a65de68c412}" record_timestamp="1372765293162" record_key="empire_settlements_lost">
<key>empire_settlements_lost</key>
</campaign_statistics_enums>
<campaign_statistics_enums record_uuid="{9495ff61-2bc8-493e-bff3-3185b89e0b63}" record_timestamp="1372765293188" record_key="empire_settlements_max">
<key>empire_settlements_max</key>
</campaign_statistics_enums>
<campaign_statistics_enums record_uuid="{dfdf80e5-b4aa-46c1-a7ee-35f87bc37498}" record_timestamp="1372765293214" record_key="empire_technologies_all">
<key>empire_technologies_all</key>
</campaign_statistics_enums>
<campaign_statistics_enums record_uuid="{f2aeef61-5b48-4c4d-b066-e32bb10ebe93}" record_timestamp="1372765293241" record_key="empire_technologies_civil">
<key>empire_technologies_civil</key>
</campaign_statistics_enums>
<campaign_statistics_enums record_uuid="{39fb568a-9a2c-49b8-a455-2b80996c01c2}" record_timestamp="1372765293267" record_key="empire_technologies_military">
<key>empire_technologies_military</key>
</campaign_statistics_enums>
<campaign_statistics_enums record_uuid="{1fc15bbe-5c6e-4ed2-8aec-a01f47beb9d7}" record_timestamp="1405337884727" record_key="forces_distance_travelled_agents">
<key>forces_distance_travelled_agents</key>
</campaign_statistics_enums>
<campaign_statistics_enums record_uuid="{695e8aad-50bd-4741-80e6-96968ad1f342}" record_timestamp="1405337884680" record_key="forces_distance_travelled_all">
<key>forces_distance_travelled_all</key>
</campaign_statistics_enums>
<campaign_statistics_enums record_uuid="{c486f8d1-d877-481e-b54c-ef701899d12a}" record_timestamp="1405337884695" record_key="forces_distance_travelled_armies">
<key>forces_distance_travelled_armies</key>
</campaign_statistics_enums>
<campaign_statistics_enums record_uuid="{ee400156-413c-4533-b38f-c2e8f2f88659}" record_timestamp="1405337884710" record_key="forces_distance_travelled_navies">
<key>forces_distance_travelled_navies</key>
</campaign_statistics_enums>
<campaign_statistics_enums record_uuid="{e20df842-1c9a-4a73-952d-80888b97c989}" record_timestamp="1416240462386" record_key="funds_embezzled">
<key>funds_embezzled</key>
</campaign_statistics_enums>
<campaign_statistics_enums record_uuid="{50f43eed-94dc-4fee-9ed0-ac1dbf0654d5}" record_timestamp="1416240462386" record_key="marriages">
<key>marriages</key>
</campaign_statistics_enums>
<campaign_statistics_enums record_uuid="{ae1624eb-40bf-4ce2-abc4-e426398516b7}" record_timestamp="1372765293417" record_key="military_armies_current">
<key>military_armies_current</key>
</campaign_statistics_enums>
<campaign_statistics_enums record_uuid="{f6c0b303-0f1a-4fdd-99bf-0d2de26aff61}" record_timestamp="1372765293441" record_key="military_armies_established">
<key>military_armies_established</key>
</campaign_statistics_enums>
<campaign_statistics_enums record_uuid="{37baf360-ae8f-4862-b4b2-e319e1bb68a2}" record_timestamp="1372765293467" record_key="military_armies_max">
<key>military_armies_max</key>
</campaign_statistics_enums>
<campaign_statistics_enums record_uuid="{d80536ff-8ff6-48e9-8871-5a8b1d143542}" record_timestamp="1372765293713" record_key="military_battles_ambush">
<key>military_battles_ambush</key>
</campaign_statistics_enums>
<campaign_statistics_enums record_uuid="{3dce41e7-6d9a-49bc-8be6-8477c174c482}" record_timestamp="1372765293614" record_key="military_battles_autoresolved">
<key>military_battles_autoresolved</key>
</campaign_statistics_enums>
<campaign_statistics_enums record_uuid="{f2b841b0-6756-40cf-a93e-fe622b51f4cb}" record_timestamp="1372765293688" record_key="military_battles_combined">
<key>military_battles_combined</key>
</campaign_statistics_enums>
<campaign_statistics_enums record_uuid="{8d3ab7e1-075c-41db-8c6a-597addf74086}" record_timestamp="1372765294234" record_key="military_battles_crushing_defeats">
<key>military_battles_crushing_defeats</key>
</campaign_statistics_enums>
<campaign_statistics_enums record_uuid="{d32254c1-6fae-4093-bcaf-3b7dcafb7d34}" record_timestamp="1372765293812" record_key="military_battles_defeats">
<key>military_battles_defeats</key>
</campaign_statistics_enums>
<campaign_statistics_enums record_uuid="{5c11cc23-6029-44fc-b9dd-32a7374a9450}" record_timestamp="1372765293911" record_key="military_battles_defeats_ambush">
<key>military_battles_defeats_ambush</key>
</campaign_statistics_enums>
<campaign_statistics_enums record_uuid="{e464b1bc-924e-486b-a768-d873486ce2cc}" record_timestamp="1372765293886" record_key="military_battles_defeats_combined">
<key>military_battles_defeats_combined</key>
</campaign_statistics_enums>
<campaign_statistics_enums record_uuid="{e87b0db3-07f2-4be7-9679-5133e67746b0}" record_timestamp="1372765293837" record_key="military_battles_defeats_land">
<key>military_battles_defeats_land</key>
</campaign_statistics_enums>
<campaign_statistics_enums record_uuid="{ac5c401c-ec57-4f18-b855-e155254e4d1c}" record_timestamp="1372765293861" record_key="military_battles_defeats_naval">
<key>military_battles_defeats_naval</key>
</campaign_statistics_enums>
<campaign_statistics_enums record_uuid="{0fa96273-c043-4c12-9c54-3e5325f9200e}" record_timestamp="1372765293935" record_key="military_battles_defeats_port">
<key>military_battles_defeats_port</key>
</campaign_statistics_enums>
<campaign_statistics_enums record_uuid="{d827e04c-5f76-4909-9a66-c91299d2624a}" record_timestamp="1372765293960" record_key="military_battles_defeats_settlement">
<key>military_battles_defeats_settlement</key>
</campaign_statistics_enums>
<campaign_statistics_enums record_uuid="{fda0d84b-a7cd-4b4f-aa1d-2e0a2c805b1b}" record_timestamp="1372765293985" record_key="military_battles_defeats_siege">
<key>military_battles_defeats_siege</key>
</campaign_statistics_enums>
<campaign_statistics_enums record_uuid="{44f13c4d-13ab-4819-910e-50fff4ee8e7e}" record_timestamp="1452502301875" record_key="military_battles_defeats_subterranean_intercept">
<key>military_battles_defeats_subterranean_intercept</key>
</campaign_statistics_enums>
<campaign_statistics_enums record_uuid="{6acf1134-1714-4329-bcfc-7f9c45c781d9}" record_timestamp="1372765293590" record_key="military_battles_fought">
<key>military_battles_fought</key>
</campaign_statistics_enums>
<campaign_statistics_enums record_uuid="{d8a36af4-d08e-4445-a6d5-f150f676bfc0}" record_timestamp="1372765294209" record_key="military_battles_heroic_victories">
<key>military_battles_heroic_victories</key>
</campaign_statistics_enums>
<campaign_statistics_enums record_uuid="{4860b538-829f-48b9-8062-fb1ca615d062}" record_timestamp="1372765293639" record_key="military_battles_land">
<key>military_battles_land</key>
</campaign_statistics_enums>
<campaign_statistics_enums record_uuid="{46653bf6-19f5-45d7-9581-841e5a73bcab}" record_timestamp="1372765293664" record_key="military_battles_naval">
<key>military_battles_naval</key>
</campaign_statistics_enums>
<campaign_statistics_enums record_uuid="{56992bbe-2f94-4589-9276-50e79cd938b5}" record_timestamp="1372765293738" record_key="military_battles_port">
<key>military_battles_port</key>
</campaign_statistics_enums>
<campaign_statistics_enums record_uuid="{9528c571-ce44-4161-a924-0004df86b4fe}" record_timestamp="1372765293762" record_key="military_battles_settlement">
<key>military_battles_settlement</key>
</campaign_statistics_enums>
<campaign_statistics_enums record_uuid="{153b675f-97f0-4870-8517-736de40419d7}" record_timestamp="1372765293787" record_key="military_battles_siege">
<key>military_battles_siege</key>
</campaign_statistics_enums>
<campaign_statistics_enums record_uuid="{b94ae37f-6800-4a6a-835c-9e715881f3d0}" record_timestamp="1452181122112" record_key="military_battles_subterranean_intercept">
<key>military_battles_subterranean_intercept</key>
</campaign_statistics_enums>
<campaign_statistics_enums record_uuid="{b81fdfd0-7907-4412-918e-c119cb466927}" record_timestamp="1372765293565" record_key="military_battles_total">
<key>military_battles_total</key>
</campaign_statistics_enums>
<campaign_statistics_enums record_uuid="{243ed23f-cee3-452f-9d79-0b0400c3d132}" record_timestamp="1372765294010" record_key="military_battles_victories">
<key>military_battles_victories</key>
</campaign_statistics_enums>
<campaign_statistics_enums record_uuid="{96c32ea7-65a4-46c6-81ef-83518b344c8a}" record_timestamp="1372765294109" record_key="military_battles_victories_ambush">
<key>military_battles_victories_ambush</key>
</campaign_statistics_enums>
<campaign_statistics_enums record_uuid="{4e58f383-0c44-4938-af03-cb750015b0c7}" record_timestamp="1372765294085" record_key="military_battles_victories_combined">
<key>military_battles_victories_combined</key>
</campaign_statistics_enums>
<campaign_statistics_enums record_uuid="{ea1fcb5e-cedc-42de-b005-72bbf12aaa4d}" record_timestamp="1372765294035" record_key="military_battles_victories_land">
<key>military_battles_victories_land</key>
</campaign_statistics_enums>
<campaign_statistics_enums record_uuid="{755f30e8-ee4e-43f7-b045-288b49b96375}" record_timestamp="1372765294060" record_key="military_battles_victories_naval">
<key>military_battles_victories_naval</key>
</campaign_statistics_enums>
<campaign_statistics_enums record_uuid="{411d7ea2-204a-4257-b72e-cbef56c9c637}" record_timestamp="1372765294134" record_key="military_battles_victories_port">
<key>military_battles_victories_port</key>
</campaign_statistics_enums>
<campaign_statistics_enums record_uuid="{cb63508a-a0f1-4b8c-9eae-130509b4289e}" record_timestamp="1372765294159" record_key="military_battles_victories_settlement">
<key>military_battles_victories_settlement</key>
</campaign_statistics_enums>
<campaign_statistics_enums record_uuid="{4f0e5d1d-910f-4a84-96f3-3d4572308978}" record_timestamp="1372765294184" record_key="military_battles_victories_siege">
<key>military_battles_victories_siege</key>
</campaign_statistics_enums>
<campaign_statistics_enums record_uuid="{32ecb01c-9840-45ae-8b67-cf5304e1c088}" record_timestamp="1452502301881" record_key="military_battles_victories_subterranean_intercept">
<key>military_battles_victories_subterranean_intercept</key>
</campaign_statistics_enums>
<campaign_statistics_enums record_uuid="{1fd88bdc-ec81-451e-ac5e-665faa24e823}" record_timestamp="1372765294262" record_key="military_captives_enslaved">
<key>military_captives_enslaved</key>
</campaign_statistics_enums>
<campaign_statistics_enums record_uuid="{94543ecf-1556-4eee-8b62-a58bbd178db0}" record_timestamp="1372765294287" record_key="military_captives_executed">
<key>military_captives_executed</key>
</campaign_statistics_enums>
<campaign_statistics_enums record_uuid="{d5cf4d11-58a9-4619-9399-6845a8dcb82a}" record_timestamp="1372765294312" record_key="military_captives_released">
<key>military_captives_released</key>
</campaign_statistics_enums>
<campaign_statistics_enums record_uuid="{da8b6548-13a7-433c-b9dd-bea05ed4fb4e}" record_timestamp="1372765293491" record_key="military_fleets_current">
<key>military_fleets_current</key>
</campaign_statistics_enums>
<campaign_statistics_enums record_uuid="{06547f8f-bfab-440c-8ec8-b8aeae541063}" record_timestamp="1372765293516" record_key="military_fleets_established">
<key>military_fleets_established</key>
</campaign_statistics_enums>
<campaign_statistics_enums record_uuid="{16f74b06-1c74-4ede-989a-805e763e4328}" record_timestamp="1372765293541" record_key="military_fleets_max">
<key>military_fleets_max</key>
</campaign_statistics_enums>
<campaign_statistics_enums record_uuid="{657081fb-0926-4d2e-acd2-f5c127b63627}" record_timestamp="1372765293342" record_key="military_forces_current">
<key>military_forces_current</key>
</campaign_statistics_enums>
<campaign_statistics_enums record_uuid="{c53650ae-7f8b-4d49-b348-c1bf88420b4c}" record_timestamp="1372765293367" record_key="military_forces_established">
<key>military_forces_established</key>
</campaign_statistics_enums>
<campaign_statistics_enums record_uuid="{cd197c09-11e0-49e6-899b-b21c9e3ef631}" record_timestamp="1372765293392" record_key="military_forces_max">
<key>military_forces_max</key>
</campaign_statistics_enums>
<campaign_statistics_enums record_uuid="{1a9dee11-4dd9-4908-8965-5f5e4343c060}" record_timestamp="1372765294337" record_key="military_generals_killed">
<key>military_generals_killed</key>
</campaign_statistics_enums>
<campaign_statistics_enums record_uuid="{50194cb9-ca0c-41e6-a0c9-a3d6f522d715}" record_timestamp="1372765294362" record_key="military_generals_lost">
<key>military_generals_lost</key>
</campaign_statistics_enums>
<campaign_statistics_enums record_uuid="{5dd425e1-3411-4b3e-9084-304f5171e495}" record_timestamp="1372765294387" record_key="military_generals_recruited">
<key>military_generals_recruited</key>
</campaign_statistics_enums>
<campaign_statistics_enums record_uuid="{dfb9cef1-4d46-4c35-9041-8b7359177e7a}" record_timestamp="1372765294686" record_key="military_settlements_liberated">
<key>military_settlements_liberated</key>
</campaign_statistics_enums>
<campaign_statistics_enums record_uuid="{8ce2c50c-e0a7-4168-aaea-7f66beac7d4e}" record_timestamp="1372765294586" record_key="military_settlements_looted">
<key>military_settlements_looted</key>
</campaign_statistics_enums>
<campaign_statistics_enums record_uuid="{2391e949-0888-406e-8120-a2353402b5e8}" record_timestamp="1372765294661" record_key="military_settlements_occupied">
<key>military_settlements_occupied</key>
</campaign_statistics_enums>
<campaign_statistics_enums record_uuid="{1ae6faea-8251-46da-b361-72c4adf5757b}" record_timestamp="1372765294611" record_key="military_settlements_raised">
<key>military_settlements_raised</key>
</campaign_statistics_enums>
<campaign_statistics_enums record_uuid="{37a37651-ca8f-4799-af54-8c77663fafac}" record_timestamp="1372765294636" record_key="military_settlements_sacked">
<key>military_settlements_sacked</key>
</campaign_statistics_enums>
<campaign_statistics_enums record_uuid="{3223215b-4c30-4980-807f-b1d699ad9fd7}" record_timestamp="1372765294711" record_key="military_settlements_vassaled">
<key>military_settlements_vassaled</key>
</campaign_statistics_enums>
<campaign_statistics_enums record_uuid="{fd6d5f34-3d13-4bc9-8f1d-40890f01d59e}" record_timestamp="1372765294486" record_key="military_units_land_lost">
<key>military_units_land_lost</key>
</campaign_statistics_enums>
<campaign_statistics_enums record_uuid="{1be45e1c-7e4b-4b39-9afb-87490f7859c3}" record_timestamp="1372765294511" record_key="military_units_land_recruited">
<key>military_units_land_recruited</key>
</campaign_statistics_enums>
<campaign_statistics_enums record_uuid="{821aadd5-9c62-4211-9a63-c744886752a4}" record_timestamp="1372765294537" record_key="military_units_naval_lost">
<key>military_units_naval_lost</key>
</campaign_statistics_enums>
<campaign_statistics_enums record_uuid="{b89c7a42-ef62-4a3d-99a3-8128e34cbcb0}" record_timestamp="1372765294561" record_key="military_units_naval_recruited">
<key>military_units_naval_recruited</key>
</campaign_statistics_enums>
<campaign_statistics_enums record_uuid="{994c14fb-4dee-40dc-8779-25710010de86}" record_timestamp="1372765294412" record_key="military_units_total_destroyed">
<key>military_units_total_destroyed</key>
</campaign_statistics_enums>
<campaign_statistics_enums record_uuid="{55e1e463-8837-4a12-a83f-5f4c6450d9ef}" record_timestamp="1372765294437" record_key="military_units_total_lost">
<key>military_units_total_lost</key>
</campaign_statistics_enums>
<campaign_statistics_enums record_uuid="{fd578ba2-011a-48d1-afe6-71ea8dc5b679}" record_timestamp="1372765294461" record_key="military_units_total_recruited">
<key>military_units_total_recruited</key>
</campaign_statistics_enums>
<campaign_statistics_enums record_uuid="{6949a09b-1560-417d-93e0-93342d59b05d}" record_timestamp="1372352374803" record_key="placeholder">
<key>placeholder</key>
</campaign_statistics_enums>
<campaign_statistics_enums record_uuid="{f3a335f9-cf59-4664-93dd-0998f120d914}" record_timestamp="1405337884591" record_key="political_actions_attempted">
<key>political_actions_attempted</key>
</campaign_statistics_enums>
<campaign_statistics_enums record_uuid="{246b8ca0-4a5c-4bda-8455-61800b7d8007}" record_timestamp="1405337884610" record_key="political_intrigues_attempted">
<key>political_intrigues_attempted</key>
</campaign_statistics_enums>
</dataroot>
