<?xml version="1.0" encoding="UTF-8"?>
<dataroot xmlns:od="urn:schemas-microsoft-com:officedata" xmlns:xsi="http://www.w3.org/2001/XMLSchema-instance" xsi:noNamespaceSchemaLocation="campaign_map_tooltip_texts.xsd" export_time="Thu Mar 10 13:09:55 2016" revision="70" export_branch="T:/warhammer/binaries.x64" export_user="bob">
<edit_uuid>4aa34df8-f80e-439f-b027-09753e892df8</edit_uuid>
<campaign_map_tooltip_texts record_uuid="{e6e141b3-99ba-44d0-9982-50e8fa7e24ce}" record_timestamp="1448542161217" record_key="rome2_tltip_abandoned_major_region">
<key>rome2_tltip_abandoned_major_region</key>
<tooltip_text state="APPROVED" last_approved_text="A ruined provincial capital." last_edit_user="bob">A ruined provincial capital.</tooltip_text>
</campaign_map_tooltip_texts>
<campaign_map_tooltip_texts record_uuid="{1f24fbee-2a8f-4151-805e-2523d37a015f}" record_timestamp="1448542161217" record_key="rome2_tltip_abandoned_minor_region">
<key>rome2_tltip_abandoned_minor_region</key>
<tooltip_text state="APPROVED" last_approved_text="A ruined minor settlement." last_edit_user="bob">A ruined minor settlement.</tooltip_text>
</campaign_map_tooltip_texts>
<campaign_map_tooltip_texts record_uuid="{731320a8-a25e-4215-9edb-d9496614564f}" record_timestamp="1376308582267" record_key="rome2_tltip_contested_sea_region_self">
<key>rome2_tltip_contested_sea_region_self</key>
<tooltip_text state="APPROVED" last_approved_text="Replenishment or recruitment only happens at your ports." last_edit_user="bob">Replenishment or recruitment only happens at your ports.</tooltip_text>
</campaign_map_tooltip_texts>
<campaign_map_tooltip_texts record_uuid="{3be456f2-cc6f-4ec5-ba46-5b0c1664b5e0}" record_timestamp="1376299431977" record_key="rome2_tltip_hostile_sea_region_self">
<key>rome2_tltip_hostile_sea_region_self</key>
<tooltip_text state="APPROVED" last_approved_text="No replenishment or recruitment available." last_edit_user="bob">No replenishment or recruitment available.</tooltip_text>
</campaign_map_tooltip_texts>
<campaign_map_tooltip_texts record_uuid="{68da2395-deed-4310-8edc-b0b91a3f20e8}" record_timestamp="1372359035903" record_key="rome2_tltip_left_clk_inscpect_must_break_blockade">
<key>rome2_tltip_left_clk_inscpect_must_break_blockade</key>
<tooltip_text state="APPROVED" last_approved_text="Left-click to inspect.\nMust break blockade first." last_edit_user="bob">Left-click to inspect.\nMust break blockade first.</tooltip_text>
</campaign_map_tooltip_texts>
<campaign_map_tooltip_texts record_uuid="{08a68496-9fa7-4f13-afa4-c0a8dc2b2f94}" record_timestamp="1372359031878" record_key="rome2_tltip_left_clk_inspect_must_break_siege">
<key>rome2_tltip_left_clk_inspect_must_break_siege</key>
<tooltip_text state="APPROVED" last_approved_text="Left-click to select.\nMust break siege first." last_edit_user="bob">Left-click to select.\nMust break siege first.</tooltip_text>
</campaign_map_tooltip_texts>
<campaign_map_tooltip_texts record_uuid="{c92d5f78-3b5d-47ab-bf04-657348c214ce}" record_timestamp="1372765849279" record_key="rome2_tltip_left_clk_inspect_right_clk_move_to_coast">
<key>rome2_tltip_left_clk_inspect_right_clk_move_to_coast</key>
<tooltip_text state="APPROVED" last_approved_text="Left-click to inspect.\nRight click to move to the closest landing site." last_edit_user="bob">Left-click to inspect.\nRight click to move to the closest landing site.</tooltip_text>
</campaign_map_tooltip_texts>
<campaign_map_tooltip_texts record_uuid="{5569081a-540a-4d43-a68c-712143920986}" record_timestamp="1372410019833" record_key="rome2_tltip_left_clk_inspect_right_declare_war">
<key>rome2_tltip_left_clk_inspect_right_declare_war</key>
<tooltip_text state="APPROVED" last_approved_text="Right-click to declare war\nLeft-click to inspect" last_edit_user="bob">Right-click to declare war\nLeft-click to inspect</tooltip_text>
</campaign_map_tooltip_texts>
<campaign_map_tooltip_texts record_uuid="{72ffe4aa-ad4e-4724-a3ea-97a82d9d6895}" record_timestamp="1364318376777" record_key="rome2_tltip_left_clk_select">
<key>rome2_tltip_left_clk_select</key>
<tooltip_text state="APPROVED" last_approved_text="Left-click to select" last_edit_user="bob">Left-click to select</tooltip_text>
</campaign_map_tooltip_texts>
<campaign_map_tooltip_texts record_uuid="{f8464059-0175-44c0-9ea5-1daec18b0160}" record_timestamp="1366898625985" record_key="rome2_tltip_left_clk_select_inspection">
<key>rome2_tltip_left_clk_select_inspection</key>
<tooltip_text state="APPROVED" last_approved_text="Left-click to inspect" last_edit_user="bob">Left-click to inspect</tooltip_text>
</campaign_map_tooltip_texts>
<campaign_map_tooltip_texts record_uuid="{d269b30c-edb4-49d7-8fba-dbcf5c3a5b73}" record_timestamp="1372359031925" record_key="rome2_tltip_left_clk_select_must_break_blockade">
<key>rome2_tltip_left_clk_select_must_break_blockade</key>
<tooltip_text state="APPROVED" last_approved_text="Left-click to select.\nMust break blockade first." last_edit_user="bob">Left-click to select.\nMust break blockade first.</tooltip_text>
</campaign_map_tooltip_texts>
<campaign_map_tooltip_texts record_uuid="{c3a11bd7-6523-4f80-a9a9-a7856332e130}" record_timestamp="1372359033420" record_key="rome2_tltip_left_clk_select_must_break_siege">
<key>rome2_tltip_left_clk_select_must_break_siege</key>
<tooltip_text state="APPROVED" last_approved_text="Left-click to select.\nMust break siege first." last_edit_user="bob">Left-click to select.\nMust break siege first.</tooltip_text>
</campaign_map_tooltip_texts>
<campaign_map_tooltip_texts record_uuid="{831316a7-9432-4c76-b5f5-b963d7bc142d}" record_timestamp="1372765849355" record_key="rome2_tltip_left_clk_select_right_clk_move_to_coast">
<key>rome2_tltip_left_clk_select_right_clk_move_to_coast</key>
<tooltip_text state="APPROVED" last_approved_text="Left-click to select.\nRight-click to move to the closest landing site." last_edit_user="bob">Left-click to select.\nRight-click to move to the closest landing site.</tooltip_text>
</campaign_map_tooltip_texts>
<campaign_map_tooltip_texts record_uuid="{49847154-b04c-402f-9667-27aebd86e618}" record_timestamp="1372359033555" record_key="rome2_tltip_left_clk_select_warning_port_occupied">
<key>rome2_tltip_left_clk_select_warning_port_occupied</key>
<tooltip_text state="APPROVED" last_approved_text="Left-click to select.\nThe port is already occupied." last_edit_user="bob">Left-click to select.\nThe port is already occupied.</tooltip_text>
</campaign_map_tooltip_texts>
<campaign_map_tooltip_texts record_uuid="{2fb0954d-1958-4988-a459-82743d16a27b}" record_timestamp="1447172928644" record_key="rome2_tltip_main_allied_admiral">
<key>rome2_tltip_main_allied_admiral</key>
<tooltip_text state="APPROVED" last_approved_text="Allied fleet" last_edit_user="bob">Allied fleet</tooltip_text>
</campaign_map_tooltip_texts>
<campaign_map_tooltip_texts record_uuid="{de00f46e-25cd-473b-befe-7bd48463ead5}" record_timestamp="1447231013163" record_key="rome2_tltip_main_allied_agent">
<key>rome2_tltip_main_allied_agent</key>
<tooltip_text state="APPROVED" last_approved_text="Allied %S" last_edit_user="bob">Allied %S</tooltip_text>
</campaign_map_tooltip_texts>
<campaign_map_tooltip_texts record_uuid="{c9beab2d-c682-42d4-b01f-cf895dc5922d}" record_timestamp="1447172928626" record_key="rome2_tltip_main_allied_general">
<key>rome2_tltip_main_allied_general</key>
<tooltip_text state="APPROVED" last_approved_text="Allied army" last_edit_user="bob">Allied army</tooltip_text>
</campaign_map_tooltip_texts>
<campaign_map_tooltip_texts record_uuid="{f204d3c1-e223-4103-986c-e3ba7e8272fb}" record_timestamp="1447172928572" record_key="rome2_tltip_main_allied_general_on_sea">
<key>rome2_tltip_main_allied_general_on_sea</key>
<tooltip_text state="APPROVED" last_approved_text="Allied transport ships" last_edit_user="bob">Allied transport ships</tooltip_text>
</campaign_map_tooltip_texts>
<campaign_map_tooltip_texts record_uuid="{0b59910f-753e-4948-b386-423bd2867390}" record_timestamp="1447172928552" record_key="rome2_tltip_main_allied_minor_settlement">
<key>rome2_tltip_main_allied_minor_settlement</key>
<tooltip_text state="APPROVED" last_approved_text="Allied minor settlement" last_edit_user="bob">Allied minor settlement</tooltip_text>
</campaign_map_tooltip_texts>
<campaign_map_tooltip_texts record_uuid="{93771ed7-ca7e-4d2d-a6c8-1f139f8aeeb8}" record_timestamp="1447172928511" record_key="rome2_tltip_main_allied_province_capital">
<key>rome2_tltip_main_allied_province_capital</key>
<tooltip_text state="APPROVED" last_approved_text="Allied provincial capital" last_edit_user="bob">Allied provincial capital</tooltip_text>
</campaign_map_tooltip_texts>
<campaign_map_tooltip_texts record_uuid="{8501bcd7-6020-4ae8-907b-942cae8d85ae}" record_timestamp="1442221882201" record_key="rome2_tltip_main_enemy_admiral">
<key>rome2_tltip_main_enemy_admiral</key>
<tooltip_text state="APPROVED" last_approved_text="Enemy fleet" last_edit_user="bob">Enemy fleet</tooltip_text>
</campaign_map_tooltip_texts>
<campaign_map_tooltip_texts record_uuid="{57b0c72d-4651-4020-a195-6c3d5a41b579}" record_timestamp="1371564270902" record_key="rome2_tltip_main_enemy_agent">
<key>rome2_tltip_main_enemy_agent</key>
<tooltip_text state="APPROVED" last_approved_text="Enemy %S" last_edit_user="bob">Enemy %S</tooltip_text>
</campaign_map_tooltip_texts>
<campaign_map_tooltip_texts record_uuid="{3376efab-30da-4558-b596-bd62e4717b56}" record_timestamp="1442221882244" record_key="rome2_tltip_main_enemy_general">
<key>rome2_tltip_main_enemy_general</key>
<tooltip_text state="APPROVED" last_approved_text="Enemy army" last_edit_user="bob">Enemy army</tooltip_text>
</campaign_map_tooltip_texts>
<campaign_map_tooltip_texts record_uuid="{1634cd20-750d-42df-a8bf-81935f37fd70}" record_timestamp="1445517385912" record_key="rome2_tltip_main_enemy_general_on_sea">
<key>rome2_tltip_main_enemy_general_on_sea</key>
<tooltip_text state="APPROVED" last_approved_text="Enemy transport ships" last_edit_user="bob">Enemy transport ships</tooltip_text>
</campaign_map_tooltip_texts>
<campaign_map_tooltip_texts record_uuid="{08e1e2bb-338a-406a-b3af-295d6e72e4a8}" record_timestamp="1371564270979" record_key="rome2_tltip_main_enemy_minor_settlement">
<key>rome2_tltip_main_enemy_minor_settlement</key>
<tooltip_text state="APPROVED" last_approved_text="Enemy minor settlement" last_edit_user="bob">Enemy minor settlement</tooltip_text>
</campaign_map_tooltip_texts>
<campaign_map_tooltip_texts record_uuid="{c0dfe47d-be1b-4204-81e0-388a659dce02}" record_timestamp="1372765849509" record_key="rome2_tltip_main_enemy_province_capital">
<key>rome2_tltip_main_enemy_province_capital</key>
<tooltip_text state="APPROVED" last_approved_text="Enemy provincial capital" last_edit_user="bob">Enemy provincial capital</tooltip_text>
</campaign_map_tooltip_texts>
<campaign_map_tooltip_texts record_uuid="{ce0d22a1-a04a-4048-aa4e-7a2c79362edd}" record_timestamp="1445517385835" record_key="rome2_tltip_main_non_player_admiral">
<key>rome2_tltip_main_non_player_admiral</key>
<tooltip_text state="APPROVED" last_approved_text="Neutral fleet" last_edit_user="bob">Neutral fleet</tooltip_text>
</campaign_map_tooltip_texts>
<campaign_map_tooltip_texts record_uuid="{43545ca1-badf-414a-a3bd-80224c217b33}" record_timestamp="1447231417639" record_key="rome2_tltip_main_non_player_agent">
<key>rome2_tltip_main_non_player_agent</key>
<tooltip_text state="APPROVED" last_approved_text="Neutral %S" last_edit_user="bob">Neutral %S</tooltip_text>
</campaign_map_tooltip_texts>
<campaign_map_tooltip_texts record_uuid="{a5303c74-a4eb-4688-b5c5-958abc8e7783}" record_timestamp="1445517385848" record_key="rome2_tltip_main_non_player_general">
<key>rome2_tltip_main_non_player_general</key>
<tooltip_text state="APPROVED" last_approved_text="Neutral army" last_edit_user="bob">Neutral army</tooltip_text>
</campaign_map_tooltip_texts>
<campaign_map_tooltip_texts record_uuid="{289f0ac8-e0ab-4a4a-b3e4-28bceccddf57}" record_timestamp="1445517385896" record_key="rome2_tltip_main_non_player_general_on_sea">
<key>rome2_tltip_main_non_player_general_on_sea</key>
<tooltip_text state="APPROVED" last_approved_text="Neutral transport ships" last_edit_user="bob">Neutral transport ships</tooltip_text>
</campaign_map_tooltip_texts>
<campaign_map_tooltip_texts record_uuid="{f6b1f809-4479-43a1-9f73-ecf88037ef66}" record_timestamp="1445517385864" record_key="rome2_tltip_main_non_player_minor_settlement">
<key>rome2_tltip_main_non_player_minor_settlement</key>
<tooltip_text state="APPROVED" last_approved_text="Neutral minor settlement" last_edit_user="bob">Neutral minor settlement</tooltip_text>
</campaign_map_tooltip_texts>
<campaign_map_tooltip_texts record_uuid="{3117843f-25fe-4e5b-ba76-39a5db0acb7a}" record_timestamp="1445517385879" record_key="rome2_tltip_main_non_player_province_capital">
<key>rome2_tltip_main_non_player_province_capital</key>
<tooltip_text state="APPROVED" last_approved_text="Neutral provincial capital" last_edit_user="bob">Neutral provincial capital</tooltip_text>
</campaign_map_tooltip_texts>
<campaign_map_tooltip_texts record_uuid="{c101e801-e558-478b-a7ec-f945278150d2}" record_timestamp="1442221882437" record_key="rome2_tltip_main_player_admiral">
<key>rome2_tltip_main_player_admiral</key>
<tooltip_text state="APPROVED" last_approved_text="Your fleet" last_edit_user="bob">Your fleet</tooltip_text>
</campaign_map_tooltip_texts>
<campaign_map_tooltip_texts record_uuid="{b06bf3ac-efb3-4f4b-ad8e-9befdf1464b6}" record_timestamp="1371564268742" record_key="rome2_tltip_main_player_agent">
<key>rome2_tltip_main_player_agent</key>
<tooltip_text state="APPROVED" last_approved_text="Your %S" last_edit_user="bob">Your %S</tooltip_text>
</campaign_map_tooltip_texts>
<campaign_map_tooltip_texts record_uuid="{87440889-adad-400e-8a66-f10be69b9dee}" record_timestamp="1442221882477" record_key="rome2_tltip_main_player_general">
<key>rome2_tltip_main_player_general</key>
<tooltip_text state="APPROVED" last_approved_text="Your army" last_edit_user="bob">Your army</tooltip_text>
</campaign_map_tooltip_texts>
<campaign_map_tooltip_texts record_uuid="{177965b4-2b7f-4b4d-ae14-15c9d6378bfe}" record_timestamp="1445517385934" record_key="rome2_tltip_main_player_general_on_sea">
<key>rome2_tltip_main_player_general_on_sea</key>
<tooltip_text state="APPROVED" last_approved_text="Your transport ships" last_edit_user="bob">Your transport ships</tooltip_text>
</campaign_map_tooltip_texts>
<campaign_map_tooltip_texts record_uuid="{5da60484-d8bc-4bc4-bbf6-f1a946507e87}" record_timestamp="1371564269654" record_key="rome2_tltip_main_player_minor_settlement">
<key>rome2_tltip_main_player_minor_settlement</key>
<tooltip_text state="APPROVED" last_approved_text="Your minor settlement" last_edit_user="bob">Your minor settlement</tooltip_text>
</campaign_map_tooltip_texts>
<campaign_map_tooltip_texts record_uuid="{f720cd84-c238-468a-82bb-6aa5d2f1d3cc}" record_timestamp="1372765849812" record_key="rome2_tltip_main_player_province_capital">
<key>rome2_tltip_main_player_province_capital</key>
<tooltip_text state="APPROVED" last_approved_text="Your provincial capital" last_edit_user="bob">Your provincial capital</tooltip_text>
</campaign_map_tooltip_texts>
<campaign_map_tooltip_texts record_uuid="{0c923f27-cb2c-4389-9ca2-1833f2ec7ff0}" record_timestamp="1371564276359" record_key="rome2_tltip_main_province">
<key>rome2_tltip_main_province</key>
<tooltip_text state="APPROVED" last_approved_text="Province: %S" last_edit_user="bob">Province: %S</tooltip_text>
</campaign_map_tooltip_texts>
<campaign_map_tooltip_texts record_uuid="{f18b0cfe-2748-46ba-b31c-1e5a4cd3ddab}" record_timestamp="1372765850497" record_key="rome2_tltip_move_to_coast">
<key>rome2_tltip_move_to_coast</key>
<tooltip_text state="APPROVED" last_approved_text="Right click to move to the closest landing site." last_edit_user="bob">Right click to move to the closest landing site.</tooltip_text>
</campaign_map_tooltip_texts>
<campaign_map_tooltip_texts record_uuid="{7d047aaf-e353-4e3f-82af-6a65137d2739}" record_timestamp="1366965402879" record_key="rome2_tltip_must_break_blockade">
<key>rome2_tltip_must_break_blockade</key>
<tooltip_text state="APPROVED" last_approved_text="Must break blockade first." last_edit_user="bob">Must break blockade first.</tooltip_text>
</campaign_map_tooltip_texts>
<campaign_map_tooltip_texts record_uuid="{045e4475-a580-4a2d-8221-6dd034f18782}" record_timestamp="1366965402939" record_key="rome2_tltip_must_break_siege">
<key>rome2_tltip_must_break_siege</key>
<tooltip_text state="APPROVED" last_approved_text="Must break siege first." last_edit_user="bob">Must break siege first.</tooltip_text>
</campaign_map_tooltip_texts>
<campaign_map_tooltip_texts record_uuid="{0d96c7f9-e483-471c-9312-40f6bb742d56}" record_timestamp="1366802194565" record_key="rome2_tltip_player_army_cannot_embed_agent_accompanied">
<key>rome2_tltip_player_army_cannot_embed_agent_accompanied</key>
<tooltip_text state="APPROVED" last_approved_text="This army is being accompanied by another agent.\n\nArmies can only accomodate a single agent." last_edit_user="bob">This army is being accompanied by another agent.\n\nArmies can only accomodate a single agent.</tooltip_text>
</campaign_map_tooltip_texts>
<campaign_map_tooltip_texts record_uuid="{11966aba-2375-41e2-a2ad-3c0854c5b2b0}" record_timestamp="1366802195325" record_key="rome2_tltip_player_sea_trade_route_self">
<key>rome2_tltip_player_sea_trade_route_self</key>
<tooltip_text state="APPROVED" last_approved_text="Your naval trade route" last_edit_user="bob">Your naval trade route</tooltip_text>
</campaign_map_tooltip_texts>
<campaign_map_tooltip_texts record_uuid="{f8d70801-3bf2-4ec4-a27b-dcdd5543931b}" record_timestamp="1366802195280" record_key="rome2_tltip_player_trade_route_self">
<key>rome2_tltip_player_trade_route_self</key>
<tooltip_text state="APPROVED" last_approved_text="Your trade route" last_edit_user="bob">Your trade route</tooltip_text>
</campaign_map_tooltip_texts>
<campaign_map_tooltip_texts record_uuid="{039dbb89-9573-4de2-9b31-1bf482796a6e}" record_timestamp="1366898620106" record_key="rome2_tltip_right_clk_act_against_army_left_clk_select_inspection">
<key>rome2_tltip_right_clk_act_against_army_left_clk_select_inspection</key>
<tooltip_text state="APPROVED" last_approved_text="Right-click to act\nLeft-click to inspect" last_edit_user="bob">Right-click to act\nLeft-click to inspect</tooltip_text>
</campaign_map_tooltip_texts>
<campaign_map_tooltip_texts record_uuid="{a07b9962-5cf3-4abb-be15-ace0afb87900}" record_timestamp="1366898620060" record_key="rome2_tltip_right_clk_act_against_character_left_clk_select_inspection">
<key>rome2_tltip_right_clk_act_against_character_left_clk_select_inspection</key>
<tooltip_text state="APPROVED" last_approved_text="Right-click to act\nLeft-click to inspect" last_edit_user="bob">Right-click to act\nLeft-click to inspect</tooltip_text>
</campaign_map_tooltip_texts>
<campaign_map_tooltip_texts record_uuid="{2ce3b5c2-79e8-43f3-af47-06c0a15bf56f}" record_timestamp="1366898620197" record_key="rome2_tltip_right_clk_act_against_settlement_left_clk_select_inspection">
<key>rome2_tltip_right_clk_act_against_settlement_left_clk_select_inspection</key>
<tooltip_text state="APPROVED" last_approved_text="Right-click to act\nLeft-click to inspect" last_edit_user="bob">Right-click to act\nLeft-click to inspect</tooltip_text>
</campaign_map_tooltip_texts>
<campaign_map_tooltip_texts record_uuid="{b7361898-339d-4a36-9568-8b50225d802a}" record_timestamp="1366898620846" record_key="rome2_tltip_right_clk_attack_army_left_clk_select_inspection">
<key>rome2_tltip_right_clk_attack_army_left_clk_select_inspection</key>
<tooltip_text state="APPROVED" last_approved_text="Right-click to attack\nLeft-click to inspect" last_edit_user="bob">Right-click to attack\nLeft-click to inspect</tooltip_text>
</campaign_map_tooltip_texts>
<campaign_map_tooltip_texts record_uuid="{38c599f1-54d6-4890-b3d8-d3a63d7bc59d}" record_timestamp="1366898620930" record_key="rome2_tltip_right_clk_attack_navy_left_clk_select_inspection">
<key>rome2_tltip_right_clk_attack_navy_left_clk_select_inspection</key>
<tooltip_text state="APPROVED" last_approved_text="Right-click to attack\nLeft-click to inspect" last_edit_user="bob">Right-click to attack\nLeft-click to inspect</tooltip_text>
</campaign_map_tooltip_texts>
<campaign_map_tooltip_texts record_uuid="{2a75353d-5e5a-4497-a525-695ba4cbbb48}" record_timestamp="1372359023701" record_key="rome2_tltip_right_clk_attack_port_settlement_left_clk_select_inspection">
<key>rome2_tltip_right_clk_attack_port_settlement_left_clk_select_inspection</key>
<tooltip_text state="APPROVED" last_approved_text="Right-click to attack the port\nLeft-click to inspect" last_edit_user="bob">Right-click to attack the port\nLeft-click to inspect</tooltip_text>
</campaign_map_tooltip_texts>
<campaign_map_tooltip_texts record_uuid="{1e986b7d-af0b-46c7-8e47-1308d0851a79}" record_timestamp="1372359023668" record_key="rome2_tltip_right_clk_attack_settlement_left_clk_select_inspection">
<key>rome2_tltip_right_clk_attack_settlement_left_clk_select_inspection</key>
<tooltip_text state="APPROVED" last_approved_text="Right-click to attack the settlement\nLeft-click to inspect" last_edit_user="bob">Right-click to attack the settlement\nLeft-click to inspect</tooltip_text>
</campaign_map_tooltip_texts>
<campaign_map_tooltip_texts record_uuid="{94ee5f4e-75d6-4974-9d4d-bf43330a1630}" record_timestamp="1364318376921" record_key="rome2_tltip_right_clk_disembark">
<key>rome2_tltip_right_clk_disembark</key>
<tooltip_text state="APPROVED" last_approved_text="Right-click to disembark" last_edit_user="bob">Right-click to disembark</tooltip_text>
</campaign_map_tooltip_texts>
<campaign_map_tooltip_texts record_uuid="{918a8199-cced-4819-9bd3-87b2cc5c5079}" record_timestamp="1364318376892" record_key="rome2_tltip_right_clk_embark">
<key>rome2_tltip_right_clk_embark</key>
<tooltip_text state="APPROVED" last_approved_text="Right-click to embark" last_edit_user="bob">Right-click to embark</tooltip_text>
</campaign_map_tooltip_texts>
<campaign_map_tooltip_texts record_uuid="{c9dc600f-6cd7-42c9-93bc-16c8d73da35f}" record_timestamp="1448989542337" record_key="rome2_tltip_right_clk_embed_agent">
<key>rome2_tltip_right_clk_embed_agent</key>
<tooltip_text state="APPROVED" last_approved_text="Right-click to embed." last_edit_user="bob">Right-click to embed.</tooltip_text>
</campaign_map_tooltip_texts>
<campaign_map_tooltip_texts record_uuid="{6b66d6bb-dbc6-4cf2-b0d1-b4907bfb8d6e}" record_timestamp="1448989542337" record_key="rome2_tltip_right_clk_embed_agent_left_clk_select">
<key>rome2_tltip_right_clk_embed_agent_left_clk_select</key>
<tooltip_text state="APPROVED" last_approved_text="Right-click to embed\nLeft-click to select." last_edit_user="bob">Right-click to embed\nLeft-click to select.</tooltip_text>
</campaign_map_tooltip_texts>
<campaign_map_tooltip_texts record_uuid="{30b7e227-fcfa-49d0-93de-e2bacf9413a9}" record_timestamp="1372359023635" record_key="rome2_tltip_right_clk_garrison_port_left_clk_select">
<key>rome2_tltip_right_clk_garrison_port_left_clk_select</key>
<tooltip_text state="APPROVED" last_approved_text="Right-click to garrison the port\nLeft-click to select" last_edit_user="bob">Right-click to garrison the port\nLeft-click to select</tooltip_text>
</campaign_map_tooltip_texts>
<campaign_map_tooltip_texts record_uuid="{8f1e5c71-bd64-4a86-aa0c-902710854466}" record_timestamp="1447336427872" record_key="rome2_tltip_right_clk_garrison_settlement_left_clk_select">
<key>rome2_tltip_right_clk_garrison_settlement_left_clk_select</key>
<tooltip_text state="APPROVED" last_approved_text="Right-click to garrison the settlement\nLeft-click to select\n\nGarrisoning a settlement will provide a bonus to [[img:icon_public_order]]{{tr:public_order}}, though this will lessen based on the number of settlements controlled within the province." last_edit_user="bob">Right-click to garrison the settlement\nLeft-click to select\n\nGarrisoning a settlement will provide a bonus to [[img:icon_public_order]]{{tr:public_order}}, though this will lessen based on the number of settlements controlled within the province.</tooltip_text>
</campaign_map_tooltip_texts>
<campaign_map_tooltip_texts record_uuid="{f46c18ba-1d7f-4040-b4c8-974cf62224bb}" record_timestamp="1448989542337" record_key="rome2_tltip_right_clk_get_escorted_left_clk_select">
<key>rome2_tltip_right_clk_get_escorted_left_clk_select</key>
<tooltip_text state="APPROVED" last_approved_text="Right-click to embed\nLeft-click to select." last_edit_user="bob">Right-click to embed\nLeft-click to select.</tooltip_text>
</campaign_map_tooltip_texts>
<campaign_map_tooltip_texts record_uuid="{dd6a57c9-35e7-414f-95a1-ac1361603f65}" record_timestamp="1372410019799" record_key="rome2_tltip_right_clk_move">
<key>rome2_tltip_right_clk_move</key>
<tooltip_text state="APPROVED" last_approved_text="Right-click to move" last_edit_user="bob">Right-click to move</tooltip_text>
</campaign_map_tooltip_texts>
<campaign_map_tooltip_texts record_uuid="{e41093e6-1ca7-4bb1-aa44-ebfd555a8d84}" record_timestamp="1366898621715" record_key="rome2_tltip_right_clk_transfer_units_left_clk_select_army">
<key>rome2_tltip_right_clk_transfer_units_left_clk_select_army</key>
<tooltip_text state="APPROVED" last_approved_text="Right-click to transfer\nLeft-click to select" last_edit_user="bob">Right-click to transfer\nLeft-click to select</tooltip_text>
</campaign_map_tooltip_texts>
<campaign_map_tooltip_texts record_uuid="{79a7fd90-e19d-4cca-a17d-34b827a23d87}" record_timestamp="1366898621755" record_key="rome2_tltip_right_clk_transfer_units_left_clk_select_navy">
<key>rome2_tltip_right_clk_transfer_units_left_clk_select_navy</key>
<tooltip_text state="APPROVED" last_approved_text="Right-click to transfer\nLeft-click to select" last_edit_user="bob">Right-click to transfer\nLeft-click to select</tooltip_text>
</campaign_map_tooltip_texts>
<campaign_map_tooltip_texts record_uuid="{3258744a-cf33-46b7-a7ae-8e8e3088e96a}" record_timestamp="1372359036950" record_key="rome2_tltip_warning_agent_cannot_act_own_settlement">
<key>rome2_tltip_warning_agent_cannot_act_own_settlement</key>
<tooltip_text state="APPROVED" last_approved_text="Agents cannot act against their own settlements." last_edit_user="bob">Agents cannot act against their own settlements.</tooltip_text>
</campaign_map_tooltip_texts>
<campaign_map_tooltip_texts record_uuid="{ca12e456-7d45-4a89-be6c-735c45dbd733}" record_timestamp="1372359047054" record_key="rome2_tltip_warning_already_besieged">
<key>rome2_tltip_warning_already_besieged</key>
<tooltip_text state="APPROVED" last_approved_text="This settlement is already besieged." last_edit_user="bob">This settlement is already besieged.</tooltip_text>
</campaign_map_tooltip_texts>
<campaign_map_tooltip_texts record_uuid="{10c53d82-6bac-4f21-95a4-b7ca3094665f}" record_timestamp="1372359047093" record_key="rome2_tltip_warning_already_besieged_non_enemy">
<key>rome2_tltip_warning_already_besieged_non_enemy</key>
<tooltip_text state="APPROVED" last_approved_text="This settlement is already besieged.\n[[col:yellow]]Attacking foreign assets is an act of war![[/col]]" last_edit_user="bob">This settlement is already besieged.\n[[col:yellow]]Attacking foreign assets is an act of war![[/col]]</tooltip_text>
</campaign_map_tooltip_texts>
<campaign_map_tooltip_texts record_uuid="{1b16b8e6-acd8-4a39-b225-5fab05e0a816}" record_timestamp="1372359047152" record_key="rome2_tltip_warning_already_blockaded">
<key>rome2_tltip_warning_already_blockaded</key>
<tooltip_text state="APPROVED" last_approved_text="This settlement is already blockaded." last_edit_user="bob">This settlement is already blockaded.</tooltip_text>
</campaign_map_tooltip_texts>
<campaign_map_tooltip_texts record_uuid="{ca292cb6-35e0-4b2b-ae61-77fa8d657d91}" record_timestamp="1372359047192" record_key="rome2_tltip_warning_already_blockaded_non_enemy">
<key>rome2_tltip_warning_already_blockaded_non_enemy</key>
<tooltip_text state="APPROVED" last_approved_text="This settlement is already blockaded.\n[[col:yellow]]Attacking foreign assets is an act of war![[/col]]" last_edit_user="bob">This settlement is already blockaded.\n[[col:yellow]]Attacking foreign assets is an act of war![[/col]]</tooltip_text>
</campaign_map_tooltip_texts>
<campaign_map_tooltip_texts record_uuid="{21edf75a-4ebd-4191-a7f0-52324fe44f45}" record_timestamp="1372359036980" record_key="rome2_tltip_warning_cannot_act_besieged_non_enemy">
<key>rome2_tltip_warning_cannot_act_besieged_non_enemy</key>
<tooltip_text state="APPROVED" last_approved_text="You cannot act against besieged settlements." last_edit_user="bob">You cannot act against besieged settlements.</tooltip_text>
</campaign_map_tooltip_texts>
<campaign_map_tooltip_texts record_uuid="{5fb91493-53cb-4faa-84f9-a897db2c2ede}" record_timestamp="1373353789146" record_key="rome2_tltip_warning_cannot_attack_stance">
<key>rome2_tltip_warning_cannot_attack_stance</key>
<tooltip_text state="APPROVED" last_approved_text="[[col:red]]You cannot attack in your current stance![[/col]]" last_edit_user="bob">[[col:red]]You cannot attack in your current stance![[/col]]</tooltip_text>
</campaign_map_tooltip_texts>
<campaign_map_tooltip_texts record_uuid="{9686d1dd-4528-4396-98ab-652bfae95496}" record_timestamp="1373353789199" record_key="rome2_tltip_warning_cannot_move_stance">
<key>rome2_tltip_warning_cannot_move_stance</key>
<tooltip_text state="APPROVED" last_approved_text="[[col:red]]You cannot move in your current stance![[/col]]" last_edit_user="bob">[[col:red]]You cannot move in your current stance![[/col]]</tooltip_text>
</campaign_map_tooltip_texts>
<campaign_map_tooltip_texts record_uuid="{28143ea5-61a1-4e4b-bcec-a8710210bb60}" record_timestamp="1372410018575" record_key="rome2_tltip_warning_diplomatic_impact_action">
<key>rome2_tltip_warning_diplomatic_impact_action</key>
<tooltip_text state="APPROVED" last_approved_text="[[col:yellow]]Action against foreign assets may have diplomatic repercussions![[/col]]" last_edit_user="bob">[[col:yellow]]Action against foreign assets may have diplomatic repercussions![[/col]]</tooltip_text>
</campaign_map_tooltip_texts>
<campaign_map_tooltip_texts record_uuid="{3b8bd3c7-e271-48f6-ab7a-7dfd2ac46396}" record_timestamp="1372410019122" record_key="rome2_tltip_warning_diplomatic_impact_attack">
<key>rome2_tltip_warning_diplomatic_impact_attack</key>
<tooltip_text state="APPROVED" last_approved_text="[[col:yellow]]Attacking foreign assets is an act of war![[/col]]" last_edit_user="bob">[[col:yellow]]Attacking foreign assets is an act of war![[/col]]</tooltip_text>
</campaign_map_tooltip_texts>
<campaign_map_tooltip_texts record_uuid="{47c45b3e-4b5a-4a7b-bff5-7864ed4dcfad}" record_timestamp="1457521932579" record_key="rome2_tltip_warning_no_access">
<key>rome2_tltip_warning_no_access</key>
<tooltip_text state="APPROVED" last_approved_text="[[img:ui/skins/default/icon_diplomacy_path.png]][[/img]][[col:red]]Trespassing may have diplomatic repercussions![[/col]]" last_edit_user="bob">[[img:ui/skins/default/icon_diplomacy_path.png]][[/img]][[col:red]]Trespassing may have diplomatic repercussions![[/col]]</tooltip_text>
</campaign_map_tooltip_texts>
<campaign_map_tooltip_texts record_uuid="{c07d04c7-5de4-42c6-a5c8-df675b79a8e5}" record_timestamp="1372359023801" record_key="rome2_tltip_warning_port_occupied">
<key>rome2_tltip_warning_port_occupied</key>
<tooltip_text state="APPROVED" last_approved_text="The port is already occupied." last_edit_user="bob">The port is already occupied.</tooltip_text>
</campaign_map_tooltip_texts>
<campaign_map_tooltip_texts record_uuid="{688118dc-af0a-4eba-8043-5d91a46e9052}" record_timestamp="1372359038051" record_key="rome2_tltip_warning_settlement_under_blockade">
<key>rome2_tltip_warning_settlement_under_blockade</key>
<tooltip_text state="APPROVED" last_approved_text="[[col:yellow]]The settlement is under blockade.[[/col]]" last_edit_user="bob">[[col:yellow]]The settlement is under blockade.[[/col]]</tooltip_text>
</campaign_map_tooltip_texts>
<campaign_map_tooltip_texts record_uuid="{85fc356a-4bc4-49c4-ad0e-e9c172aa6a32}" record_timestamp="1372359038019" record_key="rome2_tltip_warning_settlement_under_siege">
<key>rome2_tltip_warning_settlement_under_siege</key>
<tooltip_text state="APPROVED" last_approved_text="[[col:yellow]]The settlement is under siege.[[/col]]" last_edit_user="bob">[[col:yellow]]The settlement is under siege.[[/col]]</tooltip_text>
</campaign_map_tooltip_texts>
<campaign_map_tooltip_texts record_uuid="{d7b23715-cf5d-4d9f-b264-7e3c80a358c0}" record_timestamp="1372359047568" record_key="rome_2_tltip_left_ck_inspect_right_clk_disembark_at_coast">
<key>rome_2_tltip_left_ck_inspect_right_clk_disembark_at_coast</key>
<tooltip_text state="APPROVED" last_approved_text="Left-click to inspect.\nRight click to disembark and attack." last_edit_user="bob">Left-click to inspect.\nRight click to disembark and attack.</tooltip_text>
</campaign_map_tooltip_texts>
<campaign_map_tooltip_texts record_uuid="{2fce0c31-98e5-417d-9fc9-44a20831a6f0}" record_timestamp="1372359047610" record_key="rome_2_tltip_left_clk_select_right_clk_disembark_at_coast">
<key>rome_2_tltip_left_clk_select_right_clk_disembark_at_coast</key>
<tooltip_text state="APPROVED" last_approved_text="Left-click to select.\nRight click to disembark." last_edit_user="bob">Left-click to select.\nRight click to disembark.</tooltip_text>
</campaign_map_tooltip_texts>
<campaign_map_tooltip_texts record_uuid="{91210ccc-5747-4bb0-a1bf-d27f291fdf90}" record_timestamp="1455730948262" record_key="wh_main_tltip_waaagh_army">
<key>wh_main_tltip_waaagh_army</key>
<tooltip_text state="APPROVED" last_approved_text="{{tr:your_waaagh_army_tooltip}}" last_edit_user="bob">{{tr:your_waaagh_army_tooltip}}</tooltip_text>
</campaign_map_tooltip_texts>
<campaign_map_tooltip_texts record_uuid="{074c3902-395d-47b1-9260-e15bed53aab1}" record_timestamp="1455111446687" record_key="wh_main_tltip_waaagh_army_info">
<key>wh_main_tltip_waaagh_army_info</key>
<tooltip_text state="APPROVED" last_approved_text="Host army: %s" last_edit_user="bob">Host army: %s</tooltip_text>
</campaign_map_tooltip_texts>
</dataroot>
