<?xml version="1.0" encoding="UTF-8"?>
<dataroot xmlns:od="urn:schemas-microsoft-com:officedata" xmlns:xsi="http://www.w3.org/2001/XMLSchema-instance" xsi:noNamespaceSchemaLocation="campaigns_campaign_variables_junctions.xsd" export_time="Thu May 12 09:52:19 2016" revision="36" export_branch="T:/branches/warhammer/beastmen/warhammer/binaries.x64" export_user="bob">
<edit_uuid>70ddae05-2cb5-4409-8793-4cf99989ba62</edit_uuid>
<campaigns_campaign_variables_junctions record_uuid="{bb1b37c5-78cb-4518-b62a-715b449498a3}" record_timestamp="1461152307645" record_key="rebel_army_additional_units_per_turn_sizemain_warhammer-1">
<campaign_name>main_warhammer</campaign_name>
<optional_campaign_type></optional_campaign_type>
<optional_difficulty_level>-1</optional_difficulty_level>
<value>6</value>
<variable_key>rebel_army_additional_units_per_turn_size</variable_key>
</campaigns_campaign_variables_junctions>
<campaigns_campaign_variables_junctions record_uuid="{febc0500-8e88-4728-9c1d-be8108d05820}" record_timestamp="1461152307645" record_key="rebel_army_additional_units_per_turn_sizemain_warhammer-2">
<campaign_name>main_warhammer</campaign_name>
<optional_campaign_type></optional_campaign_type>
<optional_difficulty_level>-2</optional_difficulty_level>
<value>6</value>
<variable_key>rebel_army_additional_units_per_turn_size</variable_key>
</campaigns_campaign_variables_junctions>
<campaigns_campaign_variables_junctions record_uuid="{f86d2ee9-506c-4ad3-b981-69346afe0006}" record_timestamp="1461152307647" record_key="rebel_army_additional_units_per_turn_sizemain_warhammer-3">
<campaign_name>main_warhammer</campaign_name>
<optional_campaign_type></optional_campaign_type>
<optional_difficulty_level>-3</optional_difficulty_level>
<value>6</value>
<variable_key>rebel_army_additional_units_per_turn_size</variable_key>
</campaigns_campaign_variables_junctions>
<campaigns_campaign_variables_junctions record_uuid="{178ba188-8eee-4d1c-8e00-ef711e921810}" record_timestamp="1461152307646" record_key="rebel_army_additional_units_per_turn_sizemain_warhammer1">
<campaign_name>main_warhammer</campaign_name>
<optional_campaign_type></optional_campaign_type>
<optional_difficulty_level>1</optional_difficulty_level>
<value>2</value>
<variable_key>rebel_army_additional_units_per_turn_size</variable_key>
</campaigns_campaign_variables_junctions>
<campaigns_campaign_variables_junctions record_uuid="{7e0b8f69-ee0d-4c66-b6e0-f31ad8ce99fb}" record_timestamp="1461152307649" record_key="rebel_initial_army_sizemain_warhammer-1">
<campaign_name>main_warhammer</campaign_name>
<optional_campaign_type></optional_campaign_type>
<optional_difficulty_level>-1</optional_difficulty_level>
<value>8</value>
<variable_key>rebel_initial_army_size</variable_key>
</campaigns_campaign_variables_junctions>
<campaigns_campaign_variables_junctions record_uuid="{d336b04f-2184-460d-85f8-46fe5ce5d4b0}" record_timestamp="1461152307648" record_key="rebel_initial_army_sizemain_warhammer-2">
<campaign_name>main_warhammer</campaign_name>
<optional_campaign_type></optional_campaign_type>
<optional_difficulty_level>-2</optional_difficulty_level>
<value>8</value>
<variable_key>rebel_initial_army_size</variable_key>
</campaigns_campaign_variables_junctions>
<campaigns_campaign_variables_junctions record_uuid="{13e1649c-fec5-41b9-9ba6-2423207caaa8}" record_timestamp="1461152307651" record_key="rebel_initial_army_sizemain_warhammer-3">
<campaign_name>main_warhammer</campaign_name>
<optional_campaign_type></optional_campaign_type>
<optional_difficulty_level>-3</optional_difficulty_level>
<value>8</value>
<variable_key>rebel_initial_army_size</variable_key>
</campaigns_campaign_variables_junctions>
<campaigns_campaign_variables_junctions record_uuid="{209d4524-d269-4165-b871-1aa41282aa28}" record_timestamp="1461152307650" record_key="rebel_initial_army_sizemain_warhammer1">
<campaign_name>main_warhammer</campaign_name>
<optional_campaign_type></optional_campaign_type>
<optional_difficulty_level>1</optional_difficulty_level>
<value>4</value>
<variable_key>rebel_initial_army_size</variable_key>
</campaigns_campaign_variables_junctions>
</dataroot>
