<?xml version="1.0" encoding="UTF-8"?>
<dataroot xmlns:od="urn:schemas-microsoft-com:officedata" xmlns:xsi="http://www.w3.org/2001/XMLSchema-instance" xsi:noNamespaceSchemaLocation="campaign_bonus_value_battle_context_ground_type_junctions.xsd" export_time="Tue Oct 6 21:50:22 2015" revision="9" export_branch="T:/common/TWeak/Framework" export_user="bob">
<edit_uuid>5fafa7ed-fe6c-4567-9df8-d5e7239c179b</edit_uuid>
<campaign_bonus_value_battle_context_ground_type_junctions record_uuid="{ebd8ea34-3d75-4877-accb-45acd1cd71d6}" record_timestamp="1367846567483" record_key="fighting_force_status_yours_ambushing_ground_type_desertdesert">
<battle_context_key>fighting_force_status_yours_ambushing_ground_type_desert</battle_context_key>
<ground_type_key>desert</ground_type_key>
</campaign_bonus_value_battle_context_ground_type_junctions>
<campaign_bonus_value_battle_context_ground_type_junctions record_uuid="{3a46b789-acf7-444f-92d2-343765a5bdb8}" record_timestamp="1367846567593" record_key="fighting_force_status_yours_ambushing_ground_type_forestdense_forest">
<battle_context_key>fighting_force_status_yours_ambushing_ground_type_forest</battle_context_key>
<ground_type_key>dense_forest</ground_type_key>
</campaign_bonus_value_battle_context_ground_type_junctions>
<campaign_bonus_value_battle_context_ground_type_junctions record_uuid="{0cd55080-423c-43d0-a0f7-e01a81f430d7}" record_timestamp="1367846567556" record_key="fighting_force_status_yours_ambushing_ground_type_foresthilly_light_forest">
<battle_context_key>fighting_force_status_yours_ambushing_ground_type_forest</battle_context_key>
<ground_type_key>hilly_light_forest</ground_type_key>
</campaign_bonus_value_battle_context_ground_type_junctions>
<campaign_bonus_value_battle_context_ground_type_junctions record_uuid="{b3925585-7b0c-4b3b-9b7c-a840498a4a3e}" record_timestamp="1367846567520" record_key="fighting_force_status_yours_ambushing_ground_type_forestlight_forest">
<battle_context_key>fighting_force_status_yours_ambushing_ground_type_forest</battle_context_key>
<ground_type_key>light_forest</ground_type_key>
</campaign_bonus_value_battle_context_ground_type_junctions>
<campaign_bonus_value_battle_context_ground_type_junctions record_uuid="{54378c66-19fa-4f13-a06a-9c8582702b34}" record_timestamp="1443713967261" record_key="fighting_force_status_yours_attacking_at_seasea_coast">
<battle_context_key>fighting_force_status_yours_attacking_at_sea</battle_context_key>
<ground_type_key>sea_coast</ground_type_key>
</campaign_bonus_value_battle_context_ground_type_junctions>
<campaign_bonus_value_battle_context_ground_type_junctions record_uuid="{4d2c2f50-d32a-434c-926f-c95c23302793}" record_timestamp="1443713967251" record_key="fighting_force_status_yours_attacking_at_seasea_lake">
<battle_context_key>fighting_force_status_yours_attacking_at_sea</battle_context_key>
<ground_type_key>sea_lake</ground_type_key>
</campaign_bonus_value_battle_context_ground_type_junctions>
<campaign_bonus_value_battle_context_ground_type_junctions record_uuid="{001fcb60-2a0d-4d75-9c8b-1462976abbb5}" record_timestamp="1443713967241" record_key="fighting_force_status_yours_attacking_at_seasea_ocean">
<battle_context_key>fighting_force_status_yours_attacking_at_sea</battle_context_key>
<ground_type_key>sea_ocean</ground_type_key>
</campaign_bonus_value_battle_context_ground_type_junctions>
<campaign_bonus_value_battle_context_ground_type_junctions record_uuid="{dd9b56b3-9874-45ef-a4f1-7bccaa44aaca}" record_timestamp="1443713967221" record_key="fighting_force_status_yours_defending_at_seasea_coast">
<battle_context_key>fighting_force_status_yours_defending_at_sea</battle_context_key>
<ground_type_key>sea_coast</ground_type_key>
</campaign_bonus_value_battle_context_ground_type_junctions>
<campaign_bonus_value_battle_context_ground_type_junctions record_uuid="{d66f38c5-7b02-489f-9596-017d5abf9033}" record_timestamp="1443713967281" record_key="fighting_force_status_yours_defending_at_seasea_lake">
<battle_context_key>fighting_force_status_yours_defending_at_sea</battle_context_key>
<ground_type_key>sea_lake</ground_type_key>
</campaign_bonus_value_battle_context_ground_type_junctions>
<campaign_bonus_value_battle_context_ground_type_junctions record_uuid="{91839fd6-6517-4812-a548-5eeb4c0640cf}" record_timestamp="1443713967271" record_key="fighting_force_status_yours_defending_at_seasea_ocean">
<battle_context_key>fighting_force_status_yours_defending_at_sea</battle_context_key>
<ground_type_key>sea_ocean</ground_type_key>
</campaign_bonus_value_battle_context_ground_type_junctions>
<campaign_bonus_value_battle_context_ground_type_junctions record_uuid="{74ca1fa1-650a-45af-bc84-a8b723d0abe1}" record_timestamp="1367846567761" record_key="fighting_ground_type_desertdesert">
<battle_context_key>fighting_ground_type_desert</battle_context_key>
<ground_type_key>desert</ground_type_key>
</campaign_bonus_value_battle_context_ground_type_junctions>
<campaign_bonus_value_battle_context_ground_type_junctions record_uuid="{01f79ca5-690a-4512-a7db-971324ff58b8}" record_timestamp="1367846567652" record_key="fighting_ground_type_forestdense_forest">
<battle_context_key>fighting_ground_type_forest</battle_context_key>
<ground_type_key>dense_forest</ground_type_key>
</campaign_bonus_value_battle_context_ground_type_junctions>
<campaign_bonus_value_battle_context_ground_type_junctions record_uuid="{3a7d5ee2-91cb-4566-bfa6-523fa6c27378}" record_timestamp="1367846567725" record_key="fighting_ground_type_foresthilly_light_forest">
<battle_context_key>fighting_ground_type_forest</battle_context_key>
<ground_type_key>hilly_light_forest</ground_type_key>
</campaign_bonus_value_battle_context_ground_type_junctions>
<campaign_bonus_value_battle_context_ground_type_junctions record_uuid="{67b8a9c3-f614-4f6a-93f0-de5d6fdaa334}" record_timestamp="1367846567690" record_key="fighting_ground_type_forestlight_forest">
<battle_context_key>fighting_ground_type_forest</battle_context_key>
<ground_type_key>light_forest</ground_type_key>
</campaign_bonus_value_battle_context_ground_type_junctions>
</dataroot>
