<?xml version="1.0" encoding="UTF-8"?>
<dataroot xmlns:od="urn:schemas-microsoft-com:officedata" xmlns:xsi="http://www.w3.org/2001/XMLSchema-instance" xsi:noNamespaceSchemaLocation="campaign_bonus_value_ids_technologies.xsd" export_time="Mon Aug 24 09:57:51 2015" revision="5" export_branch="C:/fetch_c/warhammer/binaries" export_user="bob">
<edit_uuid>8258e213-229f-4813-a6e1-df674e074edb</edit_uuid>
<campaign_bonus_value_ids_technologies record_uuid="{57b9fa17-8cd0-4501-aa9d-d457ec52e6e0}" record_timestamp="1425655717572" record_key="disable_tech">
<key>disable_tech</key>
<notes>placeholder</notes>
</campaign_bonus_value_ids_technologies>
</dataroot>
