<?xml version="1.0" encoding="UTF-8"?>
<dataroot xmlns:od="urn:schemas-microsoft-com:officedata" xmlns:xsi="http://www.w3.org/2001/XMLSchema-instance" xsi:noNamespaceSchemaLocation="campaign_ai_technology_managers.xsd" export_time="Wed Jan 20 11:00:32 2016" revision="13" export_branch="T:/warhammer/src" export_user="bob">
<edit_uuid>b6491a94-f1f0-4a35-88bd-b53d6007cb7c</edit_uuid>
<campaign_ai_technology_managers record_uuid="{4d267f89-7924-46b1-9d89-9c296fb47470}" record_key="default">
<key>default</key>
</campaign_ai_technology_managers>
<campaign_ai_technology_managers record_uuid="{82d7bbeb-9568-47ff-981c-804ad0054d1a}" record_timestamp="1453287631664" record_key="high_manager">
<key>high_manager</key>
</campaign_ai_technology_managers>
</dataroot>
