<?xml version="1.0" encoding="UTF-8"?>
<dataroot xmlns:od="urn:schemas-microsoft-com:officedata" xmlns:xsi="http://www.w3.org/2001/XMLSchema-instance" xsi:noNamespaceSchemaLocation="campaign_bonus_value_ids_resource.xsd" export_time="Mon Aug 24 09:57:51 2015" revision="7" export_branch="C:/fetch_c/warhammer/binaries" export_user="bob">
<edit_uuid>f3a67232-688d-42d5-b277-21310344f80b</edit_uuid>
<campaign_bonus_value_ids_resource record_uuid="{41effd03-d6a7-450f-a34c-6d0c017ea79d}" record_key="production">
<key>production</key>
<notes>Resource production value. Used at building bonuses.</notes>
</campaign_bonus_value_ids_resource>
</dataroot>
