<?xml version="1.0" encoding="UTF-8"?>
<dataroot xmlns:od="urn:schemas-microsoft-com:officedata" xmlns:xsi="http://www.w3.org/2001/XMLSchema-instance" xsi:noNamespaceSchemaLocation="campaign_bonus_value_ids_subcultures.xsd" export_time="Wed Apr 20 12:44:57 2016" revision="7" export_branch="T:/branches/warhammer/beastmen/warhammer/binaries.x64" export_user="bob">
<edit_uuid>06a94819-6762-4984-a954-966a6e2bd75b</edit_uuid>
<campaign_bonus_value_ids_subcultures record_uuid="{3c2fc9b9-df85-44fe-bff9-46aba9c8af58}" record_timestamp="1461152289160" record_key="diplomatic_mod">
<key>diplomatic_mod</key>
<notes>Affects diplomatic relations. Used at faction bonuses.</notes>
</campaign_bonus_value_ids_subcultures>
<campaign_bonus_value_ids_subcultures record_uuid="{d53bffbb-7d0b-4b0f-8eb5-6f5b75238b5f}" record_timestamp="1461152289160" record_key="diplomatic_mod_imperium">
<key>diplomatic_mod_imperium</key>
<notes>Affects diplomatic relations. Used at imperium bonuses.</notes>
</campaign_bonus_value_ids_subcultures>
<campaign_bonus_value_ids_subcultures record_uuid="{01ad907b-1061-420d-8e1d-82b95225978d}" record_timestamp="1461152289160" record_key="diplomatic_mod_tech">
<key>diplomatic_mod_tech</key>
<notes>Affects diplomatic relations. Used at technology bonuses.</notes>
</campaign_bonus_value_ids_subcultures>
</dataroot>
