<?xml version="1.0" encoding="UTF-8"?>
<dataroot xmlns:od="urn:schemas-microsoft-com:officedata" xmlns:xsi="http://www.w3.org/2001/XMLSchema-instance" xsi:noNamespaceSchemaLocation="campaign_climate_change_phases.xsd" export_time="Mon Aug 24 09:57:51 2015" revision="5" export_branch="C:/fetch_c/warhammer/binaries" export_user="bob">
<edit_uuid>9a596436-c9ab-4abe-8657-b8742d6def1b</edit_uuid>
<campaign_climate_change_phases record_uuid="{1bd36345-818e-4c86-8800-80ffccab8bab}" record_timestamp="1400253576370" record_key="placeholder0">
<campaign>placeholder</campaign>
<human_imperium_threshold>0</human_imperium_threshold>
<phase>0</phase>
<round_threshold>0</round_threshold>
</campaign_climate_change_phases>
</dataroot>
