<?xml version="1.0" encoding="UTF-8"?>
<dataroot xmlns:od="urn:schemas-microsoft-com:officedata" xmlns:xsi="http://www.w3.org/2001/XMLSchema-instance" xsi:noNamespaceSchemaLocation="campaign_settlement_display_settlement_rotations.xsd" export_time="Tue Aug 9 18:01:43 2016" revision="37" export_branch="T:/branches/warhammer/sigmar/warhammer/binaries.x64" export_user="bob">
<edit_uuid>3de114d4-b813-4a6b-84b8-e84c939985c4</edit_uuid>
<campaign_settlement_display_settlement_rotations record_uuid="{94e04bcb-5f70-442d-bf1f-04615ddbce39}" record_timestamp="1456414942148" record_key="settlement:wh_dlc03_black_pit_black_pit">
<rotation>0.6</rotation>
<settlement>settlement:wh_dlc03_black_pit_black_pit</settlement>
</campaign_settlement_display_settlement_rotations>
<campaign_settlement_display_settlement_rotations record_uuid="{92adf1ba-934e-4813-8844-52be80df58fc}" record_timestamp="1456414942161" record_key="settlement:wh_dlc03_eastern_drakwald_isenbuttel">
<rotation>1.7</rotation>
<settlement>settlement:wh_dlc03_eastern_drakwald_isenbuttel</settlement>
</campaign_settlement_display_settlement_rotations>
<campaign_settlement_display_settlement_rotations record_uuid="{a565a9e0-56ba-4178-8209-b8441159255c}" record_timestamp="1456414942176" record_key="settlement:wh_dlc03_eastern_drakwald_rosche">
<rotation>0.1</rotation>
<settlement>settlement:wh_dlc03_eastern_drakwald_rosche</settlement>
</campaign_settlement_display_settlement_rotations>
<campaign_settlement_display_settlement_rotations record_uuid="{a10bc614-680f-41e1-9d50-ffdcb3811259}" record_timestamp="1456414942191" record_key="settlement:wh_dlc03_eastern_drakwald_schwarzmarkt">
<rotation>1.3</rotation>
<settlement>settlement:wh_dlc03_eastern_drakwald_schwarzmarkt</settlement>
</campaign_settlement_display_settlement_rotations>
<campaign_settlement_display_settlement_rotations record_uuid="{59d11a7f-ffe5-4e31-b75d-9edba4aa3a1b}" record_timestamp="1456414942210" record_key="settlement:wh_dlc03_eastern_hochland_ahresdorf">
<rotation>5.6</rotation>
<settlement>settlement:wh_dlc03_eastern_hochland_ahresdorf</settlement>
</campaign_settlement_display_settlement_rotations>
<campaign_settlement_display_settlement_rotations record_uuid="{c8497abc-3a85-4c8d-8fed-73e05df6c14f}" record_timestamp="1456414942226" record_key="settlement:wh_dlc03_eastern_hochland_fort_schippel">
<rotation>4.7</rotation>
<settlement>settlement:wh_dlc03_eastern_hochland_fort_schippel</settlement>
</campaign_settlement_display_settlement_rotations>
<campaign_settlement_display_settlement_rotations record_uuid="{4543e285-673d-4e97-a626-acf62c0680e6}" record_timestamp="1456414942241" record_key="settlement:wh_dlc03_eastern_hochland_koerin">
<rotation>3.2</rotation>
<settlement>settlement:wh_dlc03_eastern_hochland_koerin</settlement>
</campaign_settlement_display_settlement_rotations>
<campaign_settlement_display_settlement_rotations record_uuid="{5ddaf867-2f1d-468d-9f86-bb58ecbe964b}" record_timestamp="1455712412726" record_key="settlement:wh_dlc03_gloomy_woods_gloomy_woods">
<rotation>0.9</rotation>
<settlement>settlement:wh_dlc03_gloomy_woods_gloomy_woods</settlement>
</campaign_settlement_display_settlement_rotations>
<campaign_settlement_display_settlement_rotations record_uuid="{5d004fc3-ca8c-486e-ab6c-62447f58d202}" record_timestamp="1456414942257" record_key="settlement:wh_dlc03_howling_hills_delberz">
<rotation>1</rotation>
<settlement>settlement:wh_dlc03_howling_hills_delberz</settlement>
</campaign_settlement_display_settlement_rotations>
<campaign_settlement_display_settlement_rotations record_uuid="{096462ae-949c-4f45-ae3f-797a8a8dfe84}" record_timestamp="1456414942274" record_key="settlement:wh_dlc03_howling_hills_middenstag">
<rotation>4.1</rotation>
<settlement>settlement:wh_dlc03_howling_hills_middenstag</settlement>
</campaign_settlement_display_settlement_rotations>
<campaign_settlement_display_settlement_rotations record_uuid="{42b23242-5e14-4c81-8956-8ad64be9b07f}" record_timestamp="1456414942291" record_key="settlement:wh_dlc03_howling_hills_mittelmund">
<rotation>0.6</rotation>
<settlement>settlement:wh_dlc03_howling_hills_mittelmund</settlement>
</campaign_settlement_display_settlement_rotations>
<campaign_settlement_display_settlement_rotations record_uuid="{46cb07a4-1768-48bd-b25d-6684459f1a46}" record_timestamp="1456414942311" record_key="settlement:wh_dlc03_howling_hills_untergard">
<rotation>1.1</rotation>
<settlement>settlement:wh_dlc03_howling_hills_untergard</settlement>
</campaign_settlement_display_settlement_rotations>
<campaign_settlement_display_settlement_rotations record_uuid="{a34e2f5e-907d-4509-8cb5-2bf3d5fb06d7}" record_timestamp="1456414942330" record_key="settlement:wh_dlc03_middle_mountains_bergsburg">
<rotation>2.4</rotation>
<settlement>settlement:wh_dlc03_middle_mountains_bergsburg</settlement>
</campaign_settlement_display_settlement_rotations>
<campaign_settlement_display_settlement_rotations record_uuid="{0ae1b211-8d21-4cdd-ae5b-7019e44e5ccf}" record_timestamp="1456414942350" record_key="settlement:wh_dlc03_middle_mountains_esk">
<rotation>5.3</rotation>
<settlement>settlement:wh_dlc03_middle_mountains_esk</settlement>
</campaign_settlement_display_settlement_rotations>
<campaign_settlement_display_settlement_rotations record_uuid="{77cde38b-839c-4d25-bb14-35b1eddf5b6d}" record_timestamp="1456414942369" record_key="settlement:wh_dlc03_middle_mountains_krudenwald">
<rotation>3</rotation>
<settlement>settlement:wh_dlc03_middle_mountains_krudenwald</settlement>
</campaign_settlement_display_settlement_rotations>
<campaign_settlement_display_settlement_rotations record_uuid="{7bb0db70-2942-47e3-9191-b531a19a17ee}" record_timestamp="1456414942389" record_key="settlement:wh_dlc03_mirror_moors_dunkelbild">
<rotation>3.7</rotation>
<settlement>settlement:wh_dlc03_mirror_moors_dunkelbild</settlement>
</campaign_settlement_display_settlement_rotations>
<campaign_settlement_display_settlement_rotations record_uuid="{73392da6-b535-4d87-9a9b-6fab78cdc51c}" record_timestamp="1456414942411" record_key="settlement:wh_dlc03_mirror_moors_fassberg">
<rotation>2.5</rotation>
<settlement>settlement:wh_dlc03_mirror_moors_fassberg</settlement>
</campaign_settlement_display_settlement_rotations>
<campaign_settlement_display_settlement_rotations record_uuid="{f97c49cd-f02f-4399-8538-327b1df731a0}" record_timestamp="1456414942434" record_key="settlement:wh_dlc03_mirror_moors_grossfurre">
<rotation>4.4</rotation>
<settlement>settlement:wh_dlc03_mirror_moors_grossfurre</settlement>
</campaign_settlement_display_settlement_rotations>
<campaign_settlement_display_settlement_rotations record_uuid="{f92dfd66-8ce9-41f7-8cad-50d71dc94b17}" record_timestamp="1456414942454" record_key="settlement:wh_dlc03_mirror_moors_leydenhove">
<rotation>1.6</rotation>
<settlement>settlement:wh_dlc03_mirror_moors_leydenhove</settlement>
</campaign_settlement_display_settlement_rotations>
<campaign_settlement_display_settlement_rotations record_uuid="{19e7fbda-7c11-4657-bc1b-190357a451b9}" record_timestamp="1456414942498" record_key="settlement:wh_dlc03_northern_drakwald_frote">
<rotation>0.2</rotation>
<settlement>settlement:wh_dlc03_northern_drakwald_frote</settlement>
</campaign_settlement_display_settlement_rotations>
<campaign_settlement_display_settlement_rotations record_uuid="{bed1b348-ea03-4bd6-bbe7-b4edd37e31d4}" record_timestamp="1456414942518" record_key="settlement:wh_dlc03_northern_drakwald_grimminhagen">
<rotation>1.5</rotation>
<settlement>settlement:wh_dlc03_northern_drakwald_grimminhagen</settlement>
</campaign_settlement_display_settlement_rotations>
<campaign_settlement_display_settlement_rotations record_uuid="{37b49f59-00fd-4357-a7ad-ee5bc7c51d5f}" record_timestamp="1456414942537" record_key="settlement:wh_dlc03_northern_drakwald_middenheim">
<rotation>2.3</rotation>
<settlement>settlement:wh_dlc03_northern_drakwald_middenheim</settlement>
</campaign_settlement_display_settlement_rotations>
<campaign_settlement_display_settlement_rotations record_uuid="{f6baf597-862c-4b05-b43b-0e8c7b39fb93}" record_timestamp="1456414942555" record_key="settlement:wh_dlc03_northern_drakwald_schoninghagen">
<rotation>2.7</rotation>
<settlement>settlement:wh_dlc03_northern_drakwald_schoninghagen</settlement>
</campaign_settlement_display_settlement_rotations>
<campaign_settlement_display_settlement_rotations record_uuid="{9b3dbac7-5e13-4104-8fde-cc3b8ee1fc9b}" record_timestamp="1468496793837" record_key="settlement:wh_dlc03_northern_wasteland_fort_solace">
<rotation>0.2</rotation>
<settlement>settlement:wh_dlc03_northern_wasteland_fort_solace</settlement>
</campaign_settlement_display_settlement_rotations>
<campaign_settlement_display_settlement_rotations record_uuid="{b1fcfc08-cc7f-4f26-a667-3ade6dff940b}" record_timestamp="1456414942593" record_key="settlement:wh_dlc03_northern_wasteland_stedum">
<rotation>6.2</rotation>
<settlement>settlement:wh_dlc03_northern_wasteland_stedum</settlement>
</campaign_settlement_display_settlement_rotations>
<campaign_settlement_display_settlement_rotations record_uuid="{4ae9f801-8779-4e17-bccf-cb3e80b70858}" record_timestamp="1456414942612" record_key="settlement:wh_dlc03_northern_wasteland_vasse">
<rotation>2.8</rotation>
<settlement>settlement:wh_dlc03_northern_wasteland_vasse</settlement>
</campaign_settlement_display_settlement_rotations>
<campaign_settlement_display_settlement_rotations record_uuid="{f2e84289-a5a4-48ae-97d4-d9d82b8c5726}" record_timestamp="1456414942633" record_key="settlement:wh_dlc03_reikland_channel_caden">
<rotation>3.6</rotation>
<settlement>settlement:wh_dlc03_reikland_channel_caden</settlement>
</campaign_settlement_display_settlement_rotations>
<campaign_settlement_display_settlement_rotations record_uuid="{1cfa8279-60ea-4176-ab45-a46e4492977b}" record_timestamp="1456414942653" record_key="settlement:wh_dlc03_reikland_channel_eslohe">
<rotation>4.6</rotation>
<settlement>settlement:wh_dlc03_reikland_channel_eslohe</settlement>
</campaign_settlement_display_settlement_rotations>
<campaign_settlement_display_settlement_rotations record_uuid="{bec8a267-7324-430b-9a3f-9d9842941f8f}" record_timestamp="1456414942671" record_key="settlement:wh_dlc03_reikland_channel_scheinfeld">
<rotation>6</rotation>
<settlement>settlement:wh_dlc03_reikland_channel_scheinfeld</settlement>
</campaign_settlement_display_settlement_rotations>
<campaign_settlement_display_settlement_rotations record_uuid="{53da831a-f3b8-4e69-a677-0a9edac6d380}" record_timestamp="1456414942694" record_key="settlement:wh_dlc03_reikland_forest_carroburg">
<rotation>0.8</rotation>
<settlement>settlement:wh_dlc03_reikland_forest_carroburg</settlement>
</campaign_settlement_display_settlement_rotations>
<campaign_settlement_display_settlement_rotations record_uuid="{04e6aa4f-4015-4493-810c-0a6b92d2f5c1}" record_timestamp="1456414942713" record_key="settlement:wh_dlc03_reikland_forest_senden">
<rotation>4.1</rotation>
<settlement>settlement:wh_dlc03_reikland_forest_senden</settlement>
</campaign_settlement_display_settlement_rotations>
<campaign_settlement_display_settlement_rotations record_uuid="{2ca900d1-824d-4207-a5dd-deada36a10bd}" record_timestamp="1456414942734" record_key="settlement:wh_dlc03_schadensumpf_bokel">
<rotation>4.8</rotation>
<settlement>settlement:wh_dlc03_schadensumpf_bokel</settlement>
</campaign_settlement_display_settlement_rotations>
<campaign_settlement_display_settlement_rotations record_uuid="{88422373-020a-4ec6-9c8c-edb17bbc12b9}" record_timestamp="1456414942758" record_key="settlement:wh_dlc03_schadensumpf_kammendun">
<rotation>5.6</rotation>
<settlement>settlement:wh_dlc03_schadensumpf_kammendun</settlement>
</campaign_settlement_display_settlement_rotations>
<campaign_settlement_display_settlement_rotations record_uuid="{70c8f576-72ce-49c6-8617-1936616b87d7}" record_timestamp="1456414942776" record_key="settlement:wh_dlc03_schadensumpf_norderingen">
<rotation>1.9</rotation>
<settlement>settlement:wh_dlc03_schadensumpf_norderingen</settlement>
</campaign_settlement_display_settlement_rotations>
<campaign_settlement_display_settlement_rotations record_uuid="{3ecfe681-99d2-42f1-a010-3c98bd53e44a}" record_timestamp="1456414942795" record_key="settlement:wh_dlc03_southern_drakwald_brockel">
<rotation>2</rotation>
<settlement>settlement:wh_dlc03_southern_drakwald_brockel</settlement>
</campaign_settlement_display_settlement_rotations>
<campaign_settlement_display_settlement_rotations record_uuid="{1e9d2194-9973-42ab-b11f-a30b9066fa04}" record_timestamp="1456414942817" record_key="settlement:wh_dlc03_southern_drakwald_eldagsen">
<rotation>0.4</rotation>
<settlement>settlement:wh_dlc03_southern_drakwald_eldagsen</settlement>
</campaign_settlement_display_settlement_rotations>
<campaign_settlement_display_settlement_rotations record_uuid="{95186cbf-02c4-4b39-a0a1-e69b76d82c57}" record_timestamp="1456414942835" record_key="settlement:wh_dlc03_southern_drakwald_sunderberg">
<rotation>4.4</rotation>
<settlement>settlement:wh_dlc03_southern_drakwald_sunderberg</settlement>
</campaign_settlement_display_settlement_rotations>
<campaign_settlement_display_settlement_rotations record_uuid="{09799abb-03ad-4432-81d4-d05004730671}" record_timestamp="1456414942853" record_key="settlement:wh_dlc03_southern_hochland_barwedel">
<rotation>6.1</rotation>
<settlement>settlement:wh_dlc03_southern_hochland_barwedel</settlement>
</campaign_settlement_display_settlement_rotations>
<campaign_settlement_display_settlement_rotations record_uuid="{bd81ed20-5a0b-41e9-8856-fab1bfb75efa}" record_timestamp="1456414942872" record_key="settlement:wh_dlc03_southern_hochland_langweise">
<rotation>3</rotation>
<settlement>settlement:wh_dlc03_southern_hochland_langweise</settlement>
</campaign_settlement_display_settlement_rotations>
<campaign_settlement_display_settlement_rotations record_uuid="{ca2ce4ec-62e9-4415-bd7a-f7fda4b0b0d3}" record_timestamp="1456414942893" record_key="settlement:wh_dlc03_southern_hochland_luthorst">
<rotation>2.3</rotation>
<settlement>settlement:wh_dlc03_southern_hochland_luthorst</settlement>
</campaign_settlement_display_settlement_rotations>
<campaign_settlement_display_settlement_rotations record_uuid="{647cc93c-da5d-49a0-ab89-f58865a1e514}" record_timestamp="1468496793838" record_key="settlement:wh_dlc03_southern_wasteland_marienburg">
<rotation>0.8</rotation>
<settlement>settlement:wh_dlc03_southern_wasteland_marienburg</settlement>
</campaign_settlement_display_settlement_rotations>
<campaign_settlement_display_settlement_rotations record_uuid="{c27fc1cf-2c36-4b2f-9039-b38ae6afdac7}" record_timestamp="1456414942932" record_key="settlement:wh_dlc03_southern_wasteland_niddesdorf">
<rotation>3.9</rotation>
<settlement>settlement:wh_dlc03_southern_wasteland_niddesdorf</settlement>
</campaign_settlement_display_settlement_rotations>
<campaign_settlement_display_settlement_rotations record_uuid="{3ab58591-5812-4d2b-a273-6fec1b4dd686}" record_timestamp="1456414942950" record_key="settlement:wh_dlc03_southern_wasteland_salfen">
<rotation>3.2</rotation>
<settlement>settlement:wh_dlc03_southern_wasteland_salfen</settlement>
</campaign_settlement_display_settlement_rotations>
<campaign_settlement_display_settlement_rotations record_uuid="{2bb5dfc1-710a-42bc-8681-3b5d9a75e35a}" record_timestamp="1456414942975" record_key="settlement:wh_dlc03_the_talabec_ahlenhof">
<rotation>1.2</rotation>
<settlement>settlement:wh_dlc03_the_talabec_ahlenhof</settlement>
</campaign_settlement_display_settlement_rotations>
<campaign_settlement_display_settlement_rotations record_uuid="{a391ebd0-0886-4c26-9501-cad9fc8e2243}" record_timestamp="1456414942998" record_key="settlement:wh_dlc03_the_talabec_leer">
<rotation>0.4</rotation>
<settlement>settlement:wh_dlc03_the_talabec_leer</settlement>
</campaign_settlement_display_settlement_rotations>
<campaign_settlement_display_settlement_rotations record_uuid="{94f2abb5-dc33-41ec-bcb0-e3fbbd59be02}" record_timestamp="1456414943021" record_key="settlement:wh_dlc03_the_talabec_schoppendorf">
<rotation>2.7</rotation>
<settlement>settlement:wh_dlc03_the_talabec_schoppendorf</settlement>
</campaign_settlement_display_settlement_rotations>
<campaign_settlement_display_settlement_rotations record_uuid="{5dff7f3b-57b1-4ca2-a5ac-01412ca97473}" record_timestamp="1456414943040" record_key="settlement:wh_dlc03_western_drakwald_deinste">
<rotation>0.1</rotation>
<settlement>settlement:wh_dlc03_western_drakwald_deinste</settlement>
</campaign_settlement_display_settlement_rotations>
<campaign_settlement_display_settlement_rotations record_uuid="{52169a0f-f68a-42e1-9eb5-5d9c679ea02a}" record_timestamp="1456414943061" record_key="settlement:wh_dlc03_western_drakwald_gorrsel">
<rotation>1.6</rotation>
<settlement>settlement:wh_dlc03_western_drakwald_gorrsel</settlement>
</campaign_settlement_display_settlement_rotations>
<campaign_settlement_display_settlement_rotations record_uuid="{3377c1b7-d043-4e17-a6ad-96a6b32f0eca}" record_timestamp="1456414943085" record_key="settlement:wh_dlc03_western_drakwald_winsen">
<rotation>3.3</rotation>
<settlement>settlement:wh_dlc03_western_drakwald_winsen</settlement>
</campaign_settlement_display_settlement_rotations>
<campaign_settlement_display_settlement_rotations record_uuid="{bc7637ce-1abc-4ab3-9dd3-6c14af4c46af}" record_timestamp="1456414943111" record_key="settlement:wh_dlc03_western_hochland_bergendorf">
<rotation>5.3</rotation>
<settlement>settlement:wh_dlc03_western_hochland_bergendorf</settlement>
</campaign_settlement_display_settlement_rotations>
<campaign_settlement_display_settlement_rotations record_uuid="{0ca814c4-9d4a-4811-a42f-9c7886161676}" record_timestamp="1456414943132" record_key="settlement:wh_dlc03_western_hochland_flaschfurt">
<rotation>2.9</rotation>
<settlement>settlement:wh_dlc03_western_hochland_flaschfurt</settlement>
</campaign_settlement_display_settlement_rotations>
<campaign_settlement_display_settlement_rotations record_uuid="{c336940e-84b4-4f7f-bfcc-0a5afc4cb18e}" record_timestamp="1456414942477" record_key="settlement:wh_dlc03_western_hochland_heedenhof">
<rotation>0.3</rotation>
<settlement>settlement:wh_dlc03_western_hochland_heedenhof</settlement>
</campaign_settlement_display_settlement_rotations>
<campaign_settlement_display_settlement_rotations record_uuid="{25e5db57-0689-4f19-a133-c8fe0f54e1b4}" record_timestamp="1435049967138" record_key="settlement:wh_main_averland_averheim">
<rotation>5.88</rotation>
<settlement>settlement:wh_main_averland_averheim</settlement>
</campaign_settlement_display_settlement_rotations>
<campaign_settlement_display_settlement_rotations record_uuid="{278b9abe-3554-45a9-a04f-97e0cb8e08e4}" record_timestamp="1435049967151" record_key="settlement:wh_main_averland_grenzstadt">
<rotation>0.26</rotation>
<settlement>settlement:wh_main_averland_grenzstadt</settlement>
</campaign_settlement_display_settlement_rotations>
<campaign_settlement_display_settlement_rotations record_uuid="{65dce2d2-9605-484e-a390-f655bd8d61bb}" record_timestamp="1435049967165" record_key="settlement:wh_main_bastonne_et_montfort_castle_bastonne">
<rotation>5.03</rotation>
<settlement>settlement:wh_main_bastonne_et_montfort_castle_bastonne</settlement>
</campaign_settlement_display_settlement_rotations>
<campaign_settlement_display_settlement_rotations record_uuid="{b45808ce-7742-4abe-a419-69287492d46a}" record_timestamp="1435049967173" record_key="settlement:wh_main_bastonne_et_montfort_montfort">
<rotation>3.39</rotation>
<settlement>settlement:wh_main_bastonne_et_montfort_montfort</settlement>
</campaign_settlement_display_settlement_rotations>
<campaign_settlement_display_settlement_rotations record_uuid="{6e41c7dd-9a88-4fa4-a6f3-188ba49491e5}" record_timestamp="1435049967181" record_key="settlement:wh_main_black_mountains_karak_angazhar">
<rotation>0.33</rotation>
<settlement>settlement:wh_main_black_mountains_karak_angazhar</settlement>
</campaign_settlement_display_settlement_rotations>
<campaign_settlement_display_settlement_rotations record_uuid="{8322bd62-4821-450b-b98d-deb321869d8d}" record_timestamp="1441208001592" record_key="settlement:wh_main_black_mountains_karak_hirn">
<rotation>4.3</rotation>
<settlement>settlement:wh_main_black_mountains_karak_hirn</settlement>
</campaign_settlement_display_settlement_rotations>
<campaign_settlement_display_settlement_rotations record_uuid="{8b09971d-4afa-478b-ba65-ad60c456b653}" record_timestamp="1435049967199" record_key="settlement:wh_main_black_mountains_mighdal_vongalbarak">
<rotation>4.68</rotation>
<settlement>settlement:wh_main_black_mountains_mighdal_vongalbarak</settlement>
</campaign_settlement_display_settlement_rotations>
<campaign_settlement_display_settlement_rotations record_uuid="{7131ed39-777a-4ec8-83e5-413bb2d05779}" record_timestamp="1435049967205" record_key="settlement:wh_main_blightwater_deff_gorge">
<rotation>3.68</rotation>
<settlement>settlement:wh_main_blightwater_deff_gorge</settlement>
</campaign_settlement_display_settlement_rotations>
<campaign_settlement_display_settlement_rotations record_uuid="{bb3cdae9-f006-4f87-bf56-f2e9b059a8dc}" record_timestamp="1435049967213" record_key="settlement:wh_main_blightwater_karak_azgal">
<rotation>5.71</rotation>
<settlement>settlement:wh_main_blightwater_karak_azgal</settlement>
</campaign_settlement_display_settlement_rotations>
<campaign_settlement_display_settlement_rotations record_uuid="{3eecb6cb-20e7-4eba-925f-0c34ed8fac55}" record_timestamp="1435049967221" record_key="settlement:wh_main_blightwater_kradtommen">
<rotation>5.34</rotation>
<settlement>settlement:wh_main_blightwater_kradtommen</settlement>
</campaign_settlement_display_settlement_rotations>
<campaign_settlement_display_settlement_rotations record_uuid="{78f5a68d-d56e-4f9a-a413-d8794425e866}" record_timestamp="1441208001428" record_key="settlement:wh_main_blightwater_misty_mountain">
<rotation>1.1</rotation>
<settlement>settlement:wh_main_blightwater_misty_mountain</settlement>
</campaign_settlement_display_settlement_rotations>
<campaign_settlement_display_settlement_rotations record_uuid="{5a5558c9-39d3-4916-8a19-425246f8e41e}" record_timestamp="1435049967240" record_key="settlement:wh_main_blood_river_valley_barag_dawazbag">
<rotation>1.24</rotation>
<settlement>settlement:wh_main_blood_river_valley_barag_dawazbag</settlement>
</campaign_settlement_display_settlement_rotations>
<campaign_settlement_display_settlement_rotations record_uuid="{74a67cf7-b1d2-43f0-909e-897e796c6d20}" record_timestamp="1438960073322" record_key="settlement:wh_main_blood_river_valley_barak_warr">
<rotation>0</rotation>
<settlement>settlement:wh_main_blood_river_valley_barak_warr</settlement>
</campaign_settlement_display_settlement_rotations>
<campaign_settlement_display_settlement_rotations record_uuid="{b4158142-9bf4-40c8-a0c7-6c301db57f75}" record_timestamp="1435049967259" record_key="settlement:wh_main_blood_river_valley_dok_karaz">
<rotation>2.65</rotation>
<settlement>settlement:wh_main_blood_river_valley_dok_karaz</settlement>
</campaign_settlement_display_settlement_rotations>
<campaign_settlement_display_settlement_rotations record_uuid="{d1d38686-957e-4210-b0b3-3af786924ad8}" record_timestamp="1435049967269" record_key="settlement:wh_main_blood_river_valley_varenka_hills">
<rotation>4.52</rotation>
<settlement>settlement:wh_main_blood_river_valley_varenka_hills</settlement>
</campaign_settlement_display_settlement_rotations>
<campaign_settlement_display_settlement_rotations record_uuid="{f32581af-a561-4791-87b9-46434dfe33cd}" record_timestamp="1435049967279" record_key="settlement:wh_main_bordeleaux_et_aquitaine_aquitaine">
<rotation>1.52</rotation>
<settlement>settlement:wh_main_bordeleaux_et_aquitaine_aquitaine</settlement>
</campaign_settlement_display_settlement_rotations>
<campaign_settlement_display_settlement_rotations record_uuid="{dbf65b77-f4ac-4aeb-8c94-a674691de410}" record_timestamp="1438960073192" record_key="settlement:wh_main_bordeleaux_et_aquitaine_bordeleaux">
<rotation>0</rotation>
<settlement>settlement:wh_main_bordeleaux_et_aquitaine_bordeleaux</settlement>
</campaign_settlement_display_settlement_rotations>
<campaign_settlement_display_settlement_rotations record_uuid="{c895e10d-c221-46b3-8bca-c512cba8bc16}" record_timestamp="1438960073204" record_key="settlement:wh_main_carcassone_et_brionne_brionne">
<rotation>0</rotation>
<settlement>settlement:wh_main_carcassone_et_brionne_brionne</settlement>
</campaign_settlement_display_settlement_rotations>
<campaign_settlement_display_settlement_rotations record_uuid="{f482b3db-4bc5-4b70-aaa2-6d2ff0f3f937}" record_timestamp="1435049967310" record_key="settlement:wh_main_carcassone_et_brionne_castle_carcassonne">
<rotation>6.11</rotation>
<settlement>settlement:wh_main_carcassone_et_brionne_castle_carcassonne</settlement>
</campaign_settlement_display_settlement_rotations>
<campaign_settlement_display_settlement_rotations record_uuid="{1f7a25c3-5469-4a81-9839-9ba69e5efafb}" record_timestamp="1435049967321" record_key="settlement:wh_main_couronne_et_languille_couronne">
<rotation>2.76</rotation>
<settlement>settlement:wh_main_couronne_et_languille_couronne</settlement>
</campaign_settlement_display_settlement_rotations>
<campaign_settlement_display_settlement_rotations record_uuid="{13b67099-9963-44c5-afb2-26530488dfe3}" record_timestamp="1438960073158" record_key="settlement:wh_main_couronne_et_languille_languille">
<rotation>0</rotation>
<settlement>settlement:wh_main_couronne_et_languille_languille</settlement>
</campaign_settlement_display_settlement_rotations>
<campaign_settlement_display_settlement_rotations record_uuid="{f2dfb401-b722-4705-b2ec-918720ade1ed}" record_timestamp="1435049967343" record_key="settlement:wh_main_death_pass_iron_rock">
<rotation>0.99</rotation>
<settlement>settlement:wh_main_death_pass_iron_rock</settlement>
</campaign_settlement_display_settlement_rotations>
<campaign_settlement_display_settlement_rotations record_uuid="{7b1f2b5d-407c-4722-9986-827d5e3eef1f}" record_timestamp="1435049967354" record_key="settlement:wh_main_death_pass_karag_dron">
<rotation>3.18</rotation>
<settlement>settlement:wh_main_death_pass_karag_dron</settlement>
</campaign_settlement_display_settlement_rotations>
<campaign_settlement_display_settlement_rotations record_uuid="{598367f5-b3bd-4923-b66a-6f2e75b888d5}" record_timestamp="1456399292467" record_key="settlement:wh_main_death_pass_karak_drazh">
<rotation>5.4</rotation>
<settlement>settlement:wh_main_death_pass_karak_drazh</settlement>
</campaign_settlement_display_settlement_rotations>
<campaign_settlement_display_settlement_rotations record_uuid="{1c9a42b0-c115-4eea-b2f7-5b0c72db8544}" record_timestamp="1435049967389" record_key="settlement:wh_main_desolation_of_nagash_black_iron_mine">
<rotation>1.01</rotation>
<settlement>settlement:wh_main_desolation_of_nagash_black_iron_mine</settlement>
</campaign_settlement_display_settlement_rotations>
<campaign_settlement_display_settlement_rotations record_uuid="{bfd07a1f-c81b-497b-8b71-c4ea0b1a1402}" record_timestamp="1441208001448" record_key="settlement:wh_main_desolation_of_nagash_karak_azul">
<rotation>1.1</rotation>
<settlement>settlement:wh_main_desolation_of_nagash_karak_azul</settlement>
</campaign_settlement_display_settlement_rotations>
<campaign_settlement_display_settlement_rotations record_uuid="{f6a6bd3c-ae59-4e16-bf6a-62cf0fe8fb8c}" record_timestamp="1442830455469" record_key="settlement:wh_main_desolation_of_nagash_spitepeak">
<rotation>5.5</rotation>
<settlement>settlement:wh_main_desolation_of_nagash_spitepeak</settlement>
</campaign_settlement_display_settlement_rotations>
<campaign_settlement_display_settlement_rotations record_uuid="{d342501c-b32d-4357-91e3-f9b0eb6aad2e}" record_timestamp="1435049967424" record_key="settlement:wh_main_eastern_badlands_crooked_fang_fort">
<rotation>3.79</rotation>
<settlement>settlement:wh_main_eastern_badlands_crooked_fang_fort</settlement>
</campaign_settlement_display_settlement_rotations>
<campaign_settlement_display_settlement_rotations record_uuid="{6e7a740f-4aee-432e-b4cd-d94c816d8692}" record_timestamp="1435049967436" record_key="settlement:wh_main_eastern_badlands_dringorackaz">
<rotation>0.16</rotation>
<settlement>settlement:wh_main_eastern_badlands_dringorackaz</settlement>
</campaign_settlement_display_settlement_rotations>
<campaign_settlement_display_settlement_rotations record_uuid="{c922900d-0e00-42bb-afe0-5d180f7b2c3f}" record_timestamp="1441208001459" record_key="settlement:wh_main_eastern_badlands_karak_eight_peaks">
<rotation>1</rotation>
<settlement>settlement:wh_main_eastern_badlands_karak_eight_peaks</settlement>
</campaign_settlement_display_settlement_rotations>
<campaign_settlement_display_settlement_rotations record_uuid="{47291bd7-f364-46a6-9b2f-e13f18ff346e}" record_timestamp="1435049967460" record_key="settlement:wh_main_eastern_badlands_valayas_sorrow">
<rotation>1.01</rotation>
<settlement>settlement:wh_main_eastern_badlands_valayas_sorrow</settlement>
</campaign_settlement_display_settlement_rotations>
<campaign_settlement_display_settlement_rotations record_uuid="{b81c68a2-3723-4db5-bbf5-ccf15b9a92c2}" record_timestamp="1435049967472" record_key="settlement:wh_main_eastern_border_princes_akendorf">
<rotation>5.39</rotation>
<settlement>settlement:wh_main_eastern_border_princes_akendorf</settlement>
</campaign_settlement_display_settlement_rotations>
<campaign_settlement_display_settlement_rotations record_uuid="{0c0b94bd-1e52-48a0-a5d5-2f65b5146a04}" record_timestamp="1438960073307" record_key="settlement:wh_main_eastern_border_princes_matorca">
<rotation>0</rotation>
<settlement>settlement:wh_main_eastern_border_princes_matorca</settlement>
</campaign_settlement_display_settlement_rotations>
<campaign_settlement_display_settlement_rotations record_uuid="{83079551-0a63-4a34-b893-e66121b61a85}" record_timestamp="1435049967497" record_key="settlement:wh_main_eastern_oblast_praag">
<rotation>2.18</rotation>
<settlement>settlement:wh_main_eastern_oblast_praag</settlement>
</campaign_settlement_display_settlement_rotations>
<campaign_settlement_display_settlement_rotations record_uuid="{05a4a48a-6c24-4c65-83f0-ea919d032b62}" record_timestamp="1435049967509" record_key="settlement:wh_main_eastern_oblast_volksgrad">
<rotation>3.11</rotation>
<settlement>settlement:wh_main_eastern_oblast_volksgrad</settlement>
</campaign_settlement_display_settlement_rotations>
<campaign_settlement_display_settlement_rotations record_uuid="{67654149-957f-4bdf-b4b3-15cd81b08b1e}" record_timestamp="1435049967522" record_key="settlement:wh_main_eastern_sylvania_castle_drakenhof">
<rotation>2.15</rotation>
<settlement>settlement:wh_main_eastern_sylvania_castle_drakenhof</settlement>
</campaign_settlement_display_settlement_rotations>
<campaign_settlement_display_settlement_rotations record_uuid="{17004129-1974-47b4-a286-31d2d4d855fb}" record_timestamp="1435049967534" record_key="settlement:wh_main_eastern_sylvania_eschen">
<rotation>5.1</rotation>
<settlement>settlement:wh_main_eastern_sylvania_eschen</settlement>
</campaign_settlement_display_settlement_rotations>
<campaign_settlement_display_settlement_rotations record_uuid="{3907dcbf-47b5-4bfb-8f2a-d6cb77318880}" record_timestamp="1435049967547" record_key="settlement:wh_main_eastern_sylvania_waldenhof">
<rotation>3.93</rotation>
<settlement>settlement:wh_main_eastern_sylvania_waldenhof</settlement>
</campaign_settlement_display_settlement_rotations>
<campaign_settlement_display_settlement_rotations record_uuid="{77f8362d-38d5-4479-91e2-e765a2c01241}" record_timestamp="1438960073217" record_key="settlement:wh_main_estalia_bilbali">
<rotation>0</rotation>
<settlement>settlement:wh_main_estalia_bilbali</settlement>
</campaign_settlement_display_settlement_rotations>
<campaign_settlement_display_settlement_rotations record_uuid="{22460bbb-60b3-4820-947b-ddfa7c399213}" record_timestamp="1438960073231" record_key="settlement:wh_main_estalia_magritta">
<rotation>0</rotation>
<settlement>settlement:wh_main_estalia_magritta</settlement>
</campaign_settlement_display_settlement_rotations>
<campaign_settlement_display_settlement_rotations record_uuid="{8aced544-3e2f-4e2a-bf96-698e3f67ecd2}" record_timestamp="1438960073246" record_key="settlement:wh_main_estalia_tobaro">
<rotation>0</rotation>
<settlement>settlement:wh_main_estalia_tobaro</settlement>
</campaign_settlement_display_settlement_rotations>
<campaign_settlement_display_settlement_rotations record_uuid="{07e968d3-c910-41f9-826e-6b97bf9f5a43}" record_timestamp="1435049967599" record_key="settlement:wh_main_forest_of_arden_castle_artois">
<rotation>6.06</rotation>
<settlement>settlement:wh_main_forest_of_arden_castle_artois</settlement>
</campaign_settlement_display_settlement_rotations>
<campaign_settlement_display_settlement_rotations record_uuid="{7107fb0a-792a-4080-b8d8-68dc91b808f4}" record_timestamp="1435049967612" record_key="settlement:wh_main_forest_of_arden_gisoreux">
<rotation>2.74</rotation>
<settlement>settlement:wh_main_forest_of_arden_gisoreux</settlement>
</campaign_settlement_display_settlement_rotations>
<campaign_settlement_display_settlement_rotations record_uuid="{f3107c4e-8fe5-4b51-ad25-d2099c384178}" record_timestamp="1441208001577" record_key="settlement:wh_main_gianthome_mountains_khazid_bordkarag">
<rotation>2.5</rotation>
<settlement>settlement:wh_main_gianthome_mountains_khazid_bordkarag</settlement>
</campaign_settlement_display_settlement_rotations>
<campaign_settlement_display_settlement_rotations record_uuid="{d14bd929-a7dd-49a2-a08e-a6d2a793178a}" record_timestamp="1452787417528" record_key="settlement:wh_main_gianthome_mountains_kraka_drak">
<rotation>3</rotation>
<settlement>settlement:wh_main_gianthome_mountains_kraka_drak</settlement>
</campaign_settlement_display_settlement_rotations>
<campaign_settlement_display_settlement_rotations record_uuid="{1c3bee71-d8b2-47d2-8899-42194a5935c1}" record_timestamp="1438960073608" record_key="settlement:wh_main_gianthome_mountains_sjoktraken">
<rotation>0</rotation>
<settlement>settlement:wh_main_gianthome_mountains_sjoktraken</settlement>
</campaign_settlement_display_settlement_rotations>
<campaign_settlement_display_settlement_rotations record_uuid="{a10fc947-2c35-48e4-b4f9-eded0d4091d1}" record_timestamp="1438960073645" record_key="settlement:wh_main_goromandy_mountains_baersonlings_camp">
<rotation>0</rotation>
<settlement>settlement:wh_main_goromandy_mountains_baersonlings_camp</settlement>
</campaign_settlement_display_settlement_rotations>
<campaign_settlement_display_settlement_rotations record_uuid="{86d25757-5129-46eb-8bcf-1e13d59bb200}" record_timestamp="1438960073626" record_key="settlement:wh_main_goromandy_mountains_frozen_landing">
<rotation>0</rotation>
<settlement>settlement:wh_main_goromandy_mountains_frozen_landing</settlement>
</campaign_settlement_display_settlement_rotations>
<campaign_settlement_display_settlement_rotations record_uuid="{de9acbd6-4143-4b5a-a969-85572424ba1d}" record_timestamp="1435049967692" record_key="settlement:wh_main_helspire_mountains_graeling_moot">
<rotation>5.41</rotation>
<settlement>settlement:wh_main_helspire_mountains_graeling_moot</settlement>
</campaign_settlement_display_settlement_rotations>
<campaign_settlement_display_settlement_rotations record_uuid="{f721523e-7166-486f-9c08-108cac521824}" record_timestamp="1438960073512" record_key="settlement:wh_main_helspire_mountains_serpent_jetty">
<rotation>0</rotation>
<settlement>settlement:wh_main_helspire_mountains_serpent_jetty</settlement>
</campaign_settlement_display_settlement_rotations>
<campaign_settlement_display_settlement_rotations record_uuid="{7c399aa1-ca06-4a23-a702-e28626b77cfd}" record_timestamp="1438960073532" record_key="settlement:wh_main_helspire_mountains_the_monolith_of_katam">
<rotation>0</rotation>
<settlement>settlement:wh_main_helspire_mountains_the_monolith_of_katam</settlement>
</campaign_settlement_display_settlement_rotations>
<campaign_settlement_display_settlement_rotations record_uuid="{d71dc8c6-1bfc-4678-a831-4c51a40fabc8}" record_timestamp="1435049967734" record_key="settlement:wh_main_hochland_brass_keep">
<rotation>4.24</rotation>
<settlement>settlement:wh_main_hochland_brass_keep</settlement>
</campaign_settlement_display_settlement_rotations>
<campaign_settlement_display_settlement_rotations record_uuid="{bdfbdde2-6fdc-4647-b870-72e89987504a}" record_timestamp="1435049967748" record_key="settlement:wh_main_hochland_hergig">
<rotation>3.04</rotation>
<settlement>settlement:wh_main_hochland_hergig</settlement>
</campaign_settlement_display_settlement_rotations>
<campaign_settlement_display_settlement_rotations record_uuid="{7bf369c0-3dce-45d4-9be8-0698399f436d}" record_timestamp="1435049967763" record_key="settlement:wh_main_ice_tooth_mountains_doomkeep">
<rotation>5.71</rotation>
<settlement>settlement:wh_main_ice_tooth_mountains_doomkeep</settlement>
</campaign_settlement_display_settlement_rotations>
<campaign_settlement_display_settlement_rotations record_uuid="{759dfb75-04da-4926-8889-d5b90a17dec9}" record_timestamp="1438960073459" record_key="settlement:wh_main_ice_tooth_mountains_icedrake_fjord">
<rotation>0</rotation>
<settlement>settlement:wh_main_ice_tooth_mountains_icedrake_fjord</settlement>
</campaign_settlement_display_settlement_rotations>
<campaign_settlement_display_settlement_rotations record_uuid="{bfa40f3e-e645-4357-9139-07820a2a0b18}" record_timestamp="1438960073443" record_key="settlement:wh_main_ice_tooth_mountains_longship_graveyard">
<rotation>0</rotation>
<settlement>settlement:wh_main_ice_tooth_mountains_longship_graveyard</settlement>
</campaign_settlement_display_settlement_rotations>
<campaign_settlement_display_settlement_rotations record_uuid="{73689514-99a0-47fd-95bc-0ef8a1cf56f3}" record_timestamp="1438960073168" record_key="settlement:wh_main_lyonesse_lyonesse">
<rotation>0</rotation>
<settlement>settlement:wh_main_lyonesse_lyonesse</settlement>
</campaign_settlement_display_settlement_rotations>
<campaign_settlement_display_settlement_rotations record_uuid="{61099877-94f3-4174-8216-26225c3d386a}" record_timestamp="1438960073179" record_key="settlement:wh_main_lyonesse_mousillon">
<rotation>0</rotation>
<settlement>settlement:wh_main_lyonesse_mousillon</settlement>
</campaign_settlement_display_settlement_rotations>
<campaign_settlement_display_settlement_rotations record_uuid="{1ffcf3e6-39b8-4d4d-ad1f-a3d8aed7b763}" record_timestamp="1435049967835" record_key="settlement:wh_main_middenland_carroburg">
<rotation>1.52</rotation>
<settlement>settlement:wh_main_middenland_carroburg</settlement>
</campaign_settlement_display_settlement_rotations>
<campaign_settlement_display_settlement_rotations record_uuid="{fb8eda4e-0941-46ab-9adc-bc62d9bf2a1b}" record_timestamp="1435049967849" record_key="settlement:wh_main_middenland_middenheim">
<rotation>0.79</rotation>
<settlement>settlement:wh_main_middenland_middenheim</settlement>
</campaign_settlement_display_settlement_rotations>
<campaign_settlement_display_settlement_rotations record_uuid="{8da4a806-85c8-4c79-8028-ffa99bffd473}" record_timestamp="1435049967864" record_key="settlement:wh_main_middenland_weismund">
<rotation>4.66</rotation>
<settlement>settlement:wh_main_middenland_weismund</settlement>
</campaign_settlement_display_settlement_rotations>
<campaign_settlement_display_settlement_rotations record_uuid="{7c3bebea-e443-4cbb-90ab-8b99c15c8249}" record_timestamp="1435049967879" record_key="settlement:wh_main_mountains_of_hel_aeslings_conclave">
<rotation>3.23</rotation>
<settlement>settlement:wh_main_mountains_of_hel_aeslings_conclave</settlement>
</campaign_settlement_display_settlement_rotations>
<campaign_settlement_display_settlement_rotations record_uuid="{59b8d968-0bdc-4dd5-9b37-871cf6e251fc}" record_timestamp="1438960073569" record_key="settlement:wh_main_mountains_of_hel_altar_of_spawns">
<rotation>0</rotation>
<settlement>settlement:wh_main_mountains_of_hel_altar_of_spawns</settlement>
</campaign_settlement_display_settlement_rotations>
<campaign_settlement_display_settlement_rotations record_uuid="{7169edb4-9e88-4cfe-b33b-ce719c96292c}" record_timestamp="1438960073589" record_key="settlement:wh_main_mountains_of_hel_winter_pyre">
<rotation>0</rotation>
<settlement>settlement:wh_main_mountains_of_hel_winter_pyre</settlement>
</campaign_settlement_display_settlement_rotations>
<campaign_settlement_display_settlement_rotations record_uuid="{5f562ef5-5058-48ae-bd9e-e5c487923687}" record_timestamp="1435049967924" record_key="settlement:wh_main_mountains_of_naglfari_naglfari_plain">
<rotation>5.76</rotation>
<settlement>settlement:wh_main_mountains_of_naglfari_naglfari_plain</settlement>
</campaign_settlement_display_settlement_rotations>
<campaign_settlement_display_settlement_rotations record_uuid="{d97305ad-c3ae-40b5-9c26-c7217acbd66d}" record_timestamp="1438960073550" record_key="settlement:wh_main_mountains_of_naglfari_varg_camp">
<rotation>0</rotation>
<settlement>settlement:wh_main_mountains_of_naglfari_varg_camp</settlement>
</campaign_settlement_display_settlement_rotations>
<campaign_settlement_display_settlement_rotations record_uuid="{eeeda623-4254-4d38-a097-4c2723ebd06d}" record_timestamp="1438960073373" record_key="settlement:wh_main_nordland_dietershafen">
<rotation>0</rotation>
<settlement>settlement:wh_main_nordland_dietershafen</settlement>
</campaign_settlement_display_settlement_rotations>
<campaign_settlement_display_settlement_rotations record_uuid="{4bc834b5-0653-4582-85ce-d29fc9eec9a5}" record_timestamp="1435049967970" record_key="settlement:wh_main_nordland_salzenmund">
<rotation>4.45</rotation>
<settlement>settlement:wh_main_nordland_salzenmund</settlement>
</campaign_settlement_display_settlement_rotations>
<campaign_settlement_display_settlement_rotations record_uuid="{e49bd73b-c310-4f7b-89a2-9f3c0452aaad}" record_timestamp="1435049967985" record_key="settlement:wh_main_northern_grey_mountains_blackstone_post">
<rotation>1.01</rotation>
<settlement>settlement:wh_main_northern_grey_mountains_blackstone_post</settlement>
</campaign_settlement_display_settlement_rotations>
<campaign_settlement_display_settlement_rotations record_uuid="{a4b0382c-0709-44e1-bcac-09b028978630}" record_timestamp="1435049968001" record_key="settlement:wh_main_northern_grey_mountains_grung_zint">
<rotation>1.34</rotation>
<settlement>settlement:wh_main_northern_grey_mountains_grung_zint</settlement>
</campaign_settlement_display_settlement_rotations>
<campaign_settlement_display_settlement_rotations record_uuid="{2b33bf38-ead4-40d4-9fea-aba7c0c4ce08}" record_timestamp="1435049968017" record_key="settlement:wh_main_northern_grey_mountains_karak_ziflin">
<rotation>2.25</rotation>
<settlement>settlement:wh_main_northern_grey_mountains_karak_ziflin</settlement>
</campaign_settlement_display_settlement_rotations>
<campaign_settlement_display_settlement_rotations record_uuid="{80a3c549-2e56-4d8b-ad5c-a929eea37eac}" record_timestamp="1435049968034" record_key="settlement:wh_main_northern_oblast_fort_ostrosk">
<rotation>3.68</rotation>
<settlement>settlement:wh_main_northern_oblast_fort_ostrosk</settlement>
</campaign_settlement_display_settlement_rotations>
<campaign_settlement_display_settlement_rotations record_uuid="{fc429cdc-77f5-44e9-9812-191eb73e7f13}" record_timestamp="1435049968050" record_key="settlement:wh_main_northern_oblast_fort_straghov">
<rotation>0.26</rotation>
<settlement>settlement:wh_main_northern_oblast_fort_straghov</settlement>
</campaign_settlement_display_settlement_rotations>
<campaign_settlement_display_settlement_rotations record_uuid="{22fb1834-a757-4ab6-a6bb-b59a331c2906}" record_timestamp="1456137327061" record_key="settlement:wh_main_northern_worlds_edge_mountains_karak_ungor">
<rotation>5.64</rotation>
<settlement>settlement:wh_main_northern_worlds_edge_mountains_karak_ungor</settlement>
</campaign_settlement_display_settlement_rotations>
<campaign_settlement_display_settlement_rotations record_uuid="{2adc3a39-9c61-4ee3-8f80-f1a7e8dd6be5}" record_timestamp="1435049968083" record_key="settlement:wh_main_northern_worlds_edge_mountains_khazid_irkulaz">
<rotation>3.53</rotation>
<settlement>settlement:wh_main_northern_worlds_edge_mountains_khazid_irkulaz</settlement>
</campaign_settlement_display_settlement_rotations>
<campaign_settlement_display_settlement_rotations record_uuid="{20765ce3-d955-47cb-a3d1-7f7cd747d715}" record_timestamp="1435049968101" record_key="settlement:wh_main_ostermark_bechafen">
<rotation>4.07</rotation>
<settlement>settlement:wh_main_ostermark_bechafen</settlement>
</campaign_settlement_display_settlement_rotations>
<campaign_settlement_display_settlement_rotations record_uuid="{342053e4-5c53-4019-9dff-5bd7b2f5a236}" record_timestamp="1435049968118" record_key="settlement:wh_main_ostermark_essen">
<rotation>1.8</rotation>
<settlement>settlement:wh_main_ostermark_essen</settlement>
</campaign_settlement_display_settlement_rotations>
<campaign_settlement_display_settlement_rotations record_uuid="{5d32712b-edc3-4f80-b73d-c46680f42532}" record_timestamp="1435049968135" record_key="settlement:wh_main_ostland_castle_von_rauken">
<rotation>5.9</rotation>
<settlement>settlement:wh_main_ostland_castle_von_rauken</settlement>
</campaign_settlement_display_settlement_rotations>
<campaign_settlement_display_settlement_rotations record_uuid="{36749d93-90cc-4449-9ba3-984aee85870a}" record_timestamp="1438960073392" record_key="settlement:wh_main_ostland_norden">
<rotation>0</rotation>
<settlement>settlement:wh_main_ostland_norden</settlement>
</campaign_settlement_display_settlement_rotations>
<campaign_settlement_display_settlement_rotations record_uuid="{ae52fa26-bc44-4442-b10a-d6d56853b4b3}" record_timestamp="1435049968170" record_key="settlement:wh_main_ostland_wolfenburg">
<rotation>0.77</rotation>
<settlement>settlement:wh_main_ostland_wolfenburg</settlement>
</campaign_settlement_display_settlement_rotations>
<campaign_settlement_display_settlement_rotations record_uuid="{060b0f29-a4d5-44f5-8794-1e8790613c05}" record_timestamp="1435049968188" record_key="settlement:wh_main_parravon_et_quenelles_parravon">
<rotation>6.13</rotation>
<settlement>settlement:wh_main_parravon_et_quenelles_parravon</settlement>
</campaign_settlement_display_settlement_rotations>
<campaign_settlement_display_settlement_rotations record_uuid="{d5908f2f-055f-411d-8796-b34c094b1610}" record_timestamp="1435049968206" record_key="settlement:wh_main_parravon_et_quenelles_quenelles">
<rotation>1.99</rotation>
<settlement>settlement:wh_main_parravon_et_quenelles_quenelles</settlement>
</campaign_settlement_display_settlement_rotations>
<campaign_settlement_display_settlement_rotations record_uuid="{522be40f-9271-40dd-bda4-095d30d11f1d}" record_timestamp="1435049968224" record_key="settlement:wh_main_peak_pass_gnashraks_lair">
<rotation>2.84</rotation>
<settlement>settlement:wh_main_peak_pass_gnashraks_lair</settlement>
</campaign_settlement_display_settlement_rotations>
<campaign_settlement_display_settlement_rotations record_uuid="{7da194ea-337d-47ef-a92e-b21a383d54d6}" record_timestamp="1444920944952" record_key="settlement:wh_main_peak_pass_karak_kadrin">
<rotation>1</rotation>
<settlement>settlement:wh_main_peak_pass_karak_kadrin</settlement>
</campaign_settlement_display_settlement_rotations>
<campaign_settlement_display_settlement_rotations record_uuid="{f7baf14c-62b2-4c9e-9d82-4dea2ad3a6db}" record_timestamp="1438960073133" record_key="settlement:wh_main_reikland_altdorf">
<rotation>0</rotation>
<settlement>settlement:wh_main_reikland_altdorf</settlement>
</campaign_settlement_display_settlement_rotations>
<campaign_settlement_display_settlement_rotations record_uuid="{46bb8e50-9d3f-4fde-947f-e75853469467}" record_timestamp="1435049968278" record_key="settlement:wh_main_reikland_eilhart">
<rotation>4.36</rotation>
<settlement>settlement:wh_main_reikland_eilhart</settlement>
</campaign_settlement_display_settlement_rotations>
<campaign_settlement_display_settlement_rotations record_uuid="{f5a5c394-bf97-4af1-a16c-3f80f279ccf9}" record_timestamp="1435049968297" record_key="settlement:wh_main_reikland_grunburg">
<rotation>5.71</rotation>
<settlement>settlement:wh_main_reikland_grunburg</settlement>
</campaign_settlement_display_settlement_rotations>
<campaign_settlement_display_settlement_rotations record_uuid="{58ffb3e8-b094-484c-8501-0bcaefcbf7c2}" record_timestamp="1435049968316" record_key="settlement:wh_main_reikland_helmgart">
<rotation>5.88</rotation>
<settlement>settlement:wh_main_reikland_helmgart</settlement>
</campaign_settlement_display_settlement_rotations>
<campaign_settlement_display_settlement_rotations record_uuid="{e8fea86b-3ed8-499e-88d9-057edce70ded}" record_timestamp="1435049968335" record_key="settlement:wh_main_rib_peaks_grom_peak">
<rotation>2.46</rotation>
<settlement>settlement:wh_main_rib_peaks_grom_peak</settlement>
</campaign_settlement_display_settlement_rotations>
<campaign_settlement_display_settlement_rotations record_uuid="{a05bc613-eb0b-4726-8f35-f58632bd79a6}" record_timestamp="1441208001508" record_key="settlement:wh_main_rib_peaks_mount_gunbad">
<rotation>1.4</rotation>
<settlement>settlement:wh_main_rib_peaks_mount_gunbad</settlement>
</campaign_settlement_display_settlement_rotations>
<campaign_settlement_display_settlement_rotations record_uuid="{c4851560-1b05-4f17-b2d5-c6accf78c026}" record_timestamp="1435049968372" record_key="settlement:wh_main_southern_badlands_agrul_migdhal">
<rotation>0.12</rotation>
<settlement>settlement:wh_main_southern_badlands_agrul_migdhal</settlement>
</campaign_settlement_display_settlement_rotations>
<campaign_settlement_display_settlement_rotations record_uuid="{a5d6a68f-0133-41a9-9a42-5e85689ae5b7}" record_timestamp="1435049968392" record_key="settlement:wh_main_southern_badlands_galbaraz">
<rotation>3.53</rotation>
<settlement>settlement:wh_main_southern_badlands_galbaraz</settlement>
</campaign_settlement_display_settlement_rotations>
<campaign_settlement_display_settlement_rotations record_uuid="{19ea02a4-7430-4c87-9a4e-a984acd0e2f1}" record_timestamp="1435049968411" record_key="settlement:wh_main_southern_badlands_gor_gazan">
<rotation>5.1</rotation>
<settlement>settlement:wh_main_southern_badlands_gor_gazan</settlement>
</campaign_settlement_display_settlement_rotations>
<campaign_settlement_display_settlement_rotations record_uuid="{f52fd1c0-8051-46a2-bd26-499f417927a0}" record_timestamp="1438960073357" record_key="settlement:wh_main_southern_badlands_gronti_mingol">
<rotation>0</rotation>
<settlement>settlement:wh_main_southern_badlands_gronti_mingol</settlement>
</campaign_settlement_display_settlement_rotations>
<campaign_settlement_display_settlement_rotations record_uuid="{0bc498ac-89f7-478b-87d9-c2255751b295}" record_timestamp="1435049968449" record_key="settlement:wh_main_southern_grey_mountains_grimhold">
<rotation>0.65</rotation>
<settlement>settlement:wh_main_southern_grey_mountains_grimhold</settlement>
</campaign_settlement_display_settlement_rotations>
<campaign_settlement_display_settlement_rotations record_uuid="{83d868c1-3d72-4091-b977-d1001a1d5573}" record_timestamp="1435049968469" record_key="settlement:wh_main_southern_grey_mountains_karak_azgaraz">
<rotation>3.05</rotation>
<settlement>settlement:wh_main_southern_grey_mountains_karak_azgaraz</settlement>
</campaign_settlement_display_settlement_rotations>
<campaign_settlement_display_settlement_rotations record_uuid="{e303a927-9bd5-4821-8b4e-142bc6aa5b8d}" record_timestamp="1445524287303" record_key="settlement:wh_main_southern_grey_mountains_karak_norn">
<rotation>5</rotation>
<settlement>settlement:wh_main_southern_grey_mountains_karak_norn</settlement>
</campaign_settlement_display_settlement_rotations>
<campaign_settlement_display_settlement_rotations record_uuid="{ff7895a9-9e7a-4b8d-8e6d-9b4679400c70}" record_timestamp="1435049968509" record_key="settlement:wh_main_southern_oblast_fort_jakova">
<rotation>4.61</rotation>
<settlement>settlement:wh_main_southern_oblast_fort_jakova</settlement>
</campaign_settlement_display_settlement_rotations>
<campaign_settlement_display_settlement_rotations record_uuid="{427f7b31-98cb-407f-86ce-29742ca8c994}" record_timestamp="1435049968529" record_key="settlement:wh_main_southern_oblast_kislev">
<rotation>1.97</rotation>
<settlement>settlement:wh_main_southern_oblast_kislev</settlement>
</campaign_settlement_display_settlement_rotations>
<campaign_settlement_display_settlement_rotations record_uuid="{da8e12a8-6cb7-4cc7-a5f7-6c85a0f3bea0}" record_timestamp="1435049968549" record_key="settlement:wh_main_southern_oblast_zavastra">
<rotation>2.64</rotation>
<settlement>settlement:wh_main_southern_oblast_zavastra</settlement>
</campaign_settlement_display_settlement_rotations>
<campaign_settlement_display_settlement_rotations record_uuid="{623a4daa-08c7-4d7a-bd2a-ef27c8184330}" record_timestamp="1435049968569" record_key="settlement:wh_main_stirland_the_moot">
<rotation>5.25</rotation>
<settlement>settlement:wh_main_stirland_the_moot</settlement>
</campaign_settlement_display_settlement_rotations>
<campaign_settlement_display_settlement_rotations record_uuid="{ddfe524b-e67f-4634-a073-e018ebc35f2b}" record_timestamp="1435049968589" record_key="settlement:wh_main_stirland_wurtbad">
<rotation>4</rotation>
<settlement>settlement:wh_main_stirland_wurtbad</settlement>
</campaign_settlement_display_settlement_rotations>
<campaign_settlement_display_settlement_rotations record_uuid="{42976600-ffb4-4030-96de-04e849179c19}" record_timestamp="1435049968609" record_key="settlement:wh_main_talabecland_kemperbad">
<rotation>4.52</rotation>
<settlement>settlement:wh_main_talabecland_kemperbad</settlement>
</campaign_settlement_display_settlement_rotations>
<campaign_settlement_display_settlement_rotations record_uuid="{7607e7e6-311c-486d-a2e1-a2650b9abb1a}" record_timestamp="1435049968630" record_key="settlement:wh_main_talabecland_talabheim">
<rotation>3.4</rotation>
<settlement>settlement:wh_main_talabecland_talabheim</settlement>
</campaign_settlement_display_settlement_rotations>
<campaign_settlement_display_settlement_rotations record_uuid="{ce3b612f-fcc1-459c-94c5-dd82804ff151}" record_timestamp="1438858983278" record_key="settlement:wh_main_the_silver_road_karaz_a_karak">
<rotation>0</rotation>
<settlement>settlement:wh_main_the_silver_road_karaz_a_karak</settlement>
</campaign_settlement_display_settlement_rotations>
<campaign_settlement_display_settlement_rotations record_uuid="{961c02c7-909a-4c1e-9f74-f5bdaac02f5c}" record_timestamp="1438701500858" record_key="settlement:wh_main_the_silver_road_mount_squighorn">
<rotation>1.61</rotation>
<settlement>settlement:wh_main_the_silver_road_mount_squighorn</settlement>
</campaign_settlement_display_settlement_rotations>
<campaign_settlement_display_settlement_rotations record_uuid="{43097e4c-89c3-4884-b371-48527f9f118a}" record_timestamp="1435049968671" record_key="settlement:wh_main_the_silver_road_the_pillars_of_grungni">
<rotation>6.04</rotation>
<settlement>settlement:wh_main_the_silver_road_the_pillars_of_grungni</settlement>
</campaign_settlement_display_settlement_rotations>
<campaign_settlement_display_settlement_rotations record_uuid="{0b114fa5-881a-468d-b511-162c521f6f37}" record_timestamp="1435049968692" record_key="settlement:wh_main_the_vaults_karak_bhufdar">
<rotation>2.71</rotation>
<settlement>settlement:wh_main_the_vaults_karak_bhufdar</settlement>
</campaign_settlement_display_settlement_rotations>
<campaign_settlement_display_settlement_rotations record_uuid="{658bed4a-5379-4794-9679-57beeefee2c7}" record_timestamp="1441208001521" record_key="settlement:wh_main_the_vaults_karak_izor">
<rotation>3.8</rotation>
<settlement>settlement:wh_main_the_vaults_karak_izor</settlement>
</campaign_settlement_display_settlement_rotations>
<campaign_settlement_display_settlement_rotations record_uuid="{b3dda62d-e3bd-422e-96fe-5a813f0b445a}" record_timestamp="1435049968734" record_key="settlement:wh_main_the_vaults_zarakzil">
<rotation>0.77</rotation>
<settlement>settlement:wh_main_the_vaults_zarakzil</settlement>
</campaign_settlement_display_settlement_rotations>
<campaign_settlement_display_settlement_rotations record_uuid="{12cd7d83-8af1-4a2e-a895-7ef7d2d49665}" record_timestamp="1435049968755" record_key="settlement:wh_main_the_wasteland_gorssel">
<rotation>5.24</rotation>
<settlement>settlement:wh_main_the_wasteland_gorssel</settlement>
</campaign_settlement_display_settlement_rotations>
<campaign_settlement_display_settlement_rotations record_uuid="{8b407966-aea9-411b-98ee-34d43b4010a5}" record_timestamp="1438960073147" record_key="settlement:wh_main_the_wasteland_marienburg">
<rotation>0</rotation>
<settlement>settlement:wh_main_the_wasteland_marienburg</settlement>
</campaign_settlement_display_settlement_rotations>
<campaign_settlement_display_settlement_rotations record_uuid="{ffc1614b-8117-443c-a3af-7bbdd97d9cf6}" record_timestamp="1438960073275" record_key="settlement:wh_main_tilea_luccini">
<rotation>0</rotation>
<settlement>settlement:wh_main_tilea_luccini</settlement>
</campaign_settlement_display_settlement_rotations>
<campaign_settlement_display_settlement_rotations record_uuid="{390130d3-9b8c-42fd-b226-06d2780ebf2a}" record_timestamp="1438960073260" record_key="settlement:wh_main_tilea_miragliano">
<rotation>0</rotation>
<settlement>settlement:wh_main_tilea_miragliano</settlement>
</campaign_settlement_display_settlement_rotations>
<campaign_settlement_display_settlement_rotations record_uuid="{c64948a8-9a70-4890-bdbb-bc2931a50b3b}" record_timestamp="1438960073409" record_key="settlement:wh_main_troll_country_erengrad">
<rotation>0</rotation>
<settlement>settlement:wh_main_troll_country_erengrad</settlement>
</campaign_settlement_display_settlement_rotations>
<campaign_settlement_display_settlement_rotations record_uuid="{b1882ead-8734-4650-9df7-54b616400683}" record_timestamp="1435049968858" record_key="settlement:wh_main_troll_country_zoishenk">
<rotation>5.67</rotation>
<settlement>settlement:wh_main_troll_country_zoishenk</settlement>
</campaign_settlement_display_settlement_rotations>
<campaign_settlement_display_settlement_rotations record_uuid="{e684f9f7-81dd-4db3-82b1-db50e03eb05a}" record_timestamp="1438960073426" record_key="settlement:wh_main_trollheim_mountains_bay_of_blades">
<rotation>0</rotation>
<settlement>settlement:wh_main_trollheim_mountains_bay_of_blades</settlement>
</campaign_settlement_display_settlement_rotations>
<campaign_settlement_display_settlement_rotations record_uuid="{fbd7f82b-6969-44ec-8847-49e339b7411d}" record_timestamp="1435049968899" record_key="settlement:wh_main_trollheim_mountains_sarl_encampment">
<rotation>0.09</rotation>
<settlement>settlement:wh_main_trollheim_mountains_sarl_encampment</settlement>
</campaign_settlement_display_settlement_rotations>
<campaign_settlement_display_settlement_rotations record_uuid="{16f2f9cc-defa-461e-9a8c-6ebf3672b2b2}" record_timestamp="1435049968920" record_key="settlement:wh_main_trollheim_mountains_the_tower_of_khrakk">
<rotation>4.87</rotation>
<settlement>settlement:wh_main_trollheim_mountains_the_tower_of_khrakk</settlement>
</campaign_settlement_display_settlement_rotations>
<campaign_settlement_display_settlement_rotations record_uuid="{8ab8b1ff-6f30-48fd-8223-df5d6cddc5c3}" record_timestamp="1435049968941" record_key="settlement:wh_main_vanaheim_mountains_bjornlings_gathering">
<rotation>5.01</rotation>
<settlement>settlement:wh_main_vanaheim_mountains_bjornlings_gathering</settlement>
</campaign_settlement_display_settlement_rotations>
<campaign_settlement_display_settlement_rotations record_uuid="{46b28f93-b640-4e92-aa2d-cad6985f6298}" record_timestamp="1438960073477" record_key="settlement:wh_main_vanaheim_mountains_pack_ice_bay">
<rotation>0</rotation>
<settlement>settlement:wh_main_vanaheim_mountains_pack_ice_bay</settlement>
</campaign_settlement_display_settlement_rotations>
<campaign_settlement_display_settlement_rotations record_uuid="{f42b6510-aa1e-4ede-b577-c161ff8d534e}" record_timestamp="1438960073494" record_key="settlement:wh_main_vanaheim_mountains_troll_fjord">
<rotation>0</rotation>
<settlement>settlement:wh_main_vanaheim_mountains_troll_fjord</settlement>
</campaign_settlement_display_settlement_rotations>
<campaign_settlement_display_settlement_rotations record_uuid="{8f8838ea-d1d6-48e4-94a5-dc5e35b1036e}" record_timestamp="1435049969005" record_key="settlement:wh_main_western_badlands_bitterstone_mine">
<rotation>2.91</rotation>
<settlement>settlement:wh_main_western_badlands_bitterstone_mine</settlement>
</campaign_settlement_display_settlement_rotations>
<campaign_settlement_display_settlement_rotations record_uuid="{e1702376-18db-4fbb-bc5f-6cbaa4b90e0b}" record_timestamp="1435049969027" record_key="settlement:wh_main_western_badlands_dragonhorn_mines">
<rotation>4.38</rotation>
<settlement>settlement:wh_main_western_badlands_dragonhorn_mines</settlement>
</campaign_settlement_display_settlement_rotations>
<campaign_settlement_display_settlement_rotations record_uuid="{7ad04573-eacb-4a3f-8f9d-eb89b51ab0e3}" record_timestamp="1441208001418" record_key="settlement:wh_main_western_badlands_ekrund">
<rotation>5.1</rotation>
<settlement>settlement:wh_main_western_badlands_ekrund</settlement>
</campaign_settlement_display_settlement_rotations>
<campaign_settlement_display_settlement_rotations record_uuid="{d5449ef4-225e-4084-9f02-28307e7e4a2a}" record_timestamp="1438960073341" record_key="settlement:wh_main_western_badlands_stonemine_tower">
<rotation>0</rotation>
<settlement>settlement:wh_main_western_badlands_stonemine_tower</settlement>
</campaign_settlement_display_settlement_rotations>
<campaign_settlement_display_settlement_rotations record_uuid="{b9a3923a-36d4-4870-8fb3-461ee32c3425}" record_timestamp="1438960073291" record_key="settlement:wh_main_western_border_princes_myrmidens">
<rotation>0</rotation>
<settlement>settlement:wh_main_western_border_princes_myrmidens</settlement>
</campaign_settlement_display_settlement_rotations>
<campaign_settlement_display_settlement_rotations record_uuid="{ddc21d3e-d751-49b6-a48a-0f28d51ffe69}" record_timestamp="1435049969116" record_key="settlement:wh_main_western_border_princes_zvorak">
<rotation>2.23</rotation>
<settlement>settlement:wh_main_western_border_princes_zvorak</settlement>
</campaign_settlement_display_settlement_rotations>
<campaign_settlement_display_settlement_rotations record_uuid="{d693224b-108c-4708-a0cb-b0e488d67959}" record_timestamp="1435049969138" record_key="settlement:wh_main_western_sylvania_castle_templehof">
<rotation>5.95</rotation>
<settlement>settlement:wh_main_western_sylvania_castle_templehof</settlement>
</campaign_settlement_display_settlement_rotations>
<campaign_settlement_display_settlement_rotations record_uuid="{8ce75a69-61ce-4f46-914b-4e652fef59df}" record_timestamp="1435049969161" record_key="settlement:wh_main_western_sylvania_fort_oberstyre">
<rotation>2.98</rotation>
<settlement>settlement:wh_main_western_sylvania_fort_oberstyre</settlement>
</campaign_settlement_display_settlement_rotations>
<campaign_settlement_display_settlement_rotations record_uuid="{5ce9ab46-be07-4aaa-946f-e24731f6cfff}" record_timestamp="1435049969184" record_key="settlement:wh_main_western_sylvania_schwartzhafen">
<rotation>4.31</rotation>
<settlement>settlement:wh_main_western_sylvania_schwartzhafen</settlement>
</campaign_settlement_display_settlement_rotations>
<campaign_settlement_display_settlement_rotations record_uuid="{e36c788e-f7e7-4bc2-b102-26c10e80d7b9}" record_timestamp="1435049969207" record_key="settlement:wh_main_wissenland_nuln">
<rotation>5.81</rotation>
<settlement>settlement:wh_main_wissenland_nuln</settlement>
</campaign_settlement_display_settlement_rotations>
<campaign_settlement_display_settlement_rotations record_uuid="{c5af7c49-9a3e-4433-8204-83cbd576befa}" record_timestamp="1435049969231" record_key="settlement:wh_main_wissenland_pfeildorf">
<rotation>2.41</rotation>
<settlement>settlement:wh_main_wissenland_pfeildorf</settlement>
</campaign_settlement_display_settlement_rotations>
<campaign_settlement_display_settlement_rotations record_uuid="{c822ca0a-ee2e-497c-a7af-0e6bac365865}" record_timestamp="1435049969254" record_key="settlement:wh_main_wissenland_wissenburg">
<rotation>5.15</rotation>
<settlement>settlement:wh_main_wissenland_wissenburg</settlement>
</campaign_settlement_display_settlement_rotations>
<campaign_settlement_display_settlement_rotations record_uuid="{23c32f78-4425-4b94-a77b-66f916a3e63a}" record_timestamp="1441208001471" record_key="settlement:wh_main_zhufbar_karag_dromar">
<rotation>4</rotation>
<settlement>settlement:wh_main_zhufbar_karag_dromar</settlement>
</campaign_settlement_display_settlement_rotations>
<campaign_settlement_display_settlement_rotations record_uuid="{95a2c640-8396-40ef-8d04-5e8ca15f425e}" record_timestamp="1435049969301" record_key="settlement:wh_main_zhufbar_oakenhammer">
<rotation>3.49</rotation>
<settlement>settlement:wh_main_zhufbar_oakenhammer</settlement>
</campaign_settlement_display_settlement_rotations>
<campaign_settlement_display_settlement_rotations record_uuid="{ff521c09-bae4-4394-8cb4-8d90cc72fce5}" record_timestamp="1441208001482" record_key="settlement:wh_main_zhufbar_zhufbar">
<rotation>0.9</rotation>
<settlement>settlement:wh_main_zhufbar_zhufbar</settlement>
</campaign_settlement_display_settlement_rotations>
</dataroot>
