<?xml version="1.0" encoding="UTF-8"?>
<dataroot xmlns:od="urn:schemas-microsoft-com:officedata" xmlns:xsi="http://www.w3.org/2001/XMLSchema-instance" xsi:noNamespaceSchemaLocation="campaign_bonus_value_ids_unit_sets.xsd" export_time="Wed Apr 20 12:44:50 2016" revision="16" export_branch="T:/branches/warhammer/beastmen/warhammer/binaries.x64" export_user="bob">
<edit_uuid>eb6c2fe0-fced-4b0e-b20e-a3e1f50b4adb</edit_uuid>
<campaign_bonus_value_ids_unit_sets record_uuid="{69d950b7-362b-4398-88c7-d8a80bab12f5}" record_timestamp="1461152287771" record_key="ammo_mod">
<key>ammo_mod</key>
<notes>Percentage modifier for unit stat ammo mod. Applied to unit stats, can come from force's or unit-commanding character's bonuses.</notes>
</campaign_bonus_value_ids_unit_sets>
<campaign_bonus_value_ids_unit_sets record_uuid="{4df49440-098a-4029-9f22-4321003cd002}" record_timestamp="1461152287772" record_key="armour_mod">
<key>armour_mod</key>
<notes>Percentage modifier for unit stat armour. Applied to unit stats, can come from force's or unit-commanding character's bonuses.</notes>
</campaign_bonus_value_ids_unit_sets>
<campaign_bonus_value_ids_unit_sets record_uuid="{20748154-a6de-455d-9662-f4359bac73a6}" record_timestamp="1452092970794" record_key="charge_add">
<key>charge_add</key>
<notes>Additive bonus for charge damage, used for character bonuses.</notes>
</campaign_bonus_value_ids_unit_sets>
<campaign_bonus_value_ids_unit_sets record_uuid="{6221a765-4286-4299-8f87-03cd291a714b}" record_timestamp="1370431117161" record_key="charge_bonus">
<key>charge_bonus</key>
<notes>Added to unit stat m_charge_bonus. Applied to unit stats, can come from force's or unit-commanding character's bonuses.</notes>
</campaign_bonus_value_ids_unit_sets>
<campaign_bonus_value_ids_unit_sets record_uuid="{8ec234d5-9e80-4247-8562-2383567d25b4}" record_timestamp="1370431117187" record_key="cost_mod">
<key>cost_mod</key>
<notes>Percentage modifier to unit cost. Used from province and sea-region bonuses when recruiting</notes>
</campaign_bonus_value_ids_unit_sets>
<campaign_bonus_value_ids_unit_sets record_uuid="{5e2c8bef-5a37-4dca-b3ed-3ee9311c514f}" record_timestamp="1438698465828" record_key="damage_vs_large_entities">
<key>damage_vs_large_entities</key>
<notes>Additive bonus for damage vs large entities, used at character and force bonuses.</notes>
</campaign_bonus_value_ids_unit_sets>
<campaign_bonus_value_ids_unit_sets record_uuid="{98317b4c-46aa-46f1-91d4-82b893f0f9ae}" record_timestamp="1461152287771" record_key="general_aoe_mod">
<key>general_aoe_mod</key>
<notes>Sets inspiration_range_bonus for unit. Applied to unit stats, can come from force's or unit-commanding character's bonuses.</notes>
</campaign_bonus_value_ids_unit_sets>
<campaign_bonus_value_ids_unit_sets record_uuid="{8b2aeccb-d88f-4a19-8aff-54087aa28811}" record_timestamp="1440684507492" record_key="general_aoe_morale_effect_mod">
<key>general_aoe_morale_effect_mod</key>
<notes>Additive modifier to unit morale for units within a generals aura. Used at character and force bonuses.</notes>
</campaign_bonus_value_ids_unit_sets>
<campaign_bonus_value_ids_unit_sets record_uuid="{273cf1db-4b33-4aab-9bad-697850f8300f}" record_timestamp="1370431117240" record_key="melee_attack_mod">
<key>melee_attack_mod</key>
<notes>Added to melee attack stat. Used from force's or unit-commanding character's bonuses.</notes>
</campaign_bonus_value_ids_unit_sets>
<campaign_bonus_value_ids_unit_sets record_uuid="{42ee9226-e1d3-41f9-b104-e540436c2055}" record_timestamp="1438698466041" record_key="melee_damage_ap_mod_add">
<key>melee_damage_ap_mod_add</key>
<notes>Additive bonus for melee ap damage, used at character and force bonuses.</notes>
</campaign_bonus_value_ids_unit_sets>
<campaign_bonus_value_ids_unit_sets record_uuid="{6282d096-79c5-45c7-8e21-7b2f3ef78466}" record_timestamp="1438698466113" record_key="melee_damage_ap_mod_mult">
<key>melee_damage_ap_mod_mult</key>
<notes>Multiplicative bonus for melee ap damage, used at character and force bonuses.</notes>
</campaign_bonus_value_ids_unit_sets>
<campaign_bonus_value_ids_unit_sets record_uuid="{424cd770-8c72-45ab-af29-42160a0fa0af}" record_timestamp="1438698466185" record_key="melee_damage_mod_add">
<key>melee_damage_mod_add</key>
<notes>Additive bonus for melee damage, used at character and force bonuses.</notes>
</campaign_bonus_value_ids_unit_sets>
<campaign_bonus_value_ids_unit_sets record_uuid="{a26fe0d1-1e30-43a3-a394-4c9fcd5a5038}" record_timestamp="1438698466258" record_key="melee_damage_mod_mult">
<key>melee_damage_mod_mult</key>
<notes>Multiplicative bonus for melee damage, used at character and force bonuses.</notes>
</campaign_bonus_value_ids_unit_sets>
<campaign_bonus_value_ids_unit_sets record_uuid="{34496f2a-4a62-489b-89f1-eac170dbd1fd}" record_timestamp="1370431117266" record_key="melee_defence_mod">
<key>melee_defence_mod</key>
<notes>Added to melee defence stat (m_melee_defence). Used from force's or unit-commanding character's bonuses.</notes>
</campaign_bonus_value_ids_unit_sets>
<campaign_bonus_value_ids_unit_sets record_uuid="{8224cde9-53ed-4076-b8c4-339fdcb4d266}" record_timestamp="1438772045030" record_key="miscast_chance_mod">
<key>miscast_chance_mod</key>
<notes>Percentage modifier on miscast chance. Used at character and force bonuses.</notes>
</campaign_bonus_value_ids_unit_sets>
<campaign_bonus_value_ids_unit_sets record_uuid="{398035d1-dc37-466a-a3c9-baeb322fd21b}" record_timestamp="1438698465899" record_key="missile_damage_ap_mod_mult">
<key>missile_damage_ap_mod_mult</key>
<notes>Multiplicative bonus for missile ap damage, used at character and force bonuses.</notes>
</campaign_bonus_value_ids_unit_sets>
<campaign_bonus_value_ids_unit_sets record_uuid="{4da81094-fbcc-454e-890f-ec933d9298a4}" record_timestamp="1438698465969" record_key="missile_damage_mod_mult">
<key>missile_damage_mod_mult</key>
<notes>Multiplicative bonus for missile damage, used at character and force bonuses.</notes>
</campaign_bonus_value_ids_unit_sets>
<campaign_bonus_value_ids_unit_sets record_uuid="{b1a52dd4-8daf-4c1e-b92b-08dd5bbae92a}" record_timestamp="1461152289107" record_key="mod_land_movement_battle">
<key>mod_land_movement_battle</key>
<notes>Percentage modifier that affects unit stat m_base_speed_scalar_modifier. Positive value increases this stat. Applied to unit stats, can come from force's or unit-commanding character's bonuses</notes>
</campaign_bonus_value_ids_unit_sets>
<campaign_bonus_value_ids_unit_sets record_uuid="{e97b0057-894c-4579-b6c3-3170d79a9d7c}" record_timestamp="1461152289107" record_key="morale">
<key>morale</key>
<notes>Increase unit morale. Used from force's or unit-commanding character's bonuses.</notes>
</campaign_bonus_value_ids_unit_sets>
<campaign_bonus_value_ids_unit_sets record_uuid="{ed8e531f-0d51-417f-b5d6-d793b22f2b4d}" record_timestamp="1461152289171" record_key="movement_mod">
<key>movement_mod</key>
<notes>Percentage modifier to unit action points. Positive value increases action points. Used at military force bonuses.</notes>
</campaign_bonus_value_ids_unit_sets>
<campaign_bonus_value_ids_unit_sets record_uuid="{ba2c1b68-e17c-4406-8dc0-9e69cb4f6021}" record_timestamp="1370431117371" record_key="range_mod">
<key>range_mod</key>
<notes>Modifier for range in unit stats. Used from force's or unit-commanding character's bonuses.</notes>
</campaign_bonus_value_ids_unit_sets>
<campaign_bonus_value_ids_unit_sets record_uuid="{3c8a9728-304e-4710-9194-531e19ff7727}" record_timestamp="1461152289109" record_key="recruit_time_mod">
<key>recruit_time_mod</key>
<notes>Added to recruitment time for units. Used from province and sea-region bonuses when recruiting.</notes>
</campaign_bonus_value_ids_unit_sets>
<campaign_bonus_value_ids_unit_sets record_uuid="{fb745c1f-ef2f-4748-b239-aca2b3951625}" record_timestamp="1370431117426" record_key="reload">
<key>reload</key>
<notes>Modifier for reload in unit stats. Used from force's or unit-commanding character's bonuses.</notes>
</campaign_bonus_value_ids_unit_sets>
<campaign_bonus_value_ids_unit_sets record_uuid="{70c21ee4-4258-48d4-bdf8-fa98b0e28cc2}" record_timestamp="1437044235193" record_key="replenishment_percentage_bonus">
<key>replenishment_percentage_bonus</key>
<notes>Percentage modifier for unit replenishment. Used from military force bonuses.</notes>
</campaign_bonus_value_ids_unit_sets>
<campaign_bonus_value_ids_unit_sets record_uuid="{da8c4fe7-9529-4157-9e74-16ba9552d3fb}" record_timestamp="1374676293866" record_key="ship_health_mod">
<key>ship_health_mod</key>
<notes>Percentage modifier for ship health. Used from force or character bonuses.</notes>
</campaign_bonus_value_ids_unit_sets>
<campaign_bonus_value_ids_unit_sets record_uuid="{59778c74-cb67-41c9-bb1c-a22ba1071122}" record_timestamp="1374676293933" record_key="ship_ram_damage_mod">
<key>ship_ram_damage_mod</key>
<notes>Percentage modifier for ship ramming damage. Used from force or character bonuses.</notes>
</campaign_bonus_value_ids_unit_sets>
<campaign_bonus_value_ids_unit_sets record_uuid="{6cf013c0-5f8c-4be2-8404-2b26d2992f5d}" record_timestamp="1440684507387" record_key="splash_attack_power_mod_add">
<key>splash_attack_power_mod_add</key>
<notes>Additive modifier to unit splash attack multiplier. Used at character and force bonuses.</notes>
</campaign_bonus_value_ids_unit_sets>
<campaign_bonus_value_ids_unit_sets record_uuid="{db02acb5-6390-4646-8e4a-a607e80f0a36}" record_timestamp="1370431117454" record_key="training_mod">
<key>training_mod</key>
<notes>Adds to unit stat m_unit_training_level (clamped at maximum allowed). Applied to unit stats, can come from force's or unit-commanding character's bonuses.</notes>
</campaign_bonus_value_ids_unit_sets>
<campaign_bonus_value_ids_unit_sets record_uuid="{935febb2-3794-41cf-ad0c-a736dded396f}" record_timestamp="1461152289108" record_key="unit_cap">
<key>unit_cap</key>
<notes>Modifies faction unit cap for this unit. Used at faction bonuses.</notes>
</campaign_bonus_value_ids_unit_sets>
<campaign_bonus_value_ids_unit_sets record_uuid="{bdb8ca4c-8a57-4728-a1dc-2599ab374ef2}" record_timestamp="1438772502687" record_key="unit_damage_resistance_all_mod">
<key>unit_damage_resistance_all_mod</key>
<notes>Additive bonus for all damage resistance, used at character and force bonuses.</notes>
</campaign_bonus_value_ids_unit_sets>
<campaign_bonus_value_ids_unit_sets record_uuid="{d4c12354-c002-4c42-a6b1-6908313cae08}" record_timestamp="1438772502702" record_key="unit_damage_resistance_flame_mod">
<key>unit_damage_resistance_flame_mod</key>
<notes>Additive bonus for flame damage resistance, used at character and force bonuses.</notes>
</campaign_bonus_value_ids_unit_sets>
<campaign_bonus_value_ids_unit_sets record_uuid="{21e084b5-78ec-444c-9487-578bc5d8f9b6}" record_timestamp="1438772502718" record_key="unit_damage_resistance_magic_mod">
<key>unit_damage_resistance_magic_mod</key>
<notes>Additive bonus for magic damage resistance, used at character and force bonuses.</notes>
</campaign_bonus_value_ids_unit_sets>
<campaign_bonus_value_ids_unit_sets record_uuid="{f6f42c71-f29e-49c2-8fd5-ef2709a1e0fb}" record_timestamp="1438772502737" record_key="unit_damage_resistance_missile_mod">
<key>unit_damage_resistance_missile_mod</key>
<notes>Additive bonus for missile damage resistance, used at character and force bonuses.</notes>
</campaign_bonus_value_ids_unit_sets>
<campaign_bonus_value_ids_unit_sets record_uuid="{a57bcda8-91c7-471e-9dc5-c17e1df0babe}" record_timestamp="1438772502757" record_key="unit_damage_resistance_physical_mod">
<key>unit_damage_resistance_physical_mod</key>
<notes>Additive bonus for physical damage resistance, used at character and force bonuses.</notes>
</campaign_bonus_value_ids_unit_sets>
<campaign_bonus_value_ids_unit_sets record_uuid="{648a0ac4-aa20-40b2-a398-3b6a7b9d4e71}" record_timestamp="1409069706747" record_key="unit_fatigue_resistance_mod">
<key>unit_fatigue_resistance_mod</key>
<notes>Percentage modifier unit fatigue restistance. Negative values increase resistance. Used at military force bonuses.</notes>
</campaign_bonus_value_ids_unit_sets>
<campaign_bonus_value_ids_unit_sets record_uuid="{734149c1-cf37-4ea5-a2fc-46888c3619f6}" record_timestamp="1438772045005" record_key="unit_flaming_attack_mod">
<key>unit_flaming_attack_mod</key>
<notes>Additive bonus for flaming attack damage, used at character and force bonuses.</notes>
</campaign_bonus_value_ids_unit_sets>
<campaign_bonus_value_ids_unit_sets record_uuid="{39429cd6-10d5-4404-bb67-5a2260326aff}" record_timestamp="1398353078148" record_key="unit_starting_fatigue_state">
<key>unit_starting_fatigue_state</key>
<notes>Unit starting fatigue state. Used as a max value (does not stack). 0 = fresh, 5 = exhausted. Used at military force bonuses.</notes>
</campaign_bonus_value_ids_unit_sets>
<campaign_bonus_value_ids_unit_sets record_uuid="{0eefba7f-6880-4ee7-833f-84a907b8e849}" record_timestamp="1370431117509" record_key="unit_xp_mod">
<key>unit_xp_mod</key>
<notes>Added to recruitment XP for units. Used from province and sea-region bonuses when recruiting</notes>
</campaign_bonus_value_ids_unit_sets>
<campaign_bonus_value_ids_unit_sets record_uuid="{cc7a7559-8b60-484a-a48f-ffc2ae7b3fd7}" record_timestamp="1370431117537" record_key="upkeep_mod">
<key>upkeep_mod</key>
<notes>Percentage modifier for unit upkeep. Used from military force bonuses.</notes>
</campaign_bonus_value_ids_unit_sets>
<campaign_bonus_value_ids_unit_sets record_uuid="{57fa3522-8f09-45b6-9036-1cbc6d98bfde}" record_timestamp="1430928261567" record_key="vampiric_mercenary_recruitment_capacity">
<key>vampiric_mercenary_recruitment_capacity</key>
<notes>Accumulated across all sources and then modified by sinusoidal function before being added to capacity of vampiric mercenary pools.</notes>
</campaign_bonus_value_ids_unit_sets>
<campaign_bonus_value_ids_unit_sets record_uuid="{36c93035-2661-423f-9a66-66cd35b1d017}" record_timestamp="1430928261567" record_key="vampiric_mercenary_recruitment_replenishment_rate">
<key>vampiric_mercenary_recruitment_replenishment_rate</key>
<notes>Accumulated across all sources and then modified by sinusoidal function before being added to replenishment rate of vampiric mercenary pools.</notes>
</campaign_bonus_value_ids_unit_sets>
</dataroot>
