<?xml version="1.0" encoding="UTF-8"?>
<dataroot xmlns:od="urn:schemas-microsoft-com:officedata" xmlns:xsi="http://www.w3.org/2001/XMLSchema-instance" xsi:noNamespaceSchemaLocation="campaign_features.xsd" export_time="Mon Jul 25 15:02:10 2016" revision="31" export_branch="T:/branches/warhammer/sigmar/warhammer/binaries.x64" export_user="bob">
<edit_uuid>fc047979-4cd2-479c-be5d-956fce781446</edit_uuid>
<campaign_features record_uuid="{31685f87-6dbd-45f2-a2f6-f35a7046cfca}" record_timestamp="1467714637851" record_key="additional_army_upkeepwh_dlc03_feature_beastmen">
<available>0</available>
<feature>additional_army_upkeep</feature>
<group>wh_dlc03_feature_beastmen</group>
</campaign_features>
<campaign_features record_uuid="{8fd3037e-d2d8-4950-8fbf-001b841a0984}" record_timestamp="1461152289728" record_key="additional_army_upkeepwh_feature_all">
<available>1</available>
<feature>additional_army_upkeep</feature>
<group>wh_feature_all</group>
</campaign_features>
<campaign_features record_uuid="{d8fcf1a6-773d-4d39-8fcc-6ad34b61eaf2}" record_timestamp="1461152289728" record_key="additional_army_upkeepwh_feature_chaos">
<available>0</available>
<feature>additional_army_upkeep</feature>
<group>wh_feature_chaos</group>
</campaign_features>
<campaign_features record_uuid="{e84ab046-2ca6-41f7-a746-65660b1bd521}" record_timestamp="1467714637852" record_key="ambush_in_default_stancewh_dlc03_feature_beastmen">
<available>1</available>
<feature>ambush_in_default_stance</feature>
<group>wh_dlc03_feature_beastmen</group>
</campaign_features>
<campaign_features record_uuid="{44e66b67-6fb2-4ed3-942e-b526a0fcf455}" record_timestamp="1444985211226" record_key="assign_edictswh_feature_all">
<available>1</available>
<feature>assign_edicts</feature>
<group>wh_feature_all</group>
</campaign_features>
<campaign_features record_uuid="{4d0abe61-b885-4731-8e38-ddae78028cb7}" record_timestamp="1450699580274" record_key="dwarven_grudgeswh_feature_all">
<available>0</available>
<feature>dwarven_grudges</feature>
<group>wh_feature_all</group>
</campaign_features>
<campaign_features record_uuid="{dc5a1910-60d1-4153-89bc-326423f2af4e}" record_timestamp="1450699580273" record_key="dwarven_grudgeswh_feature_dwarfs">
<available>1</available>
<feature>dwarven_grudges</feature>
<group>wh_feature_dwarfs</group>
</campaign_features>
<campaign_features record_uuid="{3992c65f-4587-4653-b6da-a1f09a17019a}" record_timestamp="1469455330492" record_key="enslaving_captives_replenishes_hitpointswh_dlc03_feature_beastmen">
<available>1</available>
<feature>enslaving_captives_replenishes_hitpoints</feature>
<group>wh_dlc03_feature_beastmen</group>
</campaign_features>
<campaign_features record_uuid="{f22fc6b4-d65d-4707-a9c5-ccd85b0ba5f5}" record_timestamp="1445602780869" record_key="enslaving_captives_replenishes_hitpointswh_feature_greenskins">
<available>1</available>
<feature>enslaving_captives_replenishes_hitpoints</feature>
<group>wh_feature_greenskins</group>
</campaign_features>
<campaign_features record_uuid="{671cb452-3717-43f4-bf5b-b2e310741e82}" record_timestamp="1445602780869" record_key="enslaving_captives_replenishes_hitpointswh_feature_vampire_counts">
<available>1</available>
<feature>enslaving_captives_replenishes_hitpoints</feature>
<group>wh_feature_vampire_counts</group>
</campaign_features>
<campaign_features record_uuid="{9e738b76-2ca7-4e00-be8f-75068c50571f}" record_timestamp="1467714637852" record_key="factionwide_recruitmentwh_dlc03_feature_beastmen">
<available>0</available>
<feature>factionwide_recruitment</feature>
<group>wh_dlc03_feature_beastmen</group>
</campaign_features>
<campaign_features record_uuid="{473cc3f9-741e-4065-bd4f-c681bee4c4da}" record_timestamp="1434976998086" record_key="factionwide_recruitmentwh_feature_all">
<available>1</available>
<feature>factionwide_recruitment</feature>
<group>wh_feature_all</group>
</campaign_features>
<campaign_features record_uuid="{b5feb6e9-d740-4d88-9b65-0779156f313e}" record_timestamp="1453803180407" record_key="factionwide_recruitmentwh_feature_chaos">
<available>0</available>
<feature>factionwide_recruitment</feature>
<group>wh_feature_chaos</group>
</campaign_features>
<campaign_features record_uuid="{cba7d565-62ac-4e6b-a1ee-04cdaacad236}" record_timestamp="1435934057447" record_key="factionwide_recruitmentwh_feature_vampire_counts">
<available>0</available>
<feature>factionwide_recruitment</feature>
<group>wh_feature_vampire_counts</group>
</campaign_features>
<campaign_features record_uuid="{0422e6f5-0a50-4a6e-8187-6e34403b2167}" record_timestamp="1436260901206" record_key="foodwh_feature_all">
<available>0</available>
<feature>food</feature>
<group>wh_feature_all</group>
</campaign_features>
<campaign_features record_uuid="{5e847d24-6847-47fc-b9ab-a0015acb4de4}" record_timestamp="1467714637851" record_key="hidden_in_settle_stancewh_dlc03_feature_beastmen">
<available>1</available>
<feature>hidden_in_settle_stance</feature>
<group>wh_dlc03_feature_beastmen</group>
</campaign_features>
<campaign_features record_uuid="{3cb4adbf-4547-47e2-8248-ba518ae8fb57}" record_timestamp="1467714637792" record_key="military_moralewh_dlc03_feature_beastmen_brayherd">
<available>0</available>
<feature>military_morale</feature>
<group>wh_dlc03_feature_beastmen_brayherd</group>
</campaign_features>
<campaign_features record_uuid="{576237df-d048-4228-91ef-93e9735c454c}" record_timestamp="1467714637735" record_key="military_moralewh_dlc03_feature_beastmen_not_brayherd">
<available>1</available>
<feature>military_morale</feature>
<group>wh_dlc03_feature_beastmen_not_brayherd</group>
</campaign_features>
<campaign_features record_uuid="{8b6c109d-62ba-4ed3-88ba-e7bc77157ff1}" record_timestamp="1449132589442" record_key="military_moralewh_feature_greenskins_not_waaagh">
<available>1</available>
<feature>military_morale</feature>
<group>wh_feature_greenskins_not_waaagh</group>
</campaign_features>
<campaign_features record_uuid="{d26c1374-4a16-4dd1-9a8b-b603299c2b7c}" record_timestamp="1449132588077" record_key="military_moralewh_feature_greenskins_waaagh">
<available>0</available>
<feature>military_morale</feature>
<group>wh_feature_greenskins_waaagh</group>
</campaign_features>
<campaign_features record_uuid="{a726e595-6dd3-42b0-9a2e-a86884587a2c}" record_timestamp="1450349673097" record_key="politicswh_feature_empire">
<available>1</available>
<feature>politics</feature>
<group>wh_feature_empire</group>
</campaign_features>
<campaign_features record_uuid="{1eab9291-abed-4d75-9463-c9061b75ba7d}" record_timestamp="1467714637850" record_key="public_orderwh_dlc03_feature_beastmen">
<available>0</available>
<feature>public_order</feature>
<group>wh_dlc03_feature_beastmen</group>
</campaign_features>
<campaign_features record_uuid="{33404d1d-51d6-496e-a958-2aa60a6073cc}" record_timestamp="1434976998108" record_key="public_orderwh_feature_all">
<available>1</available>
<feature>public_order</feature>
<group>wh_feature_all</group>
</campaign_features>
<campaign_features record_uuid="{3bbe894d-8729-4164-8639-128d9cb1d1ad}" record_timestamp="1434976998185" record_key="public_orderwh_feature_chaos">
<available>0</available>
<feature>public_order</feature>
<group>wh_feature_chaos</group>
</campaign_features>
<campaign_features record_uuid="{2086f621-26b3-4406-9f99-0d98f0cd4ee1}" record_timestamp="1438258502638" record_key="random_missionswh_feature_all">
<available>1</available>
<feature>random_missions</feature>
<group>wh_feature_all</group>
</campaign_features>
<campaign_features record_uuid="{52952f50-3419-4089-b650-ce692bd1fdfe}" record_timestamp="1467714637851" record_key="region_growthwh_dlc03_feature_beastmen">
<available>0</available>
<feature>region_growth</feature>
<group>wh_dlc03_feature_beastmen</group>
</campaign_features>
<campaign_features record_uuid="{c9ad5886-f268-40a3-b4ac-493d4d4fa23c}" record_timestamp="1434976998120" record_key="region_growthwh_feature_all">
<available>1</available>
<feature>region_growth</feature>
<group>wh_feature_all</group>
</campaign_features>
<campaign_features record_uuid="{f807498b-a129-43ba-aa6d-fa7a03196564}" record_timestamp="1434976998199" record_key="region_growthwh_feature_chaos">
<available>0</available>
<feature>region_growth</feature>
<group>wh_feature_chaos</group>
</campaign_features>
<campaign_features record_uuid="{031f8e19-2479-4553-9144-8e2a919f3fac}" record_timestamp="1467714637851" record_key="region_wealthwh_dlc03_feature_beastmen">
<available>0</available>
<feature>region_wealth</feature>
<group>wh_dlc03_feature_beastmen</group>
</campaign_features>
<campaign_features record_uuid="{7c33415c-e6cd-41ce-94f6-d8c0c17ba7ad}" record_timestamp="1434976998132" record_key="region_wealthwh_feature_all">
<available>1</available>
<feature>region_wealth</feature>
<group>wh_feature_all</group>
</campaign_features>
<campaign_features record_uuid="{ffc193cd-6196-417d-bb28-68a45a3b3662}" record_timestamp="1434976998214" record_key="region_wealthwh_feature_chaos">
<available>0</available>
<feature>region_wealth</feature>
<group>wh_feature_chaos</group>
</campaign_features>
<campaign_features record_uuid="{69a48374-2cd9-4824-ad5f-60c18c0c0a2a}" record_timestamp="1438340041813" record_key="settlement_vandalisationwh_feature_greenskins">
<available>1</available>
<feature>settlement_vandalisation</feature>
<group>wh_feature_greenskins</group>
</campaign_features>
<campaign_features record_uuid="{14090f37-e392-463b-9672-6278f5fa9c10}" record_timestamp="1436260901206" record_key="slaveswh_feature_all">
<available>0</available>
<feature>slaves</feature>
<group>wh_feature_all</group>
</campaign_features>
<campaign_features record_uuid="{f5144c08-87c8-442e-95d4-d3216f325c5f}" record_timestamp="1466173728142" record_key="tax_exemptionwh_feature_all">
<available>1</available>
<feature>tax_exemption</feature>
<group>wh_feature_all</group>
</campaign_features>
<campaign_features record_uuid="{a932af48-792f-4eaf-bddf-18234979695a}" record_timestamp="1466173728176" record_key="tax_rate_controlwh_feature_all">
<available>0</available>
<feature>tax_rate_control</feature>
<group>wh_feature_all</group>
</campaign_features>
<campaign_features record_uuid="{57307479-a6cd-4c6e-9733-135565e6203a}" record_timestamp="1459941473836" record_key="undead_unit_saving_postbattlewh_feature_vampire_counts">
<available>1</available>
<feature>undead_unit_saving_postbattle</feature>
<group>wh_feature_vampire_counts</group>
</campaign_features>
<campaign_features record_uuid="{55fc1560-3865-4ee1-8bd4-b7891a7edfe5}" record_timestamp="1434976998145" record_key="vampiric_mercenary_recruitmentwh_feature_vampire_counts">
<available>1</available>
<feature>vampiric_mercenary_recruitment</feature>
<group>wh_feature_vampire_counts</group>
</campaign_features>
</dataroot>
