<?xml version="1.0" encoding="UTF-8"?>
<dataroot xmlns:od="urn:schemas-microsoft-com:officedata" xmlns:xsi="http://www.w3.org/2001/XMLSchema-instance" xsi:noNamespaceSchemaLocation="campaign_effect_scope_ownerships.xsd" export_time="Mon Aug 24 09:57:52 2015" revision="7" export_branch="C:/fetch_c/warhammer/binaries" export_user="bob">
<edit_uuid>6c40e5de-aa80-4ddc-8157-b777fe0c2602</edit_uuid>
<campaign_effect_scope_ownerships record_uuid="{1945c45a-bd15-4059-8f5d-72a4888ce668}" record_key="allied">
<key>allied</key>
</campaign_effect_scope_ownerships>
<campaign_effect_scope_ownerships record_uuid="{839d9f25-00b4-439c-a2ae-468e423c9f12}" record_key="any">
<key>any</key>
</campaign_effect_scope_ownerships>
<campaign_effect_scope_ownerships record_uuid="{44b70a77-f384-4560-97d0-0b07812b7728}" record_key="enemy">
<key>enemy</key>
</campaign_effect_scope_ownerships>
<campaign_effect_scope_ownerships record_uuid="{2ccac5e0-a8fb-47d8-bba5-374d393e8fa6}" record_key="yours">
<key>yours</key>
</campaign_effect_scope_ownerships>
</dataroot>
