<?xml version="1.0" encoding="UTF-8"?>
<dataroot xmlns:od="urn:schemas-microsoft-com:officedata" xmlns:xsi="http://www.w3.org/2001/XMLSchema-instance" xsi:noNamespaceSchemaLocation="campaign_map_tooltip_select_contexts.xsd" export_time="Mon Aug 24 09:57:54 2015" revision="12" export_branch="C:/fetch_c/warhammer/binaries" export_user="bob">
<edit_uuid>b21f801f-b8bd-4095-ba76-78e2cac79527</edit_uuid>
<campaign_map_tooltip_select_contexts record_uuid="{2b135571-e883-4f63-9984-a332f3bd1688}" record_timestamp="1363867943160" record_key="agent">
<select_context>agent</select_context>
</campaign_map_tooltip_select_contexts>
<campaign_map_tooltip_select_contexts record_uuid="{86b26e3e-fb31-40c2-8fb1-e3c8e27f2fc9}" record_timestamp="1363867943012" record_key="army">
<select_context>army</select_context>
</campaign_map_tooltip_select_contexts>
<campaign_map_tooltip_select_contexts record_uuid="{2634ed95-9f92-4175-9fef-9a3721ca21a8}" record_timestamp="1425896781605" record_key="army_horde">
<select_context>army_horde</select_context>
</campaign_map_tooltip_select_contexts>
<campaign_map_tooltip_select_contexts record_uuid="{47229983-bf20-4f4d-a576-f5b5514e58bf}" record_timestamp="1425896781605" record_key="army_horde_permanent">
<select_context>army_horde_permanent</select_context>
</campaign_map_tooltip_select_contexts>
<campaign_map_tooltip_select_contexts record_uuid="{157a06b5-c1c4-4500-ad30-88e27c928684}" record_timestamp="1363867943110" record_key="army_must_break_siege">
<select_context>army_must_break_siege</select_context>
</campaign_map_tooltip_select_contexts>
<campaign_map_tooltip_select_contexts record_uuid="{88c955c8-8ccd-41b5-9f17-9f5300673535}" record_timestamp="1363867943286" record_key="enemy_agent">
<select_context>enemy_agent</select_context>
</campaign_map_tooltip_select_contexts>
<campaign_map_tooltip_select_contexts record_uuid="{4ac09aad-2c38-4ecc-bd93-411f0d978838}" record_timestamp="1363867943186" record_key="enemy_army">
<select_context>enemy_army</select_context>
</campaign_map_tooltip_select_contexts>
<campaign_map_tooltip_select_contexts record_uuid="{e4bb6842-de48-49c0-96e3-71d485b5cb0e}" record_timestamp="1363867943213" record_key="enemy_navy">
<select_context>enemy_navy</select_context>
</campaign_map_tooltip_select_contexts>
<campaign_map_tooltip_select_contexts record_uuid="{f583da71-e04b-4f25-a23d-b203eb40fd05}" record_timestamp="1363867943237" record_key="enemy_navy_escorting">
<select_context>enemy_navy_escorting</select_context>
</campaign_map_tooltip_select_contexts>
<campaign_map_tooltip_select_contexts record_uuid="{a58ed8b3-ca85-4ff0-aeae-02da76a4634b}" record_timestamp="1363867943262" record_key="enemy_navy_transport">
<select_context>enemy_navy_transport</select_context>
</campaign_map_tooltip_select_contexts>
<campaign_map_tooltip_select_contexts record_uuid="{ca4260b8-7e46-46aa-b7cc-26add25fa287}" record_timestamp="1363867943036" record_key="navy">
<select_context>navy</select_context>
</campaign_map_tooltip_select_contexts>
<campaign_map_tooltip_select_contexts record_uuid="{f8112837-b5ff-40d6-bdfc-873e8ab047c9}" record_timestamp="1363867943085" record_key="navy_escorting">
<select_context>navy_escorting</select_context>
</campaign_map_tooltip_select_contexts>
<campaign_map_tooltip_select_contexts record_uuid="{c0de9436-8ffd-4d3a-959e-28fa53c1c44a}" record_timestamp="1425896781605" record_key="navy_escorting_horde">
<select_context>navy_escorting_horde</select_context>
</campaign_map_tooltip_select_contexts>
<campaign_map_tooltip_select_contexts record_uuid="{70cca5f0-5f38-4f57-a5da-809bab0bd7cb}" record_timestamp="1425896781605" record_key="navy_escorting_horde_permanent">
<select_context>navy_escorting_horde_permanent</select_context>
</campaign_map_tooltip_select_contexts>
<campaign_map_tooltip_select_contexts record_uuid="{d3ebed79-6b7a-438d-a964-86d102768cf4}" record_timestamp="1363867943134" record_key="navy_must_break_blockade">
<select_context>navy_must_break_blockade</select_context>
</campaign_map_tooltip_select_contexts>
<campaign_map_tooltip_select_contexts record_uuid="{1d10b214-e6f2-4347-bb1f-4f4a5e1eae37}" record_timestamp="1363867943060" record_key="navy_transport">
<select_context>navy_transport</select_context>
</campaign_map_tooltip_select_contexts>
<campaign_map_tooltip_select_contexts record_uuid="{6c80235d-c981-4116-a538-c3c3b3a5a88c}" record_timestamp="1425896781605" record_key="navy_transport_horde">
<select_context>navy_transport_horde</select_context>
</campaign_map_tooltip_select_contexts>
<campaign_map_tooltip_select_contexts record_uuid="{17766b8e-6387-4694-aab2-d98f122343c6}" record_timestamp="1425896781605" record_key="navy_transport_horde_permanent">
<select_context>navy_transport_horde_permanent</select_context>
</campaign_map_tooltip_select_contexts>
<campaign_map_tooltip_select_contexts record_uuid="{a7c80528-a4b7-4fed-895d-2857a7762bb7}" record_timestamp="1363867943411" record_key="non_player_agent">
<select_context>non_player_agent</select_context>
</campaign_map_tooltip_select_contexts>
<campaign_map_tooltip_select_contexts record_uuid="{bd085043-8d85-42c5-9935-e481c79f2014}" record_timestamp="1363867943310" record_key="non_player_army">
<select_context>non_player_army</select_context>
</campaign_map_tooltip_select_contexts>
<campaign_map_tooltip_select_contexts record_uuid="{7edcc429-24b1-430c-a5ec-90c634fcd052}" record_timestamp="1363867943338" record_key="non_player_navy">
<select_context>non_player_navy</select_context>
</campaign_map_tooltip_select_contexts>
<campaign_map_tooltip_select_contexts record_uuid="{cbdf93b8-df5d-41aa-84c5-811f13fc23e4}" record_timestamp="1363867943363" record_key="non_player_navy_escorting">
<select_context>non_player_navy_escorting</select_context>
</campaign_map_tooltip_select_contexts>
<campaign_map_tooltip_select_contexts record_uuid="{c190be28-de8d-44d5-8add-9f10917a1ace}" record_timestamp="1363867943387" record_key="non_player_navy_transport">
<select_context>non_player_navy_transport</select_context>
</campaign_map_tooltip_select_contexts>
<campaign_map_tooltip_select_contexts record_uuid="{b0e7b53b-33db-4cd5-be16-4d4024214955}" record_timestamp="1363867943437" record_key="none_or_self">
<select_context>none_or_self</select_context>
</campaign_map_tooltip_select_contexts>
<campaign_map_tooltip_select_contexts record_uuid="{9fceb48a-19ed-4bff-848f-80f3f27c1737}" record_timestamp="1372931649543" record_key="player_force_cannot_attack_stance">
<select_context>player_force_cannot_attack_stance</select_context>
</campaign_map_tooltip_select_contexts>
<campaign_map_tooltip_select_contexts record_uuid="{ea021b96-f86f-443f-b6d6-8d56647c0f66}" record_timestamp="1372931649574" record_key="player_force_cannot_move_stance">
<select_context>player_force_cannot_move_stance</select_context>
</campaign_map_tooltip_select_contexts>
<campaign_map_tooltip_select_contexts record_uuid="{962e69d1-2d87-4392-b620-123e43dfa1f4}" record_timestamp="1372246350139" record_key="settlement">
<select_context>settlement</select_context>
</campaign_map_tooltip_select_contexts>
</dataroot>
