<?xml version="1.0" encoding="UTF-8"?>
<dataroot xmlns:od="urn:schemas-microsoft-com:officedata" xmlns:xsi="http://www.w3.org/2001/XMLSchema-instance" xsi:noNamespaceSchemaLocation="campaign_post_battle_captive_option_ids.xsd" export_time="Mon Aug 24 09:57:54 2015" revision="4" export_branch="C:/fetch_c/warhammer/binaries" export_user="bob">
<edit_uuid>32c17115-68d1-416b-882d-f7f344fba070</edit_uuid>
<campaign_post_battle_captive_option_ids record_uuid="{6b11348c-ee71-4031-a27c-71beff27ebef}" record_timestamp="1440156666083" record_key="enslave">
<captive_option>enslave</captive_option>
</campaign_post_battle_captive_option_ids>
<campaign_post_battle_captive_option_ids record_uuid="{89a6032f-d1e8-49ed-ad63-e85abc6ef133}" record_timestamp="1440156666083" record_key="kill">
<captive_option>kill</captive_option>
</campaign_post_battle_captive_option_ids>
<campaign_post_battle_captive_option_ids record_uuid="{4d6a0016-e945-488a-89ba-cf1b37968704}" record_timestamp="1440156666083" record_key="release">
<captive_option>release</captive_option>
</campaign_post_battle_captive_option_ids>
</dataroot>
