<?xml version="1.0" encoding="UTF-8"?>
<dataroot xmlns:od="urn:schemas-microsoft-com:officedata" xmlns:xsi="http://www.w3.org/2001/XMLSchema-instance" xsi:noNamespaceSchemaLocation="campaign_bonus_value_ids_battlefield_deployables.xsd" export_time="Mon Aug 24 09:57:51 2015" revision="5" export_branch="C:/fetch_c/warhammer/binaries" export_user="bob">
<edit_uuid>3a8e4928-1981-4c0a-9a5e-33ec5e2f082d</edit_uuid>
<campaign_bonus_value_ids_battlefield_deployables record_uuid="{b82535ac-c725-4031-8ac1-3a58e41f296c}" record_timestamp="1368543901450" record_key="battlefield_deployable_enabled">
<key>battlefield_deployable_enabled</key>
<notes></notes>
</campaign_bonus_value_ids_battlefield_deployables>
</dataroot>
