<?xml version="1.0" encoding="UTF-8"?>
<dataroot xmlns:od="urn:schemas-microsoft-com:officedata" xmlns:xsi="http://www.w3.org/2001/XMLSchema-instance" xsi:noNamespaceSchemaLocation="campaign_autoresolver_mod_groups.xsd" export_time="Wed Apr 6 14:59:09 2016" revision="10" export_branch="T:/branches/warhammer/beastmen/warhammer/binaries.x64" export_user="bob">
<edit_uuid>06028dc2-60ba-44fd-97ef-79ee96270c18</edit_uuid>
<campaign_autoresolver_mod_groups record_uuid="{f525665a-578d-405c-89fd-87983cee6c59}" record_timestamp="1432112522994" record_key="wh_general_lvl_kps_multiplier_bonus">
<id>wh_general_lvl_kps_multiplier_bonus</id>
</campaign_autoresolver_mod_groups>
<campaign_autoresolver_mod_groups record_uuid="{3ab68fed-e625-4b48-a2b7-ecf3e5371ce8}" record_timestamp="1459951148850" record_key="wh_global_ranged_kps_penalty">
<id>wh_global_ranged_kps_penalty</id>
</campaign_autoresolver_mod_groups>
<campaign_autoresolver_mod_groups record_uuid="{39f1cc16-ff07-4013-9890-34b89692f88b}" record_timestamp="1432112522978" record_key="wh_moderate_kps_multiplier_bonus">
<id>wh_moderate_kps_multiplier_bonus</id>
</campaign_autoresolver_mod_groups>
<campaign_autoresolver_mod_groups record_uuid="{7021290d-182b-4285-9a40-381cd005c08b}" record_timestamp="1432112522909" record_key="wh_no_retreat">
<id>wh_no_retreat</id>
</campaign_autoresolver_mod_groups>
<campaign_autoresolver_mod_groups record_uuid="{741d66e3-c5ce-470e-b658-bd034cea4fbd}" record_timestamp="1432112522942" record_key="wh_siege_eq_additive_bonus">
<id>wh_siege_eq_additive_bonus</id>
</campaign_autoresolver_mod_groups>
<campaign_autoresolver_mod_groups record_uuid="{182d4249-e0b0-414c-a5d1-1e05cbd31da3}" record_timestamp="1432112522962" record_key="wh_siege_eq_multiplier_bonus">
<id>wh_siege_eq_multiplier_bonus</id>
</campaign_autoresolver_mod_groups>
<campaign_autoresolver_mod_groups record_uuid="{4107f211-d255-4192-9832-6d6660529099}" record_timestamp="1434549939691" record_key="wh_spell_moderate_kps_multiplier_bonus">
<id>wh_spell_moderate_kps_multiplier_bonus</id>
</campaign_autoresolver_mod_groups>
<campaign_autoresolver_mod_groups record_uuid="{f1e11830-8931-4a0c-9954-2a987a833e63}" record_timestamp="1434549939670" record_key="wh_spell_moderate_kps_multiplier_penalty">
<id>wh_spell_moderate_kps_multiplier_penalty</id>
</campaign_autoresolver_mod_groups>
<campaign_autoresolver_mod_groups record_uuid="{2d3c3392-0744-495e-83a4-3f0c65af19d2}" record_timestamp="1434549939656" record_key="wh_spell_small_kps_multiplier_bonus">
<id>wh_spell_small_kps_multiplier_bonus</id>
</campaign_autoresolver_mod_groups>
<campaign_autoresolver_mod_groups record_uuid="{78ed0fa4-2db0-4804-b6b7-6630be5e9265}" record_timestamp="1434549939708" record_key="wh_spell_small_kps_multiplier_penalty">
<id>wh_spell_small_kps_multiplier_penalty</id>
</campaign_autoresolver_mod_groups>
<campaign_autoresolver_mod_groups record_uuid="{af4a0715-2f35-4222-9dfd-78ac7edaac36}" record_timestamp="1434549939700" record_key="wh_spell_strong_kps_multiplier_bonus">
<id>wh_spell_strong_kps_multiplier_bonus</id>
</campaign_autoresolver_mod_groups>
<campaign_autoresolver_mod_groups record_uuid="{c77ca46c-573a-4773-ad03-ec6e86793bd2}" record_timestamp="1434549939683" record_key="wh_spell_strong_kps_multiplier_penalty">
<id>wh_spell_strong_kps_multiplier_penalty</id>
</campaign_autoresolver_mod_groups>
<campaign_autoresolver_mod_groups record_uuid="{e7d589d8-6be3-40ac-b8e3-d4e071aac33e}" record_timestamp="1432112523011" record_key="wh_strong_kps_multiplier_bonus">
<id>wh_strong_kps_multiplier_bonus</id>
</campaign_autoresolver_mod_groups>
</dataroot>
