<?xml version="1.0" encoding="UTF-8"?>
<dataroot xmlns:od="urn:schemas-microsoft-com:officedata" xmlns:xsi="http://www.w3.org/2001/XMLSchema-instance" xsi:noNamespaceSchemaLocation="campaign_bonus_value_ids_siege_items.xsd" export_time="Mon Aug 24 09:57:51 2015" revision="10" export_branch="C:/fetch_c/warhammer/binaries" export_user="bob">
<edit_uuid>36df7577-f3a7-4671-b728-f00db70a78dc</edit_uuid>
<campaign_bonus_value_ids_siege_items record_uuid="{cc280820-c062-4706-bd8d-a5f2d54560de}" record_timestamp="1424959387385" record_key="siege_item_allowed">
<key>siege_item_allowed</key>
<notes>Allows the specified siege item to be constructed when sieging</notes>
</campaign_bonus_value_ids_siege_items>
<campaign_bonus_value_ids_siege_items record_uuid="{531d0d9e-ff8a-49ea-a3b6-65a6992f476f}" record_timestamp="1426522988634" record_key="siege_item_disabled">
<key>siege_item_disabled</key>
<notes>nil</notes>
</campaign_bonus_value_ids_siege_items>
<campaign_bonus_value_ids_siege_items record_uuid="{d00a85c6-01c8-452d-bcf5-af3b50eb735e}" record_timestamp="1424959387447" record_key="siege_item_enabled">
<key>siege_item_enabled</key>
<notes>Enables the specified siege item to be constructed when sieging</notes>
</campaign_bonus_value_ids_siege_items>
<campaign_bonus_value_ids_siege_items record_uuid="{28705ad1-7e02-44d8-b034-ebcd0abb9ce3}" record_timestamp="1424959387494" record_key="siege_item_number_of_vehicles_per_construction_item">
<key>siege_item_number_of_vehicles_per_construction_item</key>
<notes>Specifies the number of vehicles in battle per construction item on campaign</notes>
</campaign_bonus_value_ids_siege_items>
</dataroot>
