<?xml version="1.0" encoding="UTF-8"?>
<dataroot xmlns:od="urn:schemas-microsoft-com:officedata" xmlns:xsi="http://www.w3.org/2001/XMLSchema-instance" xsi:noNamespaceSchemaLocation="campaign_map_masks_to_excluded_regions.xsd" export_time="Wed Oct 28 15:34:36 2015" revision="9" export_branch="D:/TW/warhammer/src" export_user="bob">
<edit_uuid>59b4af01-3699-4173-9e94-eca5379203c1</edit_uuid>
<campaign_map_masks_to_excluded_regions record_uuid="{ad251bbc-c30b-4081-9c05-fbffd3596918}" record_timestamp="1418133842849" record_key="placeholderwh_main_western_badlands_ekrund">
<excluded_region>wh_main_western_badlands_ekrund</excluded_region>
<mask>placeholder</mask>
</campaign_map_masks_to_excluded_regions>
</dataroot>
