<?xml version="1.0" encoding="UTF-8"?>
<dataroot xmlns:od="urn:schemas-microsoft-com:officedata" xmlns:xsi="http://www.w3.org/2001/XMLSchema-instance" xsi:noNamespaceSchemaLocation="campaign_group_member_criteria_cultures.xsd" export_time="Thu Aug 4 10:26:33 2016" revision="52" export_branch="T:/" export_user="bob">
<edit_uuid>d294120b-8414-4ea5-bd80-8c523adae796</edit_uuid>
<campaign_group_member_criteria_cultures record_uuid="{e8e2d8ee-28e6-48a2-bf8b-4a228a4136ab}" record_timestamp="1421061170517" record_key="diplomacy_culture_brt_bretonnia">
<culture>wh_main_brt_bretonnia</culture>
<member>diplomacy_culture_brt_bretonnia</member>
</campaign_group_member_criteria_cultures>
<campaign_group_member_criteria_cultures record_uuid="{31a2050b-7308-4eb9-bd87-9d5234b4551f}" record_timestamp="1421061171320" record_key="diplomacy_culture_chs_chaos">
<culture>wh_main_chs_chaos</culture>
<member>diplomacy_culture_chs_chaos</member>
</campaign_group_member_criteria_cultures>
<campaign_group_member_criteria_cultures record_uuid="{e5dfc30a-88ef-4556-a86c-ca50a39f854a}" record_timestamp="1421061172757" record_key="diplomacy_culture_dwf_dwarfs">
<culture>wh_main_dwf_dwarfs</culture>
<member>diplomacy_culture_dwf_dwarfs</member>
</campaign_group_member_criteria_cultures>
<campaign_group_member_criteria_cultures record_uuid="{cf0a5f69-36b0-4fc6-be22-df31d93dfb2a}" record_timestamp="1421061184618" record_key="diplomacy_culture_emp_empire">
<culture>wh_main_emp_empire</culture>
<member>diplomacy_culture_emp_empire</member>
</campaign_group_member_criteria_cultures>
<campaign_group_member_criteria_cultures record_uuid="{69a5a2a9-e93f-4310-a70b-8462e5c593a6}" record_timestamp="1421061191149" record_key="diplomacy_culture_grn_greenskins">
<culture>wh_main_grn_greenskins</culture>
<member>diplomacy_culture_grn_greenskins</member>
</campaign_group_member_criteria_cultures>
<campaign_group_member_criteria_cultures record_uuid="{a9490dbb-6101-43fe-b581-7907fdee6d8a}" record_timestamp="1421061196434" record_key="diplomacy_culture_vmp_vampire_counts">
<culture>wh_main_vmp_vampire_counts</culture>
<member>diplomacy_culture_vmp_vampire_counts</member>
</campaign_group_member_criteria_cultures>
<campaign_group_member_criteria_cultures record_uuid="{3799f1ba-74ba-4223-9329-b04156f62085}" record_timestamp="1455545614717" record_key="wh_beastmen_morale_high">
<culture>wh_dlc03_bst_beastmen</culture>
<member>wh_beastmen_morale_high</member>
</campaign_group_member_criteria_cultures>
<campaign_group_member_criteria_cultures record_uuid="{994459d9-70e2-4fc7-bf41-60d8f0b07ba4}" record_timestamp="1455545614754" record_key="wh_beastmen_morale_low">
<culture>wh_dlc03_bst_beastmen</culture>
<member>wh_beastmen_morale_low</member>
</campaign_group_member_criteria_cultures>
<campaign_group_member_criteria_cultures record_uuid="{c035f13a-7fd2-4b65-80a5-0b260d3d9836}" record_timestamp="1455545614643" record_key="wh_beastmen_morale_mid">
<culture>wh_dlc03_bst_beastmen</culture>
<member>wh_beastmen_morale_mid</member>
</campaign_group_member_criteria_cultures>
<campaign_group_member_criteria_cultures record_uuid="{87935781-a701-4026-8b92-40e9d33d79b5}" record_timestamp="1455545614680" record_key="wh_beastmen_morale_very_low">
<culture>wh_dlc03_bst_beastmen</culture>
<member>wh_beastmen_morale_very_low</member>
</campaign_group_member_criteria_cultures>
<campaign_group_member_criteria_cultures record_uuid="{703257e1-1521-4fc2-8724-953c81b06a9b}" record_timestamp="1440156666291" record_key="wh_captive_option_enslave_chaos">
<culture>wh_main_chs_chaos</culture>
<member>wh_captive_option_enslave_chaos</member>
</campaign_group_member_criteria_cultures>
<campaign_group_member_criteria_cultures record_uuid="{329d7b7b-2ccc-4c01-9399-7a3f2854d892}" record_timestamp="1440156666291" record_key="wh_captive_option_enslave_dwarfs">
<culture>wh_main_dwf_dwarfs</culture>
<member>wh_captive_option_enslave_dwarfs</member>
</campaign_group_member_criteria_cultures>
<campaign_group_member_criteria_cultures record_uuid="{ed46ba77-2b76-4a82-819b-d32cb62448a2}" record_timestamp="1444293095474" record_key="wh_captive_option_enslave_humans_brt">
<culture>wh_main_brt_bretonnia</culture>
<member>wh_captive_option_enslave_humans_brt</member>
</campaign_group_member_criteria_cultures>
<campaign_group_member_criteria_cultures record_uuid="{6a9f28ad-729f-4c3a-92f3-6fd2252ceb77}" record_timestamp="1444293095100" record_key="wh_captive_option_enslave_humans_emp">
<culture>wh_main_emp_empire</culture>
<member>wh_captive_option_enslave_humans_emp</member>
</campaign_group_member_criteria_cultures>
<campaign_group_member_criteria_cultures record_uuid="{c6524da3-0e8e-43b2-b773-dc4507048dae}" record_timestamp="1468500674814" record_key="wh_dlc03_event_feed_agent_action_all_failure_critical_hinder_army_beastmen">
<culture>wh_dlc03_bst_beastmen</culture>
<member>wh_dlc03_event_feed_agent_action_all_failure_critical_hinder_army_beastmen</member>
</campaign_group_member_criteria_cultures>
<campaign_group_member_criteria_cultures record_uuid="{816c760e-1657-48cb-b02c-ce6e27a6c667}" record_timestamp="1468500674852" record_key="wh_dlc03_event_feed_agent_action_all_failure_critical_hinder_character_beastmen">
<culture>wh_dlc03_bst_beastmen</culture>
<member>wh_dlc03_event_feed_agent_action_all_failure_critical_hinder_character_beastmen</member>
</campaign_group_member_criteria_cultures>
<campaign_group_member_criteria_cultures record_uuid="{2bde818d-ef14-4e4e-8148-538a99324efb}" record_timestamp="1468500674811" record_key="wh_dlc03_event_feed_agent_action_all_failure_critical_hinder_province_beastmen">
<culture>wh_dlc03_bst_beastmen</culture>
<member>wh_dlc03_event_feed_agent_action_all_failure_critical_hinder_province_beastmen</member>
</campaign_group_member_criteria_cultures>
<campaign_group_member_criteria_cultures record_uuid="{1d91aa61-e51e-43ce-b10e-0eeb5fcc166d}" record_timestamp="1468500674813" record_key="wh_dlc03_event_feed_agent_action_all_failure_hinder_army_beastmen">
<culture>wh_dlc03_bst_beastmen</culture>
<member>wh_dlc03_event_feed_agent_action_all_failure_hinder_army_beastmen</member>
</campaign_group_member_criteria_cultures>
<campaign_group_member_criteria_cultures record_uuid="{a71cc2a6-a772-4d38-b029-62a121716239}" record_timestamp="1468500674808" record_key="wh_dlc03_event_feed_agent_action_all_failure_hinder_character_beastmen">
<culture>wh_dlc03_bst_beastmen</culture>
<member>wh_dlc03_event_feed_agent_action_all_failure_hinder_character_beastmen</member>
</campaign_group_member_criteria_cultures>
<campaign_group_member_criteria_cultures record_uuid="{09a1f448-6147-4cdc-bb2a-f4521390a1dd}" record_timestamp="1468500674809" record_key="wh_dlc03_event_feed_agent_action_all_failure_hinder_province_beastmen">
<culture>wh_dlc03_bst_beastmen</culture>
<member>wh_dlc03_event_feed_agent_action_all_failure_hinder_province_beastmen</member>
</campaign_group_member_criteria_cultures>
<campaign_group_member_criteria_cultures record_uuid="{8083c980-9e5a-435b-946b-8c006798f7c4}" record_timestamp="1468500674737" record_key="wh_dlc03_event_feed_agent_action_all_hinder_character_beastmen">
<culture>wh_dlc03_bst_beastmen</culture>
<member>wh_dlc03_event_feed_agent_action_all_hinder_character_beastmen</member>
</campaign_group_member_criteria_cultures>
<campaign_group_member_criteria_cultures record_uuid="{1f50da15-a8f2-4b61-abfc-f7bbbc7b6036}" record_timestamp="1468500674794" record_key="wh_dlc03_event_feed_agent_action_all_opportune_failure_hinder_army_beastmen">
<culture>wh_dlc03_bst_beastmen</culture>
<member>wh_dlc03_event_feed_agent_action_all_opportune_failure_hinder_army_beastmen</member>
</campaign_group_member_criteria_cultures>
<campaign_group_member_criteria_cultures record_uuid="{0b42958e-6b52-48a2-97e8-02b85a6bbc53}" record_timestamp="1468500674734" record_key="wh_dlc03_event_feed_agent_action_all_opportune_failure_hinder_character_beastmen">
<culture>wh_dlc03_bst_beastmen</culture>
<member>wh_dlc03_event_feed_agent_action_all_opportune_failure_hinder_character_beastmen</member>
</campaign_group_member_criteria_cultures>
<campaign_group_member_criteria_cultures record_uuid="{22b767bd-0ab9-4bbe-8dfc-922731447d18}" record_timestamp="1468500674735" record_key="wh_dlc03_event_feed_agent_action_all_opportune_failure_hinder_province_beastmen">
<culture>wh_dlc03_bst_beastmen</culture>
<member>wh_dlc03_event_feed_agent_action_all_opportune_failure_hinder_province_beastmen</member>
</campaign_group_member_criteria_cultures>
<campaign_group_member_criteria_cultures record_uuid="{8bc5d6f3-88a2-4b8b-af05-9a13944ecabe}" record_timestamp="1468500674731" record_key="wh_dlc03_event_feed_agent_action_all_success_critical_hinder_character_beastmen">
<culture>wh_dlc03_bst_beastmen</culture>
<member>wh_dlc03_event_feed_agent_action_all_success_critical_hinder_character_beastmen</member>
</campaign_group_member_criteria_cultures>
<campaign_group_member_criteria_cultures record_uuid="{2f9ba6aa-ab93-4f64-9215-acd68e192697}" record_timestamp="1468500674732" record_key="wh_dlc03_event_feed_agent_action_champion_hinder_army_beastmen">
<culture>wh_dlc03_bst_beastmen</culture>
<member>wh_dlc03_event_feed_agent_action_champion_hinder_army_beastmen</member>
</campaign_group_member_criteria_cultures>
<campaign_group_member_criteria_cultures record_uuid="{adb4f274-304c-42ce-acd3-fd34ef94a79a}" record_timestamp="1468500674727" record_key="wh_dlc03_event_feed_agent_action_champion_hinder_settlement_beastmen">
<culture>wh_dlc03_bst_beastmen</culture>
<member>wh_dlc03_event_feed_agent_action_champion_hinder_settlement_beastmen</member>
</campaign_group_member_criteria_cultures>
<campaign_group_member_criteria_cultures record_uuid="{0458abe4-af96-4e02-9f60-45822caf756b}" record_timestamp="1468500674729" record_key="wh_dlc03_event_feed_agent_action_champion_hinder_settlement_horde_beastmen">
<culture>wh_dlc03_bst_beastmen</culture>
<member>wh_dlc03_event_feed_agent_action_champion_hinder_settlement_horde_beastmen</member>
</campaign_group_member_criteria_cultures>
<campaign_group_member_criteria_cultures record_uuid="{47f64cf4-3dfb-4b22-a1d9-3b50a4b5c344}" record_timestamp="1468500674724" record_key="wh_dlc03_event_feed_agent_action_dignitary_hinder_army_beastmen">
<culture>wh_dlc03_bst_beastmen</culture>
<member>wh_dlc03_event_feed_agent_action_dignitary_hinder_army_beastmen</member>
</campaign_group_member_criteria_cultures>
<campaign_group_member_criteria_cultures record_uuid="{2b56fcdd-57a6-426e-937f-cb18d5914f08}" record_timestamp="1468500674726" record_key="wh_dlc03_event_feed_agent_action_dignitary_hinder_settlement_beastmen">
<culture>wh_dlc03_bst_beastmen</culture>
<member>wh_dlc03_event_feed_agent_action_dignitary_hinder_settlement_beastmen</member>
</campaign_group_member_criteria_cultures>
<campaign_group_member_criteria_cultures record_uuid="{2477fc17-74e9-4cd4-bb8c-f43365979cff}" record_timestamp="1468500674721" record_key="wh_dlc03_event_feed_agent_action_engineer_hinder_army_beastmen">
<culture>wh_dlc03_bst_beastmen</culture>
<member>wh_dlc03_event_feed_agent_action_engineer_hinder_army_beastmen</member>
</campaign_group_member_criteria_cultures>
<campaign_group_member_criteria_cultures record_uuid="{df4b2f5d-4b86-48de-8b06-d3b13deb0c77}" record_timestamp="1468500674723" record_key="wh_dlc03_event_feed_agent_action_engineer_hinder_settlement_beastmen">
<culture>wh_dlc03_bst_beastmen</culture>
<member>wh_dlc03_event_feed_agent_action_engineer_hinder_settlement_beastmen</member>
</campaign_group_member_criteria_cultures>
<campaign_group_member_criteria_cultures record_uuid="{d65e5b86-42d2-4384-9bbb-01880ed7c554}" record_timestamp="1468500674713" record_key="wh_dlc03_event_feed_agent_action_runesmith_hinder_army_beastmen">
<culture>wh_dlc03_bst_beastmen</culture>
<member>wh_dlc03_event_feed_agent_action_runesmith_hinder_army_beastmen</member>
</campaign_group_member_criteria_cultures>
<campaign_group_member_criteria_cultures record_uuid="{28366bda-babb-400b-b98d-d321abbf04c7}" record_timestamp="1468500674716" record_key="wh_dlc03_event_feed_agent_action_runesmith_hinder_settlement_beastmen">
<culture>wh_dlc03_bst_beastmen</culture>
<member>wh_dlc03_event_feed_agent_action_runesmith_hinder_settlement_beastmen</member>
</campaign_group_member_criteria_cultures>
<campaign_group_member_criteria_cultures record_uuid="{fb151708-3a17-44d3-8117-c62269f65a48}" record_timestamp="1468500674705" record_key="wh_dlc03_event_feed_agent_action_spy_hinder_army_beastmen">
<culture>wh_dlc03_bst_beastmen</culture>
<member>wh_dlc03_event_feed_agent_action_spy_hinder_army_beastmen</member>
</campaign_group_member_criteria_cultures>
<campaign_group_member_criteria_cultures record_uuid="{823cb2fb-58d9-48ac-9cbe-b5a51bc671e1}" record_timestamp="1468500674711" record_key="wh_dlc03_event_feed_agent_action_spy_hinder_settlement_beastmen">
<culture>wh_dlc03_bst_beastmen</culture>
<member>wh_dlc03_event_feed_agent_action_spy_hinder_settlement_beastmen</member>
</campaign_group_member_criteria_cultures>
<campaign_group_member_criteria_cultures record_uuid="{91f9d327-5820-48d8-98fb-c6bce222382b}" record_timestamp="1468500674688" record_key="wh_dlc03_event_feed_agent_action_wizard_hinder_army_beastmen">
<culture>wh_dlc03_bst_beastmen</culture>
<member>wh_dlc03_event_feed_agent_action_wizard_hinder_army_beastmen</member>
</campaign_group_member_criteria_cultures>
<campaign_group_member_criteria_cultures record_uuid="{6a0716eb-e6cc-4d1f-b38a-15d987a62398}" record_timestamp="1468500674690" record_key="wh_dlc03_event_feed_agent_action_wizard_hinder_settlement_beastmen">
<culture>wh_dlc03_bst_beastmen</culture>
<member>wh_dlc03_event_feed_agent_action_wizard_hinder_settlement_beastmen</member>
</campaign_group_member_criteria_cultures>
<campaign_group_member_criteria_cultures record_uuid="{85b4629d-9d88-4ce8-ac8d-0d73c135489f}" record_timestamp="1468500674676" record_key="wh_dlc03_event_feed_agent_action_wizard_hinder_settlement_horde_beastmen">
<culture>wh_dlc03_bst_beastmen</culture>
<member>wh_dlc03_event_feed_agent_action_wizard_hinder_settlement_horde_beastmen</member>
</campaign_group_member_criteria_cultures>
<campaign_group_member_criteria_cultures record_uuid="{66b2a85e-d013-49ec-b90a-9ead9ddfa5e4}" record_timestamp="1466070391008" record_key="wh_dlc03_event_feed_cult_beastmen_attrition_low_morale">
<culture>wh_dlc03_bst_beastmen</culture>
<member>wh_dlc03_event_feed_cult_beastmen_attrition_low_morale</member>
</campaign_group_member_criteria_cultures>
<campaign_group_member_criteria_cultures record_uuid="{797c6e4c-7c45-4fe6-aec3-2f1e0d275fbb}" record_timestamp="1466070391000" record_key="wh_dlc03_event_feed_cult_beastmen_attrition_very_low_morale">
<culture>wh_dlc03_bst_beastmen</culture>
<member>wh_dlc03_event_feed_cult_beastmen_attrition_very_low_morale</member>
</campaign_group_member_criteria_cultures>
<campaign_group_member_criteria_cultures record_uuid="{899abb3f-1856-4c8c-9458-e7e5b8b49028}" record_timestamp="1453398066573" record_key="wh_dlc03_settlement_abandonment_beastmen">
<culture>wh_dlc03_bst_beastmen</culture>
<member>wh_dlc03_settlement_abandonment_beastmen</member>
</campaign_group_member_criteria_cultures>
<campaign_group_member_criteria_cultures record_uuid="{b347cd42-1158-4211-b0e7-08bfb322248c}" record_timestamp="1443601176558" record_key="wh_event_feed_agent_action_all_failure_critical_hinder_army_chaos">
<culture>wh_main_chs_chaos</culture>
<member>wh_event_feed_agent_action_all_failure_critical_hinder_army_chaos</member>
</campaign_group_member_criteria_cultures>
<campaign_group_member_criteria_cultures record_uuid="{81fb59f5-4311-4b97-8073-a71fb98412b5}" record_timestamp="1443601175778" record_key="wh_event_feed_agent_action_all_failure_critical_hinder_army_dwarfs">
<culture>wh_main_dwf_dwarfs</culture>
<member>wh_event_feed_agent_action_all_failure_critical_hinder_army_dwarfs</member>
</campaign_group_member_criteria_cultures>
<campaign_group_member_criteria_cultures record_uuid="{3cb8aae3-a559-4d48-977e-ed8b0a9fc7ea}" record_timestamp="1443600999782" record_key="wh_event_feed_agent_action_all_failure_critical_hinder_army_empire">
<culture>wh_main_emp_empire</culture>
<member>wh_event_feed_agent_action_all_failure_critical_hinder_army_empire</member>
</campaign_group_member_criteria_cultures>
<campaign_group_member_criteria_cultures record_uuid="{ca594e95-7651-47ed-bbea-59274c62276a}" record_timestamp="1443601179008" record_key="wh_event_feed_agent_action_all_failure_critical_hinder_army_greenskins">
<culture>wh_main_grn_greenskins</culture>
<member>wh_event_feed_agent_action_all_failure_critical_hinder_army_greenskins</member>
</campaign_group_member_criteria_cultures>
<campaign_group_member_criteria_cultures record_uuid="{e398636a-af20-457f-b51a-119c3a4debda}" record_timestamp="1443601177432" record_key="wh_event_feed_agent_action_all_failure_critical_hinder_army_vampire_counts">
<culture>wh_main_vmp_vampire_counts</culture>
<member>wh_event_feed_agent_action_all_failure_critical_hinder_army_vampire_counts</member>
</campaign_group_member_criteria_cultures>
<campaign_group_member_criteria_cultures record_uuid="{54380724-704b-4034-8359-ff04e9e416ff}" record_timestamp="1443601176621" record_key="wh_event_feed_agent_action_all_failure_critical_hinder_character_chaos">
<culture>wh_main_chs_chaos</culture>
<member>wh_event_feed_agent_action_all_failure_critical_hinder_character_chaos</member>
</campaign_group_member_criteria_cultures>
<campaign_group_member_criteria_cultures record_uuid="{5bfeef27-00e1-4c9c-a80e-a16deacfec44}" record_timestamp="1443601175856" record_key="wh_event_feed_agent_action_all_failure_critical_hinder_character_dwarfs">
<culture>wh_main_dwf_dwarfs</culture>
<member>wh_event_feed_agent_action_all_failure_critical_hinder_character_dwarfs</member>
</campaign_group_member_criteria_cultures>
<campaign_group_member_criteria_cultures record_uuid="{45ecae1c-e340-4f85-923c-8db2e28e961c}" record_timestamp="1443600999813" record_key="wh_event_feed_agent_action_all_failure_critical_hinder_character_empire">
<culture>wh_main_emp_empire</culture>
<member>wh_event_feed_agent_action_all_failure_critical_hinder_character_empire</member>
</campaign_group_member_criteria_cultures>
<campaign_group_member_criteria_cultures record_uuid="{d07abfb6-2f26-4fcf-98cb-ae7c219de3a1}" record_timestamp="1443601178758" record_key="wh_event_feed_agent_action_all_failure_critical_hinder_character_greenskins">
<culture>wh_main_grn_greenskins</culture>
<member>wh_event_feed_agent_action_all_failure_critical_hinder_character_greenskins</member>
</campaign_group_member_criteria_cultures>
<campaign_group_member_criteria_cultures record_uuid="{0c937d78-003a-46df-9b56-885a6bfcfda1}" record_timestamp="1443601174967" record_key="wh_event_feed_agent_action_all_failure_critical_hinder_character_vampire_counts">
<culture>wh_main_vmp_vampire_counts</culture>
<member>wh_event_feed_agent_action_all_failure_critical_hinder_character_vampire_counts</member>
</campaign_group_member_criteria_cultures>
<campaign_group_member_criteria_cultures record_uuid="{0e63a583-47f9-45f7-b761-dd3bc32dd3b9}" record_timestamp="1443601176683" record_key="wh_event_feed_agent_action_all_failure_critical_hinder_province_chaos">
<culture>wh_main_chs_chaos</culture>
<member>wh_event_feed_agent_action_all_failure_critical_hinder_province_chaos</member>
</campaign_group_member_criteria_cultures>
<campaign_group_member_criteria_cultures record_uuid="{c857cc72-6fcf-4faf-a3d7-c02d0be21863}" record_timestamp="1443601175919" record_key="wh_event_feed_agent_action_all_failure_critical_hinder_province_dwarfs">
<culture>wh_main_dwf_dwarfs</culture>
<member>wh_event_feed_agent_action_all_failure_critical_hinder_province_dwarfs</member>
</campaign_group_member_criteria_cultures>
<campaign_group_member_criteria_cultures record_uuid="{7b9cf8d6-bfcb-4ce3-93fb-089bffa6a8f2}" record_timestamp="1443600999845" record_key="wh_event_feed_agent_action_all_failure_critical_hinder_province_empire">
<culture>wh_main_emp_empire</culture>
<member>wh_event_feed_agent_action_all_failure_critical_hinder_province_empire</member>
</campaign_group_member_criteria_cultures>
<campaign_group_member_criteria_cultures record_uuid="{61b7c56b-eae2-4040-b7a3-5a5ff5529fe5}" record_timestamp="1443601178820" record_key="wh_event_feed_agent_action_all_failure_critical_hinder_province_greenskins">
<culture>wh_main_grn_greenskins</culture>
<member>wh_event_feed_agent_action_all_failure_critical_hinder_province_greenskins</member>
</campaign_group_member_criteria_cultures>
<campaign_group_member_criteria_cultures record_uuid="{60d7c84e-2c4c-4054-98ce-4db290369d11}" record_timestamp="1443601175030" record_key="wh_event_feed_agent_action_all_failure_critical_hinder_province_vampire_counts">
<culture>wh_main_vmp_vampire_counts</culture>
<member>wh_event_feed_agent_action_all_failure_critical_hinder_province_vampire_counts</member>
</campaign_group_member_criteria_cultures>
<campaign_group_member_criteria_cultures record_uuid="{35fcde16-e595-49cf-8e29-6c3d9e3edaca}" record_timestamp="1443601176231" record_key="wh_event_feed_agent_action_all_failure_hinder_army_chaos">
<culture>wh_main_chs_chaos</culture>
<member>wh_event_feed_agent_action_all_failure_hinder_army_chaos</member>
</campaign_group_member_criteria_cultures>
<campaign_group_member_criteria_cultures record_uuid="{5dc8f1d6-6d12-4aff-bdb4-03c282df2f05}" record_timestamp="1443601175466" record_key="wh_event_feed_agent_action_all_failure_hinder_army_dwarfs">
<culture>wh_main_dwf_dwarfs</culture>
<member>wh_event_feed_agent_action_all_failure_hinder_army_dwarfs</member>
</campaign_group_member_criteria_cultures>
<campaign_group_member_criteria_cultures record_uuid="{f1c5d970-0bcf-44c9-98c4-8d1fbfc17231}" record_timestamp="1443601000203" record_key="wh_event_feed_agent_action_all_failure_hinder_army_empire">
<culture>wh_main_emp_empire</culture>
<member>wh_event_feed_agent_action_all_failure_hinder_army_empire</member>
</campaign_group_member_criteria_cultures>
<campaign_group_member_criteria_cultures record_uuid="{8bf926e4-48e9-45b2-b3cb-58d690583e59}" record_timestamp="1443601178883" record_key="wh_event_feed_agent_action_all_failure_hinder_army_greenskins">
<culture>wh_main_grn_greenskins</culture>
<member>wh_event_feed_agent_action_all_failure_hinder_army_greenskins</member>
</campaign_group_member_criteria_cultures>
<campaign_group_member_criteria_cultures record_uuid="{f30f7ed2-f8f5-454e-8299-91168afd8e9d}" record_timestamp="1443601175092" record_key="wh_event_feed_agent_action_all_failure_hinder_army_vampire_counts">
<culture>wh_main_vmp_vampire_counts</culture>
<member>wh_event_feed_agent_action_all_failure_hinder_army_vampire_counts</member>
</campaign_group_member_criteria_cultures>
<campaign_group_member_criteria_cultures record_uuid="{4ffdf935-957b-4496-9f86-8245a1174e2e}" record_timestamp="1443601176293" record_key="wh_event_feed_agent_action_all_failure_hinder_character_chaos">
<culture>wh_main_chs_chaos</culture>
<member>wh_event_feed_agent_action_all_failure_hinder_character_chaos</member>
</campaign_group_member_criteria_cultures>
<campaign_group_member_criteria_cultures record_uuid="{b589d1df-3d94-4123-ab65-1c8a655a9569}" record_timestamp="1443601175529" record_key="wh_event_feed_agent_action_all_failure_hinder_character_dwarfs">
<culture>wh_main_dwf_dwarfs</culture>
<member>wh_event_feed_agent_action_all_failure_hinder_character_dwarfs</member>
</campaign_group_member_criteria_cultures>
<campaign_group_member_criteria_cultures record_uuid="{5ec90e82-bf1a-45db-a936-1e255c33d547}" record_timestamp="1443601000235" record_key="wh_event_feed_agent_action_all_failure_hinder_character_empire">
<culture>wh_main_emp_empire</culture>
<member>wh_event_feed_agent_action_all_failure_hinder_character_empire</member>
</campaign_group_member_criteria_cultures>
<campaign_group_member_criteria_cultures record_uuid="{a96d3077-8af0-4674-a7c4-21d748a0a832}" record_timestamp="1443601178945" record_key="wh_event_feed_agent_action_all_failure_hinder_character_greenskins">
<culture>wh_main_grn_greenskins</culture>
<member>wh_event_feed_agent_action_all_failure_hinder_character_greenskins</member>
</campaign_group_member_criteria_cultures>
<campaign_group_member_criteria_cultures record_uuid="{2b1d4fd3-2355-4e90-ab07-ba191342ab48}" record_timestamp="1443601175154" record_key="wh_event_feed_agent_action_all_failure_hinder_character_vampire_counts">
<culture>wh_main_vmp_vampire_counts</culture>
<member>wh_event_feed_agent_action_all_failure_hinder_character_vampire_counts</member>
</campaign_group_member_criteria_cultures>
<campaign_group_member_criteria_cultures record_uuid="{7e027d02-548b-41d7-8cd3-df51c17fc5a5}" record_timestamp="1443601176356" record_key="wh_event_feed_agent_action_all_failure_hinder_province_chaos">
<culture>wh_main_chs_chaos</culture>
<member>wh_event_feed_agent_action_all_failure_hinder_province_chaos</member>
</campaign_group_member_criteria_cultures>
<campaign_group_member_criteria_cultures record_uuid="{d24daa96-71f3-47bd-a856-00ec2720cc65}" record_timestamp="1443601175591" record_key="wh_event_feed_agent_action_all_failure_hinder_province_dwarfs">
<culture>wh_main_dwf_dwarfs</culture>
<member>wh_event_feed_agent_action_all_failure_hinder_province_dwarfs</member>
</campaign_group_member_criteria_cultures>
<campaign_group_member_criteria_cultures record_uuid="{cc063433-cf53-4e2d-b114-fabc7dc83667}" record_timestamp="1443601000266" record_key="wh_event_feed_agent_action_all_failure_hinder_province_empire">
<culture>wh_main_emp_empire</culture>
<member>wh_event_feed_agent_action_all_failure_hinder_province_empire</member>
</campaign_group_member_criteria_cultures>
<campaign_group_member_criteria_cultures record_uuid="{d9821507-c2d2-4bf2-9c00-2e43734e35f5}" record_timestamp="1443601178508" record_key="wh_event_feed_agent_action_all_failure_hinder_province_greenskins">
<culture>wh_main_grn_greenskins</culture>
<member>wh_event_feed_agent_action_all_failure_hinder_province_greenskins</member>
</campaign_group_member_criteria_cultures>
<campaign_group_member_criteria_cultures record_uuid="{7a4a5c4a-b0d1-458e-a64f-ba2dd48ed270}" record_timestamp="1443601174718" record_key="wh_event_feed_agent_action_all_failure_hinder_province_vampire_counts">
<culture>wh_main_vmp_vampire_counts</culture>
<member>wh_event_feed_agent_action_all_failure_hinder_province_vampire_counts</member>
</campaign_group_member_criteria_cultures>
<campaign_group_member_criteria_cultures record_uuid="{2dd2c3a6-f790-4b5e-8c86-b4b341aa21d3}" record_timestamp="1443601176418" record_key="wh_event_feed_agent_action_all_hinder_character_chaos">
<culture>wh_main_chs_chaos</culture>
<member>wh_event_feed_agent_action_all_hinder_character_chaos</member>
</campaign_group_member_criteria_cultures>
<campaign_group_member_criteria_cultures record_uuid="{38e4063a-9d73-45ac-94fd-f986d8b8d280}" record_timestamp="1443601175654" record_key="wh_event_feed_agent_action_all_hinder_character_dwarfs">
<culture>wh_main_dwf_dwarfs</culture>
<member>wh_event_feed_agent_action_all_hinder_character_dwarfs</member>
</campaign_group_member_criteria_cultures>
<campaign_group_member_criteria_cultures record_uuid="{69d83433-25d0-4926-8096-572b6e44f6de}" record_timestamp="1443601000297" record_key="wh_event_feed_agent_action_all_hinder_character_empire">
<culture>wh_main_emp_empire</culture>
<member>wh_event_feed_agent_action_all_hinder_character_empire</member>
</campaign_group_member_criteria_cultures>
<campaign_group_member_criteria_cultures record_uuid="{2fa83729-c815-47d0-acf4-ba444b723403}" record_timestamp="1443601178571" record_key="wh_event_feed_agent_action_all_hinder_character_greenskins">
<culture>wh_main_grn_greenskins</culture>
<member>wh_event_feed_agent_action_all_hinder_character_greenskins</member>
</campaign_group_member_criteria_cultures>
<campaign_group_member_criteria_cultures record_uuid="{1aabf026-0050-4cc2-9b7c-c6c0fcd37f49}" record_timestamp="1443601174780" record_key="wh_event_feed_agent_action_all_hinder_character_vampire_counts">
<culture>wh_main_vmp_vampire_counts</culture>
<member>wh_event_feed_agent_action_all_hinder_character_vampire_counts</member>
</campaign_group_member_criteria_cultures>
<campaign_group_member_criteria_cultures record_uuid="{68159fab-efaa-464b-9b4e-f040adec79cd}" record_timestamp="1443601177994" record_key="wh_event_feed_agent_action_all_opportune_failure_hinder_army_chaos">
<culture>wh_main_chs_chaos</culture>
<member>wh_event_feed_agent_action_all_opportune_failure_hinder_army_chaos</member>
</campaign_group_member_criteria_cultures>
<campaign_group_member_criteria_cultures record_uuid="{9a9dea98-27bf-4750-acc8-663f6a883c14}" record_timestamp="1443601175217" record_key="wh_event_feed_agent_action_all_opportune_failure_hinder_army_dwarfs">
<culture>wh_main_dwf_dwarfs</culture>
<member>wh_event_feed_agent_action_all_opportune_failure_hinder_army_dwarfs</member>
</campaign_group_member_criteria_cultures>
<campaign_group_member_criteria_cultures record_uuid="{e7211149-1b48-4d12-9473-7460c5c3869e}" record_timestamp="1443601000094" record_key="wh_event_feed_agent_action_all_opportune_failure_hinder_army_empire">
<culture>wh_main_emp_empire</culture>
<member>wh_event_feed_agent_action_all_opportune_failure_hinder_army_empire</member>
</campaign_group_member_criteria_cultures>
<campaign_group_member_criteria_cultures record_uuid="{1527ba16-68ae-4d96-9bae-846a9160cea9}" record_timestamp="1443601178633" record_key="wh_event_feed_agent_action_all_opportune_failure_hinder_army_greenskins">
<culture>wh_main_grn_greenskins</culture>
<member>wh_event_feed_agent_action_all_opportune_failure_hinder_army_greenskins</member>
</campaign_group_member_criteria_cultures>
<campaign_group_member_criteria_cultures record_uuid="{225d0c02-0e4e-4cf5-aae7-4fd20912e0df}" record_timestamp="1443601174842" record_key="wh_event_feed_agent_action_all_opportune_failure_hinder_army_vampire_counts">
<culture>wh_main_vmp_vampire_counts</culture>
<member>wh_event_feed_agent_action_all_opportune_failure_hinder_army_vampire_counts</member>
</campaign_group_member_criteria_cultures>
<campaign_group_member_criteria_cultures record_uuid="{abf7f614-1c64-4ff9-8e3a-f8531c958c2d}" record_timestamp="1443601178072" record_key="wh_event_feed_agent_action_all_opportune_failure_hinder_character_chaos">
<culture>wh_main_chs_chaos</culture>
<member>wh_event_feed_agent_action_all_opportune_failure_hinder_character_chaos</member>
</campaign_group_member_criteria_cultures>
<campaign_group_member_criteria_cultures record_uuid="{0e0137fd-0ae2-40ed-999c-4ac7f926287e}" record_timestamp="1443601175279" record_key="wh_event_feed_agent_action_all_opportune_failure_hinder_character_dwarfs">
<culture>wh_main_dwf_dwarfs</culture>
<member>wh_event_feed_agent_action_all_opportune_failure_hinder_character_dwarfs</member>
</campaign_group_member_criteria_cultures>
<campaign_group_member_criteria_cultures record_uuid="{fc06a557-d869-424a-ad12-f03b99715729}" record_timestamp="1443601000125" record_key="wh_event_feed_agent_action_all_opportune_failure_hinder_character_empire">
<culture>wh_main_emp_empire</culture>
<member>wh_event_feed_agent_action_all_opportune_failure_hinder_character_empire</member>
</campaign_group_member_criteria_cultures>
<campaign_group_member_criteria_cultures record_uuid="{2d2a24ac-3b85-48b3-a6ef-bfe60ac05a48}" record_timestamp="1443601178696" record_key="wh_event_feed_agent_action_all_opportune_failure_hinder_character_greenskins">
<culture>wh_main_grn_greenskins</culture>
<member>wh_event_feed_agent_action_all_opportune_failure_hinder_character_greenskins</member>
</campaign_group_member_criteria_cultures>
<campaign_group_member_criteria_cultures record_uuid="{930988e9-087c-40c6-9713-0c7f6ba697f1}" record_timestamp="1443601174905" record_key="wh_event_feed_agent_action_all_opportune_failure_hinder_character_vampire_counts">
<culture>wh_main_vmp_vampire_counts</culture>
<member>wh_event_feed_agent_action_all_opportune_failure_hinder_character_vampire_counts</member>
</campaign_group_member_criteria_cultures>
<campaign_group_member_criteria_cultures record_uuid="{954a615a-444b-4b92-8866-520673eabc69}" record_timestamp="1443601178134" record_key="wh_event_feed_agent_action_all_opportune_failure_hinder_province_chaos">
<culture>wh_main_chs_chaos</culture>
<member>wh_event_feed_agent_action_all_opportune_failure_hinder_province_chaos</member>
</campaign_group_member_criteria_cultures>
<campaign_group_member_criteria_cultures record_uuid="{5d542829-fcbf-4616-af9e-8f1b0a1ff077}" record_timestamp="1443601175342" record_key="wh_event_feed_agent_action_all_opportune_failure_hinder_province_dwarfs">
<culture>wh_main_dwf_dwarfs</culture>
<member>wh_event_feed_agent_action_all_opportune_failure_hinder_province_dwarfs</member>
</campaign_group_member_criteria_cultures>
<campaign_group_member_criteria_cultures record_uuid="{7c25360d-20df-49d0-83d9-cca93e780f0c}" record_timestamp="1443601000157" record_key="wh_event_feed_agent_action_all_opportune_failure_hinder_province_empire">
<culture>wh_main_emp_empire</culture>
<member>wh_event_feed_agent_action_all_opportune_failure_hinder_province_empire</member>
</campaign_group_member_criteria_cultures>
<campaign_group_member_criteria_cultures record_uuid="{864280ae-82be-4073-be65-27e0b49008ae}" record_timestamp="1443601178259" record_key="wh_event_feed_agent_action_all_opportune_failure_hinder_province_greenskins">
<culture>wh_main_grn_greenskins</culture>
<member>wh_event_feed_agent_action_all_opportune_failure_hinder_province_greenskins</member>
</campaign_group_member_criteria_cultures>
<campaign_group_member_criteria_cultures record_uuid="{f3ef2b1e-d205-4b78-9c9b-70becbcc0e4b}" record_timestamp="1443601174468" record_key="wh_event_feed_agent_action_all_opportune_failure_hinder_province_vampire_counts">
<culture>wh_main_vmp_vampire_counts</culture>
<member>wh_event_feed_agent_action_all_opportune_failure_hinder_province_vampire_counts</member>
</campaign_group_member_criteria_cultures>
<campaign_group_member_criteria_cultures record_uuid="{56145757-172e-4702-b464-1b955d90eccd}" record_timestamp="1452179578190" record_key="wh_event_feed_agent_action_all_success_critical_hinder_character_chaos">
<culture>wh_main_chs_chaos</culture>
<member>wh_event_feed_agent_action_all_success_critical_hinder_character_chaos</member>
</campaign_group_member_criteria_cultures>
<campaign_group_member_criteria_cultures record_uuid="{fef5000f-eaf6-498e-8331-2cac4557c1a1}" record_timestamp="1452179578250" record_key="wh_event_feed_agent_action_all_success_critical_hinder_character_dwarfs">
<culture>wh_main_dwf_dwarfs</culture>
<member>wh_event_feed_agent_action_all_success_critical_hinder_character_dwarfs</member>
</campaign_group_member_criteria_cultures>
<campaign_group_member_criteria_cultures record_uuid="{6b808df5-0d3d-454c-a3e6-42492e1e68f3}" record_timestamp="1452179578220" record_key="wh_event_feed_agent_action_all_success_critical_hinder_character_empire">
<culture>wh_main_emp_empire</culture>
<member>wh_event_feed_agent_action_all_success_critical_hinder_character_empire</member>
</campaign_group_member_criteria_cultures>
<campaign_group_member_criteria_cultures record_uuid="{4aec369f-197c-4f60-9886-0fd339f4e8a9}" record_timestamp="1452179578270" record_key="wh_event_feed_agent_action_all_success_critical_hinder_character_greenskins">
<culture>wh_main_grn_greenskins</culture>
<member>wh_event_feed_agent_action_all_success_critical_hinder_character_greenskins</member>
</campaign_group_member_criteria_cultures>
<campaign_group_member_criteria_cultures record_uuid="{06b10380-b7c1-4b7f-8cf7-5ce855774140}" record_timestamp="1452179578300" record_key="wh_event_feed_agent_action_all_success_critical_hinder_character_vampire_counts">
<culture>wh_main_vmp_vampire_counts</culture>
<member>wh_event_feed_agent_action_all_success_critical_hinder_character_vampire_counts</member>
</campaign_group_member_criteria_cultures>
<campaign_group_member_criteria_cultures record_uuid="{6f2694c0-7cad-4978-af3e-013aaeaa147e}" record_timestamp="1443601178196" record_key="wh_event_feed_agent_action_champion_hinder_army_chaos">
<culture>wh_main_chs_chaos</culture>
<member>wh_event_feed_agent_action_champion_hinder_army_chaos</member>
</campaign_group_member_criteria_cultures>
<campaign_group_member_criteria_cultures record_uuid="{e208a88d-38f9-4c4f-8af1-2e44ddaa449b}" record_timestamp="1443601175404" record_key="wh_event_feed_agent_action_champion_hinder_army_dwarfs">
<culture>wh_main_dwf_dwarfs</culture>
<member>wh_event_feed_agent_action_champion_hinder_army_dwarfs</member>
</campaign_group_member_criteria_cultures>
<campaign_group_member_criteria_cultures record_uuid="{40ae15d6-2b36-43e4-bb0e-4c98a3b98ffd}" record_timestamp="1443601000172" record_key="wh_event_feed_agent_action_champion_hinder_army_empire">
<culture>wh_main_emp_empire</culture>
<member>wh_event_feed_agent_action_champion_hinder_army_empire</member>
</campaign_group_member_criteria_cultures>
<campaign_group_member_criteria_cultures record_uuid="{c8c8b6e9-85a4-4846-b793-66b1ce1bc5eb}" record_timestamp="1443601178321" record_key="wh_event_feed_agent_action_champion_hinder_army_greenskins">
<culture>wh_main_grn_greenskins</culture>
<member>wh_event_feed_agent_action_champion_hinder_army_greenskins</member>
</campaign_group_member_criteria_cultures>
<campaign_group_member_criteria_cultures record_uuid="{cd24330b-b8f3-4a1b-9537-1c13101ddec3}" record_timestamp="1443601174530" record_key="wh_event_feed_agent_action_champion_hinder_army_vampire_counts">
<culture>wh_main_vmp_vampire_counts</culture>
<member>wh_event_feed_agent_action_champion_hinder_army_vampire_counts</member>
</campaign_group_member_criteria_cultures>
<campaign_group_member_criteria_cultures record_uuid="{a4160a67-c89f-4e8f-ae79-3fab9016f2ed}" record_timestamp="1443601177744" record_key="wh_event_feed_agent_action_champion_hinder_settlement_chaos">
<culture>wh_main_chs_chaos</culture>
<member>wh_event_feed_agent_action_champion_hinder_settlement_chaos</member>
</campaign_group_member_criteria_cultures>
<campaign_group_member_criteria_cultures record_uuid="{42b71f29-3f3a-43fe-8a8f-9465e530d7b0}" record_timestamp="1443601173953" record_key="wh_event_feed_agent_action_champion_hinder_settlement_dwarfs">
<culture>wh_main_dwf_dwarfs</culture>
<member>wh_event_feed_agent_action_champion_hinder_settlement_dwarfs</member>
</campaign_group_member_criteria_cultures>
<campaign_group_member_criteria_cultures record_uuid="{4cd6e88f-8ea6-4b03-9d3a-2023c4263c5b}" record_timestamp="1443600999985" record_key="wh_event_feed_agent_action_champion_hinder_settlement_empire">
<culture>wh_main_emp_empire</culture>
<member>wh_event_feed_agent_action_champion_hinder_settlement_empire</member>
</campaign_group_member_criteria_cultures>
<campaign_group_member_criteria_cultures record_uuid="{18b4e83e-e842-42c9-ada4-43ffb0a5eb4f}" record_timestamp="1443601178384" record_key="wh_event_feed_agent_action_champion_hinder_settlement_greenskins">
<culture>wh_main_grn_greenskins</culture>
<member>wh_event_feed_agent_action_champion_hinder_settlement_greenskins</member>
</campaign_group_member_criteria_cultures>
<campaign_group_member_criteria_cultures record_uuid="{a405949d-0a15-4636-9ad1-b02adb741c90}" record_timestamp="1450458317470" record_key="wh_event_feed_agent_action_champion_hinder_settlement_horde_chaos">
<culture>wh_main_chs_chaos</culture>
<member>wh_event_feed_agent_action_champion_hinder_settlement_horde_chaos</member>
</campaign_group_member_criteria_cultures>
<campaign_group_member_criteria_cultures record_uuid="{cd023102-d657-45b5-b96a-8830e0dfccfb}" record_timestamp="1450458317501" record_key="wh_event_feed_agent_action_champion_hinder_settlement_horde_dwarfs">
<culture>wh_main_dwf_dwarfs</culture>
<member>wh_event_feed_agent_action_champion_hinder_settlement_horde_dwarfs</member>
</campaign_group_member_criteria_cultures>
<campaign_group_member_criteria_cultures record_uuid="{96f0ffd5-4757-4df9-8adb-d797d12294ff}" record_timestamp="1450458317407" record_key="wh_event_feed_agent_action_champion_hinder_settlement_horde_empire">
<culture>wh_main_emp_empire</culture>
<member>wh_event_feed_agent_action_champion_hinder_settlement_horde_empire</member>
</campaign_group_member_criteria_cultures>
<campaign_group_member_criteria_cultures record_uuid="{55899959-84cd-4d04-bec9-9f08c6ff14d6}" record_timestamp="1450458317440" record_key="wh_event_feed_agent_action_champion_hinder_settlement_horde_greenskins">
<culture>wh_main_grn_greenskins</culture>
<member>wh_event_feed_agent_action_champion_hinder_settlement_horde_greenskins</member>
</campaign_group_member_criteria_cultures>
<campaign_group_member_criteria_cultures record_uuid="{d0cac408-a580-415e-86ee-7acd6dec4ebf}" record_timestamp="1450458317591" record_key="wh_event_feed_agent_action_champion_hinder_settlement_horde_vampire_counts">
<culture>wh_main_vmp_vampire_counts</culture>
<member>wh_event_feed_agent_action_champion_hinder_settlement_horde_vampire_counts</member>
</campaign_group_member_criteria_cultures>
<campaign_group_member_criteria_cultures record_uuid="{0678f007-49bd-47b3-a1a8-86d5967d4f15}" record_timestamp="1443601174593" record_key="wh_event_feed_agent_action_champion_hinder_settlement_vampire_counts">
<culture>wh_main_vmp_vampire_counts</culture>
<member>wh_event_feed_agent_action_champion_hinder_settlement_vampire_counts</member>
</campaign_group_member_criteria_cultures>
<campaign_group_member_criteria_cultures record_uuid="{b265895c-17bd-4771-bf5c-e7542d1ff5be}" record_timestamp="1443601177806" record_key="wh_event_feed_agent_action_dignitary_hinder_army_chaos">
<culture>wh_main_chs_chaos</culture>
<member>wh_event_feed_agent_action_dignitary_hinder_army_chaos</member>
</campaign_group_member_criteria_cultures>
<campaign_group_member_criteria_cultures record_uuid="{6f60de28-5549-440a-846d-aa4455adb089}" record_timestamp="1443601174016" record_key="wh_event_feed_agent_action_dignitary_hinder_army_dwarfs">
<culture>wh_main_dwf_dwarfs</culture>
<member>wh_event_feed_agent_action_dignitary_hinder_army_dwarfs</member>
</campaign_group_member_criteria_cultures>
<campaign_group_member_criteria_cultures record_uuid="{7137bbe6-24f6-4eed-891f-72a5f44d8ce4}" record_timestamp="1443601000016" record_key="wh_event_feed_agent_action_dignitary_hinder_army_empire">
<culture>wh_main_emp_empire</culture>
<member>wh_event_feed_agent_action_dignitary_hinder_army_empire</member>
</campaign_group_member_criteria_cultures>
<campaign_group_member_criteria_cultures record_uuid="{d8caeef2-bdb3-43b6-9803-080967a69225}" record_timestamp="1443601178446" record_key="wh_event_feed_agent_action_dignitary_hinder_army_greenskins">
<culture>wh_main_grn_greenskins</culture>
<member>wh_event_feed_agent_action_dignitary_hinder_army_greenskins</member>
</campaign_group_member_criteria_cultures>
<campaign_group_member_criteria_cultures record_uuid="{eba85e92-f10d-4e61-8775-ed9a610e2f5e}" record_timestamp="1443601174655" record_key="wh_event_feed_agent_action_dignitary_hinder_army_vampire_counts">
<culture>wh_main_vmp_vampire_counts</culture>
<member>wh_event_feed_agent_action_dignitary_hinder_army_vampire_counts</member>
</campaign_group_member_criteria_cultures>
<campaign_group_member_criteria_cultures record_uuid="{feea3c30-0dc5-4678-8c6e-f60ab96f5c3b}" record_timestamp="1443601177869" record_key="wh_event_feed_agent_action_dignitary_hinder_settlement_chaos">
<culture>wh_main_chs_chaos</culture>
<member>wh_event_feed_agent_action_dignitary_hinder_settlement_chaos</member>
</campaign_group_member_criteria_cultures>
<campaign_group_member_criteria_cultures record_uuid="{f618664c-9b09-47b2-8a78-78a378ad2fd5}" record_timestamp="1443601174078" record_key="wh_event_feed_agent_action_dignitary_hinder_settlement_dwarfs">
<culture>wh_main_dwf_dwarfs</culture>
<member>wh_event_feed_agent_action_dignitary_hinder_settlement_dwarfs</member>
</campaign_group_member_criteria_cultures>
<campaign_group_member_criteria_cultures record_uuid="{0751ee4b-5217-4d86-bc23-75a35d6c233f}" record_timestamp="1443601000032" record_key="wh_event_feed_agent_action_dignitary_hinder_settlement_empire">
<culture>wh_main_emp_empire</culture>
<member>wh_event_feed_agent_action_dignitary_hinder_settlement_empire</member>
</campaign_group_member_criteria_cultures>
<campaign_group_member_criteria_cultures record_uuid="{2015bfbe-7a85-4c9d-9fba-ea68aa5b8e4c}" record_timestamp="1443601176995" record_key="wh_event_feed_agent_action_dignitary_hinder_settlement_greenskins">
<culture>wh_main_grn_greenskins</culture>
<member>wh_event_feed_agent_action_dignitary_hinder_settlement_greenskins</member>
</campaign_group_member_criteria_cultures>
<campaign_group_member_criteria_cultures record_uuid="{cbff9dd6-40a1-49f9-8686-bfb7e130932e}" record_timestamp="1443601174203" record_key="wh_event_feed_agent_action_dignitary_hinder_settlement_vampire_counts">
<culture>wh_main_vmp_vampire_counts</culture>
<member>wh_event_feed_agent_action_dignitary_hinder_settlement_vampire_counts</member>
</campaign_group_member_criteria_cultures>
<campaign_group_member_criteria_cultures record_uuid="{37e92f0b-4e6b-4fc1-a14f-5dc858cdaf64}" record_timestamp="1443601177931" record_key="wh_event_feed_agent_action_engineer_hinder_army_chaos">
<culture>wh_main_chs_chaos</culture>
<member>wh_event_feed_agent_action_engineer_hinder_army_chaos</member>
</campaign_group_member_criteria_cultures>
<campaign_group_member_criteria_cultures record_uuid="{bfaee11d-b324-45d0-b974-35144a9a7298}" record_timestamp="1443601174140" record_key="wh_event_feed_agent_action_engineer_hinder_army_dwarfs">
<culture>wh_main_dwf_dwarfs</culture>
<member>wh_event_feed_agent_action_engineer_hinder_army_dwarfs</member>
</campaign_group_member_criteria_cultures>
<campaign_group_member_criteria_cultures record_uuid="{b1013155-e567-4a1c-890d-859f6ff55906}" record_timestamp="1443601000063" record_key="wh_event_feed_agent_action_engineer_hinder_army_empire">
<culture>wh_main_emp_empire</culture>
<member>wh_event_feed_agent_action_engineer_hinder_army_empire</member>
</campaign_group_member_criteria_cultures>
<campaign_group_member_criteria_cultures record_uuid="{19ab3916-d80a-4872-a2ad-ab64dd7145f9}" record_timestamp="1443601177058" record_key="wh_event_feed_agent_action_engineer_hinder_army_greenskins">
<culture>wh_main_grn_greenskins</culture>
<member>wh_event_feed_agent_action_engineer_hinder_army_greenskins</member>
</campaign_group_member_criteria_cultures>
<campaign_group_member_criteria_cultures record_uuid="{f22bf502-4acf-4adb-b649-421fa8196f5b}" record_timestamp="1443601174265" record_key="wh_event_feed_agent_action_engineer_hinder_army_vampire_counts">
<culture>wh_main_vmp_vampire_counts</culture>
<member>wh_event_feed_agent_action_engineer_hinder_army_vampire_counts</member>
</campaign_group_member_criteria_cultures>
<campaign_group_member_criteria_cultures record_uuid="{102eedec-7e15-4833-8a36-3c2dc453d654}" record_timestamp="1443601177494" record_key="wh_event_feed_agent_action_engineer_hinder_settlement_chaos">
<culture>wh_main_chs_chaos</culture>
<member>wh_event_feed_agent_action_engineer_hinder_settlement_chaos</member>
</campaign_group_member_criteria_cultures>
<campaign_group_member_criteria_cultures record_uuid="{fa484d8a-1ec2-4507-86dc-143c5d3f3033}" record_timestamp="1443601173797" record_key="wh_event_feed_agent_action_engineer_hinder_settlement_dwarfs">
<culture>wh_main_dwf_dwarfs</culture>
<member>wh_event_feed_agent_action_engineer_hinder_settlement_dwarfs</member>
</campaign_group_member_criteria_cultures>
<campaign_group_member_criteria_cultures record_uuid="{909f33f4-31c9-4fdb-a1b4-0b5cb3103f31}" record_timestamp="1443600999876" record_key="wh_event_feed_agent_action_engineer_hinder_settlement_empire">
<culture>wh_main_emp_empire</culture>
<member>wh_event_feed_agent_action_engineer_hinder_settlement_empire</member>
</campaign_group_member_criteria_cultures>
<campaign_group_member_criteria_cultures record_uuid="{ec8f5ea0-3bf9-4acd-ad50-5c0f7fae7eca}" record_timestamp="1443601177120" record_key="wh_event_feed_agent_action_engineer_hinder_settlement_greenskins">
<culture>wh_main_grn_greenskins</culture>
<member>wh_event_feed_agent_action_engineer_hinder_settlement_greenskins</member>
</campaign_group_member_criteria_cultures>
<campaign_group_member_criteria_cultures record_uuid="{20639355-5d60-4958-b44e-758ef1fc9f37}" record_timestamp="1443601174328" record_key="wh_event_feed_agent_action_engineer_hinder_settlement_vampire_counts">
<culture>wh_main_vmp_vampire_counts</culture>
<member>wh_event_feed_agent_action_engineer_hinder_settlement_vampire_counts</member>
</campaign_group_member_criteria_cultures>
<campaign_group_member_criteria_cultures record_uuid="{03a3880d-825b-4ab6-af2a-16420981b3a2}" record_timestamp="1443601177557" record_key="wh_event_feed_agent_action_runesmith_hinder_army_chaos">
<culture>wh_main_chs_chaos</culture>
<member>wh_event_feed_agent_action_runesmith_hinder_army_chaos</member>
</campaign_group_member_criteria_cultures>
<campaign_group_member_criteria_cultures record_uuid="{52dfcfd7-651d-4633-a4a2-aea626e29dc5}" record_timestamp="1443601173828" record_key="wh_event_feed_agent_action_runesmith_hinder_army_dwarfs">
<culture>wh_main_dwf_dwarfs</culture>
<member>wh_event_feed_agent_action_runesmith_hinder_army_dwarfs</member>
</campaign_group_member_criteria_cultures>
<campaign_group_member_criteria_cultures record_uuid="{544b1170-d22c-4f0e-b8f4-3f39399a5ad2}" record_timestamp="1443600999907" record_key="wh_event_feed_agent_action_runesmith_hinder_army_empire">
<culture>wh_main_emp_empire</culture>
<member>wh_event_feed_agent_action_runesmith_hinder_army_empire</member>
</campaign_group_member_criteria_cultures>
<campaign_group_member_criteria_cultures record_uuid="{b81645a4-16e2-4fac-b4fb-6738596a10fc}" record_timestamp="1443601177182" record_key="wh_event_feed_agent_action_runesmith_hinder_army_greenskins">
<culture>wh_main_grn_greenskins</culture>
<member>wh_event_feed_agent_action_runesmith_hinder_army_greenskins</member>
</campaign_group_member_criteria_cultures>
<campaign_group_member_criteria_cultures record_uuid="{e03a3b40-e494-4b29-9aba-a6982d27e2ff}" record_timestamp="1443601174406" record_key="wh_event_feed_agent_action_runesmith_hinder_army_vampire_counts">
<culture>wh_main_vmp_vampire_counts</culture>
<member>wh_event_feed_agent_action_runesmith_hinder_army_vampire_counts</member>
</campaign_group_member_criteria_cultures>
<campaign_group_member_criteria_cultures record_uuid="{9e769748-7853-4501-8094-8f340bf61319}" record_timestamp="1443601177619" record_key="wh_event_feed_agent_action_runesmith_hinder_settlement_chaos">
<culture>wh_main_chs_chaos</culture>
<member>wh_event_feed_agent_action_runesmith_hinder_settlement_chaos</member>
</campaign_group_member_criteria_cultures>
<campaign_group_member_criteria_cultures record_uuid="{1f674007-4a39-4b20-b023-68132201d70f}" record_timestamp="1443601173875" record_key="wh_event_feed_agent_action_runesmith_hinder_settlement_dwarfs">
<culture>wh_main_dwf_dwarfs</culture>
<member>wh_event_feed_agent_action_runesmith_hinder_settlement_dwarfs</member>
</campaign_group_member_criteria_cultures>
<campaign_group_member_criteria_cultures record_uuid="{850b4248-ea54-467e-b7a1-b8d9706d6915}" record_timestamp="1443600999923" record_key="wh_event_feed_agent_action_runesmith_hinder_settlement_empire">
<culture>wh_main_emp_empire</culture>
<member>wh_event_feed_agent_action_runesmith_hinder_settlement_empire</member>
</campaign_group_member_criteria_cultures>
<campaign_group_member_criteria_cultures record_uuid="{d126fad5-c4ae-4ae2-b376-969dc33d2959}" record_timestamp="1443601176746" record_key="wh_event_feed_agent_action_runesmith_hinder_settlement_greenskins">
<culture>wh_main_grn_greenskins</culture>
<member>wh_event_feed_agent_action_runesmith_hinder_settlement_greenskins</member>
</campaign_group_member_criteria_cultures>
<campaign_group_member_criteria_cultures record_uuid="{8cfb2ca5-6bcd-4f23-a208-b69965d9405f}" record_timestamp="1443601175981" record_key="wh_event_feed_agent_action_runesmith_hinder_settlement_vampire_counts">
<culture>wh_main_vmp_vampire_counts</culture>
<member>wh_event_feed_agent_action_runesmith_hinder_settlement_vampire_counts</member>
</campaign_group_member_criteria_cultures>
<campaign_group_member_criteria_cultures record_uuid="{59d687eb-0dc3-4949-adbd-2581cff67010}" record_timestamp="1443601177682" record_key="wh_event_feed_agent_action_spy_hinder_army_chaos">
<culture>wh_main_chs_chaos</culture>
<member>wh_event_feed_agent_action_spy_hinder_army_chaos</member>
</campaign_group_member_criteria_cultures>
<campaign_group_member_criteria_cultures record_uuid="{62c6443f-b1f3-4171-bee0-3d5aa4147f50}" record_timestamp="1443601173906" record_key="wh_event_feed_agent_action_spy_hinder_army_dwarfs">
<culture>wh_main_dwf_dwarfs</culture>
<member>wh_event_feed_agent_action_spy_hinder_army_dwarfs</member>
</campaign_group_member_criteria_cultures>
<campaign_group_member_criteria_cultures record_uuid="{12f11281-9f0d-46f1-8345-e0ab05d988ba}" record_timestamp="1443600999954" record_key="wh_event_feed_agent_action_spy_hinder_army_empire">
<culture>wh_main_emp_empire</culture>
<member>wh_event_feed_agent_action_spy_hinder_army_empire</member>
</campaign_group_member_criteria_cultures>
<campaign_group_member_criteria_cultures record_uuid="{0cbef5d8-fe4b-4410-b817-eae9f93c2401}" record_timestamp="1443601176808" record_key="wh_event_feed_agent_action_spy_hinder_army_greenskins">
<culture>wh_main_grn_greenskins</culture>
<member>wh_event_feed_agent_action_spy_hinder_army_greenskins</member>
</campaign_group_member_criteria_cultures>
<campaign_group_member_criteria_cultures record_uuid="{54998e4e-8f55-47b2-8f3a-f33c92429f3e}" record_timestamp="1443601176044" record_key="wh_event_feed_agent_action_spy_hinder_army_vampire_counts">
<culture>wh_main_vmp_vampire_counts</culture>
<member>wh_event_feed_agent_action_spy_hinder_army_vampire_counts</member>
</campaign_group_member_criteria_cultures>
<campaign_group_member_criteria_cultures record_uuid="{59225538-7075-4464-92fa-f1b5af7caea9}" record_timestamp="1443601177245" record_key="wh_event_feed_agent_action_spy_hinder_settlement_chaos">
<culture>wh_main_chs_chaos</culture>
<member>wh_event_feed_agent_action_spy_hinder_settlement_chaos</member>
</campaign_group_member_criteria_cultures>
<campaign_group_member_criteria_cultures record_uuid="{f22e5ed6-35bd-4fc8-9500-7bffcd623981}" record_timestamp="1443601173657" record_key="wh_event_feed_agent_action_spy_hinder_settlement_dwarfs">
<culture>wh_main_dwf_dwarfs</culture>
<member>wh_event_feed_agent_action_spy_hinder_settlement_dwarfs</member>
</campaign_group_member_criteria_cultures>
<campaign_group_member_criteria_cultures record_uuid="{816be46e-0da6-4043-aa46-47b1a6602470}" record_timestamp="1443600999657" record_key="wh_event_feed_agent_action_spy_hinder_settlement_empire">
<culture>wh_main_emp_empire</culture>
<member>wh_event_feed_agent_action_spy_hinder_settlement_empire</member>
</campaign_group_member_criteria_cultures>
<campaign_group_member_criteria_cultures record_uuid="{4fa408af-bb1b-4970-8b49-4e564331d5f9}" record_timestamp="1443601176870" record_key="wh_event_feed_agent_action_spy_hinder_settlement_greenskins">
<culture>wh_main_grn_greenskins</culture>
<member>wh_event_feed_agent_action_spy_hinder_settlement_greenskins</member>
</campaign_group_member_criteria_cultures>
<campaign_group_member_criteria_cultures record_uuid="{d51a3f8b-4567-433d-970a-e2f932de5917}" record_timestamp="1443601176106" record_key="wh_event_feed_agent_action_spy_hinder_settlement_vampire_counts">
<culture>wh_main_vmp_vampire_counts</culture>
<member>wh_event_feed_agent_action_spy_hinder_settlement_vampire_counts</member>
</campaign_group_member_criteria_cultures>
<campaign_group_member_criteria_cultures record_uuid="{2f9ce067-77c5-4df5-aeae-b81bdb51bab0}" record_timestamp="1443601177307" record_key="wh_event_feed_agent_action_wizard_hinder_army_chaos">
<culture>wh_main_chs_chaos</culture>
<member>wh_event_feed_agent_action_wizard_hinder_army_chaos</member>
</campaign_group_member_criteria_cultures>
<campaign_group_member_criteria_cultures record_uuid="{6aae5505-39f0-4396-832d-8e46b79482a4}" record_timestamp="1443601173719" record_key="wh_event_feed_agent_action_wizard_hinder_army_dwarfs">
<culture>wh_main_dwf_dwarfs</culture>
<member>wh_event_feed_agent_action_wizard_hinder_army_dwarfs</member>
</campaign_group_member_criteria_cultures>
<campaign_group_member_criteria_cultures record_uuid="{640f4ed5-9009-4e49-8791-c1f655b4829f}" record_timestamp="1443600999720" record_key="wh_event_feed_agent_action_wizard_hinder_army_empire">
<culture>wh_main_emp_empire</culture>
<member>wh_event_feed_agent_action_wizard_hinder_army_empire</member>
</campaign_group_member_criteria_cultures>
<campaign_group_member_criteria_cultures record_uuid="{92f94a5e-7478-423a-99b1-6185c65bb215}" record_timestamp="1443601176933" record_key="wh_event_feed_agent_action_wizard_hinder_army_greenskins">
<culture>wh_main_grn_greenskins</culture>
<member>wh_event_feed_agent_action_wizard_hinder_army_greenskins</member>
</campaign_group_member_criteria_cultures>
<campaign_group_member_criteria_cultures record_uuid="{898566c9-e8f3-41d1-8456-07ce7a587021}" record_timestamp="1443601176168" record_key="wh_event_feed_agent_action_wizard_hinder_army_vampire_counts">
<culture>wh_main_vmp_vampire_counts</culture>
<member>wh_event_feed_agent_action_wizard_hinder_army_vampire_counts</member>
</campaign_group_member_criteria_cultures>
<campaign_group_member_criteria_cultures record_uuid="{a137f672-61bc-4af2-8de0-3d6ae995db5a}" record_timestamp="1443601177370" record_key="wh_event_feed_agent_action_wizard_hinder_settlement_chaos">
<culture>wh_main_chs_chaos</culture>
<member>wh_event_feed_agent_action_wizard_hinder_settlement_chaos</member>
</campaign_group_member_criteria_cultures>
<campaign_group_member_criteria_cultures record_uuid="{e02717ba-ebb4-49bb-8481-1df7ba63306a}" record_timestamp="1443601173766" record_key="wh_event_feed_agent_action_wizard_hinder_settlement_dwarfs">
<culture>wh_main_dwf_dwarfs</culture>
<member>wh_event_feed_agent_action_wizard_hinder_settlement_dwarfs</member>
</campaign_group_member_criteria_cultures>
<campaign_group_member_criteria_cultures record_uuid="{0634c78e-6d42-4cc4-9a35-12a93a5918b1}" record_timestamp="1443600999751" record_key="wh_event_feed_agent_action_wizard_hinder_settlement_empire">
<culture>wh_main_emp_empire</culture>
<member>wh_event_feed_agent_action_wizard_hinder_settlement_empire</member>
</campaign_group_member_criteria_cultures>
<campaign_group_member_criteria_cultures record_uuid="{0efd59f7-fd25-4755-ad93-195043a8102a}" record_timestamp="1443601176480" record_key="wh_event_feed_agent_action_wizard_hinder_settlement_greenskins">
<culture>wh_main_grn_greenskins</culture>
<member>wh_event_feed_agent_action_wizard_hinder_settlement_greenskins</member>
</campaign_group_member_criteria_cultures>
<campaign_group_member_criteria_cultures record_uuid="{732859b1-da14-488a-b3b8-aa897fb1164e}" record_timestamp="1450458317622" record_key="wh_event_feed_agent_action_wizard_hinder_settlement_horde_chaos">
<culture>wh_main_chs_chaos</culture>
<member>wh_event_feed_agent_action_wizard_hinder_settlement_horde_chaos</member>
</campaign_group_member_criteria_cultures>
<campaign_group_member_criteria_cultures record_uuid="{48ad4c0f-a260-4c2a-bf35-484cc7e260d2}" record_timestamp="1450458317531" record_key="wh_event_feed_agent_action_wizard_hinder_settlement_horde_dwarfs">
<culture>wh_main_dwf_dwarfs</culture>
<member>wh_event_feed_agent_action_wizard_hinder_settlement_horde_dwarfs</member>
</campaign_group_member_criteria_cultures>
<campaign_group_member_criteria_cultures record_uuid="{25829cf6-bd2f-4ebc-8b2e-854eaa35d296}" record_timestamp="1450458317561" record_key="wh_event_feed_agent_action_wizard_hinder_settlement_horde_empire">
<culture>wh_main_emp_empire</culture>
<member>wh_event_feed_agent_action_wizard_hinder_settlement_horde_empire</member>
</campaign_group_member_criteria_cultures>
<campaign_group_member_criteria_cultures record_uuid="{87fd9e0b-d3da-4b97-b2a1-c730f1f55b55}" record_timestamp="1450458317652" record_key="wh_event_feed_agent_action_wizard_hinder_settlement_horde_greenskins">
<culture>wh_main_grn_greenskins</culture>
<member>wh_event_feed_agent_action_wizard_hinder_settlement_horde_greenskins</member>
</campaign_group_member_criteria_cultures>
<campaign_group_member_criteria_cultures record_uuid="{54ba6043-e590-4700-8417-07f6cf83bd1b}" record_timestamp="1450458317682" record_key="wh_event_feed_agent_action_wizard_hinder_settlement_horde_vampire_counts">
<culture>wh_main_vmp_vampire_counts</culture>
<member>wh_event_feed_agent_action_wizard_hinder_settlement_horde_vampire_counts</member>
</campaign_group_member_criteria_cultures>
<campaign_group_member_criteria_cultures record_uuid="{e926a23b-cbca-498d-9e76-984d452b3944}" record_timestamp="1443601175716" record_key="wh_event_feed_agent_action_wizard_hinder_settlement_vampire_counts">
<culture>wh_main_vmp_vampire_counts</culture>
<member>wh_event_feed_agent_action_wizard_hinder_settlement_vampire_counts</member>
</campaign_group_member_criteria_cultures>
<campaign_group_member_criteria_cultures record_uuid="{b80d5bd5-08b8-4cd8-bbee-3f188c98cf52}" record_timestamp="1430402486797" record_key="wh_event_feed_cult_all_brt_bretonnia">
<culture>wh_main_brt_bretonnia</culture>
<member>wh_event_feed_cult_all_brt_bretonnia</member>
</campaign_group_member_criteria_cultures>
<campaign_group_member_criteria_cultures record_uuid="{d58d3e29-e0dd-4e6d-a883-f989be33ee3d}" record_timestamp="1457018368718" record_key="wh_event_feed_cult_all_bst_beastmen">
<culture>wh_dlc03_bst_beastmen</culture>
<member>wh_event_feed_cult_all_bst_beastmen</member>
</campaign_group_member_criteria_cultures>
<campaign_group_member_criteria_cultures record_uuid="{17701b71-8f11-440c-9e42-723b1ec41118}" record_timestamp="1430402486958" record_key="wh_event_feed_cult_all_chs_chaos">
<culture>wh_main_chs_chaos</culture>
<member>wh_event_feed_cult_all_chs_chaos</member>
</campaign_group_member_criteria_cultures>
<campaign_group_member_criteria_cultures record_uuid="{584b7b36-93d1-49e0-a3b5-eac7132cbbf3}" record_timestamp="1430402487088" record_key="wh_event_feed_cult_all_dwf_dwarfs">
<culture>wh_main_dwf_dwarfs</culture>
<member>wh_event_feed_cult_all_dwf_dwarfs</member>
</campaign_group_member_criteria_cultures>
<campaign_group_member_criteria_cultures record_uuid="{8b35eeba-0ee4-4408-8d31-6cf688b5525e}" record_timestamp="1430402487216" record_key="wh_event_feed_cult_all_emp_empire">
<culture>wh_main_emp_empire</culture>
<member>wh_event_feed_cult_all_emp_empire</member>
</campaign_group_member_criteria_cultures>
<campaign_group_member_criteria_cultures record_uuid="{ef87cc90-c371-4486-a3fd-1ca0c37cfd57}" record_timestamp="1442491819099" record_key="wh_event_feed_cult_all_grn_greenskin">
<culture>wh_main_grn_greenskins</culture>
<member>wh_event_feed_cult_all_grn_greenskin</member>
</campaign_group_member_criteria_cultures>
<campaign_group_member_criteria_cultures record_uuid="{9700cfa2-82a6-445e-8b7f-e355f46f6a36}" record_timestamp="1430402487469" record_key="wh_event_feed_cult_all_vmp_vampire_counts">
<culture>wh_main_vmp_vampire_counts</culture>
<member>wh_event_feed_cult_all_vmp_vampire_counts</member>
</campaign_group_member_criteria_cultures>
<campaign_group_member_criteria_cultures record_uuid="{0b861269-ba05-42e6-9218-b397a76a6c17}" record_timestamp="1438698679542" record_key="wh_event_feed_cult_beastmen">
<culture>wh_dlc03_bst_beastmen</culture>
<member>wh_event_feed_cult_beastmen</member>
</campaign_group_member_criteria_cultures>
<campaign_group_member_criteria_cultures record_uuid="{3330585e-b44d-487b-8591-daba6419ce80}" record_timestamp="1430402499393" record_key="wh_event_feed_cult_bretonnia">
<culture>wh_main_brt_bretonnia</culture>
<member>wh_event_feed_cult_bretonnia</member>
</campaign_group_member_criteria_cultures>
<campaign_group_member_criteria_cultures record_uuid="{f3e7aa40-62fa-477b-88e0-c4401f862017}" record_timestamp="1430402499339" record_key="wh_event_feed_cult_chaos">
<culture>wh_main_chs_chaos</culture>
<member>wh_event_feed_cult_chaos</member>
</campaign_group_member_criteria_cultures>
<campaign_group_member_criteria_cultures record_uuid="{640abf4e-f57d-4510-b125-f33d374c8708}" record_timestamp="1430402571715" record_key="wh_event_feed_cult_chaos_attrition_desert">
<culture>wh_main_chs_chaos</culture>
<member>wh_event_feed_cult_chaos_attrition_desert</member>
</campaign_group_member_criteria_cultures>
<campaign_group_member_criteria_cultures record_uuid="{21ec9f2a-9a4d-4c2d-8f29-3a4420a2ea19}" record_timestamp="1430402569360" record_key="wh_event_feed_cult_chaos_attrition_desertion">
<culture>wh_main_chs_chaos</culture>
<member>wh_event_feed_cult_chaos_attrition_desertion</member>
</campaign_group_member_criteria_cultures>
<campaign_group_member_criteria_cultures record_uuid="{fbf6c992-db84-4b59-ad34-8ca8c301224d}" record_timestamp="1430402571792" record_key="wh_event_feed_cult_chaos_attrition_disease">
<culture>wh_main_chs_chaos</culture>
<member>wh_event_feed_cult_chaos_attrition_disease</member>
</campaign_group_member_criteria_cultures>
<campaign_group_member_criteria_cultures record_uuid="{f912a9f5-77f5-4035-b9b7-774e466e9c8d}" record_timestamp="1430402571868" record_key="wh_event_feed_cult_chaos_attrition_high_sea">
<culture>wh_main_chs_chaos</culture>
<member>wh_event_feed_cult_chaos_attrition_high_sea</member>
</campaign_group_member_criteria_cultures>
<campaign_group_member_criteria_cultures record_uuid="{61fbe543-186e-480b-ae13-ca8ad0e3013e}" record_timestamp="1450353171710" record_key="wh_event_feed_cult_chaos_attrition_horde_infighting">
<culture>wh_main_chs_chaos</culture>
<member>wh_event_feed_cult_chaos_attrition_horde_infighting</member>
</campaign_group_member_criteria_cultures>
<campaign_group_member_criteria_cultures record_uuid="{8971e9b9-4650-4ba8-a4ef-b7e0c859f358}" record_timestamp="1430402572256" record_key="wh_event_feed_cult_chaos_attrition_snow">
<culture>wh_main_chs_chaos</culture>
<member>wh_event_feed_cult_chaos_attrition_snow</member>
</campaign_group_member_criteria_cultures>
<campaign_group_member_criteria_cultures record_uuid="{a93a85df-6ad3-40c8-b4d9-4658c4e59785}" record_timestamp="1430402572334" record_key="wh_event_feed_cult_chaos_attrition_swamp">
<culture>wh_main_chs_chaos</culture>
<member>wh_event_feed_cult_chaos_attrition_swamp</member>
</campaign_group_member_criteria_cultures>
<campaign_group_member_criteria_cultures record_uuid="{95b015d6-4872-4a94-80d1-a4885e1bd29f}" record_timestamp="1430402499608" record_key="wh_event_feed_cult_dwarfs">
<culture>wh_main_dwf_dwarfs</culture>
<member>wh_event_feed_cult_dwarfs</member>
</campaign_group_member_criteria_cultures>
<campaign_group_member_criteria_cultures record_uuid="{823514b0-a87a-4a6b-9656-3a70c519af4d}" record_timestamp="1430402572179" record_key="wh_event_feed_cult_dwarfs_attrition_desert">
<culture>wh_main_dwf_dwarfs</culture>
<member>wh_event_feed_cult_dwarfs_attrition_desert</member>
</campaign_group_member_criteria_cultures>
<campaign_group_member_criteria_cultures record_uuid="{a66d6e1a-0cf7-4de3-9f03-3c5503b09593}" record_timestamp="1430402569441" record_key="wh_event_feed_cult_dwarfs_attrition_desertion">
<culture>wh_main_dwf_dwarfs</culture>
<member>wh_event_feed_cult_dwarfs_attrition_desertion</member>
</campaign_group_member_criteria_cultures>
<campaign_group_member_criteria_cultures record_uuid="{5f5a3576-b275-42c0-a894-16964560e7c4}" record_timestamp="1430402572929" record_key="wh_event_feed_cult_dwarfs_attrition_disease">
<culture>wh_main_dwf_dwarfs</culture>
<member>wh_event_feed_cult_dwarfs_attrition_disease</member>
</campaign_group_member_criteria_cultures>
<campaign_group_member_criteria_cultures record_uuid="{05f4841d-8227-45ad-8fc0-a528fd76e221}" record_timestamp="1430402573013" record_key="wh_event_feed_cult_dwarfs_attrition_high_sea">
<culture>wh_main_dwf_dwarfs</culture>
<member>wh_event_feed_cult_dwarfs_attrition_high_sea</member>
</campaign_group_member_criteria_cultures>
<campaign_group_member_criteria_cultures record_uuid="{136c7b7b-71b2-453b-b52f-f167d5165c43}" record_timestamp="1430402573100" record_key="wh_event_feed_cult_dwarfs_attrition_snow">
<culture>wh_main_dwf_dwarfs</culture>
<member>wh_event_feed_cult_dwarfs_attrition_snow</member>
</campaign_group_member_criteria_cultures>
<campaign_group_member_criteria_cultures record_uuid="{b9116841-83ac-4098-a064-afef2ffe2683}" record_timestamp="1430402573178" record_key="wh_event_feed_cult_dwarfs_attrition_swamp">
<culture>wh_main_dwf_dwarfs</culture>
<member>wh_event_feed_cult_dwarfs_attrition_swamp</member>
</campaign_group_member_criteria_cultures>
<campaign_group_member_criteria_cultures record_uuid="{bfe63d75-c517-47f4-8e9c-953060d3e12f}" record_timestamp="1430402499554" record_key="wh_event_feed_cult_empire">
<culture>wh_main_emp_empire</culture>
<member>wh_event_feed_cult_empire</member>
</campaign_group_member_criteria_cultures>
<campaign_group_member_criteria_cultures record_uuid="{c501351e-e4cf-4476-8460-9b513a8fbbdf}" record_timestamp="1430402572416" record_key="wh_event_feed_cult_empire_attrition_desert">
<culture>wh_main_emp_empire</culture>
<member>wh_event_feed_cult_empire_attrition_desert</member>
</campaign_group_member_criteria_cultures>
<campaign_group_member_criteria_cultures record_uuid="{ee137981-9c67-442e-be79-84087d03a69a}" record_timestamp="1430402569521" record_key="wh_event_feed_cult_empire_attrition_desertion">
<culture>wh_main_emp_empire</culture>
<member>wh_event_feed_cult_empire_attrition_desertion</member>
</campaign_group_member_criteria_cultures>
<campaign_group_member_criteria_cultures record_uuid="{277ef296-668a-492a-80b2-7b44dce0cf7a}" record_timestamp="1430402572503" record_key="wh_event_feed_cult_empire_attrition_disease">
<culture>wh_main_emp_empire</culture>
<member>wh_event_feed_cult_empire_attrition_disease</member>
</campaign_group_member_criteria_cultures>
<campaign_group_member_criteria_cultures record_uuid="{b596d7ef-7ff1-4c9f-b5e2-031f5f158aaa}" record_timestamp="1430402571946" record_key="wh_event_feed_cult_empire_attrition_high_sea">
<culture>wh_main_emp_empire</culture>
<member>wh_event_feed_cult_empire_attrition_high_sea</member>
</campaign_group_member_criteria_cultures>
<campaign_group_member_criteria_cultures record_uuid="{b4fbe97c-48ac-4d72-9319-8f486c5a6078}" record_timestamp="1430402572023" record_key="wh_event_feed_cult_empire_attrition_snow">
<culture>wh_main_emp_empire</culture>
<member>wh_event_feed_cult_empire_attrition_snow</member>
</campaign_group_member_criteria_cultures>
<campaign_group_member_criteria_cultures record_uuid="{b8ffbb7f-a750-4fe8-8209-f09e74e3bf29}" record_timestamp="1430402572102" record_key="wh_event_feed_cult_empire_attrition_swamp">
<culture>wh_main_emp_empire</culture>
<member>wh_event_feed_cult_empire_attrition_swamp</member>
</campaign_group_member_criteria_cultures>
<campaign_group_member_criteria_cultures record_uuid="{eef5f547-3021-49b7-8725-e4d236d4ac40}" record_timestamp="1430402499500" record_key="wh_event_feed_cult_greenskins">
<culture>wh_main_grn_greenskins</culture>
<member>wh_event_feed_cult_greenskins</member>
</campaign_group_member_criteria_cultures>
<campaign_group_member_criteria_cultures record_uuid="{b4443608-7717-4ec6-96b5-3bb5f5001d6b}" record_timestamp="1430402573510" record_key="wh_event_feed_cult_greenskins_attrition_desert">
<culture>wh_main_grn_greenskins</culture>
<member>wh_event_feed_cult_greenskins_attrition_desert</member>
</campaign_group_member_criteria_cultures>
<campaign_group_member_criteria_cultures record_uuid="{4f2c32ac-f829-42aa-8d09-4d29c5aa1a56}" record_timestamp="1430402569197" record_key="wh_event_feed_cult_greenskins_attrition_desertion">
<culture>wh_main_grn_greenskins</culture>
<member>wh_event_feed_cult_greenskins_attrition_desertion</member>
</campaign_group_member_criteria_cultures>
<campaign_group_member_criteria_cultures record_uuid="{40ddaf73-d63f-4bb7-bceb-85367e81e198}" record_timestamp="1430402573588" record_key="wh_event_feed_cult_greenskins_attrition_disease">
<culture>wh_main_grn_greenskins</culture>
<member>wh_event_feed_cult_greenskins_attrition_disease</member>
</campaign_group_member_criteria_cultures>
<campaign_group_member_criteria_cultures record_uuid="{0d31d4c2-f074-422f-bdab-0695e16874db}" record_timestamp="1430402571637" record_key="wh_event_feed_cult_greenskins_attrition_high_sea">
<culture>wh_main_grn_greenskins</culture>
<member>wh_event_feed_cult_greenskins_attrition_high_sea</member>
</campaign_group_member_criteria_cultures>
<campaign_group_member_criteria_cultures record_uuid="{bde32dae-dbf6-4951-ad3a-1f30ab3300c3}" record_timestamp="1438597214732" record_key="wh_event_feed_cult_greenskins_attrition_low_morale">
<culture>wh_main_grn_greenskins</culture>
<member>wh_event_feed_cult_greenskins_attrition_low_morale</member>
</campaign_group_member_criteria_cultures>
<campaign_group_member_criteria_cultures record_uuid="{df3bfabd-8448-4490-b39d-55cf326e7eff}" record_timestamp="1430402573260" record_key="wh_event_feed_cult_greenskins_attrition_snow">
<culture>wh_main_grn_greenskins</culture>
<member>wh_event_feed_cult_greenskins_attrition_snow</member>
</campaign_group_member_criteria_cultures>
<campaign_group_member_criteria_cultures record_uuid="{f0bd9899-dbc0-49dc-a432-39755a34dee1}" record_timestamp="1430402573352" record_key="wh_event_feed_cult_greenskins_attrition_swamp">
<culture>wh_main_grn_greenskins</culture>
<member>wh_event_feed_cult_greenskins_attrition_swamp</member>
</campaign_group_member_criteria_cultures>
<campaign_group_member_criteria_cultures record_uuid="{029a93fb-f98e-4688-9f10-76cf3f034e95}" record_timestamp="1444902761302" record_key="wh_event_feed_cult_greenskins_attrition_very_low_morale">
<culture>wh_main_grn_greenskins</culture>
<member>wh_event_feed_cult_greenskins_attrition_very_low_morale</member>
</campaign_group_member_criteria_cultures>
<campaign_group_member_criteria_cultures record_uuid="{1fb5555b-7a74-4570-8505-229b36aa2f9f}" record_timestamp="1430402499447" record_key="wh_event_feed_cult_vampire_counts">
<culture>wh_main_vmp_vampire_counts</culture>
<member>wh_event_feed_cult_vampire_counts</member>
</campaign_group_member_criteria_cultures>
<campaign_group_member_criteria_cultures record_uuid="{3b36bf0d-7019-4642-88b5-97920065c6ab}" record_timestamp="1430402572593" record_key="wh_event_feed_cult_vampire_counts_attrition_desert">
<culture>wh_main_vmp_vampire_counts</culture>
<member>wh_event_feed_cult_vampire_counts_attrition_desert</member>
</campaign_group_member_criteria_cultures>
<campaign_group_member_criteria_cultures record_uuid="{9544b6c2-eb9a-4318-a93b-327470cd5291}" record_timestamp="1430402569279" record_key="wh_event_feed_cult_vampire_counts_attrition_desertion">
<culture>wh_main_vmp_vampire_counts</culture>
<member>wh_event_feed_cult_vampire_counts_attrition_desertion</member>
</campaign_group_member_criteria_cultures>
<campaign_group_member_criteria_cultures record_uuid="{00961e0d-671c-4d18-9999-594a66eb0806}" record_timestamp="1430402572673" record_key="wh_event_feed_cult_vampire_counts_attrition_disease">
<culture>wh_main_vmp_vampire_counts</culture>
<member>wh_event_feed_cult_vampire_counts_attrition_disease</member>
</campaign_group_member_criteria_cultures>
<campaign_group_member_criteria_cultures record_uuid="{c723a0fb-fd12-435c-897c-b1a9ee925731}" record_timestamp="1430402572757" record_key="wh_event_feed_cult_vampire_counts_attrition_high_sea">
<culture>wh_main_vmp_vampire_counts</culture>
<member>wh_event_feed_cult_vampire_counts_attrition_high_sea</member>
</campaign_group_member_criteria_cultures>
<campaign_group_member_criteria_cultures record_uuid="{7ca956e9-9d9c-4fdb-949b-d7c32e573149}" record_timestamp="1430402572851" record_key="wh_event_feed_cult_vampire_counts_attrition_snow">
<culture>wh_main_vmp_vampire_counts</culture>
<member>wh_event_feed_cult_vampire_counts_attrition_snow</member>
</campaign_group_member_criteria_cultures>
<campaign_group_member_criteria_cultures record_uuid="{1c6aaf08-9f1d-4977-a5c1-b1c1ba04e69d}" record_timestamp="1430402573430" record_key="wh_event_feed_cult_vampire_counts_attrition_swamp">
<culture>wh_main_vmp_vampire_counts</culture>
<member>wh_event_feed_cult_vampire_counts_attrition_swamp</member>
</campaign_group_member_criteria_cultures>
<campaign_group_member_criteria_cultures record_uuid="{a6393b3a-e000-4f94-a007-b70628404878}" record_timestamp="1446451724282" record_key="wh_event_feed_cult_vampire_counts_female">
<culture>wh_main_vmp_vampire_counts</culture>
<member>wh_event_feed_cult_vampire_counts_female</member>
</campaign_group_member_criteria_cultures>
<campaign_group_member_criteria_cultures record_uuid="{1beb649c-051f-47b6-b3b7-b49762b9d148}" record_timestamp="1446451724300" record_key="wh_event_feed_cult_vampire_counts_male">
<culture>wh_main_vmp_vampire_counts</culture>
<member>wh_event_feed_cult_vampire_counts_male</member>
</campaign_group_member_criteria_cultures>
<campaign_group_member_criteria_cultures record_uuid="{79b42dc2-20c4-45e7-bb40-39b80ecd2c3f}" record_timestamp="1470302792959" record_key="wh_event_feed_discover_brayherd_army_type">
<culture>wh_dlc03_bst_beastmen</culture>
<member>wh_event_feed_discover_brayherd_army_type</member>
</campaign_group_member_criteria_cultures>
<campaign_group_member_criteria_cultures record_uuid="{67b502b3-99d1-4776-8b46-c1df0a77cb46}" record_timestamp="1470302792959" record_key="wh_event_feed_discover_waaagh_army_type">
<culture>wh_main_grn_greenskins</culture>
<member>wh_event_feed_discover_waaagh_army_type</member>
</campaign_group_member_criteria_cultures>
<campaign_group_member_criteria_cultures record_uuid="{6aecebd2-6f77-4bba-a25a-0135048ddcf1}" record_timestamp="1463136516645" record_key="wh_feature_beastmen">
<culture>wh_dlc03_bst_beastmen</culture>
<member>wh_feature_beastmen</member>
</campaign_group_member_criteria_cultures>
<campaign_group_member_criteria_cultures record_uuid="{70342eed-7873-493b-9668-ce756ef23af6}" record_timestamp="1434976998054" record_key="wh_feature_chaos">
<culture>wh_main_chs_chaos</culture>
<member>wh_feature_chaos</member>
</campaign_group_member_criteria_cultures>
<campaign_group_member_criteria_cultures record_uuid="{c538ceef-a6a8-4d89-8ac2-9e630610aead}" record_timestamp="1438258502687" record_key="wh_feature_dwarfs">
<culture>wh_main_dwf_dwarfs</culture>
<member>wh_feature_dwarfs</member>
</campaign_group_member_criteria_cultures>
<campaign_group_member_criteria_cultures record_uuid="{100f1b9f-c0f1-413c-bc96-cc3515225733}" record_timestamp="1450349673250" record_key="wh_feature_empire">
<culture>wh_main_emp_empire</culture>
<member>wh_feature_empire</member>
</campaign_group_member_criteria_cultures>
<campaign_group_member_criteria_cultures record_uuid="{ba41591b-46b6-4453-8dcc-c021021570ad}" record_timestamp="1434976998043" record_key="wh_feature_greenskins">
<culture>wh_main_grn_greenskins</culture>
<member>wh_feature_greenskins</member>
</campaign_group_member_criteria_cultures>
<campaign_group_member_criteria_cultures record_uuid="{4fcab6e8-6d63-4911-9e5c-c32b11f620b2}" record_timestamp="1434976998033" record_key="wh_feature_vampire_counts">
<culture>wh_main_vmp_vampire_counts</culture>
<member>wh_feature_vampire_counts</member>
</campaign_group_member_criteria_cultures>
<campaign_group_member_criteria_cultures record_uuid="{9a932a0e-b1b0-4e07-a52c-2e2add415e41}" record_timestamp="1445440693672" record_key="wh_greenskins_morale_high">
<culture>wh_main_grn_greenskins</culture>
<member>wh_greenskins_morale_high</member>
</campaign_group_member_criteria_cultures>
<campaign_group_member_criteria_cultures record_uuid="{2b32f5fd-5643-41d6-a4a6-c1318b7c7836}" record_timestamp="1445440693670" record_key="wh_greenskins_morale_low">
<culture>wh_main_grn_greenskins</culture>
<member>wh_greenskins_morale_low</member>
</campaign_group_member_criteria_cultures>
<campaign_group_member_criteria_cultures record_uuid="{470cd19b-2661-4678-ab8a-b370e636b413}" record_timestamp="1445440693671" record_key="wh_greenskins_morale_mid">
<culture>wh_main_grn_greenskins</culture>
<member>wh_greenskins_morale_mid</member>
</campaign_group_member_criteria_cultures>
<campaign_group_member_criteria_cultures record_uuid="{c8163ed6-a6b6-49cf-8684-81a247947161}" record_timestamp="1448289649975" record_key="wh_greenskins_morale_very_low">
<culture>wh_main_grn_greenskins</culture>
<member>wh_greenskins_morale_very_low</member>
</campaign_group_member_criteria_cultures>
<campaign_group_member_criteria_cultures record_uuid="{1298a73e-3a17-45e9-a5f3-04c975073a49}" record_timestamp="1444210754680" record_key="wh_settlement_abandonment_chaos">
<culture>wh_main_chs_chaos</culture>
<member>wh_settlement_abandonment_chaos</member>
</campaign_group_member_criteria_cultures>
<campaign_group_member_criteria_cultures record_uuid="{547fdc63-1eed-46b3-a158-98768cfb8dfc}" record_timestamp="1444210754660" record_key="wh_settlement_abandonment_vampires">
<culture>wh_main_vmp_vampire_counts</culture>
<member>wh_settlement_abandonment_vampires</member>
</campaign_group_member_criteria_cultures>
<campaign_group_member_criteria_cultures record_uuid="{2eb94b82-219e-4f79-8001-e4e078adefef}" record_timestamp="1438340041979" record_key="wh_settlement_vandalisation_greenskins">
<culture>wh_main_grn_greenskins</culture>
<member>wh_settlement_vandalisation_greenskins</member>
</campaign_group_member_criteria_cultures>
</dataroot>
