<?xml version="1.0" encoding="UTF-8"?>
<dataroot xmlns:od="urn:schemas-microsoft-com:officedata" xmlns:xsi="http://www.w3.org/2001/XMLSchema-instance" xsi:noNamespaceSchemaLocation="campaign_tree_types.xsd" export_time="Thu Jul 14 12:56:35 2016" revision="8" export_branch="T:/branches/warhammer/sigmar/warhammer/binaries.x64" export_user="bob">
<edit_uuid>8bef1363-478a-4c12-b8bc-9c64d8749362</edit_uuid>
<campaign_tree_types record_uuid="{99a677ec-4bb0-4598-80c9-f02a8f9ac297}" record_timestamp="1433348046247" record_key="BASE">
<game_expansion_key></game_expansion_key>
<tree_type>BASE</tree_type>
</campaign_tree_types>
<campaign_tree_types record_uuid="{3160826f-9965-4afc-9d25-9b693b2386e5}" record_timestamp="1468497311408" record_key="BEASTMEN">
<game_expansion_key></game_expansion_key>
<tree_type>BEASTMEN</tree_type>
</campaign_tree_types>
<campaign_tree_types record_uuid="{ab29b110-59b6-4377-9313-83b7b5c87eec}" record_timestamp="1433348046244" record_key="BRETONNIA">
<game_expansion_key></game_expansion_key>
<tree_type>BRETONNIA</tree_type>
</campaign_tree_types>
<campaign_tree_types record_uuid="{79047491-e05d-42f8-ace5-bc6e33e54dbe}" record_timestamp="1468497311408" record_key="CHAOS">
<game_expansion_key></game_expansion_key>
<tree_type>CHAOS</tree_type>
</campaign_tree_types>
<campaign_tree_types record_uuid="{ee2c44de-067b-4f9d-9d1d-89bf85a1e150}" record_timestamp="1433348046245" record_key="DWARFS">
<game_expansion_key></game_expansion_key>
<tree_type>DWARFS</tree_type>
</campaign_tree_types>
<campaign_tree_types record_uuid="{de8f752d-5e83-44b4-ad01-11d9521bb295}" record_timestamp="1433348046244" record_key="EMPIRE">
<game_expansion_key></game_expansion_key>
<tree_type>EMPIRE</tree_type>
</campaign_tree_types>
<campaign_tree_types record_uuid="{41c13f14-d4a2-4095-8aec-642964940cd6}" record_timestamp="1433348046245" record_key="GREENSKINS">
<game_expansion_key></game_expansion_key>
<tree_type>GREENSKINS</tree_type>
</campaign_tree_types>
<campaign_tree_types record_uuid="{ac0194ac-2c08-48f9-a021-ecb882a7aa97}" record_timestamp="1433348046245" record_key="VAMPIRE">
<game_expansion_key></game_expansion_key>
<tree_type>VAMPIRE</tree_type>
</campaign_tree_types>
</dataroot>
