<?xml version="1.0" encoding="UTF-8"?>
<dataroot xmlns:od="urn:schemas-microsoft-com:officedata" xmlns:xsi="http://www.w3.org/2001/XMLSchema-instance" xsi:noNamespaceSchemaLocation="campaign_mercenary_unit_character_level_restrictions.xsd" export_time="Mon Aug 1 15:26:40 2016" revision="2" export_branch="T:/branches/warhammer/sigmar/warhammer/binaries.x64" export_user="bob">
<edit_uuid>963da400-9086-4cc1-a6ad-5faf5d039847</edit_uuid>
<campaign_mercenary_unit_character_level_restrictions record_uuid="{4a77b5e4-43aa-41b0-843f-45e5b9520435}" record_timestamp="1470061599927" record_key="wh_dlc04_emp_art_hammer_of_the_witches_0">
<character_level>13</character_level>
<unit>wh_dlc04_emp_art_hammer_of_the_witches_0</unit>
</campaign_mercenary_unit_character_level_restrictions>
<campaign_mercenary_unit_character_level_restrictions record_uuid="{27f45678-ac7f-4d68-9348-a21290616ebd}" record_timestamp="1470061599927" record_key="wh_dlc04_emp_art_sunmaker_0">
<character_level>13</character_level>
<unit>wh_dlc04_emp_art_sunmaker_0</unit>
</campaign_mercenary_unit_character_level_restrictions>
<campaign_mercenary_unit_character_level_restrictions record_uuid="{c4d95a62-c8fd-4612-bb6c-433dc8445298}" record_timestamp="1470061599928" record_key="wh_dlc04_emp_cav_royal_altdorf_gryphites_0">
<character_level>17</character_level>
<unit>wh_dlc04_emp_cav_royal_altdorf_gryphites_0</unit>
</campaign_mercenary_unit_character_level_restrictions>
<campaign_mercenary_unit_character_level_restrictions record_uuid="{d7f2c26e-a8e0-4930-bfde-4f9d8333a938}" record_timestamp="1470061599928" record_key="wh_dlc04_emp_cav_zintlers_reiksguard_0">
<character_level>10</character_level>
<unit>wh_dlc04_emp_cav_zintlers_reiksguard_0</unit>
</campaign_mercenary_unit_character_level_restrictions>
<campaign_mercenary_unit_character_level_restrictions record_uuid="{194c78c5-16e2-4146-ae0c-416b1b631a49}" record_timestamp="1470061599927" record_key="wh_dlc04_emp_inf_sigmars_sons_0">
<character_level>3</character_level>
<unit>wh_dlc04_emp_inf_sigmars_sons_0</unit>
</campaign_mercenary_unit_character_level_restrictions>
<campaign_mercenary_unit_character_level_restrictions record_uuid="{c4105896-4361-4d2e-84b1-8e033086f489}" record_timestamp="1470061599929" record_key="wh_dlc04_emp_inf_silver_bullets_0">
<character_level>8</character_level>
<unit>wh_dlc04_emp_inf_silver_bullets_0</unit>
</campaign_mercenary_unit_character_level_restrictions>
<campaign_mercenary_unit_character_level_restrictions record_uuid="{6691da4d-d5e8-4870-b082-dd86efd629f0}" record_timestamp="1470061599928" record_key="wh_dlc04_emp_inf_stirlands_revenge_0">
<character_level>5</character_level>
<unit>wh_dlc04_emp_inf_stirlands_revenge_0</unit>
</campaign_mercenary_unit_character_level_restrictions>
<campaign_mercenary_unit_character_level_restrictions record_uuid="{5d294aaa-d898-462f-83b8-75e2c76b19ec}" record_timestamp="1470061599928" record_key="wh_dlc04_emp_inf_tattersouls_0">
<character_level>8</character_level>
<unit>wh_dlc04_emp_inf_tattersouls_0</unit>
</campaign_mercenary_unit_character_level_restrictions>
<campaign_mercenary_unit_character_level_restrictions record_uuid="{de931eab-3407-4f0f-a13b-37ec05f3e2d6}" record_timestamp="1470061599929" record_key="wh_dlc04_emp_veh_templehof_luminark_0">
<character_level>20</character_level>
<unit>wh_dlc04_emp_veh_templehof_luminark_0</unit>
</campaign_mercenary_unit_character_level_restrictions>
<campaign_mercenary_unit_character_level_restrictions record_uuid="{a2ef6d74-2ab0-4fe4-a534-e5b4ce09d757}" record_timestamp="1470061599928" record_key="wh_dlc04_vmp_cav_chillgheists_0">
<character_level>17</character_level>
<unit>wh_dlc04_vmp_cav_chillgheists_0</unit>
</campaign_mercenary_unit_character_level_restrictions>
<campaign_mercenary_unit_character_level_restrictions record_uuid="{a14d4437-210f-4b01-ba22-57d95f607ee4}" record_timestamp="1470061599927" record_key="wh_dlc04_vmp_cav_vereks_reavers_0">
<character_level>13</character_level>
<unit>wh_dlc04_vmp_cav_vereks_reavers_0</unit>
</campaign_mercenary_unit_character_level_restrictions>
<campaign_mercenary_unit_character_level_restrictions record_uuid="{eab661cb-4014-4f96-8601-ebf8c1fcb661}" record_timestamp="1470061599928" record_key="wh_dlc04_vmp_inf_feasters_in_the_dusk_0">
<character_level>8</character_level>
<unit>wh_dlc04_vmp_inf_feasters_in_the_dusk_0</unit>
</campaign_mercenary_unit_character_level_restrictions>
<campaign_mercenary_unit_character_level_restrictions record_uuid="{6a4fdc3e-03ee-48fe-8d91-5331e2f16082}" record_timestamp="1470061599928" record_key="wh_dlc04_vmp_inf_konigstein_stalkers_0">
<character_level>3</character_level>
<unit>wh_dlc04_vmp_inf_konigstein_stalkers_0</unit>
</campaign_mercenary_unit_character_level_restrictions>
<campaign_mercenary_unit_character_level_restrictions record_uuid="{dcd8f337-c4e0-4c97-ba21-df67f1ffd81d}" record_timestamp="1470061599928" record_key="wh_dlc04_vmp_inf_sternsmen_0">
<character_level>13</character_level>
<unit>wh_dlc04_vmp_inf_sternsmen_0</unit>
</campaign_mercenary_unit_character_level_restrictions>
<campaign_mercenary_unit_character_level_restrictions record_uuid="{f10419a1-118c-41d5-86fb-2f2eff1a3888}" record_timestamp="1470061599927" record_key="wh_dlc04_vmp_inf_tithe_0">
<character_level>3</character_level>
<unit>wh_dlc04_vmp_inf_tithe_0</unit>
</campaign_mercenary_unit_character_level_restrictions>
<campaign_mercenary_unit_character_level_restrictions record_uuid="{dbaa2212-d5b7-48e0-b551-708e668f7cdf}" record_timestamp="1470061599927" record_key="wh_dlc04_vmp_mon_devils_swartzhafen_0">
<character_level>10</character_level>
<unit>wh_dlc04_vmp_mon_devils_swartzhafen_0</unit>
</campaign_mercenary_unit_character_level_restrictions>
<campaign_mercenary_unit_character_level_restrictions record_uuid="{a41669bf-85d2-4486-8c5b-ed9ead92182f}" record_timestamp="1470061599928" record_key="wh_dlc04_vmp_mon_direpack_0">
<character_level>5</character_level>
<unit>wh_dlc04_vmp_mon_direpack_0</unit>
</campaign_mercenary_unit_character_level_restrictions>
<campaign_mercenary_unit_character_level_restrictions record_uuid="{428e49ce-ca58-42e0-8875-a99e760c47db}" record_timestamp="1470061599928" record_key="wh_dlc04_vmp_veh_claw_of_nagash_0">
<character_level>20</character_level>
<unit>wh_dlc04_vmp_veh_claw_of_nagash_0</unit>
</campaign_mercenary_unit_character_level_restrictions>
</dataroot>
