<?xml version="1.0" encoding="UTF-8"?>
<dataroot xmlns:od="urn:schemas-microsoft-com:officedata" xmlns:xsi="http://www.w3.org/2001/XMLSchema-instance" xsi:noNamespaceSchemaLocation="campaign_markers.xsd" export_time="Tue Nov 24 11:29:39 2015" revision="6" export_branch="C:/TotalWar/warhammer/binaries/intermediate" export_user="bob">
<edit_uuid>4d10d85c-e80b-47c2-8fd6-9f93f56dc476</edit_uuid>
<campaign_markers record_uuid="{52f86b8c-0781-4996-8661-3cd0640faee4}" record_timestamp="1448364558906" record_key="famous_battle_event_markerwh_feature_all">
<file>prefabs\campaign\famous_battle_marker.bmd</file>
<group>wh_feature_all</group>
<key>famous_battle_event_marker</key>
</campaign_markers>
<campaign_markers record_uuid="{14a37fcf-00e7-496f-8cc1-ab8780189943}" record_timestamp="1448359343003" record_key="mission_quest_markerwh_feature_all">
<file>prefabs/campaign/quest_battle_marker.bmd</file>
<group>wh_feature_all</group>
<key>mission_quest_marker</key>
</campaign_markers>
</dataroot>
