<?xml version="1.0" encoding="UTF-8"?>
<dataroot xmlns:od="urn:schemas-microsoft-com:officedata" xmlns:xsi="http://www.w3.org/2001/XMLSchema-instance" xsi:noNamespaceSchemaLocation="campaign_bonus_value_ids_unit_caste.xsd" export_time="Wed Apr 20 12:44:38 2016" revision="17" export_branch="T:/branches/warhammer/beastmen/warhammer/binaries.x64" export_user="bob">
<edit_uuid>f21f0427-cd67-4eeb-8a8d-799e68c48489</edit_uuid>
<campaign_bonus_value_ids_unit_caste record_uuid="{c4d6851e-ed43-483c-ae60-9ef553722a9e}" record_key="armour_mod">
<key>armour_mod</key>
<notes>Added to armour unit stat (m_armour_attack). Applied to unit stats, can come from force's or unit-commanding character's bonuses.</notes>
</campaign_bonus_value_ids_unit_caste>
<campaign_bonus_value_ids_unit_caste record_uuid="{b243d8b4-cd2d-4231-acef-edb00111e947}" record_key="cost_mod">
<key>cost_mod</key>
<notes>Percentage modifier to unit cost. Used from province and sea-region bonuses when recruiting</notes>
</campaign_bonus_value_ids_unit_caste>
<campaign_bonus_value_ids_unit_caste record_uuid="{7be777e9-a40a-4388-a7ab-a1f1d5a5b512}" record_timestamp="1438698462571" record_key="damage_resistance_all_mod">
<key>damage_resistance_all_mod</key>
<notes>Additive bonus for all damage resistance, used at character and force bonuses.</notes>
</campaign_bonus_value_ids_unit_caste>
<campaign_bonus_value_ids_unit_caste record_uuid="{5cb6c2e7-e387-46bd-a1db-176fcbe074f0}" record_timestamp="1438698462511" record_key="damage_resistance_flame_mod">
<key>damage_resistance_flame_mod</key>
<notes>Additive bonus for flame damage resistance, used at character and force bonuses.</notes>
</campaign_bonus_value_ids_unit_caste>
<campaign_bonus_value_ids_unit_caste record_uuid="{bf0c4424-a135-4499-864b-df3bd7935e6f}" record_timestamp="1438698463199" record_key="damage_resistance_magic_mod">
<key>damage_resistance_magic_mod</key>
<notes>Additive bonus for magic damage resistance, used at character and force bonuses.</notes>
</campaign_bonus_value_ids_unit_caste>
<campaign_bonus_value_ids_unit_caste record_uuid="{7a74dcb9-bae9-4c1d-89eb-5da346a09e1d}" record_timestamp="1438698463068" record_key="damage_resistance_missile_mod">
<key>damage_resistance_missile_mod</key>
<notes>Additive bonus for missile damage resistance, used at character and force bonuses.</notes>
</campaign_bonus_value_ids_unit_caste>
<campaign_bonus_value_ids_unit_caste record_uuid="{ef65b7bb-b53d-47f6-95f2-65031e663714}" record_timestamp="1438698463133" record_key="damage_resistance_physical_mod">
<key>damage_resistance_physical_mod</key>
<notes>Additive bonus for physical damage resistance, used at character and force bonuses.</notes>
</campaign_bonus_value_ids_unit_caste>
<campaign_bonus_value_ids_unit_caste record_uuid="{013260bf-b13b-4d3b-9dca-abf3a073c615}" record_timestamp="1438698462632" record_key="damage_vs_large_entities">
<key>damage_vs_large_entities</key>
<notes>Additive bonus for damage vs large entities, used at character and force bonuses.</notes>
</campaign_bonus_value_ids_unit_caste>
<campaign_bonus_value_ids_unit_caste record_uuid="{9d85d7d7-abb7-4491-b3bc-f192a725de22}" record_key="melee_attack_mod">
<key>melee_attack_mod</key>
<notes>Added to melee attack stat. Used from force's or unit-commanding character's bonuses.</notes>
</campaign_bonus_value_ids_unit_caste>
<campaign_bonus_value_ids_unit_caste record_uuid="{d674be2c-dbd1-4617-b729-fb02ac5cff49}" record_timestamp="1438698462819" record_key="melee_damage_ap_mod_add">
<key>melee_damage_ap_mod_add</key>
<notes>Additive bonus for melee ap damage, used at character and force bonuses.</notes>
</campaign_bonus_value_ids_unit_caste>
<campaign_bonus_value_ids_unit_caste record_uuid="{e84ff0ac-770a-4002-9767-72c45f27e0bc}" record_timestamp="1438698462881" record_key="melee_damage_ap_mod_mult">
<key>melee_damage_ap_mod_mult</key>
<notes>Multiplicative bonus for melee ap damage, used at character and force bonuses.</notes>
</campaign_bonus_value_ids_unit_caste>
<campaign_bonus_value_ids_unit_caste record_uuid="{3a29d339-fe89-4257-997c-024f5b4686fb}" record_timestamp="1438698462944" record_key="melee_damage_mod_add">
<key>melee_damage_mod_add</key>
<notes>Additive bonus for melee damage, used at character and force bonuses.</notes>
</campaign_bonus_value_ids_unit_caste>
<campaign_bonus_value_ids_unit_caste record_uuid="{1e0ed8f1-05ea-4493-a1db-91c6214a6f59}" record_timestamp="1438698463007" record_key="melee_damage_mod_mult">
<key>melee_damage_mod_mult</key>
<notes>Multiplicative bonus for melee damage, used at character and force bonuses.</notes>
</campaign_bonus_value_ids_unit_caste>
<campaign_bonus_value_ids_unit_caste record_uuid="{731b2c7a-e669-49a0-896a-ad2f13b87c86}" record_key="melee_defence_mod">
<key>melee_defence_mod</key>
<notes>Added to melee defence stat (m_melee_defence). Used from force's or unit-commanding character's bonuses.</notes>
</campaign_bonus_value_ids_unit_caste>
<campaign_bonus_value_ids_unit_caste record_uuid="{44ccca79-9860-4f0f-bc17-198ee1e05eb6}" record_timestamp="1438772044875" record_key="miscast_chance_mod">
<key>miscast_chance_mod</key>
<notes>Percentage modifier on miscast chance. Used at character and force bonuses.</notes>
</campaign_bonus_value_ids_unit_caste>
<campaign_bonus_value_ids_unit_caste record_uuid="{837303ba-b5e1-479d-ae4a-0f4ed7710a98}" record_timestamp="1438698462694" record_key="missile_damage_ap_mod_mult">
<key>missile_damage_ap_mod_mult</key>
<notes>Multiplicative bonus for missile ap damage, used at character and force bonuses.</notes>
</campaign_bonus_value_ids_unit_caste>
<campaign_bonus_value_ids_unit_caste record_uuid="{ef618cf0-3088-4cbc-8505-246cc0f794e6}" record_timestamp="1438698462757" record_key="missile_damage_mod_mult">
<key>missile_damage_mod_mult</key>
<notes>Multiplicative bonus for missile damage, used at character and force bonuses.</notes>
</campaign_bonus_value_ids_unit_caste>
<campaign_bonus_value_ids_unit_caste record_uuid="{a2947170-24a5-4524-9a20-ae14a86a730e}" record_timestamp="1461152289169" record_key="morale">
<key>morale</key>
<notes>Increase unit morale. Used from force's or unit-commanding character's bonuses.</notes>
</campaign_bonus_value_ids_unit_caste>
<campaign_bonus_value_ids_unit_caste record_uuid="{ef6bf06f-85d3-4d67-96bb-ab09471188b5}" record_timestamp="1440684507313" record_key="splash_attack_power_mod_add">
<key>splash_attack_power_mod_add</key>
<notes>Additive modifier to unit splash attack multiplier. Used at character and force bonuses.</notes>
</campaign_bonus_value_ids_unit_caste>
<campaign_bonus_value_ids_unit_caste record_uuid="{7d971041-72e8-4ab2-93f4-310985183d13}" record_timestamp="1409069706747" record_key="unit_fatigue_resistance_mod">
<key>unit_fatigue_resistance_mod</key>
<notes>Percentage modifier unit fatigue restistance. Negative values increase resistance. Used at military force bonuses.</notes>
</campaign_bonus_value_ids_unit_caste>
<campaign_bonus_value_ids_unit_caste record_uuid="{17fdf83e-e5a0-4b96-9d5d-f7687f2d4131}" record_timestamp="1438772044852" record_key="unit_flaming_attack_mod">
<key>unit_flaming_attack_mod</key>
<notes>Additive bonus for flaming attack damage, used at character and force bonuses.</notes>
</campaign_bonus_value_ids_unit_caste>
<campaign_bonus_value_ids_unit_caste record_uuid="{237c5ff2-c3f1-4f46-903e-001a8ee21c90}" record_timestamp="1398353078090" record_key="unit_starting_fatigue_state">
<key>unit_starting_fatigue_state</key>
<notes>Unit starting fatigue state. Used as a max value (does not stack). 0 = fresh, 5 = exhausted. Used at military force bonuses.</notes>
</campaign_bonus_value_ids_unit_caste>
<campaign_bonus_value_ids_unit_caste record_uuid="{9a6e887a-93db-4828-b92a-9d74ae24068f}" record_key="unit_xp_mod">
<key>unit_xp_mod</key>
<notes>Added to recruitment XP for units. Used from province and sea-region bonuses when recruiting</notes>
</campaign_bonus_value_ids_unit_caste>
<campaign_bonus_value_ids_unit_caste record_uuid="{9480b6b5-7d7f-4cb4-aff8-79eddcba403b}" record_key="upkeep_mod">
<key>upkeep_mod</key>
<notes>Percentage modifier for unit upkeep. Used from military force bonuses.</notes>
</campaign_bonus_value_ids_unit_caste>
<campaign_bonus_value_ids_unit_caste record_uuid="{50428266-4adb-4204-8781-f7d28ad74f02}" record_timestamp="1430928261552" record_key="vampiric_mercenary_recruitment_capacity">
<key>vampiric_mercenary_recruitment_capacity</key>
<notes>Accumulated across all sources and then modified by sinusoidal function before being added to capacity of vampiric mercenary pools.</notes>
</campaign_bonus_value_ids_unit_caste>
<campaign_bonus_value_ids_unit_caste record_uuid="{fb9d4d4b-eeed-4cfd-9d8f-0832ac8c713c}" record_timestamp="1430928261552" record_key="vampiric_mercenary_recruitment_replenishment_rate">
<key>vampiric_mercenary_recruitment_replenishment_rate</key>
<notes>Accumulated across all sources and then modified by sinusoidal function before being added to replenishment rate of vampiric mercenary pools.</notes>
</campaign_bonus_value_ids_unit_caste>
</dataroot>
