<?xml version="1.0" encoding="UTF-8"?>
<dataroot xmlns:od="urn:schemas-microsoft-com:officedata" xmlns:xsi="http://www.w3.org/2001/XMLSchema-instance" xsi:noNamespaceSchemaLocation="campaign_mount_animation_set_overrides.xsd" export_time="Tue Aug 16 17:36:35 2016" revision="38" export_branch="T:/branches/warhammer/sigmar/warhammer/binaries.x64" export_user="bob">
<edit_uuid>1c6eb5bd-2817-4608-b194-c49df8b191f8</edit_uuid>
<campaign_mount_animation_set_overrides record_uuid="{699022b6-31bb-43c7-b6cd-c83b9ab5c1ca}" record_timestamp="1471365395992" record_key="cam_hu1_arch_lector_dual_hammerwh_dlc04_emp_cha_arch_lector_1">
<character_animation_set>cam_hu1_arch_lector_dual_hammer</character_animation_set>
<mount_unit>wh_dlc04_emp_cha_arch_lector_1</mount_unit>
<rider_animation_set>cam_hu1_empire_hr1_warhorse_lance_sword_shield</rider_animation_set>
</campaign_mount_animation_set_overrides>
<campaign_mount_animation_set_overrides record_uuid="{183d4926-79bb-495a-9160-7d1f2e96e979}" record_timestamp="1471365395992" record_key="cam_hu1_arch_lector_dual_hammerwh_dlc04_emp_cha_arch_lector_2">
<character_animation_set>cam_hu1_arch_lector_dual_hammer</character_animation_set>
<mount_unit>wh_dlc04_emp_cha_arch_lector_2</mount_unit>
<rider_animation_set>cam_hu1_empire_hr1_warhorse_lance_sword_shield</rider_animation_set>
</campaign_mount_animation_set_overrides>
<campaign_mount_animation_set_overrides record_uuid="{946b3870-77a0-4ef7-814d-3acf0303bc8b}" record_timestamp="1435150670064" record_key="cam_hu1_empire_hammer_and_bookwh_main_emp_cha_warrior_priest_1">
<character_animation_set>cam_hu1_empire_hammer_and_book</character_animation_set>
<mount_unit>wh_main_emp_cha_warrior_priest_1</mount_unit>
<rider_animation_set>cam_hu1_empire_hr1_warhorse_hammer_and_book</rider_animation_set>
</campaign_mount_animation_set_overrides>
<campaign_mount_animation_set_overrides record_uuid="{868cf61c-3bae-4901-9789-a3f68b2abdbe}" record_timestamp="1435150670064" record_key="cam_hu1_empire_hammer_and_bookwh_main_emp_cha_warrior_priest_2">
<character_animation_set>cam_hu1_empire_hammer_and_book</character_animation_set>
<mount_unit>wh_main_emp_cha_warrior_priest_2</mount_unit>
<rider_animation_set>cam_hu1_empire_hr1_warhorse_hammer_and_book</rider_animation_set>
</campaign_mount_animation_set_overrides>
<campaign_mount_animation_set_overrides record_uuid="{e099330e-98df-4e89-b389-8c15d2aa729d}" record_timestamp="1435150670063" record_key="cam_hu1_empire_hammerwh_main_emp_cha_karl_franz_1">
<character_animation_set>cam_hu1_empire_hammer</character_animation_set>
<mount_unit>wh_main_emp_cha_karl_franz_1</mount_unit>
<rider_animation_set>cam_hu1_empire_bc2_wb_griffon_hammer</rider_animation_set>
</campaign_mount_animation_set_overrides>
<campaign_mount_animation_set_overrides record_uuid="{3acb1326-2ef6-4cc1-abc1-ea94be47f370}" record_timestamp="1435150670063" record_key="cam_hu1_empire_hammerwh_main_emp_cha_karl_franz_2">
<character_animation_set>cam_hu1_empire_hammer</character_animation_set>
<mount_unit>wh_main_emp_cha_karl_franz_2</mount_unit>
<rider_animation_set>cam_hu1_empire_hr1_warhorse_hammer</rider_animation_set>
</campaign_mount_animation_set_overrides>
<campaign_mount_animation_set_overrides record_uuid="{5cd8b4b5-1dd6-4110-b272-676f0c8bd901}" record_timestamp="1435150670063" record_key="cam_hu1_empire_hammerwh_main_emp_cha_karl_franz_3">
<character_animation_set>cam_hu1_empire_hammer</character_animation_set>
<mount_unit>wh_main_emp_cha_karl_franz_3</mount_unit>
<rider_animation_set>cam_hu1_empire_hr1_warhorse_hammer</rider_animation_set>
</campaign_mount_animation_set_overrides>
<campaign_mount_animation_set_overrides record_uuid="{c27eac93-62d1-45d4-86e9-7c7cd1624187}" record_timestamp="1435150670063" record_key="cam_hu1_empire_hammerwh_main_emp_cha_karl_franz_4">
<character_animation_set>cam_hu1_empire_hammer</character_animation_set>
<mount_unit>wh_main_emp_cha_karl_franz_4</mount_unit>
<rider_animation_set>cam_hu1_empire_hr1_warhorse_hammer</rider_animation_set>
</campaign_mount_animation_set_overrides>
<campaign_mount_animation_set_overrides record_uuid="{e7c3a910-ba19-4ada-87b2-6da12f4c80b6}" record_timestamp="1463480571016" record_key="cam_hu1_empire_staff_and_swordwh_dlc03_emp_cha_wizard_beasts_1">
<character_animation_set>cam_hu1_empire_staff_and_sword</character_animation_set>
<mount_unit>wh_dlc03_emp_cha_wizard_beasts_1</mount_unit>
<rider_animation_set>cam_hu1_empire_hr1_warhorse_staff_and_sword</rider_animation_set>
</campaign_mount_animation_set_overrides>
<campaign_mount_animation_set_overrides record_uuid="{9bab400c-b07d-415a-bd58-4c3dc2df9fa5}" record_timestamp="1463480571065" record_key="cam_hu1_empire_staff_and_swordwh_dlc03_emp_cha_wizard_beasts_2">
<character_animation_set>cam_hu1_empire_staff_and_sword</character_animation_set>
<mount_unit>wh_dlc03_emp_cha_wizard_beasts_2</mount_unit>
<rider_animation_set>cam_hu1_empire_hr1_warhorse_staff_and_sword</rider_animation_set>
</campaign_mount_animation_set_overrides>
<campaign_mount_animation_set_overrides record_uuid="{ba39d15b-bdc4-437d-9c3f-9e9abbd0eb39}" record_timestamp="1463480570919" record_key="cam_hu1_empire_staff_and_swordwh_dlc03_emp_cha_wizard_beasts_3">
<character_animation_set>cam_hu1_empire_staff_and_sword</character_animation_set>
<mount_unit>wh_dlc03_emp_cha_wizard_beasts_3</mount_unit>
<rider_animation_set>cam_hu1_empire_hr1_warhorse_staff_and_sword</rider_animation_set>
</campaign_mount_animation_set_overrides>
<campaign_mount_animation_set_overrides record_uuid="{9dec5cf0-3ea4-4778-ae0c-115869641259}" record_timestamp="1463480570968" record_key="cam_hu1_empire_staff_and_swordwh_dlc03_emp_cha_wizard_beasts_4">
<character_animation_set>cam_hu1_empire_staff_and_sword</character_animation_set>
<mount_unit>wh_dlc03_emp_cha_wizard_beasts_4</mount_unit>
<rider_animation_set>cam_hu1_empire_hr1_warhorse_staff_and_sword</rider_animation_set>
</campaign_mount_animation_set_overrides>
<campaign_mount_animation_set_overrides record_uuid="{240d43b1-9445-4216-98e0-0dad2cf7b9ad}" record_timestamp="1470819723372" record_key="cam_hu1_empire_staff_and_swordwh_dlc04_vmp_cha_helman_ghorst_1">
<character_animation_set>cam_hu1_empire_staff_and_sword</character_animation_set>
<mount_unit>wh_dlc04_vmp_cha_helman_ghorst_1</mount_unit>
<rider_animation_set>cam_hu1_empire_wm_corpsecart01_staff_and_sword</rider_animation_set>
</campaign_mount_animation_set_overrides>
<campaign_mount_animation_set_overrides record_uuid="{08c6990e-c685-4e9c-8c1d-498972636b1d}" record_timestamp="1470819723388" record_key="cam_hu1_empire_staff_and_swordwh_dlc04_vmp_cha_master_necromancer_1">
<character_animation_set>cam_hu1_empire_staff_and_sword</character_animation_set>
<mount_unit>wh_dlc04_vmp_cha_master_necromancer_1</mount_unit>
<rider_animation_set>cam_hu1_empire_wm_corpsecart01_staff_and_sword</rider_animation_set>
</campaign_mount_animation_set_overrides>
<campaign_mount_animation_set_overrides record_uuid="{0daf485a-84fb-4ebf-84c5-217dc144038f}" record_timestamp="1470819723404" record_key="cam_hu1_empire_staff_and_swordwh_dlc04_vmp_cha_master_necromancer_2">
<character_animation_set>cam_hu1_empire_staff_and_sword</character_animation_set>
<mount_unit>wh_dlc04_vmp_cha_master_necromancer_2</mount_unit>
<rider_animation_set>cam_hu1_empire_wm_corpsecart01_staff_and_sword</rider_animation_set>
</campaign_mount_animation_set_overrides>
<campaign_mount_animation_set_overrides record_uuid="{63418400-fede-47db-ada0-446e684cd58d}" record_timestamp="1470819723412" record_key="cam_hu1_empire_staff_and_swordwh_dlc04_vmp_cha_master_necromancer_3">
<character_animation_set>cam_hu1_empire_staff_and_sword</character_animation_set>
<mount_unit>wh_dlc04_vmp_cha_master_necromancer_3</mount_unit>
<rider_animation_set>cam_hu1_empire_wm_corpsecart01_staff_and_sword</rider_animation_set>
</campaign_mount_animation_set_overrides>
<campaign_mount_animation_set_overrides record_uuid="{b40174c1-b671-4822-b287-46f324f9ae8a}" record_timestamp="1470819723422" record_key="cam_hu1_empire_staff_and_swordwh_dlc04_vmp_cha_necromancer_1">
<character_animation_set>cam_hu1_empire_staff_and_sword</character_animation_set>
<mount_unit>wh_dlc04_vmp_cha_necromancer_1</mount_unit>
<rider_animation_set>cam_hu1_empire_wm_corpsecart01_staff_and_sword</rider_animation_set>
</campaign_mount_animation_set_overrides>
<campaign_mount_animation_set_overrides record_uuid="{ec82b5ef-d3e4-4b6c-be72-a91005d4a390}" record_timestamp="1470819723431" record_key="cam_hu1_empire_staff_and_swordwh_dlc04_vmp_cha_necromancer_2">
<character_animation_set>cam_hu1_empire_staff_and_sword</character_animation_set>
<mount_unit>wh_dlc04_vmp_cha_necromancer_2</mount_unit>
<rider_animation_set>cam_hu1_empire_wm_corpsecart01_staff_and_sword</rider_animation_set>
</campaign_mount_animation_set_overrides>
<campaign_mount_animation_set_overrides record_uuid="{045abfbc-be8b-412d-ad33-b35647201dfd}" record_timestamp="1470819723440" record_key="cam_hu1_empire_staff_and_swordwh_dlc04_vmp_cha_necromancer_3">
<character_animation_set>cam_hu1_empire_staff_and_sword</character_animation_set>
<mount_unit>wh_dlc04_vmp_cha_necromancer_3</mount_unit>
<rider_animation_set>cam_hu1_empire_wm_corpsecart01_staff_and_sword</rider_animation_set>
</campaign_mount_animation_set_overrides>
<campaign_mount_animation_set_overrides record_uuid="{f24bac9c-8be5-4952-ab5a-de41892b87c3}" record_timestamp="1435150670063" record_key="cam_hu1_empire_staff_and_swordwh_main_emp_cha_balthasar_gelt_1">
<character_animation_set>cam_hu1_empire_staff_and_sword</character_animation_set>
<mount_unit>wh_main_emp_cha_balthasar_gelt_1</mount_unit>
<rider_animation_set>cam_hu1_empire_hr1_warhorse_staff_and_sword</rider_animation_set>
</campaign_mount_animation_set_overrides>
<campaign_mount_animation_set_overrides record_uuid="{b45556f1-872d-41bf-b815-b5bddfc2e84b}" record_timestamp="1435150670061" record_key="cam_hu1_empire_staff_and_swordwh_main_emp_cha_wizard_fire_1">
<character_animation_set>cam_hu1_empire_staff_and_sword</character_animation_set>
<mount_unit>wh_main_emp_cha_wizard_fire_1</mount_unit>
<rider_animation_set>cam_hu1_empire_hr1_warhorse_staff_and_sword</rider_animation_set>
</campaign_mount_animation_set_overrides>
<campaign_mount_animation_set_overrides record_uuid="{d3fbc300-32c6-4b40-900e-e56c16d8f5d3}" record_timestamp="1458126124432" record_key="cam_hu1_empire_staff_and_swordwh_main_emp_cha_wizard_fire_2">
<character_animation_set>cam_hu1_empire_staff_and_sword</character_animation_set>
<mount_unit>wh_main_emp_cha_wizard_fire_2</mount_unit>
<rider_animation_set>cam_hu1_empire_hr1_warhorse_staff_and_sword</rider_animation_set>
</campaign_mount_animation_set_overrides>
<campaign_mount_animation_set_overrides record_uuid="{95beb8eb-0396-4e12-b1f3-d2a0349c36d2}" record_timestamp="1435150670061" record_key="cam_hu1_empire_staff_and_swordwh_main_emp_cha_wizard_fire_3">
<character_animation_set>cam_hu1_empire_staff_and_sword</character_animation_set>
<mount_unit>wh_main_emp_cha_wizard_fire_3</mount_unit>
<rider_animation_set>cam_hu1_empire_hr1_warhorse_staff_and_sword</rider_animation_set>
</campaign_mount_animation_set_overrides>
<campaign_mount_animation_set_overrides record_uuid="{bf62b069-f445-4b02-abaa-aef3dae8e970}" record_timestamp="1435150670061" record_key="cam_hu1_empire_staff_and_swordwh_main_emp_cha_wizard_heavens_1">
<character_animation_set>cam_hu1_empire_staff_and_sword</character_animation_set>
<mount_unit>wh_main_emp_cha_wizard_heavens_1</mount_unit>
<rider_animation_set>cam_hu1_empire_hr1_warhorse_staff_and_sword</rider_animation_set>
</campaign_mount_animation_set_overrides>
<campaign_mount_animation_set_overrides record_uuid="{b87436f3-50f3-4bec-bb1f-e4f605482ae6}" record_timestamp="1458126124826" record_key="cam_hu1_empire_staff_and_swordwh_main_emp_cha_wizard_heavens_2">
<character_animation_set>cam_hu1_empire_staff_and_sword</character_animation_set>
<mount_unit>wh_main_emp_cha_wizard_heavens_2</mount_unit>
<rider_animation_set>cam_hu1_empire_hr1_warhorse_staff_and_sword</rider_animation_set>
</campaign_mount_animation_set_overrides>
<campaign_mount_animation_set_overrides record_uuid="{ddbdd5d1-998c-452f-b807-99725a57a79b}" record_timestamp="1435150670061" record_key="cam_hu1_empire_staff_and_swordwh_main_emp_cha_wizard_heavens_4">
<character_animation_set>cam_hu1_empire_staff_and_sword</character_animation_set>
<mount_unit>wh_main_emp_cha_wizard_heavens_4</mount_unit>
<rider_animation_set>cam_hu1_empire_hr1_warhorse_staff_and_sword</rider_animation_set>
</campaign_mount_animation_set_overrides>
<campaign_mount_animation_set_overrides record_uuid="{a0ba4416-1ddf-4d54-8efb-6a7e844cd285}" record_timestamp="1435150670062" record_key="cam_hu1_empire_staff_and_swordwh_main_emp_cha_wizard_light_1">
<character_animation_set>cam_hu1_empire_staff_and_sword</character_animation_set>
<mount_unit>wh_main_emp_cha_wizard_light_1</mount_unit>
<rider_animation_set>cam_hu1_empire_hr1_warhorse_staff_and_sword</rider_animation_set>
</campaign_mount_animation_set_overrides>
<campaign_mount_animation_set_overrides record_uuid="{e49a8ae7-2987-4ac3-8159-f425908f56b7}" record_timestamp="1458126124832" record_key="cam_hu1_empire_staff_and_swordwh_main_emp_cha_wizard_light_2">
<character_animation_set>cam_hu1_empire_staff_and_sword</character_animation_set>
<mount_unit>wh_main_emp_cha_wizard_light_2</mount_unit>
<rider_animation_set>cam_hu1_empire_hr1_warhorse_staff_and_sword</rider_animation_set>
</campaign_mount_animation_set_overrides>
<campaign_mount_animation_set_overrides record_uuid="{df0506ae-7594-43a7-8577-7180c26f15a0}" record_timestamp="1435150670061" record_key="cam_hu1_empire_staff_and_swordwh_main_emp_cha_wizard_light_4">
<character_animation_set>cam_hu1_empire_staff_and_sword</character_animation_set>
<mount_unit>wh_main_emp_cha_wizard_light_4</mount_unit>
<rider_animation_set>cam_hu1_empire_hr1_warhorse_staff_and_sword</rider_animation_set>
</campaign_mount_animation_set_overrides>
<campaign_mount_animation_set_overrides record_uuid="{86d1b63a-3521-47ad-a8b6-e56f483c6b65}" record_timestamp="1435150670059" record_key="cam_hu1_empire_staff_and_swordwh_main_ksl_cha_wizard_1">
<character_animation_set>cam_hu1_empire_staff_and_sword</character_animation_set>
<mount_unit>wh_main_ksl_cha_wizard_1</mount_unit>
<rider_animation_set>cam_hu1_empire_hr1_warhorse_staff_and_sword</rider_animation_set>
</campaign_mount_animation_set_overrides>
<campaign_mount_animation_set_overrides record_uuid="{342e705a-1170-4f18-b31f-0311b4356a86}" record_timestamp="1435150670060" record_key="cam_hu1_empire_staff_and_swordwh_main_teb_cha_wizard_1">
<character_animation_set>cam_hu1_empire_staff_and_sword</character_animation_set>
<mount_unit>wh_main_teb_cha_wizard_1</mount_unit>
<rider_animation_set>cam_hu1_empire_hr1_warhorse_staff_and_sword</rider_animation_set>
</campaign_mount_animation_set_overrides>
<campaign_mount_animation_set_overrides record_uuid="{4619023f-c9cc-4a90-b591-f9d138b602ca}" record_timestamp="1450187575043" record_key="cam_hu1_empire_staff_and_swordwh_main_vmp_cha_mannfred_von_carstein_2">
<character_animation_set>cam_hu1_empire_staff_and_sword</character_animation_set>
<mount_unit>wh_main_vmp_cha_mannfred_von_carstein_2</mount_unit>
<rider_animation_set>cam_hu1_empire_hr1_warhorse_sword</rider_animation_set>
</campaign_mount_animation_set_overrides>
<campaign_mount_animation_set_overrides record_uuid="{aba0a3b8-6e4d-4a48-8ea8-1974349111d0}" record_timestamp="1459940557757" record_key="cam_hu1_empire_staff_and_swordwh_main_vmp_cha_mannfred_von_carstein_3">
<character_animation_set>cam_hu1_empire_staff_and_sword</character_animation_set>
<mount_unit>wh_main_vmp_cha_mannfred_von_carstein_3</mount_unit>
<rider_animation_set>cam_hu1_empire_dr1_dragon_wb_sword_and_shield</rider_animation_set>
</campaign_mount_animation_set_overrides>
<campaign_mount_animation_set_overrides record_uuid="{6d3139de-4d2a-4361-99fd-99f8591be80d}" record_timestamp="1450187575027" record_key="cam_hu1_empire_staff_and_swordwh_main_vmp_cha_mannfred_von_carstein_4">
<character_animation_set>cam_hu1_empire_staff_and_sword</character_animation_set>
<mount_unit>wh_main_vmp_cha_mannfred_von_carstein_4</mount_unit>
<rider_animation_set>cam_hu1_empire_hr1_warhorse_sword</rider_animation_set>
</campaign_mount_animation_set_overrides>
<campaign_mount_animation_set_overrides record_uuid="{9651b00c-a643-4b46-8a96-1fcdc5f7b158}" record_timestamp="1435150670061" record_key="cam_hu1_empire_staff_and_swordwh_main_vmp_cha_master_necromancer_4">
<character_animation_set>cam_hu1_empire_staff_and_sword</character_animation_set>
<mount_unit>wh_main_vmp_cha_master_necromancer_4</mount_unit>
<rider_animation_set>cam_hu1_empire_hr1_warhorse_staff_and_sword</rider_animation_set>
</campaign_mount_animation_set_overrides>
<campaign_mount_animation_set_overrides record_uuid="{edf822e3-1550-4155-b6b3-58bf927e07a3}" record_timestamp="1435150670059" record_key="cam_hu1_empire_staff_and_swordwh_main_vmp_cha_master_necromancer_5">
<character_animation_set>cam_hu1_empire_staff_and_sword</character_animation_set>
<mount_unit>wh_main_vmp_cha_master_necromancer_5</mount_unit>
<rider_animation_set>cam_hu1_empire_hr1_warhorse_staff_and_sword</rider_animation_set>
</campaign_mount_animation_set_overrides>
<campaign_mount_animation_set_overrides record_uuid="{7fb6ad64-55f5-41bc-8d87-6a406a7405f6}" record_timestamp="1435150670059" record_key="cam_hu1_empire_staff_and_swordwh_main_vmp_cha_necromancer_5">
<character_animation_set>cam_hu1_empire_staff_and_sword</character_animation_set>
<mount_unit>wh_main_vmp_cha_necromancer_5</mount_unit>
<rider_animation_set>cam_hu1_empire_hr1_warhorse_staff_and_sword</rider_animation_set>
</campaign_mount_animation_set_overrides>
<campaign_mount_animation_set_overrides record_uuid="{c139dcf3-bbda-4e0f-9518-eec6c230be8a}" record_timestamp="1469792179610" record_key="cam_hu1_empire_sword_and_shieldwh_dlc03_emp_cha_boris_todbringer_1">
<character_animation_set>cam_hu1_empire_sword_and_shield</character_animation_set>
<mount_unit>wh_dlc03_emp_cha_boris_todbringer_1</mount_unit>
<rider_animation_set>cam_hu1_empire_hr1_warhorse_lance_sword_shield</rider_animation_set>
</campaign_mount_animation_set_overrides>
<campaign_mount_animation_set_overrides record_uuid="{64a90a5b-e80a-48ff-bee6-957b98b8c44f}" record_timestamp="1435150670066" record_key="cam_hu1_empire_sword_and_shieldwh_main_brt_cha_king_louen_leoncoeur_1">
<character_animation_set>cam_hu1_empire_sword_and_shield</character_animation_set>
<mount_unit>wh_main_brt_cha_king_louen_leoncoeur_1</mount_unit>
<rider_animation_set>cam_hu1_bretonnian_bc2b_hippogryph_wb_sword_shield</rider_animation_set>
</campaign_mount_animation_set_overrides>
<campaign_mount_animation_set_overrides record_uuid="{e1e18811-facc-435e-9e5c-5ff9f6ccdacd}" record_timestamp="1450196628197" record_key="cam_hu1_empire_sword_and_shieldwh_main_brt_cha_king_louen_leoncoeur_2">
<character_animation_set>cam_hu1_empire_sword_and_shield</character_animation_set>
<mount_unit>wh_main_brt_cha_king_louen_leoncoeur_2</mount_unit>
<rider_animation_set>cam_hu1_empire_hr1_pegasus_sword_and_shield</rider_animation_set>
</campaign_mount_animation_set_overrides>
<campaign_mount_animation_set_overrides record_uuid="{72443edd-2b36-4c29-9b70-ec87cc440079}" record_timestamp="1449842963172" record_key="cam_hu1_empire_sword_and_shieldwh_main_brt_cha_king_louen_leoncoeur_3">
<character_animation_set>cam_hu1_empire_sword_and_shield</character_animation_set>
<mount_unit>wh_main_brt_cha_king_louen_leoncoeur_3</mount_unit>
<rider_animation_set>cam_hu1_empire_hr1_pegasus_sword_and_shield</rider_animation_set>
</campaign_mount_animation_set_overrides>
<campaign_mount_animation_set_overrides record_uuid="{e067c162-0b2b-41e6-9022-cb4e2d80c4f6}" record_timestamp="1468494984176" record_key="cam_hu1_empire_sword_and_shieldwh_main_brt_cha_king_louen_leoncoeur_4">
<character_animation_set>cam_hu1_empire_sword_and_shield</character_animation_set>
<mount_unit>wh_main_brt_cha_king_louen_leoncoeur_4</mount_unit>
<rider_animation_set>cam_hu1_bretonnian_bc2b_hippogryph_wb_sword_shield</rider_animation_set>
</campaign_mount_animation_set_overrides>
<campaign_mount_animation_set_overrides record_uuid="{73db3e8e-e65c-40b9-8f61-7a0ee61dfae3}" record_timestamp="1435150670066" record_key="cam_hu1_empire_sword_and_shieldwh_main_brt_cha_lord_2">
<character_animation_set>cam_hu1_empire_sword_and_shield</character_animation_set>
<mount_unit>wh_main_brt_cha_lord_2</mount_unit>
<rider_animation_set>cam_hu1_bretonnian_bc2b_hippogryph_wb_lance_sword_shield</rider_animation_set>
</campaign_mount_animation_set_overrides>
<campaign_mount_animation_set_overrides record_uuid="{48e54035-52ac-470b-b4f4-dd659df042e8}" record_timestamp="1435150670066" record_key="cam_hu1_empire_sword_and_shieldwh_main_brt_cha_lord_3">
<character_animation_set>cam_hu1_empire_sword_and_shield</character_animation_set>
<mount_unit>wh_main_brt_cha_lord_3</mount_unit>
<rider_animation_set>cam_hu1_bretonnian_hr1_pegasus_lancer</rider_animation_set>
</campaign_mount_animation_set_overrides>
<campaign_mount_animation_set_overrides record_uuid="{b8c398fa-a78e-407c-a6bc-df44763a51e6}" record_timestamp="1435150670066" record_key="cam_hu1_empire_sword_and_shieldwh_main_brt_cha_lord_4">
<character_animation_set>cam_hu1_empire_sword_and_shield</character_animation_set>
<mount_unit>wh_main_brt_cha_lord_4</mount_unit>
<rider_animation_set>cam_hu1_empire_hr1_warhorse_lance_sword_shield</rider_animation_set>
</campaign_mount_animation_set_overrides>
<campaign_mount_animation_set_overrides record_uuid="{a54c290a-b019-4c64-a6da-d1921a464897}" record_timestamp="1435150670066" record_key="cam_hu1_empire_sword_and_shieldwh_main_brt_cha_paladin_3">
<character_animation_set>cam_hu1_empire_sword_and_shield</character_animation_set>
<mount_unit>wh_main_brt_cha_paladin_3</mount_unit>
<rider_animation_set>cam_hu1_bretonnian_hr1_pegasus_lancer</rider_animation_set>
</campaign_mount_animation_set_overrides>
<campaign_mount_animation_set_overrides record_uuid="{65000821-c730-4404-b614-af4aabed1e97}" record_timestamp="1435150670066" record_key="cam_hu1_empire_sword_and_shieldwh_main_brt_cha_paladin_4">
<character_animation_set>cam_hu1_empire_sword_and_shield</character_animation_set>
<mount_unit>wh_main_brt_cha_paladin_4</mount_unit>
<rider_animation_set>cam_hu1_empire_hr1_warhorse_lance_sword_shield</rider_animation_set>
</campaign_mount_animation_set_overrides>
<campaign_mount_animation_set_overrides record_uuid="{05c850e0-68a3-4337-bb72-b91279e16ef6}" record_timestamp="1435150670064" record_key="cam_hu1_empire_sword_and_shieldwh_main_emp_cha_captain_1">
<character_animation_set>cam_hu1_empire_sword_and_shield</character_animation_set>
<mount_unit>wh_main_emp_cha_captain_1</mount_unit>
<rider_animation_set>cam_hu1_empire_hr1_warhorse_lance_sword_shield</rider_animation_set>
</campaign_mount_animation_set_overrides>
<campaign_mount_animation_set_overrides record_uuid="{cb2ecbab-389a-4da4-85de-07b482d41787}" record_timestamp="1435150670064" record_key="cam_hu1_empire_sword_and_shieldwh_main_emp_cha_captain_2">
<character_animation_set>cam_hu1_empire_sword_and_shield</character_animation_set>
<mount_unit>wh_main_emp_cha_captain_2</mount_unit>
<rider_animation_set>cam_hu1_empire_hr1_warhorse_lance_sword_shield</rider_animation_set>
</campaign_mount_animation_set_overrides>
<campaign_mount_animation_set_overrides record_uuid="{20760687-15b6-4246-b82c-ce029f22bbc2}" record_timestamp="1435150670064" record_key="cam_hu1_empire_sword_and_shieldwh_main_emp_cha_captain_3">
<character_animation_set>cam_hu1_empire_sword_and_shield</character_animation_set>
<mount_unit>wh_main_emp_cha_captain_3</mount_unit>
<rider_animation_set>cam_hu1_empire_hr1_warhorse_lance_sword_shield</rider_animation_set>
</campaign_mount_animation_set_overrides>
<campaign_mount_animation_set_overrides record_uuid="{ff9779f6-e33b-44a0-aa24-c5df4a7ea03d}" record_timestamp="1435150670064" record_key="cam_hu1_empire_sword_and_shieldwh_main_emp_cha_general_1">
<character_animation_set>cam_hu1_empire_sword_and_shield</character_animation_set>
<mount_unit>wh_main_emp_cha_general_1</mount_unit>
<rider_animation_set>cam_hu1_empire_hr1_warhorse_lance_sword_shield</rider_animation_set>
</campaign_mount_animation_set_overrides>
<campaign_mount_animation_set_overrides record_uuid="{a738ad9a-7503-4b94-82f1-1b13bc489635}" record_timestamp="1435150670063" record_key="cam_hu1_empire_sword_and_shieldwh_main_emp_cha_general_2">
<character_animation_set>cam_hu1_empire_sword_and_shield</character_animation_set>
<mount_unit>wh_main_emp_cha_general_2</mount_unit>
<rider_animation_set>cam_hu1_empire_hr1_warhorse_lance_sword_shield</rider_animation_set>
</campaign_mount_animation_set_overrides>
<campaign_mount_animation_set_overrides record_uuid="{2d1c3fd1-7063-4366-b769-7af5c85018d8}" record_timestamp="1435150670064" record_key="cam_hu1_empire_sword_and_shieldwh_main_emp_cha_general_3">
<character_animation_set>cam_hu1_empire_sword_and_shield</character_animation_set>
<mount_unit>wh_main_emp_cha_general_3</mount_unit>
<rider_animation_set>cam_hu1_empire_bc2_griffon_wb_lance_sword_shield</rider_animation_set>
</campaign_mount_animation_set_overrides>
<campaign_mount_animation_set_overrides record_uuid="{e6855cea-3783-433e-ac86-790b691ba7ec}" record_timestamp="1435150670063" record_key="cam_hu1_empire_sword_and_shieldwh_main_emp_cha_general_4">
<character_animation_set>cam_hu1_empire_sword_and_shield</character_animation_set>
<mount_unit>wh_main_emp_cha_general_4</mount_unit>
<rider_animation_set>cam_hu1_empire_hr1_warhorse_lance_sword_shield</rider_animation_set>
</campaign_mount_animation_set_overrides>
<campaign_mount_animation_set_overrides record_uuid="{92cb35d7-3306-4be4-9fd4-f60d4d92f598}" record_timestamp="1435150670062" record_key="cam_hu1_empire_sword_and_shieldwh_main_ksl_cha_captain_1">
<character_animation_set>cam_hu1_empire_sword_and_shield</character_animation_set>
<mount_unit>wh_main_ksl_cha_captain_1</mount_unit>
<rider_animation_set>cam_hu1_empire_hr1_warhorse_lance_sword_shield</rider_animation_set>
</campaign_mount_animation_set_overrides>
<campaign_mount_animation_set_overrides record_uuid="{f9cafad4-7145-4b14-a55c-2288c352f369}" record_timestamp="1435150670060" record_key="cam_hu1_empire_sword_and_shieldwh_main_ksl_cha_captain_2">
<character_animation_set>cam_hu1_empire_sword_and_shield</character_animation_set>
<mount_unit>wh_main_ksl_cha_captain_2</mount_unit>
<rider_animation_set>cam_hu1_empire_hr1_warhorse_lance_sword_shield</rider_animation_set>
</campaign_mount_animation_set_overrides>
<campaign_mount_animation_set_overrides record_uuid="{2b0fcce6-8b57-45f7-a6f7-db0e60191be8}" record_timestamp="1435150670062" record_key="cam_hu1_empire_sword_and_shieldwh_main_ksl_cha_general_1">
<character_animation_set>cam_hu1_empire_sword_and_shield</character_animation_set>
<mount_unit>wh_main_ksl_cha_general_1</mount_unit>
<rider_animation_set>cam_hu1_empire_hr1_warhorse_lance_sword_shield</rider_animation_set>
</campaign_mount_animation_set_overrides>
<campaign_mount_animation_set_overrides record_uuid="{d6041abe-a56d-49cc-9daf-9eb20a131eb8}" record_timestamp="1435150670063" record_key="cam_hu1_empire_sword_and_shieldwh_main_ksl_cha_general_2">
<character_animation_set>cam_hu1_empire_sword_and_shield</character_animation_set>
<mount_unit>wh_main_ksl_cha_general_2</mount_unit>
<rider_animation_set>cam_hu1_empire_hr1_warhorse_lance_sword_shield</rider_animation_set>
</campaign_mount_animation_set_overrides>
<campaign_mount_animation_set_overrides record_uuid="{06b94eb3-9bdc-44a2-abaa-d01c96c70050}" record_timestamp="1435150670060" record_key="cam_hu1_empire_sword_and_shieldwh_main_teb_cha_captain_1">
<character_animation_set>cam_hu1_empire_sword_and_shield</character_animation_set>
<mount_unit>wh_main_teb_cha_captain_1</mount_unit>
<rider_animation_set>cam_hu1_empire_hr1_warhorse_lance_sword_shield</rider_animation_set>
</campaign_mount_animation_set_overrides>
<campaign_mount_animation_set_overrides record_uuid="{7f105b17-a608-45b4-a361-41b4e78ff845}" record_timestamp="1435150670060" record_key="cam_hu1_empire_sword_and_shieldwh_main_teb_cha_captain_2">
<character_animation_set>cam_hu1_empire_sword_and_shield</character_animation_set>
<mount_unit>wh_main_teb_cha_captain_2</mount_unit>
<rider_animation_set>cam_hu1_empire_hr1_warhorse_lance_sword_shield</rider_animation_set>
</campaign_mount_animation_set_overrides>
<campaign_mount_animation_set_overrides record_uuid="{ebe0bc1d-e76f-49dd-b201-44c4493105b8}" record_timestamp="1435150670060" record_key="cam_hu1_empire_sword_and_shieldwh_main_teb_cha_general_1">
<character_animation_set>cam_hu1_empire_sword_and_shield</character_animation_set>
<mount_unit>wh_main_teb_cha_general_1</mount_unit>
<rider_animation_set>cam_hu1_empire_hr1_warhorse_lance_sword_shield</rider_animation_set>
</campaign_mount_animation_set_overrides>
<campaign_mount_animation_set_overrides record_uuid="{9aebd947-e260-40d5-b84f-086d3c9cde25}" record_timestamp="1435150670060" record_key="cam_hu1_empire_sword_and_shieldwh_main_teb_cha_general_2">
<character_animation_set>cam_hu1_empire_sword_and_shield</character_animation_set>
<mount_unit>wh_main_teb_cha_general_2</mount_unit>
<rider_animation_set>cam_hu1_empire_hr1_warhorse_lance_sword_shield</rider_animation_set>
</campaign_mount_animation_set_overrides>
<campaign_mount_animation_set_overrides record_uuid="{10092441-564c-4fb6-b393-af794c8a58d5}" record_timestamp="1435150670061" record_key="cam_hu1_empire_sword_and_shieldwh_main_vmp_cha_vampire_lord_2">
<character_animation_set>cam_hu1_empire_sword_and_shield</character_animation_set>
<mount_unit>wh_main_vmp_cha_vampire_lord_2</mount_unit>
<rider_animation_set>cam_hu1_empire_hr1_warhorse_lance_sword_shield</rider_animation_set>
</campaign_mount_animation_set_overrides>
<campaign_mount_animation_set_overrides record_uuid="{3b5fc46b-0247-491c-89bf-01941e64b5e6}" record_timestamp="1459940557757" record_key="cam_hu1_empire_sword_and_shieldwh_main_vmp_cha_vampire_lord_3">
<character_animation_set>cam_hu1_empire_sword_and_shield</character_animation_set>
<mount_unit>wh_main_vmp_cha_vampire_lord_3</mount_unit>
<rider_animation_set>cam_hu1_empire_dr1_dragon_wb_sword_and_shield</rider_animation_set>
</campaign_mount_animation_set_overrides>
<campaign_mount_animation_set_overrides record_uuid="{0054c3a3-a0fb-4e44-9860-600e46c9aa92}" record_timestamp="1435150670061" record_key="cam_hu1_empire_sword_and_shieldwh_main_vmp_cha_vampire_lord_5">
<character_animation_set>cam_hu1_empire_sword_and_shield</character_animation_set>
<mount_unit>wh_main_vmp_cha_vampire_lord_5</mount_unit>
<rider_animation_set>cam_hu1_empire_hr1_warhorse_lance_sword_shield</rider_animation_set>
</campaign_mount_animation_set_overrides>
<campaign_mount_animation_set_overrides record_uuid="{966befdb-a341-46a8-918b-4a47540fe43a}" record_timestamp="1435150670059" record_key="cam_hu1_empire_sword_and_shieldwh_main_vmp_cha_wight_king_1">
<character_animation_set>cam_hu1_empire_sword_and_shield</character_animation_set>
<mount_unit>wh_main_vmp_cha_wight_king_1</mount_unit>
<rider_animation_set>cam_hu1_empire_hr1_warhorse_lance_sword_shield</rider_animation_set>
</campaign_mount_animation_set_overrides>
<campaign_mount_animation_set_overrides record_uuid="{3d0a7373-b6b3-4be2-b2db-e8d02169d08b}" record_timestamp="1435150670059" record_key="cam_hu1_empire_sword_and_shieldwh_main_vmp_cha_wight_king_2">
<character_animation_set>cam_hu1_empire_sword_and_shield</character_animation_set>
<mount_unit>wh_main_vmp_cha_wight_king_2</mount_unit>
<rider_animation_set>cam_hu1_empire_hr1_warhorse_lance_sword_shield</rider_animation_set>
</campaign_mount_animation_set_overrides>
<campaign_mount_animation_set_overrides record_uuid="{a4bd5318-9d49-4838-a1bf-f1ed66ffca18}" record_timestamp="1471358355716" record_key="cam_hu1_volkmar_staff_and_hammerwh_dlc04_emp_cha_volkmar_the_grim_1">
<character_animation_set>cam_hu1_volkmar_staff_and_hammer</character_animation_set>
<mount_unit>wh_dlc04_emp_cha_volkmar_the_grim_1</mount_unit>
<rider_animation_set>cam_hu1_empire_war_altar_staff_and_sword</rider_animation_set>
</campaign_mount_animation_set_overrides>
<campaign_mount_animation_set_overrides record_uuid="{987dc017-0d99-45e7-9f16-f2237a9d87ce}" record_timestamp="1471358355717" record_key="cam_hu1_volkmar_staff_and_hammerwh_dlc04_emp_cha_volkmar_the_grim_2">
<character_animation_set>cam_hu1_volkmar_staff_and_hammer</character_animation_set>
<mount_unit>wh_dlc04_emp_cha_volkmar_the_grim_2</mount_unit>
<rider_animation_set>cam_hu1_empire_hr1_warhorse_staff_and_sword</rider_animation_set>
</campaign_mount_animation_set_overrides>
<campaign_mount_animation_set_overrides record_uuid="{b2040386-c7ca-40ae-9a8f-cf89bbdd91d4}" record_timestamp="1471358355717" record_key="cam_hu1_volkmar_staff_and_hammerwh_dlc04_emp_cha_volkmar_the_grim_3">
<character_animation_set>cam_hu1_volkmar_staff_and_hammer</character_animation_set>
<mount_unit>wh_dlc04_emp_cha_volkmar_the_grim_3</mount_unit>
<rider_animation_set>cam_hu1_empire_hr1_warhorse_staff_and_sword</rider_animation_set>
</campaign_mount_animation_set_overrides>
<campaign_mount_animation_set_overrides record_uuid="{b2e951b1-7a2b-49e5-8271-43c68796df68}" record_timestamp="1435150670067" record_key="cam_hu1b_bretonnian_staff_and_swordwh_main_brt_cha_damsel_1">
<character_animation_set>cam_hu1b_bretonnian_staff_and_sword</character_animation_set>
<mount_unit>wh_main_brt_cha_damsel_1</mount_unit>
<rider_animation_set>cam_hu1b_bretonnian_hr1_warhorse_staff_and_sword</rider_animation_set>
</campaign_mount_animation_set_overrides>
<campaign_mount_animation_set_overrides record_uuid="{6fada6a1-f569-412e-b3b3-4e40ec4ad87e}" record_timestamp="1435150670066" record_key="cam_hu1b_bretonnian_staff_and_swordwh_main_brt_cha_damsel_2">
<character_animation_set>cam_hu1b_bretonnian_staff_and_sword</character_animation_set>
<mount_unit>wh_main_brt_cha_damsel_2</mount_unit>
<rider_animation_set>cam_hu1b_bretonnian_hr1_warhorse_staff_and_sword</rider_animation_set>
</campaign_mount_animation_set_overrides>
<campaign_mount_animation_set_overrides record_uuid="{588c5154-7652-4c14-a026-7ed31eeedf83}" record_timestamp="1435150670059" record_key="cam_hu1b_vampire_swordwh_main_vmp_cha_vampire_1">
<character_animation_set>cam_hu1b_vampire_sword</character_animation_set>
<mount_unit>wh_main_vmp_cha_vampire_1</mount_unit>
<rider_animation_set>cam_hu1b_vampire_hr1_warhorse_sword</rider_animation_set>
</campaign_mount_animation_set_overrides>
<campaign_mount_animation_set_overrides record_uuid="{adaad505-bd41-4e33-8955-78716b3354e9}" record_timestamp="1435150670059" record_key="cam_hu1b_vampire_swordwh_main_vmp_cha_vampire_2">
<character_animation_set>cam_hu1b_vampire_sword</character_animation_set>
<mount_unit>wh_main_vmp_cha_vampire_2</mount_unit>
<rider_animation_set>cam_hu1b_vampire_hr1_pegasus_sword</rider_animation_set>
</campaign_mount_animation_set_overrides>
<campaign_mount_animation_set_overrides record_uuid="{57807f15-67cf-49a3-9509-b9104c6a973c}" record_timestamp="1435150670066" record_key="cam_hu1c_chaos_axe_and_shieldwh_main_chs_cha_exalted_hero_12">
<character_animation_set>cam_hu1c_chaos_axe_and_shield</character_animation_set>
<mount_unit>wh_main_chs_cha_exalted_hero_12</mount_unit>
<rider_animation_set>cam_hu1c_chaos_hr1_warhorse_axe_and_shield</rider_animation_set>
</campaign_mount_animation_set_overrides>
<campaign_mount_animation_set_overrides record_uuid="{76591e24-76a1-4c91-8c3a-3d7cc5f612a0}" record_timestamp="1435150670063" record_key="cam_hu1c_chaos_axe_and_shieldwh_main_chs_cha_exalted_hero_13">
<character_animation_set>cam_hu1c_chaos_axe_and_shield</character_animation_set>
<mount_unit>wh_main_chs_cha_exalted_hero_13</mount_unit>
<rider_animation_set>cam_hu1c_chaos_hr1_warhorse_axe_and_shield</rider_animation_set>
</campaign_mount_animation_set_overrides>
<campaign_mount_animation_set_overrides record_uuid="{0526b89e-bad2-4a95-b5da-5a83a0209cb1}" record_timestamp="1435150670060" record_key="cam_hu1c_chaos_axe_and_shieldwh_main_nor_cha_marauder_chieftan_1">
<character_animation_set>cam_hu1c_chaos_axe_and_shield</character_animation_set>
<mount_unit>wh_main_nor_cha_marauder_chieftan_1</mount_unit>
<rider_animation_set>cam_hu1c_chaos_hr1_warhorse_axe_and_shield</rider_animation_set>
</campaign_mount_animation_set_overrides>
<campaign_mount_animation_set_overrides record_uuid="{7ee1f456-17da-4468-ae49-3c006464f4c7}" record_timestamp="1435150670065" record_key="cam_hu1c_chaos_staff_and_swordwh_dlc01_chs_cha_chaos_sorcerer_lord_death_10">
<character_animation_set>cam_hu1c_chaos_staff_and_sword</character_animation_set>
<mount_unit>wh_dlc01_chs_cha_chaos_sorcerer_lord_death_10</mount_unit>
<rider_animation_set>cam_hu1c_chaos_dr1_chaos_dragon_wb_sword_and_shield</rider_animation_set>
</campaign_mount_animation_set_overrides>
<campaign_mount_animation_set_overrides record_uuid="{321d5491-b797-42f5-ab3a-916d0cb297c5}" record_timestamp="1435150670065" record_key="cam_hu1c_chaos_staff_and_swordwh_dlc01_chs_cha_chaos_sorcerer_lord_death_12">
<character_animation_set>cam_hu1c_chaos_staff_and_sword</character_animation_set>
<mount_unit>wh_dlc01_chs_cha_chaos_sorcerer_lord_death_12</mount_unit>
<rider_animation_set>cam_hu1c_chaos_hr1_warhorse_staff_and_sword</rider_animation_set>
</campaign_mount_animation_set_overrides>
<campaign_mount_animation_set_overrides record_uuid="{34359e0f-283b-42a6-b5fa-a50e79986a29}" record_timestamp="1435150670065" record_key="cam_hu1c_chaos_staff_and_swordwh_dlc01_chs_cha_chaos_sorcerer_lord_death_13">
<character_animation_set>cam_hu1c_chaos_staff_and_sword</character_animation_set>
<mount_unit>wh_dlc01_chs_cha_chaos_sorcerer_lord_death_13</mount_unit>
<rider_animation_set>cam_hu1c_chaos_hr1_warhorse_staff_and_sword</rider_animation_set>
</campaign_mount_animation_set_overrides>
<campaign_mount_animation_set_overrides record_uuid="{6a1685fe-4984-4897-a262-e5d4cb351985}" record_timestamp="1435150670065" record_key="cam_hu1c_chaos_staff_and_swordwh_dlc01_chs_cha_chaos_sorcerer_lord_death_9">
<character_animation_set>cam_hu1c_chaos_staff_and_sword</character_animation_set>
<mount_unit>wh_dlc01_chs_cha_chaos_sorcerer_lord_death_9</mount_unit>
<rider_animation_set>cam_hu1c_chaos_bc3_manticore_wb_staff_and_sword</rider_animation_set>
</campaign_mount_animation_set_overrides>
<campaign_mount_animation_set_overrides record_uuid="{bd2fb566-f228-44f8-8a0d-c634c08cc569}" record_timestamp="1435150670064" record_key="cam_hu1c_chaos_staff_and_swordwh_dlc01_chs_cha_chaos_sorcerer_lord_fire_10">
<character_animation_set>cam_hu1c_chaos_staff_and_sword</character_animation_set>
<mount_unit>wh_dlc01_chs_cha_chaos_sorcerer_lord_fire_10</mount_unit>
<rider_animation_set>cam_hu1c_chaos_dr1_chaos_dragon_wb_sword_and_shield</rider_animation_set>
</campaign_mount_animation_set_overrides>
<campaign_mount_animation_set_overrides record_uuid="{1503d6ab-6a9f-4e33-b8c5-7419cbe1367e}" record_timestamp="1435150670067" record_key="cam_hu1c_chaos_staff_and_swordwh_dlc01_chs_cha_chaos_sorcerer_lord_fire_12">
<character_animation_set>cam_hu1c_chaos_staff_and_sword</character_animation_set>
<mount_unit>wh_dlc01_chs_cha_chaos_sorcerer_lord_fire_12</mount_unit>
<rider_animation_set>cam_hu1c_chaos_hr1_warhorse_staff_and_sword</rider_animation_set>
</campaign_mount_animation_set_overrides>
<campaign_mount_animation_set_overrides record_uuid="{0cef30d0-a804-492d-903e-2835551821ee}" record_timestamp="1435150670067" record_key="cam_hu1c_chaos_staff_and_swordwh_dlc01_chs_cha_chaos_sorcerer_lord_fire_13">
<character_animation_set>cam_hu1c_chaos_staff_and_sword</character_animation_set>
<mount_unit>wh_dlc01_chs_cha_chaos_sorcerer_lord_fire_13</mount_unit>
<rider_animation_set>cam_hu1c_chaos_hr1_warhorse_staff_and_sword</rider_animation_set>
</campaign_mount_animation_set_overrides>
<campaign_mount_animation_set_overrides record_uuid="{c5af5905-87be-41cc-85ae-abe12176e822}" record_timestamp="1435150670067" record_key="cam_hu1c_chaos_staff_and_swordwh_dlc01_chs_cha_chaos_sorcerer_lord_fire_9">
<character_animation_set>cam_hu1c_chaos_staff_and_sword</character_animation_set>
<mount_unit>wh_dlc01_chs_cha_chaos_sorcerer_lord_fire_9</mount_unit>
<rider_animation_set>cam_hu1c_chaos_bc3_manticore_wb_staff_and_sword</rider_animation_set>
</campaign_mount_animation_set_overrides>
<campaign_mount_animation_set_overrides record_uuid="{77971a33-d7b8-456f-ba50-6f7fe624a38d}" record_timestamp="1435150670065" record_key="cam_hu1c_chaos_staff_and_swordwh_dlc01_chs_cha_chaos_sorcerer_lord_metal_10">
<character_animation_set>cam_hu1c_chaos_staff_and_sword</character_animation_set>
<mount_unit>wh_dlc01_chs_cha_chaos_sorcerer_lord_metal_10</mount_unit>
<rider_animation_set>cam_hu1c_chaos_dr1_chaos_dragon_wb_sword_and_shield</rider_animation_set>
</campaign_mount_animation_set_overrides>
<campaign_mount_animation_set_overrides record_uuid="{533e366f-c24a-434b-b7d6-affa9fa5b222}" record_timestamp="1435150670064" record_key="cam_hu1c_chaos_staff_and_swordwh_dlc01_chs_cha_chaos_sorcerer_lord_metal_12">
<character_animation_set>cam_hu1c_chaos_staff_and_sword</character_animation_set>
<mount_unit>wh_dlc01_chs_cha_chaos_sorcerer_lord_metal_12</mount_unit>
<rider_animation_set>cam_hu1c_chaos_hr1_warhorse_staff_and_sword</rider_animation_set>
</campaign_mount_animation_set_overrides>
<campaign_mount_animation_set_overrides record_uuid="{d7faff83-2b4e-451f-896a-003f3e1ddab8}" record_timestamp="1435150670065" record_key="cam_hu1c_chaos_staff_and_swordwh_dlc01_chs_cha_chaos_sorcerer_lord_metal_13">
<character_animation_set>cam_hu1c_chaos_staff_and_sword</character_animation_set>
<mount_unit>wh_dlc01_chs_cha_chaos_sorcerer_lord_metal_13</mount_unit>
<rider_animation_set>cam_hu1c_chaos_hr1_warhorse_staff_and_sword</rider_animation_set>
</campaign_mount_animation_set_overrides>
<campaign_mount_animation_set_overrides record_uuid="{d2f54422-73dc-47f2-923a-2583434ede56}" record_timestamp="1435150670064" record_key="cam_hu1c_chaos_staff_and_swordwh_dlc01_chs_cha_chaos_sorcerer_lord_metal_9">
<character_animation_set>cam_hu1c_chaos_staff_and_sword</character_animation_set>
<mount_unit>wh_dlc01_chs_cha_chaos_sorcerer_lord_metal_9</mount_unit>
<rider_animation_set>cam_hu1c_chaos_bc3_manticore_wb_staff_and_sword</rider_animation_set>
</campaign_mount_animation_set_overrides>
<campaign_mount_animation_set_overrides record_uuid="{da796876-c9a0-426f-9822-c9a5dc68dd6d}" record_timestamp="1435150670060" record_key="cam_hu1c_chaos_staff_and_swordwh_dlc01_nor_cha_chaos_sorcerer_lord_1">
<character_animation_set>cam_hu1c_chaos_staff_and_sword</character_animation_set>
<mount_unit>wh_dlc01_nor_cha_chaos_sorcerer_lord_1</mount_unit>
<rider_animation_set>cam_hu1c_chaos_hr1_warhorse_staff_and_sword</rider_animation_set>
</campaign_mount_animation_set_overrides>
<campaign_mount_animation_set_overrides record_uuid="{97f83486-4cf1-4ac9-9f72-fbadc9aa2e2f}" record_timestamp="1435150670065" record_key="cam_hu1c_chaos_staff_and_swordwh_main_chs_cha_chaos_sorcerer_death_10">
<character_animation_set>cam_hu1c_chaos_staff_and_sword</character_animation_set>
<mount_unit>wh_main_chs_cha_chaos_sorcerer_death_10</mount_unit>
<rider_animation_set>cam_hu1c_chaos_hr1_warhorse_staff_and_sword</rider_animation_set>
</campaign_mount_animation_set_overrides>
<campaign_mount_animation_set_overrides record_uuid="{b7e642e9-f1ff-4444-b4fa-460b03339ff7}" record_timestamp="1435150670066" record_key="cam_hu1c_chaos_staff_and_swordwh_main_chs_cha_chaos_sorcerer_death_11">
<character_animation_set>cam_hu1c_chaos_staff_and_sword</character_animation_set>
<mount_unit>wh_main_chs_cha_chaos_sorcerer_death_11</mount_unit>
<rider_animation_set>cam_hu1c_chaos_hr1_warhorse_staff_and_sword</rider_animation_set>
</campaign_mount_animation_set_overrides>
<campaign_mount_animation_set_overrides record_uuid="{9136e1f4-b96c-4cbe-9265-ef0488cd8b42}" record_timestamp="1435150670065" record_key="cam_hu1c_chaos_staff_and_swordwh_main_chs_cha_chaos_sorcerer_fire_10">
<character_animation_set>cam_hu1c_chaos_staff_and_sword</character_animation_set>
<mount_unit>wh_main_chs_cha_chaos_sorcerer_fire_10</mount_unit>
<rider_animation_set>cam_hu1c_chaos_hr1_warhorse_staff_and_sword</rider_animation_set>
</campaign_mount_animation_set_overrides>
<campaign_mount_animation_set_overrides record_uuid="{6f3d68ae-a331-4e4d-8093-7594925ced95}" record_timestamp="1435150670065" record_key="cam_hu1c_chaos_staff_and_swordwh_main_chs_cha_chaos_sorcerer_fire_11">
<character_animation_set>cam_hu1c_chaos_staff_and_sword</character_animation_set>
<mount_unit>wh_main_chs_cha_chaos_sorcerer_fire_11</mount_unit>
<rider_animation_set>cam_hu1c_chaos_hr1_warhorse_staff_and_sword</rider_animation_set>
</campaign_mount_animation_set_overrides>
<campaign_mount_animation_set_overrides record_uuid="{d589ec62-164e-4477-9bd1-2fa48362fc6f}" record_timestamp="1435150670065" record_key="cam_hu1c_chaos_staff_and_swordwh_main_chs_cha_chaos_sorcerer_metal_10">
<character_animation_set>cam_hu1c_chaos_staff_and_sword</character_animation_set>
<mount_unit>wh_main_chs_cha_chaos_sorcerer_metal_10</mount_unit>
<rider_animation_set>cam_hu1c_chaos_hr1_warhorse_staff_and_sword</rider_animation_set>
</campaign_mount_animation_set_overrides>
<campaign_mount_animation_set_overrides record_uuid="{0f977d22-fe30-4f3d-b6d9-f0e80875c66a}" record_timestamp="1435150670065" record_key="cam_hu1c_chaos_staff_and_swordwh_main_chs_cha_chaos_sorcerer_metal_11">
<character_animation_set>cam_hu1c_chaos_staff_and_sword</character_animation_set>
<mount_unit>wh_main_chs_cha_chaos_sorcerer_metal_11</mount_unit>
<rider_animation_set>cam_hu1c_chaos_hr1_warhorse_staff_and_sword</rider_animation_set>
</campaign_mount_animation_set_overrides>
<campaign_mount_animation_set_overrides record_uuid="{e7d5db03-d42c-4d9f-97c8-0f1aa61b28e6}" record_timestamp="1435150670060" record_key="cam_hu1c_chaos_staff_and_swordwh_main_nor_cha_chaos_sorcerer_1">
<character_animation_set>cam_hu1c_chaos_staff_and_sword</character_animation_set>
<mount_unit>wh_main_nor_cha_chaos_sorcerer_1</mount_unit>
<rider_animation_set>cam_hu1c_chaos_hr1_warhorse_staff_and_sword</rider_animation_set>
</campaign_mount_animation_set_overrides>
<campaign_mount_animation_set_overrides record_uuid="{88ad29ad-f199-4045-90a2-ae8e2e8fe86b}" record_timestamp="1435150670067" record_key="cam_hu1c_chaos_sword_and_shieldwh_dlc01_chs_cha_chaos_lord_10">
<character_animation_set>cam_hu1c_chaos_sword_and_shield</character_animation_set>
<mount_unit>wh_dlc01_chs_cha_chaos_lord_10</mount_unit>
<rider_animation_set>cam_hu1c_chaos_bc3_manticore_wb_sword_and_shield</rider_animation_set>
</campaign_mount_animation_set_overrides>
<campaign_mount_animation_set_overrides record_uuid="{800860bf-fce6-4e44-8512-9a51d9d33da4}" record_timestamp="1435150670067" record_key="cam_hu1c_chaos_sword_and_shieldwh_dlc01_chs_cha_chaos_lord_2">
<character_animation_set>cam_hu1c_chaos_sword_and_shield</character_animation_set>
<mount_unit>wh_dlc01_chs_cha_chaos_lord_2</mount_unit>
<rider_animation_set>cam_hu1c_chaos_dr1_chaos_dragon_wb_sword_and_shield</rider_animation_set>
</campaign_mount_animation_set_overrides>
<campaign_mount_animation_set_overrides record_uuid="{1246bc1f-15ef-49c0-843a-c284d1fa2adb}" record_timestamp="1447076905857" record_key="cam_hu1c_chaos_sword_and_shieldwh_dlc01_chs_cha_exalted_hero_10">
<character_animation_set>cam_hu1c_chaos_sword_and_shield</character_animation_set>
<mount_unit>wh_dlc01_chs_cha_exalted_hero_10</mount_unit>
<rider_animation_set>cam_hu1c_chaos_bc3_manticore_wb_axe_and_shield</rider_animation_set>
</campaign_mount_animation_set_overrides>
<campaign_mount_animation_set_overrides record_uuid="{ce0c141f-f4de-4874-91cc-aa3431844e18}" record_timestamp="1435150670067" record_key="cam_hu1c_chaos_sword_and_shieldwh_main_chs_cha_archaon_the_everchosen_1">
<character_animation_set>cam_hu1c_chaos_sword_and_shield</character_animation_set>
<mount_unit>wh_main_chs_cha_archaon_the_everchosen_1</mount_unit>
<rider_animation_set>cam_hu1c_chaos_hr1_warhorse_sword_and_shield</rider_animation_set>
</campaign_mount_animation_set_overrides>
<campaign_mount_animation_set_overrides record_uuid="{40cadd59-f0b7-4338-ab01-ba0109524d79}" record_timestamp="1435150670067" record_key="cam_hu1c_chaos_sword_and_shieldwh_main_chs_cha_chaos_lord_11">
<character_animation_set>cam_hu1c_chaos_sword_and_shield</character_animation_set>
<mount_unit>wh_main_chs_cha_chaos_lord_11</mount_unit>
<rider_animation_set>cam_hu1c_chaos_hr1_warhorse_sword_and_shield</rider_animation_set>
</campaign_mount_animation_set_overrides>
<campaign_mount_animation_set_overrides record_uuid="{16d55824-832c-4804-806a-7e45803c47b5}" record_timestamp="1435150670067" record_key="cam_hu1c_chaos_sword_and_shieldwh_main_chs_cha_chaos_lord_12">
<character_animation_set>cam_hu1c_chaos_sword_and_shield</character_animation_set>
<mount_unit>wh_main_chs_cha_chaos_lord_12</mount_unit>
<rider_animation_set>cam_hu1c_chaos_hr1_warhorse_sword_and_shield</rider_animation_set>
</campaign_mount_animation_set_overrides>
<campaign_mount_animation_set_overrides record_uuid="{69184a56-e1cd-4508-8925-870f2f827881}" record_timestamp="1447321615745" record_key="cam_hu1c_chaos_sword_and_shieldwh_main_chs_cha_exalted_hero_12">
<character_animation_set>cam_hu1c_chaos_sword_and_shield</character_animation_set>
<mount_unit>wh_main_chs_cha_exalted_hero_12</mount_unit>
<rider_animation_set>cam_hu1c_chaos_hr1_warhorse_sword_and_shield</rider_animation_set>
</campaign_mount_animation_set_overrides>
<campaign_mount_animation_set_overrides record_uuid="{7d8d070d-f70d-4e32-896c-0331affa4ab5}" record_timestamp="1447321615773" record_key="cam_hu1c_chaos_sword_and_shieldwh_main_chs_cha_exalted_hero_13">
<character_animation_set>cam_hu1c_chaos_sword_and_shield</character_animation_set>
<mount_unit>wh_main_chs_cha_exalted_hero_13</mount_unit>
<rider_animation_set>cam_hu1c_chaos_hr1_warhorse_sword_and_shield</rider_animation_set>
</campaign_mount_animation_set_overrides>
<campaign_mount_animation_set_overrides record_uuid="{be277263-e4c5-4aa2-94cb-9fd2bfbbaf47}" record_timestamp="1435150670062" record_key="cam_hu2_orc_staff_and_swordwh_main_grn_cha_orc_shaman_1">
<character_animation_set>cam_hu2_orc_staff_and_sword</character_animation_set>
<mount_unit>wh_main_grn_cha_orc_shaman_1</mount_unit>
<rider_animation_set>cam_hu2_orc_bo1_warboar_staff_and_sword</rider_animation_set>
</campaign_mount_animation_set_overrides>
<campaign_mount_animation_set_overrides record_uuid="{e73b4d35-9a0b-4a04-b5c4-aac651d0540c}" record_timestamp="1435150670062" record_key="cam_hu2_orc_sword_and_axewh_main_grn_cha_azhag_the_slaughterer_1">
<character_animation_set>cam_hu2_orc_sword_and_axe</character_animation_set>
<mount_unit>wh_main_grn_cha_azhag_the_slaughterer_1</mount_unit>
<rider_animation_set>cam_hu2_orc_bi2_wyvern_wb_sword_and_axe</rider_animation_set>
</campaign_mount_animation_set_overrides>
<campaign_mount_animation_set_overrides record_uuid="{25a07856-9bbb-410f-9b18-b709c66b14fb}" record_timestamp="1435150670062" record_key="cam_hu2_orc_sword_and_shieldwh_main_grn_cha_orc_warboss_1">
<character_animation_set>cam_hu2_orc_sword_and_shield</character_animation_set>
<mount_unit>wh_main_grn_cha_orc_warboss_1</mount_unit>
<rider_animation_set>cam_hu2_orc_bi2_wyvern_wb_sword_and_shield</rider_animation_set>
</campaign_mount_animation_set_overrides>
<campaign_mount_animation_set_overrides record_uuid="{46577dfd-1738-41a2-8c2b-9106897478c4}" record_timestamp="1435150670062" record_key="cam_hu2_orc_sword_and_shieldwh_main_grn_cha_orc_warboss_2">
<character_animation_set>cam_hu2_orc_sword_and_shield</character_animation_set>
<mount_unit>wh_main_grn_cha_orc_warboss_2</mount_unit>
<rider_animation_set>cam_hu2_orc_bo1_warboar_sword_and_shield</rider_animation_set>
</campaign_mount_animation_set_overrides>
<campaign_mount_animation_set_overrides record_uuid="{7bb5e9cf-a7ca-4d66-b31b-70d388d719f3}" record_timestamp="1459936815600" record_key="cam_hu5_goblin_spear_and_shieldwh_main_grn_cha_goblin_big_boss_1">
<character_animation_set>cam_hu5_goblin_spear_and_shield</character_animation_set>
<mount_unit>wh_main_grn_cha_goblin_big_boss_1</mount_unit>
<rider_animation_set>cam_hu5_goblin_wf1_wolf_spear_and_shield</rider_animation_set>
</campaign_mount_animation_set_overrides>
<campaign_mount_animation_set_overrides record_uuid="{41f6f7ce-e2f8-4f14-af49-0975d97c3672}" record_timestamp="1459936815600" record_key="cam_hu5_goblin_spear_and_shieldwh_main_grn_cha_goblin_big_boss_2">
<character_animation_set>cam_hu5_goblin_spear_and_shield</character_animation_set>
<mount_unit>wh_main_grn_cha_goblin_big_boss_2</mount_unit>
<rider_animation_set>cam_hu5_goblin_sp1_giant_spider_spear_and_shield</rider_animation_set>
</campaign_mount_animation_set_overrides>
<campaign_mount_animation_set_overrides record_uuid="{fba324cd-b1b7-429c-ac26-18a1c38e2466}" record_timestamp="1435150670062" record_key="cam_hu5_goblin_staff_and_swordwh_main_grn_cha_goblin_great_shaman_1">
<character_animation_set>cam_hu5_goblin_staff_and_sword</character_animation_set>
<mount_unit>wh_main_grn_cha_goblin_great_shaman_1</mount_unit>
<rider_animation_set>cam_hu5_goblin_wf1_wolf_staff_and_sword</rider_animation_set>
</campaign_mount_animation_set_overrides>
<campaign_mount_animation_set_overrides record_uuid="{d996d284-e2ee-46ad-a23b-d3b63f43a310}" record_timestamp="1467715696780" record_key="cam_hu6_gor_axewh_dlc03_bst_cha_beastlord_1">
<character_animation_set>cam_hu6_gor_axe</character_animation_set>
<mount_unit>wh_dlc03_bst_cha_beastlord_1</mount_unit>
<rider_animation_set>cam_hu6_gor_staff_and_sword_wm_razorgor_chariot</rider_animation_set>
</campaign_mount_animation_set_overrides>
<campaign_mount_animation_set_overrides record_uuid="{4275ef17-9818-478f-9417-9f20cd91433d}" record_timestamp="1467715696779" record_key="cam_hu6_gor_staff_and_swordwh_dlc03_bst_cha_bray_shaman_beasts_1">
<character_animation_set>cam_hu6_gor_staff_and_sword</character_animation_set>
<mount_unit>wh_dlc03_bst_cha_bray_shaman_beasts_1</mount_unit>
<rider_animation_set>cam_hu6_gor_staff_and_sword_wm_razorgor_chariot</rider_animation_set>
</campaign_mount_animation_set_overrides>
<campaign_mount_animation_set_overrides record_uuid="{30d3efdb-cbb0-4a97-b272-b0c40918b857}" record_timestamp="1467715696779" record_key="cam_hu6_gor_staff_and_swordwh_dlc03_bst_cha_bray_shaman_death_1">
<character_animation_set>cam_hu6_gor_staff_and_sword</character_animation_set>
<mount_unit>wh_dlc03_bst_cha_bray_shaman_death_1</mount_unit>
<rider_animation_set>cam_hu6_gor_staff_and_sword_wm_razorgor_chariot</rider_animation_set>
</campaign_mount_animation_set_overrides>
<campaign_mount_animation_set_overrides record_uuid="{59a25357-e6ca-482b-98bf-e474d807aeb5}" record_timestamp="1467715696780" record_key="cam_hu6_gor_staff_and_swordwh_dlc03_bst_cha_bray_shaman_wild_1">
<character_animation_set>cam_hu6_gor_staff_and_sword</character_animation_set>
<mount_unit>wh_dlc03_bst_cha_bray_shaman_wild_1</mount_unit>
<rider_animation_set>cam_hu6_gor_staff_and_sword_wm_razorgor_chariot</rider_animation_set>
</campaign_mount_animation_set_overrides>
<campaign_mount_animation_set_overrides record_uuid="{715d0655-3c24-4434-b036-01a4b93add60}" record_timestamp="1467715696781" record_key="cam_hu6_gor_sword_and_whipwh_dlc03_bst_cha_khazrak_one_eye_1">
<character_animation_set>cam_hu6_gor_sword_and_whip</character_animation_set>
<mount_unit>wh_dlc03_bst_cha_khazrak_one_eye_1</mount_unit>
<rider_animation_set>cam_hu6_gor_staff_and_sword_wm_razorgor_chariot</rider_animation_set>
</campaign_mount_animation_set_overrides>
<campaign_mount_animation_set_overrides record_uuid="{720b1107-16df-4e15-8aa2-58cb2f7ee73e}" record_timestamp="1470819171284" record_key="cam_hu8_strigoiwh_dlc04_vmp_cha_strigoi_ghoul_king_1">
<character_animation_set>cam_hu8_strigoi</character_animation_set>
<mount_unit>wh_dlc04_vmp_cha_strigoi_ghoul_king_1</mount_unit>
<rider_animation_set>cam_hu8_strigoi_bi2_terrorgheist_wb</rider_animation_set>
</campaign_mount_animation_set_overrides>
</dataroot>
