<?xml version="1.0" encoding="UTF-8"?>
<dataroot xmlns:od="urn:schemas-microsoft-com:officedata" xmlns:xsi="http://www.w3.org/2001/XMLSchema-instance" xsi:noNamespaceSchemaLocation="campaign_mp_coop_groups.xsd" export_time="Mon Oct 26 10:46:34 2015" revision="5" export_branch="T:/warhammer/binaries" export_user="bob">
<edit_uuid>d3d820e9-1262-4b1b-ae90-fbb4e9b48879</edit_uuid>
<campaign_mp_coop_groups record_uuid="{7433da5d-55ea-4886-81be-381c0f89ee0d}" record_timestamp="1389717968409" record_key="main_gaul_coop">
<key>main_gaul_coop</key>
</campaign_mp_coop_groups>
<campaign_mp_coop_groups record_uuid="{ab0dedab-0cc4-4033-9737-21349ad3823b}" record_timestamp="1389717968384" record_key="main_rome_coop">
<key>main_rome_coop</key>
</campaign_mp_coop_groups>
<campaign_mp_coop_groups record_uuid="{1bb2cdc7-5ada-4d4b-8ef3-5fd8584d4019}" record_timestamp="1445856393795" record_key="wh_main_coop">
<key>wh_main_coop</key>
</campaign_mp_coop_groups>
</dataroot>
