<?xml version="1.0" encoding="UTF-8"?>
<dataroot xmlns:od="urn:schemas-microsoft-com:officedata" xmlns:xsi="http://www.w3.org/2001/XMLSchema-instance" xsi:noNamespaceSchemaLocation="campaign_map_winds_of_magic_persistent_region_strengths.xsd" export_time="Fri Jan 15 11:00:44 2016" revision="1" export_branch="E:/TW/warhammer/binaries.x64" export_user="bob">
<edit_uuid>15dbffbc-19c8-4e71-bc72-c8ce6829711d</edit_uuid>
<campaign_map_winds_of_magic_persistent_region_strengths record_uuid="{72e6f952-926a-4585-86e7-fd47b0a30a88}" record_timestamp="1452855644438" record_key="wh_main_blightwater_deff_gorge">
<region>wh_main_blightwater_deff_gorge</region>
<strength>wom_strength_4</strength>
</campaign_map_winds_of_magic_persistent_region_strengths>
</dataroot>
