<?xml version="1.0" encoding="UTF-8"?>
<dataroot xmlns:od="urn:schemas-microsoft-com:officedata" xmlns:xsi="http://www.w3.org/2001/XMLSchema-instance" xsi:noNamespaceSchemaLocation="campaign_map_playable_areas.xsd" export_time="Thu Jul 14 12:56:34 2016" revision="69" export_branch="T:/branches/warhammer/sigmar/warhammer/binaries.x64" export_user="bob">
<edit_uuid>37c7b760-4ae5-4619-9f64-e9a8d7c70685</edit_uuid>
<campaign_map_playable_areas record_uuid="{e87c5084-4de5-4b32-8e84-8bbc76e2ff70}" record_timestamp="1467718938632" record_key="1564135533">
<campaign_key>main_warhammer</campaign_key>
<frontend_image>ui/skins/default/campaign_select_grand_campaign.png</frontend_image>
<game_expansion_key>tentpole</game_expansion_key>
<index>1564135533</index>
<is_available_in_custom_battle>1</is_available_in_custom_battle>
<map_file>wh_main_map.tga</map_file>
<mapname>warhammer_map_1_1_beastmen</mapname>
<maxx>678.5</maxx>
<maxy>555.09</maxy>
<meaningful_id>main_rome_map</meaningful_id>
<minimap_lookup_file>wh_main_lookup_minimap.tga</minimap_lookup_file>
<minx>0</minx>
<miny>0</miny>
<onscreen_description state="APPROVED" last_approved_text="Prepare thyself! The Old World trembles and the ground shakes with marching armies, for there is naught but war! In the Grand Campaign you must make your race supreme amongst the rabble, the usurpers, and the many enemies you'll encounter as you conquer. This is the ultimate test of generalship and statecraft, with the fate of the Old World - and the lands beyond - in your hands. Eternal war and fleeting glory are yours to command - conquer this world! " last_edit_user="bob">Prepare thyself! The Old World trembles and the ground shakes with marching armies, for there is naught but war! In the Grand Campaign you must make your race supreme amongst the rabble, the usurpers, and the many enemies you'll encounter as you conquer. This is the ultimate test of generalship and statecraft, with the fate of the Old World - and the lands beyond - in your hands. Eternal war and fleeting glory are yours to command - conquer this world! </onscreen_description>
<onscreen_name state="APPROVED" last_approved_text="Grand Campaign" last_edit_user="bob">Grand Campaign</onscreen_name>
<overlay_file>wh_main_lookup.tga</overlay_file>
<preview_border>0</preview_border>
<preview_height>600</preview_height>
<preview_width>750</preview_width>
<radar_file>wh_main_map_minimap.png</radar_file>
<sea_trade>0</sea_trade>
<terrain_folder>terrain/battles/warhammer_map_1/</terrain_folder>
<video>Warhammer/front_end_grand_campaign</video>
</campaign_map_playable_areas>
<campaign_map_playable_areas record_uuid="{284e30c8-61a9-4771-bf1f-2d4d20ee875e}" record_timestamp="1468497311951" record_key="1564135542">
<campaign_key>wh_dlc03_beastmen</campaign_key>
<frontend_image>ui/skins/default/campaign_select_beastmen.png</frontend_image>
<game_expansion_key>beastmen</game_expansion_key>
<index>1564135542</index>
<is_available_in_custom_battle>1</is_available_in_custom_battle>
<map_file>wh_dlc03_beastmen_map.tga</map_file>
<mapname>wh_dlc03_beastmen_map_1</mapname>
<maxx>275.8</maxx>
<maxy>192.2</maxy>
<meaningful_id>main_rome_map</meaningful_id>
<minimap_lookup_file>wh_dlc03_beastmen_lookup_minimap.tga</minimap_lookup_file>
<minx>0</minx>
<miny>0</miny>
<onscreen_description state="APPROVED" last_approved_text="Among the bitterest rivalries of recent years is the struggle between the Elector Count of Middenland, Boris Todbringer, and the Beastlord, Khazrak the One-Eye. Both despise and yet grudgingly respect each other. The two rivals have clashed on several occasions since, but now the battle for the Great Forest is truly about to begin. This campaign is a more focused, narrative experience - a desperate clash between two legends of the Drakwald!" last_edit_user="bob">Among the bitterest rivalries of recent years is the struggle between the Elector Count of Middenland, Boris Todbringer, and the Beastlord, Khazrak the One-Eye. Both despise and yet grudgingly respect each other. The two rivals have clashed on several occasions since, but now the battle for the Great Forest is truly about to begin. This campaign is a more focused, narrative experience - a desperate clash between two legends of the Drakwald!</onscreen_description>
<onscreen_name state="APPROVED" last_approved_text="An Eye For An Eye" last_edit_user="bob">An Eye For An Eye</onscreen_name>
<overlay_file>wh_dlc03_beastmen_lookup.tga</overlay_file>
<preview_border>0</preview_border>
<preview_height>600</preview_height>
<preview_width>750</preview_width>
<radar_file>wh_dlc03_beastmen_minimap.png</radar_file>
<sea_trade>0</sea_trade>
<terrain_folder>terrain/battles/wh_dlc03_beastmen_map_1/</terrain_folder>
<video>Warhammer/front_end_bst_mini</video>
</campaign_map_playable_areas>
<campaign_map_playable_areas record_uuid="{191a1f5c-fc3d-46a3-a37a-1c65de1ea4b6}" record_timestamp="1467718939258" record_key="1564135551">
<campaign_key>main_warhammer</campaign_key>
<frontend_image></frontend_image>
<game_expansion_key>tentpole</game_expansion_key>
<index>1564135551</index>
<is_available_in_custom_battle>1</is_available_in_custom_battle>
<map_file>wh_main_map.tga</map_file>
<mapname>warhammer_map_1</mapname>
<maxx>678.5</maxx>
<maxy>555.09</maxy>
<meaningful_id>main_rome_map</meaningful_id>
<minimap_lookup_file>wh_main_lookup_minimap.tga</minimap_lookup_file>
<minx>0</minx>
<miny>0</miny>
<onscreen_description state="APPROVED" last_approved_text="Prepare thyself! The Old World trembles and the ground shakes with marching armies, for there is naught but war! In the Grand Campaign you must make your race supreme amongst the rabble, the usurpers, and the many enemies you'll encounter as you conquer. This is the ultimate test of generalship and statecraft, with the fate of the Old World - and the lands beyond - in your hands. Eternal war and fleeting glory are yours to command - conquer this world! " last_edit_user="bob">Prepare thyself! The Old World trembles and the ground shakes with marching armies, for there is naught but war! In the Grand Campaign you must make your race supreme amongst the rabble, the usurpers, and the many enemies you'll encounter as you conquer. This is the ultimate test of generalship and statecraft, with the fate of the Old World - and the lands beyond - in your hands. Eternal war and fleeting glory are yours to command - conquer this world! </onscreen_description>
<onscreen_name state="APPROVED" last_approved_text="Grand Campaign" last_edit_user="bob">Grand Campaign</onscreen_name>
<overlay_file>wh_main_lookup.tga</overlay_file>
<preview_border>0</preview_border>
<preview_height>600</preview_height>
<preview_width>750</preview_width>
<radar_file>wh_main_map_minimap.png</radar_file>
<sea_trade>0</sea_trade>
<terrain_folder>terrain/battles/warhammer_map_1/</terrain_folder>
<video>Warhammer/front_end_grand_campaign</video>
</campaign_map_playable_areas>
</dataroot>
