<?xml version="1.0" encoding="UTF-8"?>
<dataroot xmlns:od="urn:schemas-microsoft-com:officedata" xmlns:xsi="http://www.w3.org/2001/XMLSchema-instance" xsi:noNamespaceSchemaLocation="campaign_map_tooltip_over_contexts.xsd" export_time="Mon Jan 25 17:27:39 2016" revision="17" export_branch="E:/TW/warhammer/src" export_user="bob">
<edit_uuid>b11b473d-5145-4f19-8c8b-16987823d8b9</edit_uuid>
<campaign_map_tooltip_over_contexts record_uuid="{dd6d426c-102a-4983-af3c-3641881c721e}" record_timestamp="1425896781603" record_key="abandonded_region">
<over_contexts>abandonded_region</over_contexts>
</campaign_map_tooltip_over_contexts>
<campaign_map_tooltip_over_contexts record_uuid="{b3a4f367-d5fa-4db6-baf7-e726474b2d8c}" record_timestamp="1406101308821" record_key="abandoned_major_settlement">
<over_contexts>abandoned_major_settlement</over_contexts>
</campaign_map_tooltip_over_contexts>
<campaign_map_tooltip_over_contexts record_uuid="{796bc96c-ff6c-497c-a85e-b5eeee1f2d2c}" record_timestamp="1406101308983" record_key="abandoned_minor_settlement">
<over_contexts>abandoned_minor_settlement</over_contexts>
</campaign_map_tooltip_over_contexts>
<campaign_map_tooltip_over_contexts record_uuid="{d7c0d2ce-1b02-424b-a071-a229a94c0f84}" record_timestamp="1447172768006" record_key="allied_agent">
<over_contexts>allied_agent</over_contexts>
</campaign_map_tooltip_over_contexts>
<campaign_map_tooltip_over_contexts record_uuid="{9fcbf670-6253-4b55-9dda-ac9c5357039b}" record_timestamp="1447172768004" record_key="allied_army">
<over_contexts>allied_army</over_contexts>
</campaign_map_tooltip_over_contexts>
<campaign_map_tooltip_over_contexts record_uuid="{b4dbeff7-5a91-46ee-8e7d-f0f7d4c51188}" record_timestamp="1447172768005" record_key="allied_major_settlement_land">
<over_contexts>allied_major_settlement_land</over_contexts>
</campaign_map_tooltip_over_contexts>
<campaign_map_tooltip_over_contexts record_uuid="{d5948f3e-2adc-47fc-8453-e5e4e35574c7}" record_timestamp="1447172768005" record_key="allied_major_settlement_land_besieged">
<over_contexts>allied_major_settlement_land_besieged</over_contexts>
</campaign_map_tooltip_over_contexts>
<campaign_map_tooltip_over_contexts record_uuid="{5e9c871c-bb5b-4cff-8501-461f3a2b075c}" record_timestamp="1447172768004" record_key="allied_major_settlement_port">
<over_contexts>allied_major_settlement_port</over_contexts>
</campaign_map_tooltip_over_contexts>
<campaign_map_tooltip_over_contexts record_uuid="{110557c6-80ba-4eea-8632-e71bbcaaa5da}" record_timestamp="1447172768004" record_key="allied_major_settlement_port_blockaded">
<over_contexts>allied_major_settlement_port_blockaded</over_contexts>
</campaign_map_tooltip_over_contexts>
<campaign_map_tooltip_over_contexts record_uuid="{513942a5-2352-4045-bc9f-d32752b771f3}" record_timestamp="1447172768004" record_key="allied_minor_settlement_land">
<over_contexts>allied_minor_settlement_land</over_contexts>
</campaign_map_tooltip_over_contexts>
<campaign_map_tooltip_over_contexts record_uuid="{94334673-a98d-437b-9d4a-a3f048e6ec3e}" record_timestamp="1447172768005" record_key="allied_minor_settlement_land_besieged">
<over_contexts>allied_minor_settlement_land_besieged</over_contexts>
</campaign_map_tooltip_over_contexts>
<campaign_map_tooltip_over_contexts record_uuid="{6490d955-e4bb-4054-a324-a9e95760e5bb}" record_timestamp="1447172768003" record_key="allied_minor_settlement_port">
<over_contexts>allied_minor_settlement_port</over_contexts>
</campaign_map_tooltip_over_contexts>
<campaign_map_tooltip_over_contexts record_uuid="{03368dde-2aaf-45a7-a0b7-1eca7f5498ea}" record_timestamp="1447172768004" record_key="allied_minor_settlement_port_blockaded">
<over_contexts>allied_minor_settlement_port_blockaded</over_contexts>
</campaign_map_tooltip_over_contexts>
<campaign_map_tooltip_over_contexts record_uuid="{158a3427-73d8-41cc-8e3c-eb776b54564b}" record_timestamp="1447172768006" record_key="allied_navy">
<over_contexts>allied_navy</over_contexts>
</campaign_map_tooltip_over_contexts>
<campaign_map_tooltip_over_contexts record_uuid="{b913ecbb-8ef2-476a-9974-ded0741f6f7e}" record_timestamp="1447172768005" record_key="allied_navy_escort">
<over_contexts>allied_navy_escort</over_contexts>
</campaign_map_tooltip_over_contexts>
<campaign_map_tooltip_over_contexts record_uuid="{953f5f0a-b633-4f60-8f93-eb2f2fb189f1}" record_timestamp="1447172768005" record_key="allied_navy_transport">
<over_contexts>allied_navy_transport</over_contexts>
</campaign_map_tooltip_over_contexts>
<campaign_map_tooltip_over_contexts record_uuid="{55fa1e14-3c7a-4003-af4d-cba53b39c8ee}" record_timestamp="1447172768006" record_key="allied_sea_trade_route">
<over_contexts>allied_sea_trade_route</over_contexts>
</campaign_map_tooltip_over_contexts>
<campaign_map_tooltip_over_contexts record_uuid="{074d9f7b-b7fd-4a35-9bd4-c0ed0377baab}" record_timestamp="1447172768006" record_key="allied_trade_route">
<over_contexts>allied_trade_route</over_contexts>
</campaign_map_tooltip_over_contexts>
<campaign_map_tooltip_over_contexts record_uuid="{2ad3cf9d-764c-417a-a4c4-6fb1466fb878}" record_timestamp="1363867944646" record_key="contested_sea_region">
<over_contexts>contested_sea_region</over_contexts>
</campaign_map_tooltip_over_contexts>
<campaign_map_tooltip_over_contexts record_uuid="{f438cb78-755e-4b15-a9c4-d011769d09cb}" record_timestamp="1363867944252" record_key="enemy_agent">
<over_contexts>enemy_agent</over_contexts>
</campaign_map_tooltip_over_contexts>
<campaign_map_tooltip_over_contexts record_uuid="{33918e2b-62f8-4767-bb4e-3d912b74b494}" record_timestamp="1363867944468" record_key="enemy_army">
<over_contexts>enemy_army</over_contexts>
</campaign_map_tooltip_over_contexts>
<campaign_map_tooltip_over_contexts record_uuid="{3c4f7938-e2e7-4ee9-a34b-ff510ab6802a}" record_timestamp="1363867944348" record_key="enemy_major_settlement">
<over_contexts>enemy_major_settlement</over_contexts>
</campaign_map_tooltip_over_contexts>
<campaign_map_tooltip_over_contexts record_uuid="{6b7256c2-2686-420a-a60d-fb100ce89ef4}" record_timestamp="1372246350723" record_key="enemy_major_settlement_land">
<over_contexts>enemy_major_settlement_land</over_contexts>
</campaign_map_tooltip_over_contexts>
<campaign_map_tooltip_over_contexts record_uuid="{a03d0991-b3dd-46b9-8ec1-c6bea7c40d8d}" record_timestamp="1372246350746" record_key="enemy_major_settlement_land_besieged">
<over_contexts>enemy_major_settlement_land_besieged</over_contexts>
</campaign_map_tooltip_over_contexts>
<campaign_map_tooltip_over_contexts record_uuid="{a7227b59-8211-4f95-9d66-170ffe40bcfd}" record_timestamp="1372246350149" record_key="enemy_major_settlement_port">
<over_contexts>enemy_major_settlement_port</over_contexts>
</campaign_map_tooltip_over_contexts>
<campaign_map_tooltip_over_contexts record_uuid="{05b46598-6204-45a2-a7bf-ae4924e7c669}" record_timestamp="1372246350157" record_key="enemy_major_settlement_port_blockaded">
<over_contexts>enemy_major_settlement_port_blockaded</over_contexts>
</campaign_map_tooltip_over_contexts>
<campaign_map_tooltip_over_contexts record_uuid="{9fb9b029-2545-42c6-8e0a-e017240dcfed}" record_timestamp="1363867944396" record_key="enemy_major_settlement_port_occupied">
<over_contexts>enemy_major_settlement_port_occupied</over_contexts>
</campaign_map_tooltip_over_contexts>
<campaign_map_tooltip_over_contexts record_uuid="{f442dacb-4a3d-4c0f-9bbe-fdbd51c522ad}" record_timestamp="1363867944372" record_key="enemy_major_settlement_port_unoccupied">
<over_contexts>enemy_major_settlement_port_unoccupied</over_contexts>
</campaign_map_tooltip_over_contexts>
<campaign_map_tooltip_over_contexts record_uuid="{f467f1aa-81ef-45c2-886a-88f3dac475d9}" record_timestamp="1363867944324" record_key="enemy_minor_settlement">
<over_contexts>enemy_minor_settlement</over_contexts>
</campaign_map_tooltip_over_contexts>
<campaign_map_tooltip_over_contexts record_uuid="{eacdc291-ccf7-4d1b-a439-9d9fd01b8823}" record_timestamp="1372246350166" record_key="enemy_minor_settlement_land">
<over_contexts>enemy_minor_settlement_land</over_contexts>
</campaign_map_tooltip_over_contexts>
<campaign_map_tooltip_over_contexts record_uuid="{e51c8c74-7750-4db8-ab85-06cdb1bc8e59}" record_timestamp="1372246350177" record_key="enemy_minor_settlement_land_besieged">
<over_contexts>enemy_minor_settlement_land_besieged</over_contexts>
</campaign_map_tooltip_over_contexts>
<campaign_map_tooltip_over_contexts record_uuid="{a9cc5f3d-3b80-4c5e-b4d3-4a888e5eb2e5}" record_timestamp="1372246350189" record_key="enemy_minor_settlement_port">
<over_contexts>enemy_minor_settlement_port</over_contexts>
</campaign_map_tooltip_over_contexts>
<campaign_map_tooltip_over_contexts record_uuid="{cbd08b15-0d05-4e1d-9d8e-a677b309ae78}" record_timestamp="1372246350202" record_key="enemy_minor_settlement_port_blockaded">
<over_contexts>enemy_minor_settlement_port_blockaded</over_contexts>
</campaign_map_tooltip_over_contexts>
<campaign_map_tooltip_over_contexts record_uuid="{9e8da8cf-0408-43c9-bb52-b9667417ff28}" record_timestamp="1363867944444" record_key="enemy_minor_settlement_port_occupied">
<over_contexts>enemy_minor_settlement_port_occupied</over_contexts>
</campaign_map_tooltip_over_contexts>
<campaign_map_tooltip_over_contexts record_uuid="{f0261105-8771-4e97-857f-763db90ffe17}" record_timestamp="1363867944420" record_key="enemy_minor_settlement_port_unoccupied">
<over_contexts>enemy_minor_settlement_port_unoccupied</over_contexts>
</campaign_map_tooltip_over_contexts>
<campaign_map_tooltip_over_contexts record_uuid="{7dea4d09-b64e-433b-b421-a3a7cd661669}" record_timestamp="1363867944204" record_key="enemy_navy">
<over_contexts>enemy_navy</over_contexts>
</campaign_map_tooltip_over_contexts>
<campaign_map_tooltip_over_contexts record_uuid="{8519ef0e-0fea-4c91-9c21-cd0f4d1b4dc7}" record_timestamp="1363867944228" record_key="enemy_navy_escort">
<over_contexts>enemy_navy_escort</over_contexts>
</campaign_map_tooltip_over_contexts>
<campaign_map_tooltip_over_contexts record_uuid="{19b76594-59fe-4dc6-9c75-81392ceea5bd}" record_timestamp="1363867944180" record_key="enemy_navy_transport">
<over_contexts>enemy_navy_transport</over_contexts>
</campaign_map_tooltip_over_contexts>
<campaign_map_tooltip_over_contexts record_uuid="{bd70f22f-df27-4609-8172-b278258c14ec}" record_timestamp="1363867944566" record_key="enemy_region">
<over_contexts>enemy_region</over_contexts>
</campaign_map_tooltip_over_contexts>
<campaign_map_tooltip_over_contexts record_uuid="{0a90f6a4-fb23-45f6-bae2-77703bb9da95}" record_timestamp="1363867944300" record_key="enemy_sea_trade_route">
<over_contexts>enemy_sea_trade_route</over_contexts>
</campaign_map_tooltip_over_contexts>
<campaign_map_tooltip_over_contexts record_uuid="{ea5a65e9-61b7-4c2c-9525-7a2fec164d9a}" record_timestamp="1363867944276" record_key="enemy_trade_route">
<over_contexts>enemy_trade_route</over_contexts>
</campaign_map_tooltip_over_contexts>
<campaign_map_tooltip_over_contexts record_uuid="{1317c0b3-948d-42bc-914e-a3cb930f5642}" record_timestamp="1364920070227" record_key="hostile_sea_region">
<over_contexts>hostile_sea_region</over_contexts>
</campaign_map_tooltip_over_contexts>
<campaign_map_tooltip_over_contexts record_uuid="{bba25a07-27a2-4a88-9470-7c0fc52055f6}" record_timestamp="1363867943939" record_key="non_player_agent">
<over_contexts>non_player_agent</over_contexts>
</campaign_map_tooltip_over_contexts>
<campaign_map_tooltip_over_contexts record_uuid="{9a0d3cc0-32b9-49fe-a115-4781c131e125}" record_timestamp="1363867944156" record_key="non_player_army">
<over_contexts>non_player_army</over_contexts>
</campaign_map_tooltip_over_contexts>
<campaign_map_tooltip_over_contexts record_uuid="{c30d37fa-c121-4187-8ace-238c92e11420}" record_timestamp="1363867944033" record_key="non_player_major_settlement">
<over_contexts>non_player_major_settlement</over_contexts>
</campaign_map_tooltip_over_contexts>
<campaign_map_tooltip_over_contexts record_uuid="{549af4b2-3aab-45dd-a025-780291c4747a}" record_timestamp="1372246350216" record_key="non_player_major_settlement_land">
<over_contexts>non_player_major_settlement_land</over_contexts>
</campaign_map_tooltip_over_contexts>
<campaign_map_tooltip_over_contexts record_uuid="{a281a53a-2104-4296-8ec3-237942e6986b}" record_timestamp="1372246350233" record_key="non_player_major_settlement_land_besieged">
<over_contexts>non_player_major_settlement_land_besieged</over_contexts>
</campaign_map_tooltip_over_contexts>
<campaign_map_tooltip_over_contexts record_uuid="{5e995606-0553-49c8-adc0-0d53053c53c6}" record_timestamp="1372246350250" record_key="non_player_major_settlement_port">
<over_contexts>non_player_major_settlement_port</over_contexts>
</campaign_map_tooltip_over_contexts>
<campaign_map_tooltip_over_contexts record_uuid="{04775683-91ce-454d-a37b-b7e9b0f47c3f}" record_timestamp="1372246350269" record_key="non_player_major_settlement_port_blockaded">
<over_contexts>non_player_major_settlement_port_blockaded</over_contexts>
</campaign_map_tooltip_over_contexts>
<campaign_map_tooltip_over_contexts record_uuid="{67b20faa-c839-458d-b12c-12a72cd6d334}" record_timestamp="1363867944081" record_key="non_player_major_settlement_port_occupied">
<over_contexts>non_player_major_settlement_port_occupied</over_contexts>
</campaign_map_tooltip_over_contexts>
<campaign_map_tooltip_over_contexts record_uuid="{445b4ccd-48c0-4c5a-8bcd-b4c0780fd82f}" record_timestamp="1363867944057" record_key="non_player_major_settlement_port_unoccupied">
<over_contexts>non_player_major_settlement_port_unoccupied</over_contexts>
</campaign_map_tooltip_over_contexts>
<campaign_map_tooltip_over_contexts record_uuid="{57431f3b-57fa-425d-8541-e09253cca78f}" record_timestamp="1363867944009" record_key="non_player_minor_settlement">
<over_contexts>non_player_minor_settlement</over_contexts>
</campaign_map_tooltip_over_contexts>
<campaign_map_tooltip_over_contexts record_uuid="{c6c97c3a-ed00-47af-83fc-240081f290e3}" record_timestamp="1372246350289" record_key="non_player_minor_settlement_land">
<over_contexts>non_player_minor_settlement_land</over_contexts>
</campaign_map_tooltip_over_contexts>
<campaign_map_tooltip_over_contexts record_uuid="{b5f4b54b-5766-41cc-9943-9d62c5bfc302}" record_timestamp="1372246350308" record_key="non_player_minor_settlement_land_besieged">
<over_contexts>non_player_minor_settlement_land_besieged</over_contexts>
</campaign_map_tooltip_over_contexts>
<campaign_map_tooltip_over_contexts record_uuid="{3d7eb6b7-f25e-4c9b-a9b3-0c3e14b77417}" record_timestamp="1372246350328" record_key="non_player_minor_settlement_port">
<over_contexts>non_player_minor_settlement_port</over_contexts>
</campaign_map_tooltip_over_contexts>
<campaign_map_tooltip_over_contexts record_uuid="{37b2de0a-9add-42ce-a7f9-b108c659d012}" record_timestamp="1372246350348" record_key="non_player_minor_settlement_port_blockaded">
<over_contexts>non_player_minor_settlement_port_blockaded</over_contexts>
</campaign_map_tooltip_over_contexts>
<campaign_map_tooltip_over_contexts record_uuid="{3551af9a-e25c-4936-92ce-2881dce8a203}" record_timestamp="1363867944130" record_key="non_player_minor_settlement_port_occupied">
<over_contexts>non_player_minor_settlement_port_occupied</over_contexts>
</campaign_map_tooltip_over_contexts>
<campaign_map_tooltip_over_contexts record_uuid="{e870531c-a618-491e-ac73-b1d4d9e40db7}" record_timestamp="1363867944105" record_key="non_player_minor_settlement_port_unoccupied">
<over_contexts>non_player_minor_settlement_port_unoccupied</over_contexts>
</campaign_map_tooltip_over_contexts>
<campaign_map_tooltip_over_contexts record_uuid="{39743f36-4363-4d65-a4ab-8924334a95df}" record_timestamp="1363867943915" record_key="non_player_navy">
<over_contexts>non_player_navy</over_contexts>
</campaign_map_tooltip_over_contexts>
<campaign_map_tooltip_over_contexts record_uuid="{268b702c-0dd2-4687-9a79-3465ff8dd140}" record_timestamp="1363867943891" record_key="non_player_navy_escort">
<over_contexts>non_player_navy_escort</over_contexts>
</campaign_map_tooltip_over_contexts>
<campaign_map_tooltip_over_contexts record_uuid="{3bccad73-6d31-4a0f-84ef-a2c595b94a28}" record_timestamp="1363867943868" record_key="non_player_navy_transport">
<over_contexts>non_player_navy_transport</over_contexts>
</campaign_map_tooltip_over_contexts>
<campaign_map_tooltip_over_contexts record_uuid="{5fdd7631-1c50-4b2e-9a56-18dd078f71a1}" record_timestamp="1363867944541" record_key="non_player_region">
<over_contexts>non_player_region</over_contexts>
</campaign_map_tooltip_over_contexts>
<campaign_map_tooltip_over_contexts record_uuid="{972629fe-2e50-41c7-9255-3d0087203788}" record_timestamp="1363867944493" record_key="non_player_region_allied">
<over_contexts>non_player_region_allied</over_contexts>
</campaign_map_tooltip_over_contexts>
<campaign_map_tooltip_over_contexts record_uuid="{17767ed7-4a9b-4097-a01e-477049f828fb}" record_timestamp="1363867944517" record_key="non_player_region_without_access">
<over_contexts>non_player_region_without_access</over_contexts>
</campaign_map_tooltip_over_contexts>
<campaign_map_tooltip_over_contexts record_uuid="{0ce08a85-038d-4410-ad6b-d0d347b805db}" record_timestamp="1363867943985" record_key="non_player_sea_trade_route">
<over_contexts>non_player_sea_trade_route</over_contexts>
</campaign_map_tooltip_over_contexts>
<campaign_map_tooltip_over_contexts record_uuid="{b09d9f98-c535-4419-8dfe-b226bbd5b3b0}" record_timestamp="1363867943962" record_key="non_player_trade_route">
<over_contexts>non_player_trade_route</over_contexts>
</campaign_map_tooltip_over_contexts>
<campaign_map_tooltip_over_contexts record_uuid="{6df8c078-7467-41a9-9160-454872d59a11}" record_timestamp="1363867944620" record_key="own_sea_region">
<over_contexts>own_sea_region</over_contexts>
</campaign_map_tooltip_over_contexts>
<campaign_map_tooltip_over_contexts record_uuid="{b30680c3-c636-4b10-8e96-1526794ced84}" record_timestamp="1363867943797" record_key="player_agent">
<over_contexts>player_agent</over_contexts>
</campaign_map_tooltip_over_contexts>
<campaign_map_tooltip_over_contexts record_uuid="{c152d7bc-bc58-4ac0-8533-79b35d7966ab}" record_timestamp="1363867943774" record_key="player_army">
<over_contexts>player_army</over_contexts>
</campaign_map_tooltip_over_contexts>
<campaign_map_tooltip_over_contexts record_uuid="{dfc0f3d3-005c-4c4d-bcd5-376fc68f0f62}" record_timestamp="1366802194430" record_key="player_army_containing_agent">
<over_contexts>player_army_containing_agent</over_contexts>
</campaign_map_tooltip_over_contexts>
<campaign_map_tooltip_over_contexts record_uuid="{9bb75761-0422-41a0-9af5-cadeeb4db80c}" record_timestamp="1363867943844" record_key="player_major_settlement">
<over_contexts>player_major_settlement</over_contexts>
</campaign_map_tooltip_over_contexts>
<campaign_map_tooltip_over_contexts record_uuid="{10eed9f3-0ec3-47e4-9e36-d567df2efa3a}" record_timestamp="1372246350408" record_key="player_major_settlement_land_besieged">
<over_contexts>player_major_settlement_land_besieged</over_contexts>
</campaign_map_tooltip_over_contexts>
<campaign_map_tooltip_over_contexts record_uuid="{a96d0180-d781-4e2b-9265-3fd477f17fc8}" record_timestamp="1372246350367" record_key="player_major_settlement_land_garrisoned">
<over_contexts>player_major_settlement_land_garrisoned</over_contexts>
</campaign_map_tooltip_over_contexts>
<campaign_map_tooltip_over_contexts record_uuid="{5c55541b-7317-464e-a334-7d3fd4fefe92}" record_timestamp="1372246350388" record_key="player_major_settlement_land_ungarrisoned">
<over_contexts>player_major_settlement_land_ungarrisoned</over_contexts>
</campaign_map_tooltip_over_contexts>
<campaign_map_tooltip_over_contexts record_uuid="{ff7757eb-f487-4c0e-8276-149618f7a1e7}" record_timestamp="1372246350516" record_key="player_major_settlement_port_blockaded">
<over_contexts>player_major_settlement_port_blockaded</over_contexts>
</campaign_map_tooltip_over_contexts>
<campaign_map_tooltip_over_contexts record_uuid="{40314e4e-e1b2-4b66-ab45-4f6bf7a3805d}" record_timestamp="1372246350472" record_key="player_major_settlement_port_garrisoned_combined">
<over_contexts>player_major_settlement_port_garrisoned_combined</over_contexts>
</campaign_map_tooltip_over_contexts>
<campaign_map_tooltip_over_contexts record_uuid="{97a37ee4-1a94-4fb4-8690-8cc8f03e9644}" record_timestamp="1372246350430" record_key="player_major_settlement_port_garrisoned_navy">
<over_contexts>player_major_settlement_port_garrisoned_navy</over_contexts>
</campaign_map_tooltip_over_contexts>
<campaign_map_tooltip_over_contexts record_uuid="{8da0b7ec-cadf-43cd-950c-eb63baa76888}" record_timestamp="1372246350451" record_key="player_major_settlement_port_garrisoned_transport">
<over_contexts>player_major_settlement_port_garrisoned_transport</over_contexts>
</campaign_map_tooltip_over_contexts>
<campaign_map_tooltip_over_contexts record_uuid="{3440cc9c-5a58-44fb-8c2c-7277db45dffc}" record_timestamp="1363867943632" record_key="player_major_settlement_port_occupied">
<over_contexts>player_major_settlement_port_occupied</over_contexts>
</campaign_map_tooltip_over_contexts>
<campaign_map_tooltip_over_contexts record_uuid="{a45dd49d-8bfa-4e0e-ab73-2eb3a5bf305b}" record_timestamp="1366276264090" record_key="player_major_settlement_port_occupied_navy">
<over_contexts>player_major_settlement_port_occupied_navy</over_contexts>
</campaign_map_tooltip_over_contexts>
<campaign_map_tooltip_over_contexts record_uuid="{5b00c833-8037-433d-86d5-ed126d113e67}" record_timestamp="1366276264152" record_key="player_major_settlement_port_occupied_navy_cant_escort_already_escorting">
<over_contexts>player_major_settlement_port_occupied_navy_cant_escort_already_escorting</over_contexts>
</campaign_map_tooltip_over_contexts>
<campaign_map_tooltip_over_contexts record_uuid="{a119832a-82aa-483b-86b6-7463629bf1b8}" record_timestamp="1366276264116" record_key="player_major_settlement_port_occupied_navy_transport">
<over_contexts>player_major_settlement_port_occupied_navy_transport</over_contexts>
</campaign_map_tooltip_over_contexts>
<campaign_map_tooltip_over_contexts record_uuid="{28d71fe8-e7e0-41b1-a55b-c8b324e71636}" record_timestamp="1372246350494" record_key="player_major_settlement_port_ungarrisoned">
<over_contexts>player_major_settlement_port_ungarrisoned</over_contexts>
</campaign_map_tooltip_over_contexts>
<campaign_map_tooltip_over_contexts record_uuid="{27512f56-4d1a-400b-aa2d-1390960568a7}" record_timestamp="1363867943608" record_key="player_major_settlement_port_unoccupied">
<over_contexts>player_major_settlement_port_unoccupied</over_contexts>
</campaign_map_tooltip_over_contexts>
<campaign_map_tooltip_over_contexts record_uuid="{60ce1e34-7cf2-4113-9cda-edc83c639938}" record_timestamp="1363867943821" record_key="player_minor_settlement">
<over_contexts>player_minor_settlement</over_contexts>
</campaign_map_tooltip_over_contexts>
<campaign_map_tooltip_over_contexts record_uuid="{bda5647b-bb8a-4369-990b-9fa3d0871378}" record_timestamp="1372246350583" record_key="player_minor_settlement_land_besieged">
<over_contexts>player_minor_settlement_land_besieged</over_contexts>
</campaign_map_tooltip_over_contexts>
<campaign_map_tooltip_over_contexts record_uuid="{394c4964-3ca5-4294-bd4d-93b059474fd5}" record_timestamp="1372246350537" record_key="player_minor_settlement_land_garrisoned">
<over_contexts>player_minor_settlement_land_garrisoned</over_contexts>
</campaign_map_tooltip_over_contexts>
<campaign_map_tooltip_over_contexts record_uuid="{ac7f264d-c8a2-49c0-811b-8877cfe5ea6b}" record_timestamp="1372246350560" record_key="player_minor_settlement_land_ungarrisoned">
<over_contexts>player_minor_settlement_land_ungarrisoned</over_contexts>
</campaign_map_tooltip_over_contexts>
<campaign_map_tooltip_over_contexts record_uuid="{cdafee82-7573-472c-b02a-45b134e2c3c6}" record_timestamp="1372246350699" record_key="player_minor_settlement_port_blockaded">
<over_contexts>player_minor_settlement_port_blockaded</over_contexts>
</campaign_map_tooltip_over_contexts>
<campaign_map_tooltip_over_contexts record_uuid="{0afd2d12-d9d3-4087-af0a-e4c1e2c6c67e}" record_timestamp="1372246350652" record_key="player_minor_settlement_port_garrisoned_combined">
<over_contexts>player_minor_settlement_port_garrisoned_combined</over_contexts>
</campaign_map_tooltip_over_contexts>
<campaign_map_tooltip_over_contexts record_uuid="{44c081e6-f906-43cb-99d2-09962a40c741}" record_timestamp="1372246350606" record_key="player_minor_settlement_port_garrisoned_navy">
<over_contexts>player_minor_settlement_port_garrisoned_navy</over_contexts>
</campaign_map_tooltip_over_contexts>
<campaign_map_tooltip_over_contexts record_uuid="{be74373b-699e-4fc1-9b2b-05beb048a87f}" record_timestamp="1372246350629" record_key="player_minor_settlement_port_garrisoned_transport">
<over_contexts>player_minor_settlement_port_garrisoned_transport</over_contexts>
</campaign_map_tooltip_over_contexts>
<campaign_map_tooltip_over_contexts record_uuid="{578e8c07-8220-4a4d-826a-8be70c3d332b}" record_timestamp="1363867943680" record_key="player_minor_settlement_port_occupied">
<over_contexts>player_minor_settlement_port_occupied</over_contexts>
</campaign_map_tooltip_over_contexts>
<campaign_map_tooltip_over_contexts record_uuid="{06d232f9-4a46-4ea0-966b-834e095def32}" record_timestamp="1366276264179" record_key="player_minor_settlement_port_occupied_navy">
<over_contexts>player_minor_settlement_port_occupied_navy</over_contexts>
</campaign_map_tooltip_over_contexts>
<campaign_map_tooltip_over_contexts record_uuid="{6e042e36-41ce-4df7-8394-01a80b4cd549}" record_timestamp="1366276264054" record_key="player_minor_settlement_port_occupied_navy_cant_escort_already_escorting">
<over_contexts>player_minor_settlement_port_occupied_navy_cant_escort_already_escorting</over_contexts>
</campaign_map_tooltip_over_contexts>
<campaign_map_tooltip_over_contexts record_uuid="{3e62f25f-e371-4f41-999a-e1e5e0e64d33}" record_timestamp="1366276264231" record_key="player_minor_settlement_port_occupied_navy_transport">
<over_contexts>player_minor_settlement_port_occupied_navy_transport</over_contexts>
</campaign_map_tooltip_over_contexts>
<campaign_map_tooltip_over_contexts record_uuid="{683cf88c-7530-435d-b66e-b5545557c4e5}" record_timestamp="1372246350676" record_key="player_minor_settlement_port_ungarrisoned">
<over_contexts>player_minor_settlement_port_ungarrisoned</over_contexts>
</campaign_map_tooltip_over_contexts>
<campaign_map_tooltip_over_contexts record_uuid="{9f7c9516-7b59-4486-a387-9f97ab689a87}" record_timestamp="1363867943656" record_key="player_minor_settlement_port_unoccupied">
<over_contexts>player_minor_settlement_port_unoccupied</over_contexts>
</campaign_map_tooltip_over_contexts>
<campaign_map_tooltip_over_contexts record_uuid="{10f30734-2b74-4bd5-a468-4313cccfe90b}" record_timestamp="1363867943751" record_key="player_navy">
<over_contexts>player_navy</over_contexts>
</campaign_map_tooltip_over_contexts>
<campaign_map_tooltip_over_contexts record_uuid="{aeebae6e-a724-4a83-8258-4441c6c76e4d}" record_timestamp="1363867943703" record_key="player_navy_cant_escort_already_escorting">
<over_contexts>player_navy_cant_escort_already_escorting</over_contexts>
</campaign_map_tooltip_over_contexts>
<campaign_map_tooltip_over_contexts record_uuid="{479e594b-089f-492c-b836-d06fd1843094}" record_timestamp="1363867943727" record_key="player_navy_transport">
<over_contexts>player_navy_transport</over_contexts>
</campaign_map_tooltip_over_contexts>
<campaign_map_tooltip_over_contexts record_uuid="{8b45caed-74d9-4dc8-95df-26361482cd7c}" record_timestamp="1363867943585" record_key="player_sea_trade_route">
<over_contexts>player_sea_trade_route</over_contexts>
</campaign_map_tooltip_over_contexts>
<campaign_map_tooltip_over_contexts record_uuid="{0ac97d78-b57c-4364-9d85-90a2519051ee}" record_timestamp="1363867943561" record_key="player_trade_route">
<over_contexts>player_trade_route</over_contexts>
</campaign_map_tooltip_over_contexts>
<campaign_map_tooltip_over_contexts record_uuid="{48b86102-3181-4625-9046-7315c8834f0e}" record_timestamp="1453742858283" record_key="player_waaagh_army">
<over_contexts>player_waaagh_army</over_contexts>
</campaign_map_tooltip_over_contexts>
<campaign_map_tooltip_over_contexts record_uuid="{070deda6-612a-47f2-8113-efa39b6dc99d}" record_timestamp="1363867944592" record_key="region">
<over_contexts>region</over_contexts>
</campaign_map_tooltip_over_contexts>
<campaign_map_tooltip_over_contexts record_uuid="{dc0bd2ca-ac60-4331-b2b7-9a21e4f6ef21}" record_timestamp="1363867944670" record_key="sea_region">
<over_contexts>sea_region</over_contexts>
</campaign_map_tooltip_over_contexts>
<campaign_map_tooltip_over_contexts record_uuid="{4fc60654-2a36-4744-b261-13f818da78f4}" record_timestamp="1364920070239" record_key="shared_sea_region">
<over_contexts>shared_sea_region</over_contexts>
</campaign_map_tooltip_over_contexts>
</dataroot>
