<?xml version="1.0" encoding="UTF-8"?>
<dataroot xmlns:od="urn:schemas-microsoft-com:officedata" xmlns:xsi="http://www.w3.org/2001/XMLSchema-instance" xsi:noNamespaceSchemaLocation="campaign_vfx_campaign_vfx_event_ids.xsd" export_time="Wed Feb 10 12:36:20 2016" revision="20" export_branch="E:/TotalWar/warhammer/binaries.x64" export_user="bob">
<edit_uuid>8c92f25f-aa9b-4801-98a5-a040f63413b2</edit_uuid>
<campaign_vfx_campaign_vfx_event_ids record_uuid="{f4d6630d-c789-4863-81fd-fe35a54fb404}" record_timestamp="1450817570325" record_key="advice_character_marker">
<campaign_vfx_event>advice_character_marker</campaign_vfx_event>
</campaign_vfx_campaign_vfx_event_ids>
<campaign_vfx_campaign_vfx_event_ids record_uuid="{a5bbd8d4-da24-448b-86d6-8b547b217ea3}" record_timestamp="1450817570276" record_key="advice_settlement_marker">
<campaign_vfx_event>advice_settlement_marker</campaign_vfx_event>
</campaign_vfx_campaign_vfx_event_ids>
<campaign_vfx_campaign_vfx_event_ids record_uuid="{f11c0e51-e979-491e-b50d-91a02de058b6}" record_timestamp="1364998567324" record_key="agent_buffed">
<campaign_vfx_event>agent_buffed</campaign_vfx_event>
</campaign_vfx_campaign_vfx_event_ids>
<campaign_vfx_campaign_vfx_event_ids record_uuid="{4376c61d-890c-4f69-b00d-85cd2c01160d}" record_timestamp="1364998567346" record_key="agent_debuffed">
<campaign_vfx_event>agent_debuffed</campaign_vfx_event>
</campaign_vfx_campaign_vfx_event_ids>
<campaign_vfx_campaign_vfx_event_ids record_uuid="{701e9bed-9e53-4086-a1b8-2ca66f3fd691}" record_timestamp="1444986982311" record_key="agent_deployed">
<campaign_vfx_event>agent_deployed</campaign_vfx_event>
</campaign_vfx_campaign_vfx_event_ids>
<campaign_vfx_campaign_vfx_event_ids record_uuid="{407cf2b2-4aec-41cc-b41d-42d0f765ca85}" record_timestamp="1448018782465" record_key="agent_deployed_foreign_region">
<campaign_vfx_event>agent_deployed_foreign_region</campaign_vfx_event>
</campaign_vfx_campaign_vfx_event_ids>
<campaign_vfx_campaign_vfx_event_ids record_uuid="{8583487f-985d-40c4-9be1-e1f1fe425bf0}" record_timestamp="1364998567301" record_key="agent_level_up">
<campaign_vfx_event>agent_level_up</campaign_vfx_event>
</campaign_vfx_campaign_vfx_event_ids>
<campaign_vfx_campaign_vfx_event_ids record_uuid="{a510a196-ad46-4683-8cef-35f5701277e3}" record_timestamp="1364998567256" record_key="agent_selection">
<campaign_vfx_event>agent_selection</campaign_vfx_event>
</campaign_vfx_campaign_vfx_event_ids>
<campaign_vfx_campaign_vfx_event_ids record_uuid="{24243192-8081-409d-bae5-f968669a67e7}" record_timestamp="1364998567620" record_key="army_ambushing">
<campaign_vfx_event>army_ambushing</campaign_vfx_event>
</campaign_vfx_campaign_vfx_event_ids>
<campaign_vfx_campaign_vfx_event_ids record_uuid="{18a39208-3d1a-433c-b0b6-2a126f1e8220}" record_timestamp="1364998567643" record_key="army_besieging">
<campaign_vfx_event>army_besieging</campaign_vfx_event>
</campaign_vfx_campaign_vfx_event_ids>
<campaign_vfx_campaign_vfx_event_ids record_uuid="{74105bae-48cd-476f-8faf-d1422bfba4c5}" record_timestamp="1364998567574" record_key="army_border_defence">
<campaign_vfx_event>army_border_defence</campaign_vfx_event>
</campaign_vfx_campaign_vfx_event_ids>
<campaign_vfx_campaign_vfx_event_ids record_uuid="{a617058a-a520-410a-8fdc-4243a22a2be6}" record_timestamp="1364998567483" record_key="army_buffed">
<campaign_vfx_event>army_buffed</campaign_vfx_event>
</campaign_vfx_campaign_vfx_event_ids>
<campaign_vfx_campaign_vfx_event_ids record_uuid="{d4b84db0-a46d-49c6-a574-56d850447af9}" record_timestamp="1364998567505" record_key="army_debuffed">
<campaign_vfx_event>army_debuffed</campaign_vfx_event>
</campaign_vfx_campaign_vfx_event_ids>
<campaign_vfx_campaign_vfx_event_ids record_uuid="{cbf3bb63-8e72-4c87-a1ba-36a3d9054f37}" record_timestamp="1364998567415" record_key="army_desertion">
<campaign_vfx_event>army_desertion</campaign_vfx_event>
</campaign_vfx_campaign_vfx_event_ids>
<campaign_vfx_campaign_vfx_event_ids record_uuid="{e799b6b0-365b-4467-b5ee-81e1852f20e6}" record_timestamp="1364998567392" record_key="army_disease">
<campaign_vfx_event>army_disease</campaign_vfx_event>
</campaign_vfx_campaign_vfx_event_ids>
<campaign_vfx_campaign_vfx_event_ids record_uuid="{34ac3f4d-c3a3-44dc-a0a7-20e7a0887169}" record_timestamp="1364998567597" record_key="army_forced_march">
<campaign_vfx_event>army_forced_march</campaign_vfx_event>
</campaign_vfx_campaign_vfx_event_ids>
<campaign_vfx_campaign_vfx_event_ids record_uuid="{f927668b-aa06-44ed-9765-4c7bbcbe33c0}" record_timestamp="1364998567551" record_key="army_generic_attrition">
<campaign_vfx_event>army_generic_attrition</campaign_vfx_event>
</campaign_vfx_campaign_vfx_event_ids>
<campaign_vfx_campaign_vfx_event_ids record_uuid="{c9022b5f-6999-449d-bb90-4a79e1a91453}" record_timestamp="1364998567460" record_key="army_level_up">
<campaign_vfx_event>army_level_up</campaign_vfx_event>
</campaign_vfx_campaign_vfx_event_ids>
<campaign_vfx_campaign_vfx_event_ids record_uuid="{e9468784-355c-47fb-bc7f-9a5f5e6e7fe2}" record_timestamp="1447858637495" record_key="army_low_morale">
<campaign_vfx_event>army_low_morale</campaign_vfx_event>
</campaign_vfx_campaign_vfx_event_ids>
<campaign_vfx_campaign_vfx_event_ids record_uuid="{f3392d36-a96f-430d-ae29-b1c2e4c15da1}" record_timestamp="1364998567437" record_key="army_raiding">
<campaign_vfx_event>army_raiding</campaign_vfx_event>
</campaign_vfx_campaign_vfx_event_ids>
<campaign_vfx_campaign_vfx_event_ids record_uuid="{a2d6eda4-64e2-461c-b7a9-3688f1a3e454}" record_timestamp="1364998567370" record_key="army_sabotage">
<campaign_vfx_event>army_sabotage</campaign_vfx_event>
</campaign_vfx_campaign_vfx_event_ids>
<campaign_vfx_campaign_vfx_event_ids record_uuid="{6af2d65a-4985-4535-9322-6051d6a65566}" record_timestamp="1364998567211" record_key="army_selection">
<campaign_vfx_event>army_selection</campaign_vfx_event>
</campaign_vfx_campaign_vfx_event_ids>
<campaign_vfx_campaign_vfx_event_ids record_uuid="{8c865a80-a66b-4398-8fd9-42100e60eb63}" record_timestamp="1449755238831" record_key="army_vampire_recruitement">
<campaign_vfx_event>army_vampire_recruitement</campaign_vfx_event>
</campaign_vfx_campaign_vfx_event_ids>
<campaign_vfx_campaign_vfx_event_ids record_uuid="{e76d5336-69e8-41ee-bbd1-e3b01adde792}" record_timestamp="1445434720589" record_key="army_waaagh_army">
<campaign_vfx_event>army_waaagh_army</campaign_vfx_event>
</campaign_vfx_campaign_vfx_event_ids>
<campaign_vfx_campaign_vfx_event_ids record_uuid="{4bb4e91a-d21a-4ae9-a018-0ffd39404e2c}" record_timestamp="1364998567528" record_key="army_war_coordination_target">
<campaign_vfx_event>army_war_coordination_target</campaign_vfx_event>
</campaign_vfx_campaign_vfx_event_ids>
<campaign_vfx_campaign_vfx_event_ids record_uuid="{f3356d3b-b747-4d4b-a9c5-f02e0dc3c338}" record_timestamp="1405424021891" record_key="movement_extents">
<campaign_vfx_event>movement_extents</campaign_vfx_event>
</campaign_vfx_campaign_vfx_event_ids>
<campaign_vfx_campaign_vfx_event_ids record_uuid="{6524cb74-45a3-4d71-a851-3394b2a223bb}" record_timestamp="1364998567825" record_key="navy_blockading">
<campaign_vfx_event>navy_blockading</campaign_vfx_event>
</campaign_vfx_campaign_vfx_event_ids>
<campaign_vfx_campaign_vfx_event_ids record_uuid="{6b604f32-b74c-4f3f-b733-ac47ae039fad}" record_timestamp="1364998567688" record_key="navy_buffed">
<campaign_vfx_event>navy_buffed</campaign_vfx_event>
</campaign_vfx_campaign_vfx_event_ids>
<campaign_vfx_campaign_vfx_event_ids record_uuid="{5886346a-3389-4d96-8b45-f17d347acb0b}" record_timestamp="1364998567711" record_key="navy_debuffed">
<campaign_vfx_event>navy_debuffed</campaign_vfx_event>
</campaign_vfx_campaign_vfx_event_ids>
<campaign_vfx_campaign_vfx_event_ids record_uuid="{f9339226-703d-4899-b16a-bc27be08387a}" record_timestamp="1364998567802" record_key="navy_double_time">
<campaign_vfx_event>navy_double_time</campaign_vfx_event>
</campaign_vfx_campaign_vfx_event_ids>
<campaign_vfx_campaign_vfx_event_ids record_uuid="{0fd2da57-aad2-46e7-80ea-68c27ca10b87}" record_timestamp="1364998567780" record_key="navy_generic_attrition">
<campaign_vfx_event>navy_generic_attrition</campaign_vfx_event>
</campaign_vfx_campaign_vfx_event_ids>
<campaign_vfx_campaign_vfx_event_ids record_uuid="{3a255f84-9cc4-462c-aa4a-ccc73b3949a7}" record_timestamp="1364998567666" record_key="navy_level_up">
<campaign_vfx_event>navy_level_up</campaign_vfx_event>
</campaign_vfx_campaign_vfx_event_ids>
<campaign_vfx_campaign_vfx_event_ids record_uuid="{a9bbc6d6-cc4c-431a-8d3c-ec5649283835}" record_timestamp="1371122911348" record_key="navy_patrol">
<campaign_vfx_event>navy_patrol</campaign_vfx_event>
</campaign_vfx_campaign_vfx_event_ids>
<campaign_vfx_campaign_vfx_event_ids record_uuid="{88f21f4d-3e9a-467a-b45f-a1164125d076}" record_timestamp="1364998567756" record_key="navy_raiding">
<campaign_vfx_event>navy_raiding</campaign_vfx_event>
</campaign_vfx_campaign_vfx_event_ids>
<campaign_vfx_campaign_vfx_event_ids record_uuid="{fac0569a-3087-44d2-a392-15d67a32e22e}" record_timestamp="1364998567233" record_key="navy_selection">
<campaign_vfx_event>navy_selection</campaign_vfx_event>
</campaign_vfx_campaign_vfx_event_ids>
<campaign_vfx_campaign_vfx_event_ids record_uuid="{6bab5f17-fb98-47c9-b827-1bf6af95646b}" record_timestamp="1364998567734" record_key="navy_war_coordination_target">
<campaign_vfx_event>navy_war_coordination_target</campaign_vfx_event>
</campaign_vfx_campaign_vfx_event_ids>
<campaign_vfx_campaign_vfx_event_ids record_uuid="{e1903b73-17d4-412b-9db3-f8420f4e7588}" record_timestamp="1455107778073" record_key="post_battle_loser">
<campaign_vfx_event>post_battle_loser</campaign_vfx_event>
</campaign_vfx_campaign_vfx_event_ids>
<campaign_vfx_campaign_vfx_event_ids record_uuid="{1f817e5c-9cd0-4819-9da1-a1dcd3ef9c76}" record_timestamp="1455107778087" record_key="post_battle_winner">
<campaign_vfx_event>post_battle_winner</campaign_vfx_event>
</campaign_vfx_campaign_vfx_event_ids>
<campaign_vfx_campaign_vfx_event_ids record_uuid="{9b9cb650-ae86-4f3f-b9a8-6eea97b62117}" record_timestamp="1401466464497" record_key="settlement_abandoned">
<campaign_vfx_event>settlement_abandoned</campaign_vfx_event>
</campaign_vfx_campaign_vfx_event_ids>
<campaign_vfx_campaign_vfx_event_ids record_uuid="{b54178b9-244c-4652-833c-c994f4ea7f7c}" record_timestamp="1401466469519" record_key="settlement_abandoned_residual_fire">
<campaign_vfx_event>settlement_abandoned_residual_fire</campaign_vfx_event>
</campaign_vfx_campaign_vfx_event_ids>
<campaign_vfx_campaign_vfx_event_ids record_uuid="{7536b458-26bc-4b80-a0f6-3ce8649e1a05}" record_timestamp="1401800121679" record_key="settlement_abandoned_residual_smoke">
<campaign_vfx_event>settlement_abandoned_residual_smoke</campaign_vfx_event>
</campaign_vfx_campaign_vfx_event_ids>
<campaign_vfx_campaign_vfx_event_ids record_uuid="{2d5f1e24-d7ae-479a-94bd-4345b2e1b3d9}" record_timestamp="1364998567848" record_key="settlement_besieged">
<campaign_vfx_event>settlement_besieged</campaign_vfx_event>
</campaign_vfx_campaign_vfx_event_ids>
<campaign_vfx_campaign_vfx_event_ids record_uuid="{c99b3d86-9120-4564-8c2c-1909b3679394}" record_timestamp="1364998567894" record_key="settlement_blockaded">
<campaign_vfx_event>settlement_blockaded</campaign_vfx_event>
</campaign_vfx_campaign_vfx_event_ids>
<campaign_vfx_campaign_vfx_event_ids record_uuid="{0bdb2ba3-9944-47ec-8c2d-6b9dc45ea833}" record_timestamp="1364998567964" record_key="settlement_construction">
<campaign_vfx_event>settlement_construction</campaign_vfx_event>
</campaign_vfx_campaign_vfx_event_ids>
<campaign_vfx_campaign_vfx_event_ids record_uuid="{0008b55a-e109-4207-80af-91bbe861162f}" record_timestamp="1364998568010" record_key="settlement_convert">
<campaign_vfx_event>settlement_convert</campaign_vfx_event>
</campaign_vfx_campaign_vfx_event_ids>
<campaign_vfx_campaign_vfx_event_ids record_uuid="{7f904b8a-1e71-46d6-87a1-d3526986b2f0}" record_timestamp="1364998567987" record_key="settlement_demolish">
<campaign_vfx_event>settlement_demolish</campaign_vfx_event>
</campaign_vfx_campaign_vfx_event_ids>
<campaign_vfx_campaign_vfx_event_ids record_uuid="{e34a1514-5655-4858-8b0e-42732cc1a029}" record_timestamp="1364998568033" record_key="settlement_development_point_available">
<campaign_vfx_event>settlement_development_point_available</campaign_vfx_event>
</campaign_vfx_campaign_vfx_event_ids>
<campaign_vfx_campaign_vfx_event_ids record_uuid="{cc26aee0-41a0-4cba-a016-338f0374d7ff}" record_timestamp="1364998567919" record_key="settlement_disease">
<campaign_vfx_event>settlement_disease</campaign_vfx_event>
</campaign_vfx_campaign_vfx_event_ids>
<campaign_vfx_campaign_vfx_event_ids record_uuid="{3b9aa2b4-83fc-4b1b-8cf3-381e46916a51}" record_timestamp="1364998568056" record_key="settlement_legendary_building">
<campaign_vfx_event>settlement_legendary_building</campaign_vfx_event>
</campaign_vfx_campaign_vfx_event_ids>
<campaign_vfx_campaign_vfx_event_ids record_uuid="{685b3d55-283b-4d9d-98c1-95cc94afde19}" record_timestamp="1364998567871" record_key="settlement_looted">
<campaign_vfx_event>settlement_looted</campaign_vfx_event>
</campaign_vfx_campaign_vfx_event_ids>
<campaign_vfx_campaign_vfx_event_ids record_uuid="{73b9d370-d5ce-495c-a731-f94be744f9c0}" record_timestamp="1371654887337" record_key="settlement_province_edict_military">
<campaign_vfx_event>settlement_province_edict_military</campaign_vfx_event>
</campaign_vfx_campaign_vfx_event_ids>
<campaign_vfx_campaign_vfx_event_ids record_uuid="{414220fe-01e9-4283-b9ed-2d3b0c06e18f}" record_timestamp="1371654887260" record_key="settlement_province_edict_money">
<campaign_vfx_event>settlement_province_edict_money</campaign_vfx_event>
</campaign_vfx_campaign_vfx_event_ids>
<campaign_vfx_campaign_vfx_event_ids record_uuid="{83efbe44-fb08-4deb-94a4-2e3b13dc1d1d}" record_timestamp="1371654887492" record_key="settlement_province_edict_population">
<campaign_vfx_event>settlement_province_edict_population</campaign_vfx_event>
</campaign_vfx_campaign_vfx_event_ids>
<campaign_vfx_campaign_vfx_event_ids record_uuid="{b187c186-7163-41aa-b5c0-754b4296e913}" record_timestamp="1364998567941" record_key="settlement_raze">
<campaign_vfx_event>settlement_raze</campaign_vfx_event>
</campaign_vfx_campaign_vfx_event_ids>
<campaign_vfx_campaign_vfx_event_ids record_uuid="{2568ac86-7f5d-4b71-ad92-fbbdf4e6ce6e}" record_timestamp="1368005618489" record_key="settlement_selection">
<campaign_vfx_event>settlement_selection</campaign_vfx_event>
</campaign_vfx_campaign_vfx_event_ids>
<campaign_vfx_campaign_vfx_event_ids record_uuid="{4565b7c7-75b1-4418-b0db-e837adea39b4}" record_timestamp="1364998568079" record_key="settlement_war_coordination_target">
<campaign_vfx_event>settlement_war_coordination_target</campaign_vfx_event>
</campaign_vfx_campaign_vfx_event_ids>
<campaign_vfx_campaign_vfx_event_ids record_uuid="{70ac7253-d12e-4b41-a7fd-e1a8c340ea86}" record_timestamp="1369919395746" record_key="tutorial_marker">
<campaign_vfx_event>tutorial_marker</campaign_vfx_event>
</campaign_vfx_campaign_vfx_event_ids>
<campaign_vfx_campaign_vfx_event_ids record_uuid="{10d6693a-5319-4ce7-a226-6403e9c74e0e}" record_timestamp="1405424021881" record_key="zone_of_control">
<campaign_vfx_event>zone_of_control</campaign_vfx_event>
</campaign_vfx_campaign_vfx_event_ids>
</dataroot>
