<?xml version="1.0" encoding="UTF-8"?>
<dataroot xmlns:od="urn:schemas-microsoft-com:officedata" xmlns:xsi="http://www.w3.org/2001/XMLSchema-instance" xsi:noNamespaceSchemaLocation="campaign_tree_type_cultures.xsd" export_time="Fri May 20 11:37:55 2016" revision="9" export_branch="T:/branches/warhammer/beastmen/warhammer/binaries.x64" export_user="bob">
<edit_uuid>901f6961-35e8-4597-bc74-127e7a7808bc</edit_uuid>
<campaign_tree_type_cultures record_uuid="{07c7bff9-838f-43d4-85a6-9d966a741071}" record_timestamp="1452092707496" record_key="BEASTMENwh_dlc03_bst_beastmen">
<culture>wh_dlc03_bst_beastmen</culture>
<tree_type>BEASTMEN</tree_type>
</campaign_tree_type_cultures>
<campaign_tree_type_cultures record_uuid="{95a99c20-f73a-4d5c-8280-000b2d370709}" record_timestamp="1433348046242" record_key="BRETONNIAwh_main_brt_bretonnia">
<culture>wh_main_brt_bretonnia</culture>
<tree_type>BRETONNIA</tree_type>
</campaign_tree_type_cultures>
<campaign_tree_type_cultures record_uuid="{770e8c9a-5533-416d-a4d0-3f6584d38334}" record_timestamp="1433348046241" record_key="CHAOSwh_main_chs_chaos">
<culture>wh_main_chs_chaos</culture>
<tree_type>CHAOS</tree_type>
</campaign_tree_type_cultures>
<campaign_tree_type_cultures record_uuid="{16f59e3d-e3ca-4bf5-bd31-9bec9e26671a}" record_timestamp="1433348046241" record_key="DWARFSwh_main_dwf_dwarfs">
<culture>wh_main_dwf_dwarfs</culture>
<tree_type>DWARFS</tree_type>
</campaign_tree_type_cultures>
<campaign_tree_type_cultures record_uuid="{1b366b6a-758e-4795-9832-93cfcb68b95d}" record_timestamp="1433348046240" record_key="EMPIREwh_main_emp_empire">
<culture>wh_main_emp_empire</culture>
<tree_type>EMPIRE</tree_type>
</campaign_tree_type_cultures>
<campaign_tree_type_cultures record_uuid="{f408b507-e060-494c-b067-df54a47e0158}" record_timestamp="1433348046242" record_key="GREENSKINSwh_main_grn_greenskins">
<culture>wh_main_grn_greenskins</culture>
<tree_type>GREENSKINS</tree_type>
</campaign_tree_type_cultures>
<campaign_tree_type_cultures record_uuid="{fe241b72-eb8d-4bcb-bbf4-7600f1d3756a}" record_timestamp="1433348046243" record_key="VAMPIREwh_main_vmp_vampire_counts">
<culture>wh_main_vmp_vampire_counts</culture>
<tree_type>VAMPIRE</tree_type>
</campaign_tree_type_cultures>
</dataroot>
