<?xml version="1.0" encoding="UTF-8"?>
<dataroot xmlns:od="urn:schemas-microsoft-com:officedata" xmlns:xsi="http://www.w3.org/2001/XMLSchema-instance" xsi:noNamespaceSchemaLocation="campaign_politics_strings.xsd" export_time="Mon Aug 24 09:57:54 2015" revision="25" export_branch="C:/fetch_c/warhammer/binaries" export_user="bob">
<edit_uuid>20051121-612f-43c7-8b12-d4da9123d328</edit_uuid>
<campaign_politics_strings record_uuid="{0269f46b-076b-4bb0-8665-a8b56ab7219e}" record_timestamp="1366965403669" record_key="adopt_desc">
<key>adopt_desc</key>
<string state="APPROVED" last_approved_text="Adopt this character into your party." last_edit_user="bob">Adopt this character into your party.</string>
</campaign_politics_strings>
<campaign_politics_strings record_uuid="{d3275aff-7fc8-460c-99ce-55b9cb136c1a}" record_timestamp="1366965403729" record_key="adopt_fail_party_leader">
<key>adopt_fail_party_leader</key>
<string state="APPROVED" last_approved_text="Heads of parties cannot be adopted." last_edit_user="bob">Heads of parties cannot be adopted.</string>
</campaign_politics_strings>
<campaign_politics_strings record_uuid="{dff6e1f8-de29-4d6e-a1fa-aa629d3e9174}" record_timestamp="1375880852512" record_key="adoption_accepted_desc">
<key>adoption_accepted_desc</key>
<string state="APPROVED" last_approved_text="Character adopted" last_edit_user="bob">Character adopted</string>
</campaign_politics_strings>
<campaign_politics_strings record_uuid="{8c4d2fee-c3cd-4e47-a22e-39106dfb41a0}" record_timestamp="1364390307817" record_key="assassinate_desc">
<key>assassinate_desc</key>
<string state="APPROVED" last_approved_text="Attempt to have this character assassinated." last_edit_user="bob">Attempt to have this character assassinated.</string>
</campaign_politics_strings>
<campaign_politics_strings record_uuid="{945f406a-983f-4a7b-9b23-58d93e21b5d5}" record_timestamp="1364390307897" record_key="assassinate_fail_faction_leader">
<key>assassinate_fail_faction_leader</key>
<string state="APPROVED" last_approved_text="You cannot assassinate your faction leader." last_edit_user="bob">You cannot assassinate your faction leader.</string>
</campaign_politics_strings>
<campaign_politics_strings record_uuid="{c27ca329-993f-4129-9b03-f24467b5df04}" record_timestamp="1364390307977" record_key="assassinate_result_target_killed">
<key>assassinate_result_target_killed</key>
<string state="APPROVED" last_approved_text="The target character was killed." last_edit_user="bob">The target character was killed.</string>
</campaign_politics_strings>
<campaign_politics_strings record_uuid="{8c48c371-cee8-482a-953d-87db587b5657}" record_timestamp="1364390308047" record_key="assassinate_result_target_wounded">
<key>assassinate_result_target_wounded</key>
<string state="APPROVED" last_approved_text="The target character was wounded." last_edit_user="bob">The target character was wounded.</string>
</campaign_politics_strings>
<campaign_politics_strings record_uuid="{a4a611ac-bec5-4159-97d7-6637154daa31}" record_timestamp="1364390308117" record_key="assassinate_wife_desc">
<key>assassinate_wife_desc</key>
<string state="APPROVED" last_approved_text="Attempt to have the wife of this character assassinated." last_edit_user="bob">Attempt to have the wife of this character assassinated.</string>
</campaign_politics_strings>
<campaign_politics_strings record_uuid="{15551ba5-351a-450e-88f5-58ba4bd2883b}" record_timestamp="1376992065125" record_key="blackmail_gravitas_loss">
<key>blackmail_gravitas_loss</key>
<string state="APPROVED" last_approved_text="%n Gravitas" last_edit_user="bob">%n Gravitas</string>
</campaign_politics_strings>
<campaign_politics_strings record_uuid="{fba2190d-2d90-4a41-9b53-aa69a63cf971}" record_timestamp="1366965403909" record_key="bribe_desc">
<key>bribe_desc</key>
<string state="APPROVED" last_approved_text="Bribe this character to bring him over to your party. The target character will lose gravitas if he accepts." last_edit_user="bob">Bribe this character to bring him over to your party. The target character will lose gravitas if he accepts.</string>
</campaign_politics_strings>
<campaign_politics_strings record_uuid="{94b0b8e9-f5d4-4bab-a356-c33a2b3c8ab0}" record_timestamp="1366965403979" record_key="bribe_fail_party_leader">
<key>bribe_fail_party_leader</key>
<string state="APPROVED" last_approved_text="Heads of parties cannot be bribed." last_edit_user="bob">Heads of parties cannot be bribed.</string>
</campaign_politics_strings>
<campaign_politics_strings record_uuid="{4a066b8b-b03b-4c5a-8f44-1939edbaaf20}" record_timestamp="1364390308267" record_key="divorce_desc">
<key>divorce_desc</key>
<string state="APPROVED" last_approved_text="Force this character to divorce his wife." last_edit_user="bob">Force this character to divorce his wife.</string>
</campaign_politics_strings>
<campaign_politics_strings record_uuid="{1eb7684f-89f8-4e22-907c-69b4215a9a53}" record_timestamp="1364390308347" record_key="fail_money">
<key>fail_money</key>
<string state="APPROVED" last_approved_text="You do not have enough money." last_edit_user="bob">You do not have enough money.</string>
</campaign_politics_strings>
<campaign_politics_strings record_uuid="{45428c27-0a50-4d99-a63e-dd3102e0a049}" record_timestamp="1374248932002" record_key="fail_power">
<key>fail_power</key>
<string state="APPROVED" last_approved_text="You do not have enough influence." last_edit_user="bob">You do not have enough influence.</string>
</campaign_politics_strings>
<campaign_politics_strings record_uuid="{75a1b449-0ae6-4846-9b81-e91626bb612c}" record_timestamp="1375293409826" record_key="get_into_position_age_and_rank_requirement">
<key>get_into_position_age_and_rank_requirement</key>
<string state="APPROVED" last_approved_text="This character must be at least %n years old and rank %n or higher." last_edit_user="bob">This character must be at least %n years old and rank %n or higher.</string>
</campaign_politics_strings>
<campaign_politics_strings record_uuid="{e4deb652-ce02-4399-8f67-a5cc81b14370}" record_timestamp="1364390308557" record_key="get_into_position_age_requirement">
<key>get_into_position_age_requirement</key>
<string state="APPROVED" last_approved_text="This character must be at least %n years old." last_edit_user="bob">This character must be at least %n years old.</string>
</campaign_politics_strings>
<campaign_politics_strings record_uuid="{fdf831dc-a250-4b0a-95a9-f935c5bf87f8}" record_timestamp="1366965404169" record_key="get_into_position_desc">
<key>get_into_position_desc</key>
<string state="APPROVED" last_approved_text="Use your influence to promote this character to a higher office." last_edit_user="bob">Use your influence to promote this character to a higher office.</string>
</campaign_politics_strings>
<campaign_politics_strings record_uuid="{fbe22dcb-47d3-449c-b755-90de8b9f4c37}" record_timestamp="1364390308727" record_key="get_into_position_rank_requirement">
<key>get_into_position_rank_requirement</key>
<string state="APPROVED" last_approved_text="This character must be rank %n or higher." last_edit_user="bob">This character must be rank %n or higher.</string>
</campaign_politics_strings>
<campaign_politics_strings record_uuid="{98d74051-c714-4738-b2da-c21bd13eec99}" record_timestamp="1376308583094" record_key="marry_desc">
<key>marry_desc</key>
<string state="APPROVED" last_approved_text="Arrange a marriage between this man and one of your distant relatives. This event will win influence for the weaker party." last_edit_user="bob">Arrange a marriage between this man and one of your distant relatives. This event will win influence for the weaker party.</string>
</campaign_politics_strings>
<campaign_politics_strings record_uuid="{7e5f58ca-af64-4cd1-b390-df13547d29cb}" record_timestamp="1374248932022" record_key="money_cost">
<key>money_cost</key>
<string state="APPROVED" last_approved_text="Cost: %d" last_edit_user="bob">Cost: %d</string>
</campaign_politics_strings>
<campaign_politics_strings record_uuid="{6036ea07-abf1-422b-8015-5f86d3f8bfb7}" record_timestamp="1374248932038" record_key="power_cost">
<key>power_cost</key>
<string state="APPROVED" last_approved_text="Influence: %d" last_edit_user="bob">Influence: %d</string>
</campaign_politics_strings>
<campaign_politics_strings record_uuid="{f322dbe8-ac08-4525-b5ba-92156033806f}" record_timestamp="1366132612784" record_key="spread_rumours_desc">
<key>spread_rumours_desc</key>
<string state="APPROVED" last_approved_text="Spread rumours about this character to decrease his gravitas." last_edit_user="bob">Spread rumours about this character to decrease his gravitas.</string>
</campaign_politics_strings>
</dataroot>
