<?xml version="1.0" encoding="UTF-8"?>
<dataroot xmlns:od="urn:schemas-microsoft-com:officedata" xmlns:xsi="http://www.w3.org/2001/XMLSchema-instance" xsi:noNamespaceSchemaLocation="campaign_statistics_categories.xsd" export_time="Mon Oct 5 14:42:57 2015" revision="13" export_branch="T:/warhammer/binaries" export_user="bob">
<edit_uuid>b97fddad-efe0-4f98-930b-e815eedaf00a</edit_uuid>
<campaign_statistics_categories record_uuid="{3000ac52-8fc9-493f-9d62-8c7984f78559}" record_timestamp="1443452431700" record_key="stat_cat_agents_actions">
<category_order>71</category_order>
<key>stat_cat_agents_actions</key>
<localised_description state="APPROVED" last_approved_text="Hero Actions" last_edit_user="bob">Hero Actions</localised_description>
</campaign_statistics_categories>
<campaign_statistics_categories record_uuid="{5e3b2293-1f7c-4c9e-9e20-64bc3ca2c37a}" record_timestamp="1424433957088" record_key="stat_cat_agents_breaker">
<category_order>69</category_order>
<key>stat_cat_agents_breaker</key>
<localised_description state="APPROVED" last_approved_text=" " last_edit_user="bob"> </localised_description>
</campaign_statistics_categories>
<campaign_statistics_categories record_uuid="{c7de7ca7-b429-4b81-89ca-61c1f3bbedf9}" record_timestamp="1443452431682" record_key="stat_cat_agents_general">
<category_order>70</category_order>
<key>stat_cat_agents_general</key>
<localised_description state="APPROVED" last_approved_text="Heroes" last_edit_user="bob">Heroes</localised_description>
</campaign_statistics_categories>
<campaign_statistics_categories record_uuid="{c12a2789-a09e-48c6-abb2-b728fcbea832}" record_timestamp="1424433964054" record_key="stat_cat_battles_aftermath">
<category_order>63</category_order>
<key>stat_cat_battles_aftermath</key>
<localised_description state="APPROVED" last_approved_text="Aftermaths" last_edit_user="bob">Aftermaths</localised_description>
</campaign_statistics_categories>
<campaign_statistics_categories record_uuid="{87ff50ef-bba8-4bed-80fc-602a8ccc4d46}" record_timestamp="1424433957356" record_key="stat_cat_battles_breaker">
<category_order>59</category_order>
<key>stat_cat_battles_breaker</key>
<localised_description state="APPROVED" last_approved_text=" " last_edit_user="bob"> </localised_description>
</campaign_statistics_categories>
<campaign_statistics_categories record_uuid="{bad94286-1547-4ed9-b2fc-74ac2c551b47}" record_timestamp="1424433961352" record_key="stat_cat_battles_defeats">
<category_order>62</category_order>
<key>stat_cat_battles_defeats</key>
<localised_description state="APPROVED" last_approved_text="Losses" last_edit_user="bob">Losses</localised_description>
</campaign_statistics_categories>
<campaign_statistics_categories record_uuid="{211e5ea9-5bd5-443a-b56b-fada5e9efdd6}" record_timestamp="1424433953530" record_key="stat_cat_battles_general">
<category_order>60</category_order>
<key>stat_cat_battles_general</key>
<localised_description state="APPROVED" last_approved_text="Battles" last_edit_user="bob">Battles</localised_description>
</campaign_statistics_categories>
<campaign_statistics_categories record_uuid="{f9eaa8b8-86b5-45d0-a129-f72b69e2a889}" record_timestamp="1424433961082" record_key="stat_cat_battles_victories">
<category_order>61</category_order>
<key>stat_cat_battles_victories</key>
<localised_description state="APPROVED" last_approved_text="Victories" last_edit_user="bob">Victories</localised_description>
</campaign_statistics_categories>
<campaign_statistics_categories record_uuid="{33686835-493e-4830-b2c4-35280442d231}" record_timestamp="1424433882159" record_key="stat_cat_diplomacy">
<category_order>30</category_order>
<key>stat_cat_diplomacy</key>
<localised_description state="APPROVED" last_approved_text="Diplomacy" last_edit_user="bob">Diplomacy</localised_description>
</campaign_statistics_categories>
<campaign_statistics_categories record_uuid="{f84921b9-c44d-4f25-8c2f-59bdd6de803d}" record_timestamp="1424433963220" record_key="stat_cat_economy_breaker">
<category_order>39</category_order>
<key>stat_cat_economy_breaker</key>
<localised_description state="APPROVED" last_approved_text=" " last_edit_user="bob"> </localised_description>
</campaign_statistics_categories>
<campaign_statistics_categories record_uuid="{9ffcf09b-a2a3-45d4-ad29-d85361599c07}" record_timestamp="1424433954980" record_key="stat_cat_economy_expenditure">
<category_order>41</category_order>
<key>stat_cat_economy_expenditure</key>
<localised_description state="APPROVED" last_approved_text="Expenditure" last_edit_user="bob">Expenditure</localised_description>
</campaign_statistics_categories>
<campaign_statistics_categories record_uuid="{5287ccb4-b2ca-4960-816b-e8fbbaf97122}" record_timestamp="1424433954741" record_key="stat_cat_economy_income">
<category_order>40</category_order>
<key>stat_cat_economy_income</key>
<localised_description state="APPROVED" last_approved_text="Income" last_edit_user="bob">Income</localised_description>
</campaign_statistics_categories>
<campaign_statistics_categories record_uuid="{4311358a-9313-4de4-b05c-212cf9b06b5d}" record_timestamp="1443452431664" record_key="stat_cat_empire">
<category_order>20</category_order>
<key>stat_cat_empire</key>
<localised_description state="APPROVED" last_approved_text="Faction" last_edit_user="bob">Faction</localised_description>
</campaign_statistics_categories>
<campaign_statistics_categories record_uuid="{36b439df-d7a5-45bb-9c9f-f367d42f8c67}" record_timestamp="1424433963779" record_key="stat_cat_empire_breaker">
<category_order>19</category_order>
<key>stat_cat_empire_breaker</key>
<localised_description state="APPROVED" last_approved_text=" " last_edit_user="bob"> </localised_description>
</campaign_statistics_categories>
<campaign_statistics_categories record_uuid="{4e8667a3-b49a-4b48-9248-7c86cd06d418}" record_timestamp="1424433962668" record_key="stat_cat_general">
<category_order>10</category_order>
<key>stat_cat_general</key>
<localised_description state="APPROVED" last_approved_text="Progress" last_edit_user="bob">Progress</localised_description>
</campaign_statistics_categories>
<campaign_statistics_categories record_uuid="{375e214e-565c-4b6e-b9b4-4c7c2edb4487}" record_timestamp="1424433963503" record_key="stat_cat_general_breaker">
<category_order>9</category_order>
<key>stat_cat_general_breaker</key>
<localised_description state="APPROVED" last_approved_text=" " last_edit_user="bob"> </localised_description>
</campaign_statistics_categories>
<campaign_statistics_categories record_uuid="{b6c19dcb-745b-4abf-b62b-86238ea64dc8}" record_timestamp="1424433957617" record_key="stat_cat_military_breaker">
<category_order>49</category_order>
<key>stat_cat_military_breaker</key>
<localised_description state="APPROVED" last_approved_text=" " last_edit_user="bob"> </localised_description>
</campaign_statistics_categories>
<campaign_statistics_categories record_uuid="{bbe9feb3-5be5-439b-9157-a25855b10e82}" record_timestamp="1424433962400" record_key="stat_cat_military_forces">
<category_order>50</category_order>
<key>stat_cat_military_forces</key>
<localised_description state="APPROVED" last_approved_text="Forces" last_edit_user="bob">Forces</localised_description>
</campaign_statistics_categories>
<campaign_statistics_categories record_uuid="{f426fe24-c778-44b5-bb31-71d4b7943119}" record_timestamp="1424433962127" record_key="stat_cat_military_units">
<category_order>51</category_order>
<key>stat_cat_military_units</key>
<localised_description state="APPROVED" last_approved_text="Units" last_edit_user="bob">Units</localised_description>
</campaign_statistics_categories>
</dataroot>
