<?xml version="1.0" encoding="UTF-8"?>
<dataroot xmlns:od="urn:schemas-microsoft-com:officedata" xmlns:xsi="http://www.w3.org/2001/XMLSchema-instance" xsi:noNamespaceSchemaLocation="cdir_desire_priorities.xsd" export_time="Wed Sep 23 14:44:47 2015" revision="11" export_branch="T:/warhammer/binaries" export_user="bob">
<edit_uuid>f02637ba-4e15-4860-b303-b7b74ec1944a</edit_uuid>
<cdir_desire_priorities record_uuid="{4f175dba-95ab-4c97-b092-1e9a1ded64a6}" record_key="allCDIR_DESIRE_EVENT_GENERATOR">
<campaign_key>all</campaign_key>
<desire_key>CDIR_DESIRE_EVENT_GENERATOR</desire_key>
<priority>1000</priority>
</cdir_desire_priorities>
</dataroot>
