<?xml version="1.0" encoding="UTF-8"?>
<dataroot xmlns:od="urn:schemas-microsoft-com:officedata" xmlns:xsi="http://www.w3.org/2001/XMLSchema-instance" xsi:noNamespaceSchemaLocation="cdir_events_categories.xsd" export_time="Thu Jul 14 14:02:21 2016" revision="15" export_branch="T:/branches/warhammer/sigmar/warhammer/binaries.x64" export_user="bob">
<edit_uuid>92f7cc6c-8b81-4f2a-9fa5-f6ed8c585581</edit_uuid>
<cdir_events_categories record_uuid="{3d3df38c-cede-401b-8057-c390fc14d331}" record_timestamp="1427357591491" record_key="Diplomatic">
<category_key>Diplomatic</category_key>
<on_screen_name state="IGNORED" last_approved_text="" last_edit_user="bob">[PH]</on_screen_name>
</cdir_events_categories>
<cdir_events_categories record_uuid="{64f1c124-4b3d-46ba-b354-32aec742bbbb}" record_timestamp="1427357591491" record_key="Disaster">
<category_key>Disaster</category_key>
<on_screen_name state="IGNORED" last_approved_text="" last_edit_user="bob">[PH]</on_screen_name>
</cdir_events_categories>
<cdir_events_categories record_uuid="{86795c05-3e73-445a-8bf9-97116c3f97a1}" record_timestamp="1427357591491" record_key="Domestic">
<category_key>Domestic</category_key>
<on_screen_name state="IGNORED" last_approved_text="" last_edit_user="bob">[PH]</on_screen_name>
</cdir_events_categories>
<cdir_events_categories record_uuid="{f985c67f-0698-455f-aac6-28777288a0ff}" record_timestamp="1427357591491" record_key="Event">
<category_key>Event</category_key>
<on_screen_name state="IGNORED" last_approved_text="" last_edit_user="bob">[PH]</on_screen_name>
</cdir_events_categories>
<cdir_events_categories record_uuid="{64032910-b701-40d7-995b-7eb61c4f6c4b}" record_timestamp="1427357591491" record_key="Faction">
<category_key>Faction</category_key>
<on_screen_name state="IGNORED" last_approved_text="" last_edit_user="bob">[PH]</on_screen_name>
</cdir_events_categories>
<cdir_events_categories record_uuid="{dec93331-92f4-4ab6-b79c-0c4f16e728cd}" record_timestamp="1427357591491" record_key="Family">
<category_key>Family</category_key>
<on_screen_name state="IGNORED" last_approved_text="" last_edit_user="bob">[PH]</on_screen_name>
</cdir_events_categories>
<cdir_events_categories record_uuid="{98df1552-a7d2-4a6c-97eb-1bafe038c14c}" record_timestamp="1453735954080" record_key="Grudges">
<category_key>Grudges</category_key>
<on_screen_name state="APPROVED" last_approved_text="Grudge" last_edit_user="bob">Grudge</on_screen_name>
</cdir_events_categories>
<cdir_events_categories record_uuid="{a76809f3-8acd-4a59-ae9c-14c6de541d10}" record_timestamp="1427357591491" record_key="Historical">
<category_key>Historical</category_key>
<on_screen_name state="IGNORED" last_approved_text="" last_edit_user="bob">[PH]</on_screen_name>
</cdir_events_categories>
<cdir_events_categories record_uuid="{c74d284e-ee37-4ba9-bbd4-4c61c64a3d7c}" record_timestamp="1453735954112" record_key="Military">
<category_key>Military</category_key>
<on_screen_name state="APPROVED" last_approved_text="Mission" last_edit_user="bob">Mission</on_screen_name>
</cdir_events_categories>
<cdir_events_categories record_uuid="{6a6073f4-17bb-4543-af5e-546fbbf9b25d}" record_timestamp="1453735954122" record_key="Objective">
<category_key>Objective</category_key>
<on_screen_name state="APPROVED" last_approved_text="Objective" last_edit_user="bob">Objective</on_screen_name>
</cdir_events_categories>
<cdir_events_categories record_uuid="{c9c2e194-d578-4710-9bbc-fbf906c9b51a}" record_timestamp="1427357591491" record_key="Political">
<category_key>Political</category_key>
<on_screen_name state="IGNORED" last_approved_text="" last_edit_user="bob">[PH]</on_screen_name>
</cdir_events_categories>
<cdir_events_categories record_uuid="{280998cd-adfa-4b6c-a966-7c53cce6df34}" record_timestamp="1453735954181" record_key="Quest">
<category_key>Quest</category_key>
<on_screen_name state="APPROVED" last_approved_text="Quest" last_edit_user="bob">Quest</on_screen_name>
</cdir_events_categories>
<cdir_events_categories record_uuid="{6ebbabdc-c9e0-407e-b7ed-7912c3514492}" record_timestamp="1427357591491" record_key="Religious">
<category_key>Religious</category_key>
<on_screen_name state="IGNORED" last_approved_text="" last_edit_user="bob">[PH]</on_screen_name>
</cdir_events_categories>
<cdir_events_categories record_uuid="{9e9dee18-8fdc-4f7c-afd7-5a03fffffbc3}" record_timestamp="1427357591491" record_key="Resolution">
<category_key>Resolution</category_key>
<on_screen_name state="IGNORED" last_approved_text="" last_edit_user="bob">[PH]</on_screen_name>
</cdir_events_categories>
<cdir_events_categories record_uuid="{090689ed-5f57-4392-a495-b0d58eaf345c}" record_timestamp="1427357591491" record_key="Setback">
<category_key>Setback</category_key>
<on_screen_name state="IGNORED" last_approved_text="" last_edit_user="bob">[PH]</on_screen_name>
</cdir_events_categories>
<cdir_events_categories record_uuid="{256865aa-bcdc-4f40-b915-1b55e34f5cba}" record_timestamp="1468499474655" record_key="dark_moon">
<category_key>dark_moon</category_key>
<on_screen_name state="APPROVED" last_approved_text="Dark Moon" last_edit_user="bob">Dark Moon</on_screen_name>
</cdir_events_categories>
<cdir_events_categories record_uuid="{6d08c5ef-cfa4-4a5c-875a-7c78943a33e4}" record_timestamp="1397647402323" record_key="placeholder">
<category_key>placeholder</category_key>
<on_screen_name state="IGNORED" last_approved_text="" last_edit_user="bob">[PH]</on_screen_name>
</cdir_events_categories>
<cdir_events_categories record_uuid="{8f42c64d-8462-47f9-800c-63cb7ae7c2db}" record_timestamp="1427357591491" record_key="political_action_outcome">
<category_key>political_action_outcome</category_key>
<on_screen_name state="IGNORED" last_approved_text="" last_edit_user="bob">[PH]</on_screen_name>
</cdir_events_categories>
<cdir_events_categories record_uuid="{1a1dd6c2-4c73-4533-9a9c-1095b64b8434}" record_timestamp="1427357591491" record_key="political_intrigue">
<category_key>political_intrigue</category_key>
<on_screen_name state="IGNORED" last_approved_text="" last_edit_user="bob">[PH]</on_screen_name>
</cdir_events_categories>
</dataroot>
