<?xml version="1.0" encoding="UTF-8"?>
<dataroot xmlns:od="urn:schemas-microsoft-com:officedata" xmlns:xsi="http://www.w3.org/2001/XMLSchema-instance" xsi:noNamespaceSchemaLocation="cdir_events_dilemma_choices.xsd" export_time="Mon Aug 24 09:57:56 2015" revision="5" export_branch="C:/fetch_c/warhammer/binaries" export_user="bob">
<edit_uuid>bfa7b848-dded-4609-ab50-00484a932e7b</edit_uuid>
<cdir_events_dilemma_choices record_uuid="{1102b08a-1b6f-4628-848c-9cbfe23146d8}" record_key="FIRST">
<choice_key>FIRST</choice_key>
</cdir_events_dilemma_choices>
<cdir_events_dilemma_choices record_uuid="{c2f4fa2d-d3af-46ae-b0e6-f544aa11c1c6}" record_key="FOURTH">
<choice_key>FOURTH</choice_key>
</cdir_events_dilemma_choices>
<cdir_events_dilemma_choices record_uuid="{5311d1ce-e0ed-42b0-a097-d5db6094d7bb}" record_key="SECOND">
<choice_key>SECOND</choice_key>
</cdir_events_dilemma_choices>
<cdir_events_dilemma_choices record_uuid="{b2a44346-c732-4dd2-8eeb-fb38add8326d}" record_key="THIRD">
<choice_key>THIRD</choice_key>
</cdir_events_dilemma_choices>
</dataroot>
