<?xml version="1.0" encoding="UTF-8"?>
<dataroot xmlns:od="urn:schemas-microsoft-com:officedata" xmlns:xsi="http://www.w3.org/2001/XMLSchema-instance" xsi:noNamespaceSchemaLocation="cdir_events_dilemma_incidents.xsd" export_time="Wed Feb 17 10:14:17 2016" revision="44" export_branch="T:/warhammer/binaries" export_user="bob">
<edit_uuid>282e2029-4c84-49f5-987b-def837362a84</edit_uuid>
<cdir_events_dilemma_incidents record_uuid="{e67abe55-12a6-4037-bef9-6624fe4a257d}" record_timestamp="1455704053480" record_key="wh_main_all_under_the_dark_moons_glareSECONDwh_main_incident_all_the_glower_of_morrslieb">
<choice_key>SECOND</choice_key>
<dilemma_key>wh_main_all_under_the_dark_moons_glare</dilemma_key>
<incident_key>wh_main_incident_all_the_glower_of_morrslieb</incident_key>
</cdir_events_dilemma_incidents>
<cdir_events_dilemma_incidents record_uuid="{5924aa4b-1625-4437-8fad-bc9230add2b3}" record_timestamp="1442835737294" record_key="wh_main_emp_karl_franz_silver_seal_stage_2SECONDwh_main_emp_karl_franz_silver_seal_stage_2">
<choice_key>SECOND</choice_key>
<dilemma_key>wh_main_emp_karl_franz_silver_seal_stage_2</dilemma_key>
<incident_key>wh_main_emp_karl_franz_silver_seal_stage_2</incident_key>
</cdir_events_dilemma_incidents>
</dataroot>
