<?xml version="1.0" encoding="UTF-8"?>
<dataroot xmlns:od="urn:schemas-microsoft-com:officedata" xmlns:xsi="http://www.w3.org/2001/XMLSchema-instance" xsi:noNamespaceSchemaLocation="cdir_events_dilemma_followup_missions.xsd" export_time="Wed Jul 13 14:11:37 2016" revision="18" export_branch="T:/" export_user="bob">
<edit_uuid>6314f9a4-34b4-466f-95a5-aae5ada6abee</edit_uuid>
<cdir_events_dilemma_followup_missions record_uuid="{fb441d01-05ea-454d-ad0d-5590d5fa1441}" record_timestamp="1468415496979" record_key="wh_dlc04_vmp_vlad_von_carstein_the_carstein_ring_stage_2FIRSTwh_dlc04_vmp_vlad_von_carstein_the_carstein_ring_stage_2_2">
<choice_key>FIRST</choice_key>
<dilemma_key>wh_dlc04_vmp_vlad_von_carstein_the_carstein_ring_stage_2</dilemma_key>
<followup_mission_key>wh_dlc04_vmp_vlad_von_carstein_the_carstein_ring_stage_2_2</followup_mission_key>
</cdir_events_dilemma_followup_missions>
<cdir_events_dilemma_followup_missions record_uuid="{9d452e13-e8a8-41c3-b115-b16145caccef}" record_timestamp="1468415497018" record_key="wh_dlc04_vmp_vlad_von_carstein_the_carstein_ring_stage_2SECONDwh_dlc04_vmp_vlad_von_carstein_the_carstein_ring_stage_2_3">
<choice_key>SECOND</choice_key>
<dilemma_key>wh_dlc04_vmp_vlad_von_carstein_the_carstein_ring_stage_2</dilemma_key>
<followup_mission_key>wh_dlc04_vmp_vlad_von_carstein_the_carstein_ring_stage_2_3</followup_mission_key>
</cdir_events_dilemma_followup_missions>
<cdir_events_dilemma_followup_missions record_uuid="{1293524b-eeec-4de1-846e-013dff9526b8}" record_timestamp="1443178549479" record_key="wh_main_azhag_the_slaughterer_azhags_ard_armour_stage_1FIRSTwh_main_grn_azhag_the_slaughterer_azhags_ard_armour_stage_1.1">
<choice_key>FIRST</choice_key>
<dilemma_key>wh_main_azhag_the_slaughterer_azhags_ard_armour_stage_1</dilemma_key>
<followup_mission_key>wh_main_grn_azhag_the_slaughterer_azhags_ard_armour_stage_1.1</followup_mission_key>
</cdir_events_dilemma_followup_missions>
<cdir_events_dilemma_followup_missions record_uuid="{caf280e6-33b7-401c-8915-8f7e355376e2}" record_timestamp="1443178550401" record_key="wh_main_azhag_the_slaughterer_azhags_ard_armour_stage_1SECONDwh_main_grn_azhag_the_slaughterer_azhags_ard_armour_stage_1.2">
<choice_key>SECOND</choice_key>
<dilemma_key>wh_main_azhag_the_slaughterer_azhags_ard_armour_stage_1</dilemma_key>
<followup_mission_key>wh_main_grn_azhag_the_slaughterer_azhags_ard_armour_stage_1.2</followup_mission_key>
</cdir_events_dilemma_followup_missions>
<cdir_events_dilemma_followup_missions record_uuid="{e1b5028c-1865-4fed-a9a7-482695e19684}" record_timestamp="1454595740079" record_key="wh_main_dwf_ungrim_ironfist_slayer_crown_stage_3FIRSTwh_main_dwf_ungrim_ironfist_slayer_crown_stage_4a">
<choice_key>FIRST</choice_key>
<dilemma_key>wh_main_dwf_ungrim_ironfist_slayer_crown_stage_3</dilemma_key>
<followup_mission_key>wh_main_dwf_ungrim_ironfist_slayer_crown_stage_4a</followup_mission_key>
</cdir_events_dilemma_followup_missions>
<cdir_events_dilemma_followup_missions record_uuid="{918d704f-77cd-47c2-b53e-d6a7471076dc}" record_timestamp="1454595740119" record_key="wh_main_dwf_ungrim_ironfist_slayer_crown_stage_3SECONDwh_main_dwf_ungrim_ironfist_slayer_crown_stage_4b">
<choice_key>SECOND</choice_key>
<dilemma_key>wh_main_dwf_ungrim_ironfist_slayer_crown_stage_3</dilemma_key>
<followup_mission_key>wh_main_dwf_ungrim_ironfist_slayer_crown_stage_4b</followup_mission_key>
</cdir_events_dilemma_followup_missions>
<cdir_events_dilemma_followup_missions record_uuid="{1f54ff2d-02e6-4e4c-a3b3-8c5bad2ea51e}" record_timestamp="1454587928490" record_key="wh_main_emp_balthasar_gelt_amulet_of_sea_gold_stage_3FIRSTwh_main_emp_balthasar_gelt_amulet_of_sea_gold_stage_4.1a">
<choice_key>FIRST</choice_key>
<dilemma_key>wh_main_emp_balthasar_gelt_amulet_of_sea_gold_stage_3</dilemma_key>
<followup_mission_key>wh_main_emp_balthasar_gelt_amulet_of_sea_gold_stage_4.1a</followup_mission_key>
</cdir_events_dilemma_followup_missions>
<cdir_events_dilemma_followup_missions record_uuid="{777b1158-3e00-4939-a723-bb3d53a1308e}" record_timestamp="1454587928530" record_key="wh_main_emp_balthasar_gelt_amulet_of_sea_gold_stage_3SECONDwh_main_emp_balthasar_gelt_amulet_of_sea_gold_stage_4.2a">
<choice_key>SECOND</choice_key>
<dilemma_key>wh_main_emp_balthasar_gelt_amulet_of_sea_gold_stage_3</dilemma_key>
<followup_mission_key>wh_main_emp_balthasar_gelt_amulet_of_sea_gold_stage_4.2a</followup_mission_key>
</cdir_events_dilemma_followup_missions>
<cdir_events_dilemma_followup_missions record_uuid="{dc9e7e52-91bd-4aac-85c8-1eb0b62c5d51}" record_timestamp="1441704452465" record_key="wh_main_emp_karl_franz_silver_seal_stage_2FIRSTwh_main_qb_emp_karl_franz_silver_seal_stage_3.1_shrine_of_ill_omen">
<choice_key>FIRST</choice_key>
<dilemma_key>wh_main_emp_karl_franz_silver_seal_stage_2</dilemma_key>
<followup_mission_key>wh_main_qb_emp_karl_franz_silver_seal_stage_3.1_shrine_of_ill_omen</followup_mission_key>
</cdir_events_dilemma_followup_missions>
</dataroot>
